file,source_dataset,original_label,target_class,sha256,split,processed_file
kaggle_oily_dry_normal/Oily-Dry-Skin-Types/train/normal/normal_5b626497d5584e6934f7_jpg.rf.2d45f97285203d7998a0187d5a8458e8.jpg,kaggle_oily_dry_normal,normal,normal,dd62c034bb327a44ea59decc3ecfe05491660d0c151027eb8e0aa9ad8a3c8351,train,data/processed/train/normal/dd62c034bb327a44_00000.jpg
kaggle_oily_dry_normal/Oily-Dry-Skin-Types/valid/normal/normal_6158869d0344963607d1_jpg.rf.3080dc65bf47ba2276fe618a547b52bf.jpg,kaggle_oily_dry_normal,normal,normal,b9af2519e10f41bffb7cbb2a7478b164ff883486d55fc4cfe3f91e4a222a368a,train,data/processed/train/normal/b9af2519e10f41bf_00001.jpg
kaggle_oily_dry_normal/Oily-Dry-Skin-Types/train/normal/normal_f1569312cf82b989077d_jpg.rf.1a642408c662a6870d93d499daa6bcd6.jpg,kaggle_oily_dry_normal,normal,normal,98394220e94fcac7c8c02bca94fcaeae9b6b6c91c5d9c5a662ce29cbc5c0fd31,train,data/processed/train/normal/98394220e94fcac7_00002.jpg
kaggle_oily_dry_normal/Oily-Dry-Skin-Types/train/normal/normal_ff7d96b09d8f52bccb3a_jpg.rf.e4a5dcddf2ea36f9505c721e056849f5.jpg,kaggle_oily_dry_normal,normal,normal,4f591607ddd382bfb5b487712ef16a590b0e2b003f3e01bad11c7d9c4b62d441,train,data/processed/train/normal/4f591607ddd382bf_00003.jpg
kaggle_oily_dry_normal/Oily-Dry-Skin-Types/train/normal/normal_a9709635b46d57d2fe10_jpg.rf.09fae0ea3cf9c0cb17702efc95be52b4.jpg,kaggle_oily_dry_normal,normal,normal,f52992b890aed2068e0277467129d8a9408bab830f672368b54920b0dde2e4c8,train,data/processed/train/normal/f52992b890aed206_00004.jpg
kaggle_oily_dry_normal/Oily-Dry-Skin-Types/train/normal/normal_059cf2165bd4da06cc0f_jpg.rf.14bdaec3fc8e56cfb992fe73a49fd8a1.jpg,kaggle_oily_dry_normal,normal,normal,49a105e468bd0a4958c69219f2097ef3bdd23ad5b2c3b765c24152a71642ab95,train,data/processed/train/normal/49a105e468bd0a49_00005.jpg
kaggle_oily_dry_normal/Oily-Dry-Skin-Types/train/normal/normal_d16c915d344dfd8bab99_jpg.rf.ed6e1ae27e5265aadd698d8b3f2466d2.jpg,kaggle_oily_dry_normal,normal,normal,6b0e1627f1543b326d05752f80e945df35be4f28a7e119664668b4b3b0b62c6b,train,data/processed/train/normal/6b0e1627f1543b32_00006.jpg
kaggle_oily_dry_normal/Oily-Dry-Skin-Types/train/normal/normal_677c1d471ad8418b04b2_jpg.rf.19dd9c96665cae967302a1ae0f80d693.jpg,kaggle_oily_dry_normal,normal,normal,b8851b9797647f791ca20701848c919d7d4b86fa1249b5038896a1d936fccdf0,train,data/processed/train/normal/b8851b9797647f79_00007.jpg
kaggle_oily_dry_normal/Oily-Dry-Skin-Types/train/normal/normal_a1ec8b6d86e28a74c32c_jpg.rf.bf082b5f502fac3457480e8dd6cfb6c1.jpg,kaggle_oily_dry_normal,normal,normal,41755e3432acf6ee6468255113c85d7482333fc8f3e6f3c45990011ee06a2ce1,train,data/processed/train/normal/41755e3432acf6ee_00008.jpg
kaggle_oily_dry_normal/Oily-Dry-Skin-Types/train/normal/normal_3b5d7b907f8e52954da7_jpg.rf.fff1d742cf76a27a142e07ab05163f1d.jpg,kaggle_oily_dry_normal,normal,normal,192088c8d9970b84285ecfe9c4dffee48a2dd58b3815e6097eed0db4651d120a,train,data/processed/train/normal/192088c8d9970b84_00009.jpg
kaggle_oily_dry_normal/Oily-Dry-Skin-Types/train/normal/normal_f4679b83afe453307a9d_jpg.rf.e185a90d86abc4f4fae97c6930e865ba.jpg,kaggle_oily_dry_normal,normal,normal,149c64c480887e4f6eb83840977aa50ff7b3e1a6cdbed9d343c57d23bbbf40cc,train,data/processed/train/normal/149c64c480887e4f_00010.jpg
kaggle_oily_dry_normal/Oily-Dry-Skin-Types/train/normal/normal_95ba227eacf03db6214d_jpg.rf.dbae907792170123d4524bbf023f5adf.jpg,kaggle_oily_dry_normal,normal,normal,be401396b160c1057d22b83ca5324f3f297d3fa3d9238008d8a850d652c96a62,train,data/processed/train/normal/be401396b160c105_00011.jpg
kaggle_oily_dry_normal/Oily-Dry-Skin-Types/train/normal/normal_037d2ca54ba52d645ffd_jpg.rf.bd4d72437cc73a8eec6dabf45aa07ba1.jpg,kaggle_oily_dry_normal,normal,normal,f42fad1fce7584491c029045ae96c3cc9ba0d2967182226407b304b811929bb6,train,data/processed/train/normal/f42fad1fce758449_00012.jpg
kaggle_oily_dry_normal/Oily-Dry-Skin-Types/train/normal/normal_94909a2a072fef7cb269_jpg.rf.6ab77885cd7975423465bcaa33083b45.jpg,kaggle_oily_dry_normal,normal,normal,f9b93b42a9ba9512db0b78295d49430b0f2b780d32258280a84d6c0dc45f13df,train,data/processed/train/normal/f9b93b42a9ba9512_00013.jpg
kaggle_oily_dry_normal/Oily-Dry-Skin-Types/train/normal/normal_b16acca7010adc865e8c_jpg.rf.fbe6aea60a627cb0919f1f3f5b7b91e5.jpg,kaggle_oily_dry_normal,normal,normal,de13fcbd375332a4455e6e0c82def0cac18cfca325e5dbbe9b6cdc0901c631d9,train,data/processed/train/normal/de13fcbd375332a4_00014.jpg
kaggle_oily_dry_normal/Oily-Dry-Skin-Types/train/normal/normal_99c92165ac2a5954dd3c_jpg.rf.3f7c383041c74284f851416a3c692712.jpg,kaggle_oily_dry_normal,normal,normal,a833683bd12d4771ce734718f68f95e28e02196432310d370fc409784a4dd6aa,train,data/processed/train/normal/a833683bd12d4771_00015.jpg
kaggle_oily_dry_normal/Oily-Dry-Skin-Types/train/normal/normal_5600a3424c920ac68708_jpg.rf.9e8ae981b49fcc7d5d6341bc73f1befb.jpg,kaggle_oily_dry_normal,normal,normal,5bf151628ff734952de670f970fec7114350155df223a2d6e628cb9389d2ca84,train,data/processed/train/normal/5bf151628ff73495_00016.jpg
kaggle_oily_dry_normal/Oily-Dry-Skin-Types/train/normal/normal_18163c7cef788a9e3082_jpg.rf.3d7bdfcdfe37bc245dda43977c118a33.jpg,kaggle_oily_dry_normal,normal,normal,9ad2c0fbd17cc61910cb5a8a05ee91465877d8ad292330cacdaace1791e88776,train,data/processed/train/normal/9ad2c0fbd17cc619_00017.jpg
kaggle_oily_dry_normal/Oily-Dry-Skin-Types/train/normal/normal_bb4f2d5f603fc1249929_jpg.rf.e9ffffe80142d544d20d0732f6989b22.jpg,kaggle_oily_dry_normal,normal,normal,b7c968f15c42b86edfd5553e81f507a3a0e6cd2216a6db397b2bb132182d7d3a,train,data/processed/train/normal/b7c968f15c42b86e_00018.jpg
kaggle_oily_dry_normal/Oily-Dry-Skin-Types/train/normal/normal_1f10f0c44b63fd869df6_jpg.rf.8f127547845728058ff3b6b8232b9279.jpg,kaggle_oily_dry_normal,normal,normal,271372b58073c6056b5380671c94c4342aad2247f0c95000f1d7294c6c17c3ea,train,data/processed/train/normal/271372b58073c605_00019.jpg
kaggle_oily_dry_normal/Oily-Dry-Skin-Types/train/normal/normal_9a861cf4d4aefd172e30_jpg.rf.aa5928ea61849e3fa7c6424a3be061a7.jpg,kaggle_oily_dry_normal,normal,normal,34b53075e89f1443e055200446e21e45b3f383f5be5ecd43155703d607c476bc,train,data/processed/train/normal/34b53075e89f1443_00020.jpg
kaggle_oily_dry_normal/Oily-Dry-Skin-Types/test/normal/normal_385fa27e0c389c2a6ceb_jpg.rf.ae9196bf9990df4c2438b269839c70fc.jpg,kaggle_oily_dry_normal,normal,normal,6105ea0a9b71ceda6001815bd528d989595ca6f954a27f870c4e464656db02cd,train,data/processed/train/normal/6105ea0a9b71ceda_00021.jpg
kaggle_oily_dry_normal/Oily-Dry-Skin-Types/train/normal/normal_9a50e19d324bbf21fb75_jpg.rf.fae17c3e9a74169dffac3092ecd14ec7.jpg,kaggle_oily_dry_normal,normal,normal,4c3a350cea21ae17499b33594b16136722a5c04a252c2c6b894f03ef66ca9895,train,data/processed/train/normal/4c3a350cea21ae17_00022.jpg
kaggle_oily_dry_normal/Oily-Dry-Skin-Types/train/normal/normal_432be29967226f94d4f3_jpg.rf.fbc067726702e2b1f4827318114f25ab.jpg,kaggle_oily_dry_normal,normal,normal,4b83ed876bb69cf5762b82c9634c910b2bf079b327c0bed5bfe78367c8223ead,train,data/processed/train/normal/4b83ed876bb69cf5_00023.jpg
kaggle_oily_dry_normal/Oily-Dry-Skin-Types/train/normal/normal_53517885bf05b02bebf1_jpg.rf.af0a2c7ea0cbc905037def6c70fe5a1f.jpg,kaggle_oily_dry_normal,normal,normal,d7ea0feabf6c03e71ecda752501326c36a3caf71e540995f270acb4a780703a6,train,data/processed/train/normal/d7ea0feabf6c03e7_00024.jpg
kaggle_oily_dry_normal/Oily-Dry-Skin-Types/train/normal/normal_f6e4461d9ab63dd8c1e6_jpg.rf.16874b40862aab3209b018aee284a7fb.jpg,kaggle_oily_dry_normal,normal,normal,33e42d5ce4599b8a2c6595d9415f3e83e7acf199352438b0e9c5696fe1ba9902,train,data/processed/train/normal/33e42d5ce4599b8a_00025.jpg
kaggle_oily_dry_normal/Oily-Dry-Skin-Types/train/normal/normal_8d9da0a0dfff39f02580_jpg.rf.939e4959b360e7dd951bedbdbfa356d7.jpg,kaggle_oily_dry_normal,normal,normal,886d48903f62652ad56f00ba3dab0bd50c10692522bffc638fab9f76c89bb332,train,data/processed/train/normal/886d48903f62652a_00026.jpg
kaggle_oily_dry_normal/Oily-Dry-Skin-Types/train/normal/normal_cac712e6d4ca47ad2efb_jpg.rf.fc8b7707c0d85cab17a51c93b6e9a159.jpg,kaggle_oily_dry_normal,normal,normal,07a9a24ca5dd871594264fe281cf56863866411eb753cbbc3a1ddfff22d0e1de,train,data/processed/train/normal/07a9a24ca5dd8715_00027.jpg
kaggle_oily_dry_normal/Oily-Dry-Skin-Types/train/normal/normal_f0f5131b7f8b76432662_jpg.rf.3e1b49967278f56dd964b1b6b1c511ca.jpg,kaggle_oily_dry_normal,normal,normal,4ec21d7a7863f5e0059fae94943c8977d4f15c5adaedbc03595b55a6836d8f1d,train,data/processed/train/normal/4ec21d7a7863f5e0_00028.jpg
kaggle_oily_dry_normal/Oily-Dry-Skin-Types/train/normal/normal_037d2ca54ba52d645ffd_jpg.rf.c02782692367e2de0c4af3bdc25a26ff.jpg,kaggle_oily_dry_normal,normal,normal,2beecd524694e668b5227bbad918114e2d9a824acf2a4ab3c9838c4efd2a3d77,train,data/processed/train/normal/2beecd524694e668_00029.jpg
kaggle_oily_dry_normal/Oily-Dry-Skin-Types/train/normal/normal_ae885e6881817fd1412a_jpg.rf.8ef6d674b1d4e43ebf47de4b0c99bde8.jpg,kaggle_oily_dry_normal,normal,normal,11423f82c29f0f8cb0df21af5982db1ef9a454b05f2d497bac005a27d275bde7,train,data/processed/train/normal/11423f82c29f0f8c_00030.jpg
kaggle_oily_dry_normal/Oily-Dry-Skin-Types/train/normal/normal_e68892691826c6f76b5d_jpg.rf.9d3326bc2613247625bc219f88946e5e.jpg,kaggle_oily_dry_normal,normal,normal,eb5526ead6589124003fe534108f5bf4694e7d461a672c3e01d8b95e42f503f2,train,data/processed/train/normal/eb5526ead6589124_00031.jpg
kaggle_oily_dry_normal/Oily-Dry-Skin-Types/train/normal/normal_e8f096e580aedb371d25_jpg.rf.8d41c42511530f391a2e7716b8a8cad0.jpg,kaggle_oily_dry_normal,normal,normal,4089dba7bcf70224b21d7fd5d8bdc28f76f023a92f6d3b0a1d060732b4a1a63e,train,data/processed/train/normal/4089dba7bcf70224_00032.jpg
kaggle_oily_dry_normal/Oily-Dry-Skin-Types/train/normal/normal_8dcc377bf91c101d929e_jpg.rf.63a90d79ee06a1527604bdd063265534.jpg,kaggle_oily_dry_normal,normal,normal,7e1747c730ce6d6fab39470ebfd641ad47c1905ce345a21594d91d17005ea398,train,data/processed/train/normal/7e1747c730ce6d6f_00033.jpg
kaggle_oily_dry_normal/Oily-Dry-Skin-Types/train/normal/normal_0b71ab4726e465b07b5f_jpg.rf.3eb109da86b96a55a7b6bd52d5727b96.jpg,kaggle_oily_dry_normal,normal,normal,d922356e97194203c30889452af75bc56f5b03e99d5a7bf8cae886cca4622e7f,train,data/processed/train/normal/d922356e97194203_00034.jpg
kaggle_oily_dry_normal/Oily-Dry-Skin-Types/train/normal/normal_eb483a5cf2fbfff35146_jpg.rf.3640922641c7dd1c0bd14e24a671185a.jpg,kaggle_oily_dry_normal,normal,normal,94ce75770332a97f2d8ed517137d1401e97aff086e5843635e3e6f8e9ceb0f28,train,data/processed/train/normal/94ce75770332a97f_00035.jpg
kaggle_oily_dry_normal/Oily-Dry-Skin-Types/train/normal/normal_67fa8dcad0ec5b75ab13_jpg.rf.76ed563e8bea26554410b476adb1e777.jpg,kaggle_oily_dry_normal,normal,normal,a7a7e2b410fd62e973784cf1ffd8cbb01469aebb8e778835e6c6a0352256a18a,train,data/processed/train/normal/a7a7e2b410fd62e9_00036.jpg
kaggle_oily_dry_normal/Oily-Dry-Skin-Types/train/normal/normal_6b4bad064e81a24528dc_jpg.rf.cfad55405dab045f06ebc2952b27db31.jpg,kaggle_oily_dry_normal,normal,normal,98c725167456c29087818c093ed3d7aa6c1a07d93934fdd7279f1b649d49ce2c,train,data/processed/train/normal/98c725167456c290_00037.jpg
kaggle_oily_dry_normal/Oily-Dry-Skin-Types/train/normal/normal_31749351fd7ddf1f1971_jpg.rf.195b210b01f0ce93547154917189d97b.jpg,kaggle_oily_dry_normal,normal,normal,1c1b8dbd2941e73b783417bde3a6b690a8d000dbbb0b1f7c8a4bdea745d33803,train,data/processed/train/normal/1c1b8dbd2941e73b_00038.jpg
kaggle_oily_dry_normal/Oily-Dry-Skin-Types/train/normal/normal_ad077d0c50e3159b7d4b_jpg.rf.5afa8f19662b3ef3c988e1105c3cc66e.jpg,kaggle_oily_dry_normal,normal,normal,5c359520fd4606e39359fbd1713a0fe737fda0d20707e3071a131cdf0710d5b8,train,data/processed/train/normal/5c359520fd4606e3_00039.jpg
kaggle_oily_dry_normal/Oily-Dry-Skin-Types/train/normal/normal_d0b72d5b1d8ce7f66e9a_jpg.rf.207e8ee629cd971496a50d83f2ce7af9.jpg,kaggle_oily_dry_normal,normal,normal,24bf7a11027bab2e7936139cbe040a9176bde2cf33f0b1880b3c416ea9c7df96,train,data/processed/train/normal/24bf7a11027bab2e_00040.jpg
kaggle_oily_dry_normal/Oily-Dry-Skin-Types/train/normal/normal_8d9e660d1006814cb698_jpg.rf.7577c4555d9c41d898dd53a96ede1d17.jpg,kaggle_oily_dry_normal,normal,normal,d8faa5dc9552a2e9ef43953483e8a3b7dae71d688d236774f94c7414d848e950,train,data/processed/train/normal/d8faa5dc9552a2e9_00041.jpg
kaggle_oily_dry_normal/Oily-Dry-Skin-Types/valid/normal/normal_b80d959d981f9b5004b5_jpg.rf.2676af875fdcac7be93e52c076eb1202.jpg,kaggle_oily_dry_normal,normal,normal,1e676212f8c69605ee4af6570c66b3456d9b82ca8cf81fdba18f0541d6cc786a,train,data/processed/train/normal/1e676212f8c69605_00042.jpg
kaggle_oily_dry_normal/Oily-Dry-Skin-Types/train/normal/normal_e0e23f4f3177a3093698_jpg.rf.6e295c3fa7c9e058b071541cf74c2c47.jpg,kaggle_oily_dry_normal,normal,normal,77584e24947e462fd22a8e173adf25d98f30da7971ce12bcf0c15bb17413fe8c,train,data/processed/train/normal/77584e24947e462f_00043.jpg
kaggle_oily_dry_normal/Oily-Dry-Skin-Types/train/normal/normal_4f046cc1f7892a91ecc2_jpg.rf.a1f073920dabf0387f95fbaf515013d0.jpg,kaggle_oily_dry_normal,normal,normal,2ea7d95f9a5308b6553524ad948cfe71fb35492134e23604af6b79d70dc4723e,train,data/processed/train/normal/2ea7d95f9a5308b6_00044.jpg
kaggle_oily_dry_normal/Oily-Dry-Skin-Types/train/normal/normal_d619d19c11a58eb0a42c_jpg.rf.1b266bc8205944165eb2bfb68638a732.jpg,kaggle_oily_dry_normal,normal,normal,21bbc8679ac3010ca3f054e3ac36f0ce7ae0e2bec620563ab2d6b6d4b05b6e3d,train,data/processed/train/normal/21bbc8679ac3010c_00045.jpg
kaggle_oily_dry_normal/Oily-Dry-Skin-Types/train/normal/normal_8e5e9ac3c56cdd16d6c7_jpg.rf.4e73f17c905ae4224ea3c7952977b9b8.jpg,kaggle_oily_dry_normal,normal,normal,943ac654e37d9654875f4dd4729be389bf53684ade791345ab5bb7cca2d96010,train,data/processed/train/normal/943ac654e37d9654_00046.jpg
kaggle_oily_dry_normal/Oily-Dry-Skin-Types/valid/normal/normal_b633811016e2562ad204_jpg.rf.5d573b281e74147a6f16ce268b668127.jpg,kaggle_oily_dry_normal,normal,normal,2c623439d160d7622efca2c1efdfd6c4a366b443ade6399f9071a67ae2463814,train,data/processed/train/normal/2c623439d160d762_00047.jpg
kaggle_oily_dry_normal/Oily-Dry-Skin-Types/train/normal/normal_5fbe385e0a3f5e14abb4_jpg.rf.cfada64fe621569082d69a62cb53c850.jpg,kaggle_oily_dry_normal,normal,normal,7620670fe242dbd7e39c9761250b6124d6807d51b8af1e4e3249c0ec8d9b6939,train,data/processed/train/normal/7620670fe242dbd7_00048.jpg
kaggle_oily_dry_normal/Oily-Dry-Skin-Types/train/normal/normal_b16acca7010adc865e8c_jpg.rf.90e83fdf43705c922c58b7dc01cffb45.jpg,kaggle_oily_dry_normal,normal,normal,912323b985706b8ad8adc7dab42387d4ae5dd5d88a112d85adb31ded0551b5da,train,data/processed/train/normal/912323b985706b8a_00049.jpg
kaggle_oily_dry_normal/Oily-Dry-Skin-Types/train/normal/normal_eb077881061391b11236_jpg.rf.fd5bc9b879e2d570e74a682d14e56dad.jpg,kaggle_oily_dry_normal,normal,normal,f965c132e1e79199eb364c787cba733f77c33042e7eedee875ed3d0e41fe42c6,train,data/processed/train/normal/f965c132e1e79199_00050.jpg
kaggle_oily_dry_normal/Oily-Dry-Skin-Types/train/normal/normal_85bc6e5799eaf14272e2_jpg.rf.abc33f8213d7e09e3bf6d877c8b2b590.jpg,kaggle_oily_dry_normal,normal,normal,80bae4a4c04037f69b6c95c6acfc12fcad452c2520619209b7f464e1c2948274,train,data/processed/train/normal/80bae4a4c04037f6_00051.jpg
kaggle_oily_dry_normal/Oily-Dry-Skin-Types/train/normal/normal_7e35273f1d468d980810_jpg.rf.6814aada97b12148303c7e7e90fea950.jpg,kaggle_oily_dry_normal,normal,normal,4f3ac3206e3bbdb9ef796d67977bad17435a5b4c7f178909376b758b7595be43,train,data/processed/train/normal/4f3ac3206e3bbdb9_00052.jpg
kaggle_oily_dry_normal/Oily-Dry-Skin-Types/train/normal/normal_345dd34485c5ef28aeb8_jpg.rf.997acf467a1bb9cc8ebd042b5602cf9a.jpg,kaggle_oily_dry_normal,normal,normal,b39b631467eed2d8f1e0cc3eed3a7fc73e7084a3e50e466a6970db4c1a67284d,train,data/processed/train/normal/b39b631467eed2d8_00053.jpg
kaggle_oily_dry_normal/Oily-Dry-Skin-Types/valid/normal/normal_f40ab19effc04c5dd602_jpg.rf.a5185c705c2973a4357c5af3d2a21474.jpg,kaggle_oily_dry_normal,normal,normal,67904e5c00bd712ed53613538f7e7d40cb0264647529268d3ba715624b68f8fe,train,data/processed/train/normal/67904e5c00bd712e_00054.jpg
kaggle_oily_dry_normal/Oily-Dry-Skin-Types/train/normal/normal_25f7a564568365ad842b_jpg.rf.385c8b17f6a248cfd93758d7adadb333.jpg,kaggle_oily_dry_normal,normal,normal,02089a751f4a343ec4cb03d5064955f4ef6f1953a54910ffeaf55f8f3d25f549,train,data/processed/train/normal/02089a751f4a343e_00055.jpg
kaggle_oily_dry_normal/Oily-Dry-Skin-Types/train/normal/normal_bf13648450f11b89968f_jpg.rf.a92a487d7937589506d8f59f08bac718.jpg,kaggle_oily_dry_normal,normal,normal,5d4afb04178e6a4b9e842068ff341466075e2031f46899acdda816d2676277a0,train,data/processed/train/normal/5d4afb04178e6a4b_00056.jpg
kaggle_oily_dry_normal/Oily-Dry-Skin-Types/train/normal/normal_0de28b9f392bc532bb6e_jpg.rf.46aba490b82204effbecb94377b15702.jpg,kaggle_oily_dry_normal,normal,normal,c65916f74137301e8fcfb7dc222a2106097653adf72658eff384a2a91f9bd759,train,data/processed/train/normal/c65916f74137301e_00057.jpg
kaggle_oily_dry_normal/Oily-Dry-Skin-Types/train/normal/normal_e594224a7fdd04645d20_jpg.rf.34fc5b08eaee699ec4f887606efd1e5f.jpg,kaggle_oily_dry_normal,normal,normal,09b485b49a64fb8df7275da736454ff2a6ac0af25a92e1ebd05437fc8e4e582d,train,data/processed/train/normal/09b485b49a64fb8d_00058.jpg
kaggle_oily_dry_normal/Oily-Dry-Skin-Types/train/normal/normal_a14336a197644b270b59_jpg.rf.ad33b7125fc69a1e602f011a52356db9.jpg,kaggle_oily_dry_normal,normal,normal,7f47cb9943d2fe123e6b0de01b6b7a6d350dff37b7bb75503b11717ce98bb119,train,data/processed/train/normal/7f47cb9943d2fe12_00059.jpg
kaggle_oily_dry_normal/Oily-Dry-Skin-Types/train/normal/normal_882f4f2fc87b22d79d30_jpg.rf.d6f8ae4f635984c77410ea106a96cd48.jpg,kaggle_oily_dry_normal,normal,normal,7e31a23257b12d1ad1332122a96dbf88f73c10ec8e03c6ef78597cd80237f53f,train,data/processed/train/normal/7e31a23257b12d1a_00060.jpg
kaggle_oily_dry_normal/Oily-Dry-Skin-Types/train/normal/normal_67b2651c435aad478c22_jpg.rf.c034caf2586a9ddecae8ebada0f92604.jpg,kaggle_oily_dry_normal,normal,normal,825e53db916316d410c67663bf0be28dfe7a07eb219ee95e2e5d817c9d81f197,train,data/processed/train/normal/825e53db916316d4_00061.jpg
kaggle_oily_dry_normal/Oily-Dry-Skin-Types/train/normal/normal_d66e8d27da4c5ee7a6b6_jpg.rf.780ed98094008c03c4c56f18e7539aeb.jpg,kaggle_oily_dry_normal,normal,normal,c152aa442b4ad6b031b6e5fc76236b3dbee60e0a58478ddb11dd0969d3117ce3,train,data/processed/train/normal/c152aa442b4ad6b0_00062.jpg
kaggle_oily_dry_normal/Oily-Dry-Skin-Types/train/normal/normal_606d1ea4beefb145971f_jpg.rf.5b38edc23f14e118d7dd6f35660adeba.jpg,kaggle_oily_dry_normal,normal,normal,34a57e708e076fe5eadc81e64f68f28314a03ec815396786d8d22196338cc96a,train,data/processed/train/normal/34a57e708e076fe5_00063.jpg
kaggle_oily_dry_normal/Oily-Dry-Skin-Types/train/normal/normal_892c83b2d20dba8ae334_jpg.rf.c86938221b6492328c9c99b3bde25167.jpg,kaggle_oily_dry_normal,normal,normal,69bbacc5381b1fb54cc7e5455189b5ef31554acb37c874302bd52e9985643cca,train,data/processed/train/normal/69bbacc5381b1fb5_00064.jpg
kaggle_oily_dry_normal/Oily-Dry-Skin-Types/train/normal/normal_068bafa06f1f14ea4bde_jpg.rf.bc336d1cbe0881bf93af743e6a0c7851.jpg,kaggle_oily_dry_normal,normal,normal,9620faf8b9e3cb915ea48bcf8bb401360c55f5fc9992435c00ba979feef4d312,train,data/processed/train/normal/9620faf8b9e3cb91_00065.jpg
kaggle_oily_dry_normal/Oily-Dry-Skin-Types/train/normal/normal_84ded48d7b3ac1310401_jpg.rf.692171fb1630e8157f7fb086aa803bc3.jpg,kaggle_oily_dry_normal,normal,normal,1b3ea6f23840c9b98a40ad69ea5fb192217e3e8ed994b2245ca22c86996c52f0,train,data/processed/train/normal/1b3ea6f23840c9b9_00066.jpg
kaggle_oily_dry_normal/Oily-Dry-Skin-Types/test/normal/normal_f93b244c9068da673b17_jpg.rf.6eb5b2ed9f6761e4a873e0eb4ce72912.jpg,kaggle_oily_dry_normal,normal,normal,8fa63478301548dfdc8944b9d1dfc90c16c60ccbb1797569252efa86a9711561,train,data/processed/train/normal/8fa63478301548df_00067.jpg
kaggle_oily_dry_normal/Oily-Dry-Skin-Types/test/normal/normal_39a5a0a01f958ee678f7_jpg.rf.4c312ae8b53bdeb47205fbcb561199c0.jpg,kaggle_oily_dry_normal,normal,normal,378272fe8412ac1797dd30582265237e0b4ed8ce89a5beb1f30db99c5b55d384,train,data/processed/train/normal/378272fe8412ac17_00068.jpg
kaggle_oily_dry_normal/Oily-Dry-Skin-Types/train/normal/normal_42b232e4bef77f8a57d2_jpg.rf.133fea045df5d96a2403a30b18c9864d.jpg,kaggle_oily_dry_normal,normal,normal,dd0b8c2e768082632e41c87ec7f42ad78ef1f76302942a90171b69f209ad0e8a,train,data/processed/train/normal/dd0b8c2e76808263_00069.jpg
kaggle_oily_dry_normal/Oily-Dry-Skin-Types/train/normal/normal_ad55f57598e6fdda2ad5_jpg.rf.4013ef95109aff77dc392860e929def7.jpg,kaggle_oily_dry_normal,normal,normal,a6762bc8b5cf36be7dc446067de901228dc60b45f76bbbf7848a5b6d8c325070,train,data/processed/train/normal/a6762bc8b5cf36be_00070.jpg
kaggle_oily_dry_normal/Oily-Dry-Skin-Types/train/normal/normal_cac712e6d4ca47ad2efb_jpg.rf.b91590d9f2defad42048e0def3722b8c.jpg,kaggle_oily_dry_normal,normal,normal,26694cf16d93754287d30a6a6ae5581b64edef1041582993a502993a61ed3020,train,data/processed/train/normal/26694cf16d937542_00071.jpg
kaggle_oily_dry_normal/Oily-Dry-Skin-Types/test/normal/normal_13b6a628a6c75816b6e8_jpg.rf.ab95b1a08a93086683cf68df5992f295.jpg,kaggle_oily_dry_normal,normal,normal,90c69e703986c421e464e2b20511b95437f03868c5192d295bccb1d9afe6dbc5,train,data/processed/train/normal/90c69e703986c421_00072.jpg
kaggle_oily_dry_normal/Oily-Dry-Skin-Types/train/normal/normal_83a49f0ec50925b64e1a_jpg.rf.aa96695069891b706ba9fbb4b2cb8a9a.jpg,kaggle_oily_dry_normal,normal,normal,8a7a1937b29010ae344abc0fe48c3d5d18dbc61b3d025897cbc57edb9fe2cf0d,train,data/processed/train/normal/8a7a1937b29010ae_00073.jpg
kaggle_oily_dry_normal/Oily-Dry-Skin-Types/train/normal/normal_e037471ab033b32e9b5b_jpg.rf.9341058450f377a31a63ecbb8b4ed671.jpg,kaggle_oily_dry_normal,normal,normal,036ea1fa3af97e802564a5fae64324b08f52e0ed5e030a945c11a0381dc2e3a2,train,data/processed/train/normal/036ea1fa3af97e80_00074.jpg
kaggle_oily_dry_normal/Oily-Dry-Skin-Types/train/normal/normal_28020fc04b58d40fc25d_jpg.rf.46dbe1d31ab23d3cf22a5c70378a2c70.jpg,kaggle_oily_dry_normal,normal,normal,722601ca4957d75dbe342d9fff3d54513c284aa5867b9d5ac87f0abb23372454,train,data/processed/train/normal/722601ca4957d75d_00075.jpg
kaggle_oily_dry_normal/Oily-Dry-Skin-Types/train/normal/normal_36a4bfd6cec42fa48752_jpg.rf.b92d765275432d4fe8a969b57364fbab.jpg,kaggle_oily_dry_normal,normal,normal,4eeb6fea2e3c68b0b38d03c81937d1e233a82eefac0eeeae61ce4c8a359a8b50,train,data/processed/train/normal/4eeb6fea2e3c68b0_00076.jpg
kaggle_oily_dry_normal/Oily-Dry-Skin-Types/train/normal/normal_dd408aad7c6a05c2a70f_jpg.rf.35f9a7948831077058aa814637df5189.jpg,kaggle_oily_dry_normal,normal,normal,0de68c5041fadb405776cc468a6d9e3cff607df06ad77a05408edb01eebff988,train,data/processed/train/normal/0de68c5041fadb40_00077.jpg
kaggle_oily_dry_normal/Oily-Dry-Skin-Types/valid/normal/normal_493d45106283cc5b7d0d_jpg.rf.d58505e17e20f282438cc41b7c9781bb.jpg,kaggle_oily_dry_normal,normal,normal,3c4efec66fc76a7fd6e92396d415d2ea28fd53a95ab47915b274d3d1a9d9d8c3,train,data/processed/train/normal/3c4efec66fc76a7f_00078.jpg
kaggle_oily_dry_normal/Oily-Dry-Skin-Types/train/normal/normal_dca9fb953d5f71d3852b_jpg.rf.52198f3b25aaf95ae7c2cef1f2868d64.jpg,kaggle_oily_dry_normal,normal,normal,a995a14ba997a448d2a3bf5f1a30e1431939a524e5273c79dd104bd6d8ed0a26,train,data/processed/train/normal/a995a14ba997a448_00079.jpg
kaggle_oily_dry_normal/Oily-Dry-Skin-Types/train/normal/normal_6784f672096f327190ce_jpg.rf.7b5979893eda440b85e01e1cfb5e3488.jpg,kaggle_oily_dry_normal,normal,normal,2fbced8cafb7f70ca512510c73abeb123974f0ea7c943121a47a769086dee606,train,data/processed/train/normal/2fbced8cafb7f70c_00080.jpg
kaggle_oily_dry_normal/Oily-Dry-Skin-Types/train/normal/normal_2133ba86473bb7e0569c_jpg.rf.b333c471cbdffad7b28ceaef613406a8.jpg,kaggle_oily_dry_normal,normal,normal,0557b14c5d41bff8f980383e17b62f3b3fd49b7cce871e171cac0b104ded7328,train,data/processed/train/normal/0557b14c5d41bff8_00081.jpg
kaggle_oily_dry_normal/Oily-Dry-Skin-Types/train/normal/normal_8181d272e4bcb95a3435_jpg.rf.3ec05216fe1c40d2aaf526b0f3691f2d.jpg,kaggle_oily_dry_normal,normal,normal,decb22e206667055fdb1668e5b548eaae0c817b6ee5a4dede8e70e48a94bd515,train,data/processed/train/normal/decb22e206667055_00082.jpg
kaggle_oily_dry_normal/Oily-Dry-Skin-Types/train/normal/normal_803acda430e167112bee_jpg.rf.c064440d2df6698b52ca8fa3eb2032d6.jpg,kaggle_oily_dry_normal,normal,normal,f29ce74137510d076e841a2f79fdb92c9e624a1d849adb645785046c1df17e66,train,data/processed/train/normal/f29ce74137510d07_00083.jpg
kaggle_oily_dry_normal/Oily-Dry-Skin-Types/train/normal/normal_83a49f0ec50925b64e1a_jpg.rf.81993323cb9c18a29f09ca7e1e7f6e53.jpg,kaggle_oily_dry_normal,normal,normal,3c11e1da8bb86b9f4b6f5925c7dff90a3599aed5a5196e01f8787e3826f2faa7,train,data/processed/train/normal/3c11e1da8bb86b9f_00084.jpg
kaggle_oily_dry_normal/Oily-Dry-Skin-Types/train/normal/normal_36a4bfd6cec42fa48752_jpg.rf.c85c0ecbdff7ccb7af2d23e42b65a6c7.jpg,kaggle_oily_dry_normal,normal,normal,f4942d65ccceb5006136db895e8c5910797f6d39260cafbc26a17d08987e49f0,train,data/processed/train/normal/f4942d65ccceb500_00085.jpg
kaggle_oily_dry_normal/Oily-Dry-Skin-Types/train/normal/normal_79efe949d5d4b1ca655a_jpg.rf.64d2e6343c9aa77dd56bc91079ca3627.jpg,kaggle_oily_dry_normal,normal,normal,83d7f6cb2fb92de8a770a3e2058a751b04d8d3ae1b2f0bc6a198c11cfbde8803,train,data/processed/train/normal/83d7f6cb2fb92de8_00086.jpg
kaggle_oily_dry_normal/Oily-Dry-Skin-Types/train/normal/normal_97aee90ec49dfccf4b21_jpg.rf.09cecdf680f514abcf9a4512020b648d.jpg,kaggle_oily_dry_normal,normal,normal,561d669aff4d6fd4fcac8d764f0d4d33c93b6177a911c844ff0bbb325bdbb19b,train,data/processed/train/normal/561d669aff4d6fd4_00087.jpg
kaggle_oily_dry_normal/Oily-Dry-Skin-Types/train/normal/normal_d0bbb9e8f0eb39f1e553_jpg.rf.3afd64021127eaf1f00f571558cfb9cb.jpg,kaggle_oily_dry_normal,normal,normal,4da9fd065d4461802aae5cb5e9705be8dc3c0ab411a491758ac751c7879a71e6,train,data/processed/train/normal/4da9fd065d446180_00088.jpg
kaggle_oily_dry_normal/Oily-Dry-Skin-Types/train/normal/normal_b3672c4822cc2da5bbdb_jpg.rf.8de95a7c43925ed2e17a34244367d9f9.jpg,kaggle_oily_dry_normal,normal,normal,e2fb0002e4ed9420fa2c7a86c228f2c7f1e4b2d1d7244a44ec860d1e86b8e3ec,train,data/processed/train/normal/e2fb0002e4ed9420_00089.jpg
kaggle_oily_dry_normal/Oily-Dry-Skin-Types/train/normal/normal_4e3b5d98496001099467_jpg.rf.13ec48a55ceabbdcaef1d250f9126c89.jpg,kaggle_oily_dry_normal,normal,normal,0f86d39d5e3049ef4fcb318781d2b641f737becd13c933ce33ca501c32e28f7e,train,data/processed/train/normal/0f86d39d5e3049ef_00090.jpg
kaggle_oily_dry_normal/Oily-Dry-Skin-Types/train/normal/normal_62ac55f522e7df1333dc_jpg.rf.389e5b9e3068fb780006fa982e097af7.jpg,kaggle_oily_dry_normal,normal,normal,7a436045cd4289b4000373df1e83b98c10a4b43d2797f4a5b74c9957f9c64ff3,train,data/processed/train/normal/7a436045cd4289b4_00091.jpg
kaggle_oily_dry_normal/Oily-Dry-Skin-Types/train/normal/normal_afff083fc217bb0f28fa_jpg.rf.cb4d3e76469247b20d0c2be45a27821d.jpg,kaggle_oily_dry_normal,normal,normal,f809b141f05aa38810527a5068f988e65bbabcd50c79448a564310940a1bf749,train,data/processed/train/normal/f809b141f05aa388_00092.jpg
kaggle_oily_dry_normal/Oily-Dry-Skin-Types/train/normal/normal_622d0e878e2bfe41ee88_jpg.rf.6f84fbd6ce3b4230d3b198fb524d2d8f.jpg,kaggle_oily_dry_normal,normal,normal,86b9d13497bc16d329f5fdb199e39689b97fd453fc3552449a564dd56eaeac61,train,data/processed/train/normal/86b9d13497bc16d3_00093.jpg
kaggle_oily_dry_normal/Oily-Dry-Skin-Types/train/normal/normal_3ad884c8f098a8aa9347_jpg.rf.213089a6f9e6391edf80a6c694ec2765.jpg,kaggle_oily_dry_normal,normal,normal,fba367f7333096f1c79698163606a8143644ae11e887f8fc4387004d5ea03659,train,data/processed/train/normal/fba367f7333096f1_00094.jpg
kaggle_oily_dry_normal/Oily-Dry-Skin-Types/train/normal/normal_1575da23076aa4afc6a7_jpg.rf.065b9e27fa86f08b915688bc7819d658.jpg,kaggle_oily_dry_normal,normal,normal,23446a8297160cb1007f1ed8455c85b4eb911cf414df795f8545f3577fe28c1f,train,data/processed/train/normal/23446a8297160cb1_00095.jpg
kaggle_oily_dry_normal/Oily-Dry-Skin-Types/train/normal/normal_77c44f7b4f0224c4b224_jpg.rf.29398b5e3a8928954d4a6077dfe8c7d1.jpg,kaggle_oily_dry_normal,normal,normal,2ee6ca8675f365a48549836bf17fd8f2d4797b7707793ae7e2804ad8d16013d1,train,data/processed/train/normal/2ee6ca8675f365a4_00096.jpg
kaggle_oily_dry_normal/Oily-Dry-Skin-Types/valid/normal/normal_cebde527dc523630da78_jpg.rf.6663b4712279121e6f7c88083ce8e6e2.jpg,kaggle_oily_dry_normal,normal,normal,f60aad07547c638c719ba9ce44e48a86babcf22d467e989471aaa56ba1a834a0,train,data/processed/train/normal/f60aad07547c638c_00097.jpg
kaggle_oily_dry_normal/Oily-Dry-Skin-Types/train/normal/normal_8d81639d87427198f014_jpg.rf.090b2e7d16e10a74d26b3b06ddc9e5ce.jpg,kaggle_oily_dry_normal,normal,normal,7317ed139e2f1f3a56176e65e30fe69f8156af546a3b948f9f76139dc1afc4b4,train,data/processed/train/normal/7317ed139e2f1f3a_00098.jpg
kaggle_oily_dry_normal/Oily-Dry-Skin-Types/train/normal/normal_ab7e4435e3a3b360ec15_jpg.rf.3a2755382e8c4adbb54c20240ef15d9a.jpg,kaggle_oily_dry_normal,normal,normal,e5f17801ae7bc66b6ff6ae8e606a62428a43c36a2c84b4b9e4766903af030db7,train,data/processed/train/normal/e5f17801ae7bc66b_00099.jpg
kaggle_oily_dry_normal/Oily-Dry-Skin-Types/train/normal/normal_b61ba7bff791d6885c9c_jpg.rf.aba32ca6cb2efc73f89af9c2d77aadf1.jpg,kaggle_oily_dry_normal,normal,normal,4cd7b622544278f6c0e76573bd0c33b258231a93a20afd5d170499e31dcd609b,train,data/processed/train/normal/4cd7b622544278f6_00100.jpg
kaggle_oily_dry_normal/Oily-Dry-Skin-Types/train/normal/normal_5db2cb8cae559419e425_jpg.rf.c0237e204882db2cdf16a871dea94047.jpg,kaggle_oily_dry_normal,normal,normal,084183b8e3dd4c078c7cbc02c4cd97625d45f35fb06c4fc7f89dd927f37a9e0a,train,data/processed/train/normal/084183b8e3dd4c07_00101.jpg
kaggle_oily_dry_normal/Oily-Dry-Skin-Types/train/normal/normal_496e7debfa40850e6c07_jpg.rf.f857554f7d00eba74ce6f008ac8e81ed.jpg,kaggle_oily_dry_normal,normal,normal,069bb79ccaafbf97f622b3fa53b10ad1b03c360bc24b299e93b5d4f13bc760f6,train,data/processed/train/normal/069bb79ccaafbf97_00102.jpg
kaggle_oily_dry_normal/Oily-Dry-Skin-Types/train/normal/normal_56ef66bbff36af15a5d4_jpg.rf.2feeb8ad8117c94300875d2823d40a73.jpg,kaggle_oily_dry_normal,normal,normal,aa228827ec50db78637b875dc69aec98b3892de0c73a744c1207b466d5230147,train,data/processed/train/normal/aa228827ec50db78_00103.jpg
kaggle_oily_dry_normal/Oily-Dry-Skin-Types/train/normal/normal_d0b72d5b1d8ce7f66e9a_jpg.rf.da227de3e17e5ccf238d312b11ae75a5.jpg,kaggle_oily_dry_normal,normal,normal,6117f24a00c4cd6f465eefdef1b646d152e7d722e62e8d45c1d7d3bd97cd1b9e,train,data/processed/train/normal/6117f24a00c4cd6f_00104.jpg
kaggle_oily_dry_normal/Oily-Dry-Skin-Types/test/normal/normal_8d9e660d1006814cb698_jpg.rf.8e690613ca2739a8a60590c356da32af.jpg,kaggle_oily_dry_normal,normal,normal,c5cede3dcd2253fbcb109672c35b8cedd64034d78dbfed5fdae22547c6e1d47b,train,data/processed/train/normal/c5cede3dcd2253fb_00105.jpg
kaggle_oily_dry_normal/Oily-Dry-Skin-Types/train/normal/normal_ab4546ce27ae50fc485b_jpg.rf.e485d0c9b9fd052aaa9acf413b5dd81e.jpg,kaggle_oily_dry_normal,normal,normal,5e993ebfe397451ec6e29df64adda295b95eaab41fa986fe2331031e1a1789c9,train,data/processed/train/normal/5e993ebfe397451e_00106.jpg
kaggle_oily_dry_normal/Oily-Dry-Skin-Types/train/normal/normal_d32b27bb16be69637ffb_jpg.rf.99dc8fd5949c666ad9564f7c1d647967.jpg,kaggle_oily_dry_normal,normal,normal,5df7b138d968f68d7c4ce2ee02ce1600e7db892a8c6cd996ddb0adadc4757d83,train,data/processed/train/normal/5df7b138d968f68d_00107.jpg
kaggle_oily_dry_normal/Oily-Dry-Skin-Types/train/normal/normal_c07ed8368fa0067dc0bb_jpg.rf.957991180752b582d456908a81692383.jpg,kaggle_oily_dry_normal,normal,normal,6bcfa0944d3cca38122a866314e4b7247515b60aa652dd93d5b53af4065c133a,train,data/processed/train/normal/6bcfa0944d3cca38_00108.jpg
kaggle_oily_dry_normal/Oily-Dry-Skin-Types/train/normal/normal_98257f981d1e9bd04395_jpg.rf.cc290fe5847ae0e6fcddd4c733a944bd.jpg,kaggle_oily_dry_normal,normal,normal,8a0997b4c9f8ba1cedf7940bbcf002d9d00f21206ae9b4ff6b93853daf453d1c,train,data/processed/train/normal/8a0997b4c9f8ba1c_00109.jpg
kaggle_oily_dry_normal/Oily-Dry-Skin-Types/train/normal/normal_849a47bebcdf4ddcccda_jpg.rf.86e917f4994186e4628a9d4949e536f9.jpg,kaggle_oily_dry_normal,normal,normal,7bf2de6a473dacfb99b9ad94d8973cbad38e78948d5f5d103d6c19c360e8029a,train,data/processed/train/normal/7bf2de6a473dacfb_00110.jpg
kaggle_oily_dry_normal/Oily-Dry-Skin-Types/train/normal/normal_94909a2a072fef7cb269_jpg.rf.6cab5dcdd89b5af1af5a09dc2ef33891.jpg,kaggle_oily_dry_normal,normal,normal,ef541e906d2c5d59e03b4aec0758722cfbf0be037d5b5aa1be4f6f96144c36a9,train,data/processed/train/normal/ef541e906d2c5d59_00111.jpg
kaggle_oily_dry_normal/Oily-Dry-Skin-Types/train/normal/normal_78931a468807a5e77d78_jpg.rf.c0879dc84cdb4e7e61c83bf40abb7003.jpg,kaggle_oily_dry_normal,normal,normal,5bfc4e3a9c686a804abb693b5fbed321a24222ec859ad99d9b08d34bfb15ecb8,train,data/processed/train/normal/5bfc4e3a9c686a80_00112.jpg
kaggle_oily_dry_normal/Oily-Dry-Skin-Types/train/normal/normal_e7f239ebc336d0390d9c_jpg.rf.9590bafcdc73756f8e208273d20990fe.jpg,kaggle_oily_dry_normal,normal,normal,12a8074cb8a117d2a70398c5d383387b731aac26db794db7acb62424996befce,train,data/processed/train/normal/12a8074cb8a117d2_00113.jpg
kaggle_oily_dry_normal/Oily-Dry-Skin-Types/train/normal/normal_d66e8d27da4c5ee7a6b6_jpg.rf.ae7eeacd9ba5b5dc5f034976ee4ec600.jpg,kaggle_oily_dry_normal,normal,normal,3c5079eddf8d71fbf3126eb47071e70836ea575a3e1f0f23301448707a390edb,train,data/processed/train/normal/3c5079eddf8d71fb_00114.jpg
kaggle_oily_dry_normal/Oily-Dry-Skin-Types/train/normal/normal_3ad884c8f098a8aa9347_jpg.rf.4916154db8e8c08efc45380fb7b2a90d.jpg,kaggle_oily_dry_normal,normal,normal,0a5f93b1e7c4cec295152bb46b891981a1e24be8838edea8ddbcfcb54991f7f8,train,data/processed/train/normal/0a5f93b1e7c4cec2_00115.jpg
kaggle_oily_dry_normal/Oily-Dry-Skin-Types/test/normal/normal_4c0cbc2b331642ca245e_jpg.rf.cf298f416fabd162e248fb9cde3776bc.jpg,kaggle_oily_dry_normal,normal,normal,ad09ad3327635d950b9eda9528a9b24a868714e40685fd7fc50af0bb617fc618,train,data/processed/train/normal/ad09ad3327635d95_00116.jpg
kaggle_oily_dry_normal/Oily-Dry-Skin-Types/train/normal/normal_a83f97468889e3295fcc_jpg.rf.27dbefc51316104bbd6139c746b9bb35.jpg,kaggle_oily_dry_normal,normal,normal,19dea8be3cfdd6f735253fb2eca101122ad59da50bf84f51b246968e335fc398,train,data/processed/train/normal/19dea8be3cfdd6f7_00117.jpg
kaggle_oily_dry_normal/Oily-Dry-Skin-Types/train/normal/normal_85d0e65990dbbe9183b2_jpg.rf.a7d85ad561f87abd66ed8ad002011731.jpg,kaggle_oily_dry_normal,normal,normal,e902cd32422c662f9084e7e7e7d6b425e9d22540038cf635e63f313ad7dd5808,train,data/processed/train/normal/e902cd32422c662f_00118.jpg
kaggle_oily_dry_normal/Oily-Dry-Skin-Types/train/normal/normal_7da908e123b9da3711df_jpg.rf.8cab647082bfabc15bf45f29754bfab0.jpg,kaggle_oily_dry_normal,normal,normal,f4742674fede80ad65fc49246f001eeee63698ab2b68d2e1562957364ba16f78,train,data/processed/train/normal/f4742674fede80ad_00119.jpg
kaggle_oily_dry_normal/Oily-Dry-Skin-Types/train/normal/normal_34458a38fc273ea6d641_jpg.rf.12c359b3306be7fd3a9fdf0437689c12.jpg,kaggle_oily_dry_normal,normal,normal,e5e47abda550326a6c64019a3d107ad4bc52d5852633161b60b5989912a9f59e,train,data/processed/train/normal/e5e47abda550326a_00120.jpg
kaggle_oily_dry_normal/Oily-Dry-Skin-Types/train/normal/normal_0d2f873460fb55f43725_jpg.rf.d3a628a08c62961894da67b38d5e9cd6.jpg,kaggle_oily_dry_normal,normal,normal,4afeed99d144734ab4d4b33d0bf3ffe3916c63b05af1bb9305145a9bacf328ef,train,data/processed/train/normal/4afeed99d144734a_00121.jpg
kaggle_oily_dry_normal/Oily-Dry-Skin-Types/train/normal/normal_cbea2bf9b7d41b558536_jpg.rf.e8d90a407e725ddd4df0011c966812e6.jpg,kaggle_oily_dry_normal,normal,normal,a636e2b8fbec5d725fdab1101719f69f2918af06ece4eff14325fc9c3c54bbe3,train,data/processed/train/normal/a636e2b8fbec5d72_00122.jpg
kaggle_oily_dry_normal/Oily-Dry-Skin-Types/test/normal/normal_e1c12b7da128b668ea43_jpg.rf.e022dc22330693626a45d3dd96e718f1.jpg,kaggle_oily_dry_normal,normal,normal,c6e032330c01eeb09f98d3a2b1810c31bed317d711346b172133dd55929a26e4,train,data/processed/train/normal/c6e032330c01eeb0_00123.jpg
kaggle_oily_dry_normal/Oily-Dry-Skin-Types/train/normal/normal_ffe6e0430f1ad9c0a8ca_jpg.rf.adba022ab6c6156253f9294936fedf0d.jpg,kaggle_oily_dry_normal,normal,normal,fead475829ae986fb2ccc3862299d26df660f4704cd6ea4b671bc5f6eb6e02a0,train,data/processed/train/normal/fead475829ae986f_00124.jpg
kaggle_oily_dry_normal/Oily-Dry-Skin-Types/train/normal/normal_b5c20aec6bced8d3a60a_jpg.rf.bb4933a7010b6c4237a8181528fc8d06.jpg,kaggle_oily_dry_normal,normal,normal,d32dba498d7dd5cdd273107570ea52143cd8fb314b866e70642fd900410b8d2c,train,data/processed/train/normal/d32dba498d7dd5cd_00125.jpg
kaggle_oily_dry_normal/Oily-Dry-Skin-Types/train/normal/normal_389351d8800fa5f2ad15_jpg.rf.b0a00bf3de0057add88671143d1ce0f2.jpg,kaggle_oily_dry_normal,normal,normal,bc426534d858436b58fd28a601954c747df2df760737880274e83ec1ba2e0cb8,train,data/processed/train/normal/bc426534d858436b_00126.jpg
kaggle_oily_dry_normal/Oily-Dry-Skin-Types/train/normal/normal_c74c2a0dbee681e9fbec_jpg.rf.defe947b0fef26546343847d5caafa0a.jpg,kaggle_oily_dry_normal,normal,normal,a22498d45adc2a0f7f6963d94c339d20cec328e69c16f6dd6cf4927e5d3312b1,train,data/processed/train/normal/a22498d45adc2a0f_00127.jpg
kaggle_oily_dry_normal/Oily-Dry-Skin-Types/valid/normal/normal_6fcbe85fe5e1ad6090c7_jpg.rf.23af81a2dd9449ff33b184987dba01d8.jpg,kaggle_oily_dry_normal,normal,normal,6f162f13c32671c5efc9728c0c7216d46be8900d932c66bb2c792cd0c6b60277,train,data/processed/train/normal/6f162f13c32671c5_00128.jpg
kaggle_oily_dry_normal/Oily-Dry-Skin-Types/train/normal/normal_6b4bad064e81a24528dc_jpg.rf.9c0ebacc1699eb6a37d1eba95f4e2218.jpg,kaggle_oily_dry_normal,normal,normal,7241736ccd2b31029490e1d3623f152cdf194f32e736d1f4ac2dd9f764ab6241,train,data/processed/train/normal/7241736ccd2b3102_00129.jpg
kaggle_oily_dry_normal/Oily-Dry-Skin-Types/train/normal/normal_385fa27e0c389c2a6ceb_jpg.rf.e0b881e27051d610597c80aa9d6248b9.jpg,kaggle_oily_dry_normal,normal,normal,621b1b1245dc34e432cecec60b6e9f1f95425827e8522343bb9f697a8f121e27,train,data/processed/train/normal/621b1b1245dc34e4_00130.jpg
kaggle_oily_dry_normal/Oily-Dry-Skin-Types/train/normal/normal_f865edb502ee1fa0f670_jpg.rf.8f6147fe37f6a5f50c31039c3249238c.jpg,kaggle_oily_dry_normal,normal,normal,32cf9ef55942ba04ca2203317d03145f9909b200599ef63ab6a709e330c0ee4e,train,data/processed/train/normal/32cf9ef55942ba04_00131.jpg
kaggle_oily_dry_normal/Oily-Dry-Skin-Types/train/normal/normal_7b4ef51d52fe7244b6ad_jpg.rf.32f991c2884f66efe4898ec37ac96801.jpg,kaggle_oily_dry_normal,normal,normal,4f02b979957c01f3109d652e2866ce1ab30c595cdbe33cdffc4aad484c0df8d8,train,data/processed/train/normal/4f02b979957c01f3_00132.jpg
kaggle_oily_dry_normal/Oily-Dry-Skin-Types/train/normal/normal_882f4f2fc87b22d79d30_jpg.rf.1aff1f40b29b43060bf63cf7abedc90e.jpg,kaggle_oily_dry_normal,normal,normal,1f6882da40cbc47cce4cd8171123e61e383b615490339b1358b517fd51ae69e8,train,data/processed/train/normal/1f6882da40cbc47c_00133.jpg
kaggle_oily_dry_normal/Oily-Dry-Skin-Types/train/normal/normal_1fcdfe80735412dc2d4e_jpg.rf.c02a78a06398edeb6d5b56cd4a71d22f.jpg,kaggle_oily_dry_normal,normal,normal,4709ba65fd285c76d1fe700d1d18b85a406df60e4c66b382164b8bd0ad9a7d15,train,data/processed/train/normal/4709ba65fd285c76_00134.jpg
kaggle_oily_dry_normal/Oily-Dry-Skin-Types/train/normal/normal_95fa667b7e6220459477_jpg.rf.ba8720180325605d7c363b05b1412d65.jpg,kaggle_oily_dry_normal,normal,normal,0196e5a3f55430d35ab41e20b661d7fe09fd46c8b82acbfa6847e5adff8e9408,train,data/processed/train/normal/0196e5a3f55430d3_00135.jpg
kaggle_oily_dry_normal/Oily-Dry-Skin-Types/train/normal/normal_53517885bf05b02bebf1_jpg.rf.25483d1f77bad800a949d3b7a7998b1e.jpg,kaggle_oily_dry_normal,normal,normal,a18382493d47c5664f692b8941ba57f7bbbe776b944a59281922458e4606818b,train,data/processed/train/normal/a18382493d47c566_00136.jpg
kaggle_oily_dry_normal/Oily-Dry-Skin-Types/train/normal/normal_5600a3424c920ac68708_jpg.rf.4022a6cb29e6a1656225c47d52a862a4.jpg,kaggle_oily_dry_normal,normal,normal,07e5ddb1f79bc2d5edbca03c4a32968a74586028eee7652316351465f37e7abe,train,data/processed/train/normal/07e5ddb1f79bc2d5_00137.jpg
kaggle_oily_dry_normal/Oily-Dry-Skin-Types/train/normal/normal_3c4ad8a0738782c63fac_jpg.rf.1dcb1ded6e043603d32b1f4e219c57ff.jpg,kaggle_oily_dry_normal,normal,normal,90d8f795e2592e9486fdb65680a5406e787f7bba475865b3cd426b7504417407,train,data/processed/train/normal/90d8f795e2592e94_00138.jpg
kaggle_oily_dry_normal/Oily-Dry-Skin-Types/test/normal/normal_fe4dbbf241cb5bb36cd9_jpg.rf.d1ab220139883e2dcd498542b65531b0.jpg,kaggle_oily_dry_normal,normal,normal,1e3a5af4a452f4b2c46ea62b77116f853e522d97cd7eab76cddeeb0b3c29f2da,train,data/processed/train/normal/1e3a5af4a452f4b2_00139.jpg
kaggle_oily_dry_normal/Oily-Dry-Skin-Types/train/normal/normal_882f4f2fc87b22d79d30_jpg.rf.b453e502b36857193595b2d4403f75ec.jpg,kaggle_oily_dry_normal,normal,normal,ce32f1a10d9421347f2a2f2eb1ea7fe67e1764230adac31fd02ecce6fb3df803,train,data/processed/train/normal/ce32f1a10d942134_00140.jpg
kaggle_oily_dry_normal/Oily-Dry-Skin-Types/train/normal/normal_325eb63b86afe146c314_jpg.rf.c37b1ea1d7fb138f8cefcb649ec4b723.jpg,kaggle_oily_dry_normal,normal,normal,bc84e4a319f20c55d32c348aa7c426f6fee8dc76f4452c13300a549bc785305e,train,data/processed/train/normal/bc84e4a319f20c55_00141.jpg
kaggle_oily_dry_normal/Oily-Dry-Skin-Types/train/normal/normal_81e70f95419b3ee288aa_jpg.rf.2d3b10fafbd93da7d2c255a763c0064e.jpg,kaggle_oily_dry_normal,normal,normal,c2c83779b5f35d010a33d2113ec1df09f2b5ec129d006b67b30187866444f822,train,data/processed/train/normal/c2c83779b5f35d01_00142.jpg
kaggle_oily_dry_normal/Oily-Dry-Skin-Types/train/normal/normal_abceda67e21d88c011d5_jpg.rf.63509ba4a7f99a1dd638af47f0bc32ce.jpg,kaggle_oily_dry_normal,normal,normal,f44c8c105052c224228a7a7d6af25f45a9f279b7257bb0e6720092c9448c3e76,train,data/processed/train/normal/f44c8c105052c224_00143.jpg
kaggle_oily_dry_normal/Oily-Dry-Skin-Types/train/normal/normal_99c92165ac2a5954dd3c_jpg.rf.6a2c0deda84d8096b7cad94233d2a6cc.jpg,kaggle_oily_dry_normal,normal,normal,d7be7d4a63901320c496ef2d415e758057909e040fc7e40a302e52f839d8fa58,train,data/processed/train/normal/d7be7d4a63901320_00144.jpg
kaggle_oily_dry_normal/Oily-Dry-Skin-Types/train/normal/normal_80912083ac9d5c3874f8_jpg.rf.ee82ae025d3064170d5716aadf3f5d25.jpg,kaggle_oily_dry_normal,normal,normal,e9dfd24e89af129add68b407faf0856ca1fee5eb6a570e0fe208b350fb8a0647,train,data/processed/train/normal/e9dfd24e89af129a_00145.jpg
kaggle_oily_dry_normal/Oily-Dry-Skin-Types/train/normal/normal_d1da7093b92eb2996128_jpg.rf.7752e6b65c90bc5aaa981b445a7ba17e.jpg,kaggle_oily_dry_normal,normal,normal,2738f19ee8a3bf0957077177c6ae9ac8665deb7e3c2b070f1163d5330d96fb2c,train,data/processed/train/normal/2738f19ee8a3bf09_00146.jpg
kaggle_oily_dry_normal/Oily-Dry-Skin-Types/train/normal/normal_496e7debfa40850e6c07_jpg.rf.38c4ea8b0dc6943862a1ee0d85c44e04.jpg,kaggle_oily_dry_normal,normal,normal,82a6bb2102a660d5ca8a514afc1cc5e06907c0bf286887f89a4c3d5302c40bd3,train,data/processed/train/normal/82a6bb2102a660d5_00147.jpg
kaggle_oily_dry_normal/Oily-Dry-Skin-Types/train/normal/normal_521515e1dbd92c093273_jpg.rf.f1c6c4189bfbbaf596d75b8049d96350.jpg,kaggle_oily_dry_normal,normal,normal,37b3d427f05ff177ff2a0ea000d662fc1bacb24c73becc8335d42843a9546cd0,train,data/processed/train/normal/37b3d427f05ff177_00148.jpg
kaggle_oily_dry_normal/Oily-Dry-Skin-Types/train/normal/normal_ffe6e0430f1ad9c0a8ca_jpg.rf.c82788b2198be3d35d7e634b1cb1659e.jpg,kaggle_oily_dry_normal,normal,normal,f668936b0fa4e6ed83b331ad56423c68bdfa852739ddc73d42e0cb5623a2c1e7,train,data/processed/train/normal/f668936b0fa4e6ed_00149.jpg
kaggle_oily_dry_normal/Oily-Dry-Skin-Types/train/normal/normal_4dd9029879ca290f3652_jpg.rf.0e693306dbb97392ae32e3112d19573d.jpg,kaggle_oily_dry_normal,normal,normal,8534de56d3471aaf64f6431861355bb661cc4baa77c7a8cd95960cf042c8bf75,train,data/processed/train/normal/8534de56d3471aaf_00150.jpg
kaggle_oily_dry_normal/Oily-Dry-Skin-Types/train/normal/normal_82b1c4a7341d87137172_jpg.rf.f51b3db9796c56ee87d0a80c402164b6.jpg,kaggle_oily_dry_normal,normal,normal,6170bdb39603cfcc89108e2cde04dbc686e464873273d707fd32c5546ef4b7c8,train,data/processed/train/normal/6170bdb39603cfcc_00151.jpg
kaggle_oily_dry_normal/Oily-Dry-Skin-Types/train/normal/normal_7c46ae7d0bf7f41e3e04_jpg.rf.d55a5309c00c78f69e5485db95eeec0a.jpg,kaggle_oily_dry_normal,normal,normal,e5393ab84d5026415dd6296646aed748a01eb35dfb853fbf4dfb13eba91106ca,train,data/processed/train/normal/e5393ab84d502641_00152.jpg
kaggle_oily_dry_normal/Oily-Dry-Skin-Types/train/normal/normal_62ac55f522e7df1333dc_jpg.rf.aa7aed41a95288374330aacbe8cbbb90.jpg,kaggle_oily_dry_normal,normal,normal,9be2f57ae6e3c81017d2634a6336f6ff9ccebb142b67a82955e52c09ac042628,train,data/processed/train/normal/9be2f57ae6e3c810_00153.jpg
kaggle_oily_dry_normal/Oily-Dry-Skin-Types/train/normal/normal_8da7f46dc8392108af23_jpg.rf.1e415762b027147c821228ae3a3ee95c.jpg,kaggle_oily_dry_normal,normal,normal,b9934ef844d90fb634e9aead6459e4ac9329e7f458339c0c707328de316ed184,train,data/processed/train/normal/b9934ef844d90fb6_00154.jpg
kaggle_oily_dry_normal/Oily-Dry-Skin-Types/train/normal/normal_5e7f3a2b459834070ba1_jpg.rf.12c1f88b341ff374533b911e4a330076.jpg,kaggle_oily_dry_normal,normal,normal,fc5d80bd3fd597855d14c5fc8bdacaa86edf7493854ad56fae6a3b108f689c83,train,data/processed/train/normal/fc5d80bd3fd59785_00155.jpg
kaggle_oily_dry_normal/Oily-Dry-Skin-Types/train/normal/normal_3f055eedbd08db1a4b73_jpg.rf.1e1db9470738259b000fe7bcea0616e7.jpg,kaggle_oily_dry_normal,normal,normal,c90903f8fff1cc554f8e4bb5562e3b82cf865d86be7ea96628422177b108509d,train,data/processed/train/normal/c90903f8fff1cc55_00156.jpg
kaggle_oily_dry_normal/Oily-Dry-Skin-Types/train/normal/normal_212fabdde59ac31c5abc_jpg.rf.ccc3e9d237fcf682a07e7365d15b181b.jpg,kaggle_oily_dry_normal,normal,normal,eafaaf58d0dcb575bc3feeb5cacf9b4922fd45191897fe1c6e4fa9dac7b7b913,train,data/processed/train/normal/eafaaf58d0dcb575_00157.jpg
kaggle_oily_dry_normal/Oily-Dry-Skin-Types/train/normal/normal_91db80d53372b18520fd_jpg.rf.cbca81317d83aa7633adbee3f28d6911.jpg,kaggle_oily_dry_normal,normal,normal,7071294589d6e3e4f9a76bec8d337efdba600c2d609fcd4bca164a7a3c83f18e,train,data/processed/train/normal/7071294589d6e3e4_00158.jpg
kaggle_oily_dry_normal/Oily-Dry-Skin-Types/train/normal/normal_f80f8798140564e4a5d5_jpg.rf.8da70eed1cf03f18dffae15f6c62ffc3.jpg,kaggle_oily_dry_normal,normal,normal,d6c4bd573318295ea05c1cf3ab9869b41e29503834cc8b809db44e050aa17972,train,data/processed/train/normal/d6c4bd573318295e_00159.jpg
kaggle_oily_dry_normal/Oily-Dry-Skin-Types/train/normal/normal_6784f672096f327190ce_jpg.rf.bb89a83837bb5ed718d71336b2636337.jpg,kaggle_oily_dry_normal,normal,normal,94570bcc2c28e7bc65778ba73acabaf9708d1312fb94e753b39035a9241a7b22,train,data/processed/train/normal/94570bcc2c28e7bc_00160.jpg
kaggle_oily_dry_normal/Oily-Dry-Skin-Types/train/normal/normal_071273f2d45a05e0da0e_jpg.rf.c5f33d3dcb3b2e26921239822ef5cb4a.jpg,kaggle_oily_dry_normal,normal,normal,a1148ec657649105eca352f208ebf7eb79247a2039537209b6d78124548236f3,train,data/processed/train/normal/a1148ec657649105_00161.jpg
kaggle_oily_dry_normal/Oily-Dry-Skin-Types/train/normal/normal_f865edb502ee1fa0f670_jpg.rf.32ded0fe89522581e8870d0d35b72472.jpg,kaggle_oily_dry_normal,normal,normal,20762a960392bc876860f37cf3731d6132187a530cbf63156a37a9f3f802505b,train,data/processed/train/normal/20762a960392bc87_00162.jpg
kaggle_oily_dry_normal/Oily-Dry-Skin-Types/test/normal/normal_d52e2a918a52dfae1fd1_jpg.rf.f579a5c64e7f5d39038df221b4d15384.jpg,kaggle_oily_dry_normal,normal,normal,ec004858f7f627d4324557836acde55facaff6932191d86fa622ce681384fd43,train,data/processed/train/normal/ec004858f7f627d4_00163.jpg
kaggle_oily_dry_normal/Oily-Dry-Skin-Types/train/normal/normal_ff9a19a44e979dea7bb3_jpg.rf.022b17518d703d417411c9329a36e780.jpg,kaggle_oily_dry_normal,normal,normal,a78c3f6826d087917a4a4c4ec1703eb00d2b5285f9af77f2ca7c8b7f1ab03ca1,train,data/processed/train/normal/a78c3f6826d08791_00164.jpg
kaggle_oily_dry_normal/Oily-Dry-Skin-Types/train/normal/normal_7c9a8c2f5b22591a8e55_jpg.rf.8c80000da79f1c5cf1c87f08a193b938.jpg,kaggle_oily_dry_normal,normal,normal,852d92df234a1a4df51f5ad51c4d41cb87a388f17e3d4c7a23f7e7a991ee66e8,train,data/processed/train/normal/852d92df234a1a4d_00165.jpg
kaggle_oily_dry_normal/Oily-Dry-Skin-Types/train/normal/normal_d0bbb9e8f0eb39f1e553_jpg.rf.bdbfda70683c75def4bebcd124cc1dcf.jpg,kaggle_oily_dry_normal,normal,normal,f1fb14cc8223e7280375431171676b9d341be30aa02dbd4351a7830a0c3c5dc4,train,data/processed/train/normal/f1fb14cc8223e728_00166.jpg
kaggle_oily_dry_normal/Oily-Dry-Skin-Types/train/normal/normal_55135ccf4415acdde54d_jpg.rf.a83b32557b43adf09024b982461eac4b.jpg,kaggle_oily_dry_normal,normal,normal,c8250ce7899de23be9aed37805cd1502e3da6e9f8cdbd0782963d80d45d865a5,train,data/processed/train/normal/c8250ce7899de23b_00167.jpg
kaggle_oily_dry_normal/Oily-Dry-Skin-Types/train/normal/normal_8d9da0a0dfff39f02580_jpg.rf.5fc5a0e45e466149e5641bfef5186a72.jpg,kaggle_oily_dry_normal,normal,normal,a3753bb429b1a5ffbea95f09649d7ee7f546cc203211990c7e63883d66d26954,train,data/processed/train/normal/a3753bb429b1a5ff_00168.jpg
kaggle_oily_dry_normal/Oily-Dry-Skin-Types/valid/normal/normal_43c09be2c7d565a9fccd_jpg.rf.2d220e3b9f3e84ed0de80f17804ad28c.jpg,kaggle_oily_dry_normal,normal,normal,b3c073c2c1678bee175b8bfd65cd7eecca6c2932b108313e62c4fa7abb1660e4,train,data/processed/train/normal/b3c073c2c1678bee_00169.jpg
kaggle_oily_dry_normal/Oily-Dry-Skin-Types/train/normal/normal_522586f253deef83c756_jpg.rf.285341ac2e4431af6dcef5ffd142cc16.jpg,kaggle_oily_dry_normal,normal,normal,ce81e726b2f632a6eebc2da29318fe5ae3bff08b1f82bf10bf6e8f77047d8680,train,data/processed/train/normal/ce81e726b2f632a6_00170.jpg
kaggle_oily_dry_normal/Oily-Dry-Skin-Types/train/normal/normal_a90f7c8f8a766c90773a_jpg.rf.9d7fef5cf213015544484a8aebac72ec.jpg,kaggle_oily_dry_normal,normal,normal,65d141470f729343c227deeaf4eadd36102539c60cc85512ade6bf0e116206df,train,data/processed/train/normal/65d141470f729343_00171.jpg
kaggle_oily_dry_normal/Oily-Dry-Skin-Types/train/normal/normal_98257f981d1e9bd04395_jpg.rf.fc088988ad57e4478252e9e519b50ffb.jpg,kaggle_oily_dry_normal,normal,normal,42d6ae5c28310a037c162c96971364b50820899dbc6d29aec0c7980bed532a29,train,data/processed/train/normal/42d6ae5c28310a03_00172.jpg
kaggle_oily_dry_normal/Oily-Dry-Skin-Types/train/normal/normal_800b1d9bedd36765807a_jpg.rf.86a61cd5125ea392018498204c61ab30.jpg,kaggle_oily_dry_normal,normal,normal,9e9e30d78d621e7cd47007603def3a921514b69890da7e1ca3581197b900b6c1,train,data/processed/train/normal/9e9e30d78d621e7c_00173.jpg
kaggle_oily_dry_normal/Oily-Dry-Skin-Types/train/normal/normal_d92903e1b76cdbe0aa67_jpg.rf.414892ff0cb6fbc8539e57cad210be7a.jpg,kaggle_oily_dry_normal,normal,normal,8f165355892ccb4257b47558da128f60f170919e8de53f6d910c5d010021412e,train,data/processed/train/normal/8f165355892ccb42_00174.jpg
kaggle_oily_dry_normal/Oily-Dry-Skin-Types/test/normal/normal_6b356a0239dd90157c90_jpg.rf.f1fb8b477ff74883cbb4b4e655631915.jpg,kaggle_oily_dry_normal,normal,normal,30dce50aa747fdda7a33dbc008b00f5194f2e161241d3ed09b42288d9fa83cf9,train,data/processed/train/normal/30dce50aa747fdda_00175.jpg
kaggle_oily_dry_normal/Oily-Dry-Skin-Types/train/normal/normal_eb077881061391b11236_jpg.rf.41867737f3f289b1eb7e3cc84f9a6019.jpg,kaggle_oily_dry_normal,normal,normal,d3650936a093927609258e9af108701c960aa6f192fe62714e5d1e535e08abd1,train,data/processed/train/normal/d3650936a0939276_00176.jpg
kaggle_oily_dry_normal/Oily-Dry-Skin-Types/train/normal/normal_a9709635b46d57d2fe10_jpg.rf.269969c5bdac8bf9376c1d04bde2a16b.jpg,kaggle_oily_dry_normal,normal,normal,86f6f1b56bfe1a1bd151b990567b2e2b686b6d711ace3ce1a9104ca5dd32e0e6,train,data/processed/train/normal/86f6f1b56bfe1a1b_00177.jpg
kaggle_oily_dry_normal/Oily-Dry-Skin-Types/train/normal/normal_803acda430e167112bee_jpg.rf.021be71e3e26d2dd0089057632532b36.jpg,kaggle_oily_dry_normal,normal,normal,28751e94823332a2eece0b5cbe72e43c77d97dd2c0513066d1c5974ceaae719c,train,data/processed/train/normal/28751e94823332a2_00178.jpg
kaggle_oily_dry_normal/Oily-Dry-Skin-Types/train/normal/normal_b61ba7bff791d6885c9c_jpg.rf.bacd99907611b900dd57531c8ff2702f.jpg,kaggle_oily_dry_normal,normal,normal,e6537546da16e57d79337aeb0f8d2fdd7617132c78d2b7929d4074c7ddece7ef,train,data/processed/train/normal/e6537546da16e57d_00179.jpg
kaggle_oily_dry_normal/Oily-Dry-Skin-Types/train/normal/normal_6faf1ac6b36e64e73e4f_jpg.rf.f2268705075fed34a70541b284fee652.jpg,kaggle_oily_dry_normal,normal,normal,969138731f0456416aa8cd4474cafe315b37e1e7713119ac5f81406cc0b0cf22,train,data/processed/train/normal/969138731f045641_00180.jpg
kaggle_oily_dry_normal/Oily-Dry-Skin-Types/train/normal/normal_a83f97468889e3295fcc_jpg.rf.cc65ebfd53a2b21e2a8793c96b4c049f.jpg,kaggle_oily_dry_normal,normal,normal,7116b51065eb7866a9314a55234c4d5b2343dd141aafa932bc96be99bb80fe2b,train,data/processed/train/normal/7116b51065eb7866_00181.jpg
kaggle_oily_dry_normal/Oily-Dry-Skin-Types/train/normal/normal_2fdf6435fc43ef6bcaca_jpg.rf.96e7bec94482654190fc38e165257f93.jpg,kaggle_oily_dry_normal,normal,normal,c9a91f6e185ad6c9ebb77185b7807340b7f883ec40060b6ec1d4ea6f050266a6,train,data/processed/train/normal/c9a91f6e185ad6c9_00182.jpg
kaggle_oily_dry_normal/Oily-Dry-Skin-Types/train/normal/normal_82b1c4a7341d87137172_jpg.rf.342875806dd83f5a53e19a949e4a24c7.jpg,kaggle_oily_dry_normal,normal,normal,2a243273454aee3515c2ce8e9f7737ebf93709aab60f6e4bc334eebcdbd5aa37,train,data/processed/train/normal/2a243273454aee35_00183.jpg
kaggle_oily_dry_normal/Oily-Dry-Skin-Types/train/normal/normal_c74c2a0dbee681e9fbec_jpg.rf.5f9a2ef13785087a0fa789992954e2bf.jpg,kaggle_oily_dry_normal,normal,normal,dd44657d6d81f94df21d31c7eac99d23b0062ba9ffb6dda56e1ee6eef6c7b304,train,data/processed/train/normal/dd44657d6d81f94d_00184.jpg
kaggle_oily_dry_normal/Oily-Dry-Skin-Types/train/normal/normal_059cf2165bd4da06cc0f_jpg.rf.63b3c473172cb2a31c02ba54bcafaf27.jpg,kaggle_oily_dry_normal,normal,normal,73687f1ed0792536dc97a5d16af1bdcf23747e79751ec5a6cef48d41238e59ad,train,data/processed/train/normal/73687f1ed0792536_00185.jpg
kaggle_oily_dry_normal/Oily-Dry-Skin-Types/train/normal/normal_7be923370441d48ea98c_jpg.rf.d5009204272928ee00fa9cd6f0106791.jpg,kaggle_oily_dry_normal,normal,normal,6122b015866892a1d1155a78271870e873e10cc38ff64bd9a7a6c5f5655d3303,train,data/processed/train/normal/6122b015866892a1_00186.jpg
kaggle_oily_dry_normal/Oily-Dry-Skin-Types/train/normal/normal_8d9da0a0dfff39f02580_jpg.rf.4222c7ed753914770326d98ff5ae2c37.jpg,kaggle_oily_dry_normal,normal,normal,7edae2cf43c175a6af655a997e5a322977ac5c98b1d86d67625c6df007b1c6cf,train,data/processed/train/normal/7edae2cf43c175a6_00187.jpg
kaggle_oily_dry_normal/Oily-Dry-Skin-Types/train/normal/normal_218165bee3d021844720_jpg.rf.52c2cf2a9079840193bafb7059d5ec00.jpg,kaggle_oily_dry_normal,normal,normal,91322f006d4910e9d3bdfb8cb0171e79326d7f5c6d9c42faf036a3905524b853,train,data/processed/train/normal/91322f006d4910e9_00188.jpg
kaggle_oily_dry_normal/Oily-Dry-Skin-Types/train/normal/normal_a35951605968efd4d71f_jpg.rf.f73b8bfb5c5acf6816d781814c44e006.jpg,kaggle_oily_dry_normal,normal,normal,4270ca49b5d166b20b187faeeffa5c96251c18ed7071c5da88167fe34fabb71a,train,data/processed/train/normal/4270ca49b5d166b2_00189.jpg
kaggle_oily_dry_normal/Oily-Dry-Skin-Types/valid/normal/normal_d3bd678b09ac2b3edcd5_jpg.rf.2124e9c2ce568bb8715e00c3ff6ae706.jpg,kaggle_oily_dry_normal,normal,normal,8a373ea9cc4720fa2aae3c4178a7527bed9b98a412742d145d3c659d7ec35842,train,data/processed/train/normal/8a373ea9cc4720fa_00190.jpg
kaggle_oily_dry_normal/Oily-Dry-Skin-Types/train/normal/normal_0b3f34580ac0aebba531_jpg.rf.6ccfad4da9a722bbe101b97fcdfd35ed.jpg,kaggle_oily_dry_normal,normal,normal,1b7437310cef5438ac8065b6085346159831e8a4f664137ba5d1513fb087cf91,train,data/processed/train/normal/1b7437310cef5438_00191.jpg
kaggle_oily_dry_normal/Oily-Dry-Skin-Types/train/normal/normal_071273f2d45a05e0da0e_jpg.rf.56d510c4c25773f7109996b5c9c84d65.jpg,kaggle_oily_dry_normal,normal,normal,c763dc10657508e9187d66bb4109cee6168d43ab5896ff897c70064ba6b69a76,train,data/processed/train/normal/c763dc10657508e9_00192.jpg
kaggle_oily_dry_normal/Oily-Dry-Skin-Types/train/normal/normal_e0ebefbb251dc30cfeb0_jpg.rf.3d058dddb73ca5d8c6513058cc62505b.jpg,kaggle_oily_dry_normal,normal,normal,f6561362e597ea93404b9492be08446036a0889b21ec22c3555496284522a148,train,data/processed/train/normal/f6561362e597ea93_00193.jpg
kaggle_oily_dry_normal/Oily-Dry-Skin-Types/train/normal/normal_2bfdf2ba6623e6b84b3f_jpg.rf.f633bcbc099ec4bcc857963f4b699d04.jpg,kaggle_oily_dry_normal,normal,normal,20ba78599a26b7e40a67970cbf4dd0b126ee077e75a9547ded01e8b81e2490b5,train,data/processed/train/normal/20ba78599a26b7e4_00194.jpg
kaggle_oily_dry_normal/Oily-Dry-Skin-Types/train/normal/normal_7da908e123b9da3711df_jpg.rf.26909d76c7b3ea06f4d2f5cf74a9a303.jpg,kaggle_oily_dry_normal,normal,normal,2f25a7df500e35c2d104145cda05f6b27a1f57f9bc43ba0313be26ea6cd4cd80,train,data/processed/train/normal/2f25a7df500e35c2_00195.jpg
kaggle_oily_dry_normal/Oily-Dry-Skin-Types/train/normal/normal_82b1c4a7341d87137172_jpg.rf.309f4a0ea3f162852c87766ee0f26aad.jpg,kaggle_oily_dry_normal,normal,normal,16acf9d99b95ea550d7187ff1facce65e99dad5b8b1ccd9200397cde5d1ebbc3,train,data/processed/train/normal/16acf9d99b95ea55_00196.jpg
kaggle_oily_dry_normal/Oily-Dry-Skin-Types/train/normal/normal_71175cf937b16fbb2e58_jpg.rf.825a5d3bfd0eb355551b05a780245142.jpg,kaggle_oily_dry_normal,normal,normal,4eddb961530f59b933f5258163f5c2927b77b3991c43bfa16c3773d130d6e596,train,data/processed/train/normal/4eddb961530f59b9_00197.jpg
kaggle_oily_dry_normal/Oily-Dry-Skin-Types/train/normal/normal_365bd9d74f42a34aa3a9_jpg.rf.32f0e88f29235426be65d4dab2dcb92c.jpg,kaggle_oily_dry_normal,normal,normal,de94b3701c206ed411ce0b7b529fe84f50d5d0dd7b79aa8c82f56e109da24c8c,train,data/processed/train/normal/de94b3701c206ed4_00198.jpg
kaggle_oily_dry_normal/Oily-Dry-Skin-Types/test/normal/normal_d2631b1299b12bd444b8_jpg.rf.ce450fa706ff684ce913ed537d914807.jpg,kaggle_oily_dry_normal,normal,normal,213051fa05eb028bf8f2b9b21bba9a5ab5e3048c6347a46c8cdd8df536f30cdc,train,data/processed/train/normal/213051fa05eb028b_00199.jpg
kaggle_oily_dry_normal/Oily-Dry-Skin-Types/train/normal/normal_c06958ded36667fda5b5_jpg.rf.fc2b5b706ad89387909d9cd3993ac0d5.jpg,kaggle_oily_dry_normal,normal,normal,22cb877db9727411a34da2c23cd963bdd5e4a0527a89406efca7fdbe89fc43f6,train,data/processed/train/normal/22cb877db9727411_00200.jpg
kaggle_oily_dry_normal/Oily-Dry-Skin-Types/train/normal/normal_9145551726d6b7563ffd_jpg.rf.ff61242cc82cac345fec4be949d188be.jpg,kaggle_oily_dry_normal,normal,normal,42fb3e8970387546942334466ca797f65ce055fa69372292a00d7afd27146e8c,train,data/processed/train/normal/42fb3e8970387546_00201.jpg
kaggle_oily_dry_normal/Oily-Dry-Skin-Types/train/normal/normal_95fa667b7e6220459477_jpg.rf.4245bfc2d988d169024cf1d0ca880825.jpg,kaggle_oily_dry_normal,normal,normal,5f80893b3053748d6c54d027f5e3bfc53b9df1ae8fc7f7f91bdca22a57862ef1,train,data/processed/train/normal/5f80893b3053748d_00202.jpg
kaggle_oily_dry_normal/Oily-Dry-Skin-Types/train/normal/normal_68bc520ac85f0b85d4f4_jpg.rf.003433e7e903c3fbc41795883cd09c55.jpg,kaggle_oily_dry_normal,normal,normal,ec31bdabeefb4b5031f3010cc8aa4c63a335da416b0413d93dfb5b4a6e78cb55,train,data/processed/train/normal/ec31bdabeefb4b50_00203.jpg
kaggle_oily_dry_normal/Oily-Dry-Skin-Types/train/normal/normal_e6a7c92729dd8b9555be_jpg.rf.ca47678a708a36f567e71b7c03359415.jpg,kaggle_oily_dry_normal,normal,normal,23f90a9b9c7ad1c52bc43dd317b2c338fd108a418ffff345c3402b98c2adf9b2,train,data/processed/train/normal/23f90a9b9c7ad1c5_00204.jpg
kaggle_oily_dry_normal/Oily-Dry-Skin-Types/train/normal/normal_a35951605968efd4d71f_jpg.rf.df1315f0488366ea822e08fde509358c.jpg,kaggle_oily_dry_normal,normal,normal,60aae7988654ec5ab1668e95ac981a728a83a3f996f11249828ef0e9cedce324,train,data/processed/train/normal/60aae7988654ec5a_00205.jpg
kaggle_oily_dry_normal/Oily-Dry-Skin-Types/train/normal/normal_249e458701fb4c3936bc_jpg.rf.fa7c329cfc461e6e1236c7d0192738e2.jpg,kaggle_oily_dry_normal,normal,normal,dc68774078844af01c751d5c7212a7948184ffec667ad29f25f2f97a574a74da,train,data/processed/train/normal/dc68774078844af0_00206.jpg
kaggle_oily_dry_normal/Oily-Dry-Skin-Types/valid/normal/normal_caa0fe5a5031e7de96b0_jpg.rf.4763a577dd9f4e1979f2994dddf04b76.jpg,kaggle_oily_dry_normal,normal,normal,b591239204bd5c8507afdfb0627dfc764a575ae07e377966f847628383e7eeb9,train,data/processed/train/normal/b591239204bd5c85_00207.jpg
kaggle_oily_dry_normal/Oily-Dry-Skin-Types/train/normal/normal_9ca084e65d0c17708b9e_jpg.rf.db0f5615b8c4b7a654594a4f24d39b0a.jpg,kaggle_oily_dry_normal,normal,normal,9b4aad4d7e641e44bb840e8850da66f93a75ce54be59579b234a574b57b72cd2,train,data/processed/train/normal/9b4aad4d7e641e44_00208.jpg
kaggle_oily_dry_normal/Oily-Dry-Skin-Types/train/normal/normal_9260278322f4457c4213_jpg.rf.303d92301c13fa239effe4ac30dd718d.jpg,kaggle_oily_dry_normal,normal,normal,3924893e1971faa3cf33c713b6697896303b8c0b40c08f40747090b54c59748b,train,data/processed/train/normal/3924893e1971faa3_00209.jpg
kaggle_oily_dry_normal/Oily-Dry-Skin-Types/train/normal/normal_03a5c2383f7f20ed8cc5_jpg.rf.0a595a11dc3499b65cace73fe3958efc.jpg,kaggle_oily_dry_normal,normal,normal,0d0c052fc2edd72a2fb29c17e8248b988c403c8f520b6384daba072477c044ce,train,data/processed/train/normal/0d0c052fc2edd72a_00210.jpg
kaggle_oily_dry_normal/Oily-Dry-Skin-Types/train/normal/normal_270c32b0ec726d2e1430_jpg.rf.3c9ec14ed9e990f42b878aac80f56f26.jpg,kaggle_oily_dry_normal,normal,normal,90a2c8fff64bc6490b7eaa084829816387e96da374ed7bf7ad4a654c97064bf8,train,data/processed/train/normal/90a2c8fff64bc649_00211.jpg
kaggle_oily_dry_normal/Oily-Dry-Skin-Types/train/normal/normal_892c83b2d20dba8ae334_jpg.rf.149e9339a32c7595ecf95d1a4d52eb10.jpg,kaggle_oily_dry_normal,normal,normal,c0fb40f30e3850b6d9af9730ee39acb166632182317ee1376b0b23c0ff3ad18a,train,data/processed/train/normal/c0fb40f30e3850b6_00212.jpg
kaggle_oily_dry_normal/Oily-Dry-Skin-Types/train/normal/normal_24e4275a25e74af172e4_jpg.rf.72dee07c031c7078dcde2d35416ac7b7.jpg,kaggle_oily_dry_normal,normal,normal,29486097d261f9695a4e5fab6867ce7508d55433adbdf74c22cb14953b88810d,train,data/processed/train/normal/29486097d261f969_00213.jpg
kaggle_oily_dry_normal/Oily-Dry-Skin-Types/train/normal/normal_d92903e1b76cdbe0aa67_jpg.rf.6ed9b5b330eeeb2f489c919b6946db70.jpg,kaggle_oily_dry_normal,normal,normal,5b3f26a71e7b081e088722a6f2b87c447258641ef7bfd7446fcf3ba41b5d61b0,train,data/processed/train/normal/5b3f26a71e7b081e_00214.jpg
kaggle_oily_dry_normal/Oily-Dry-Skin-Types/train/normal/normal_a73be48796366d54b87c_jpg.rf.dd4eb4327f4ca71662fc9cbbca1a1042.jpg,kaggle_oily_dry_normal,normal,normal,d726693161a1d80227b27f9b2385d3930d06d1c6771a3c19c7e2362ac1024a63,train,data/processed/train/normal/d726693161a1d802_00215.jpg
kaggle_oily_dry_normal/Oily-Dry-Skin-Types/train/normal/normal_bd481c683c08a6f47c93_jpg.rf.15ee4d93f1af0005a3b955fb1ee957e1.jpg,kaggle_oily_dry_normal,normal,normal,bd673ad684921f107fb3d7ecbdfcc5819de820d7498cdef95294af65860d83d6,train,data/processed/train/normal/bd673ad684921f10_00216.jpg
kaggle_oily_dry_normal/Oily-Dry-Skin-Types/train/normal/normal_28020fc04b58d40fc25d_jpg.rf.684bfe268449ffc27f06cce9de35b4e3.jpg,kaggle_oily_dry_normal,normal,normal,af3dad7302d74e1178edfa5460429c7eed3bf919e15e63029e41d2bfb4cc4be7,train,data/processed/train/normal/af3dad7302d74e11_00217.jpg
kaggle_oily_dry_normal/Oily-Dry-Skin-Types/train/normal/normal_56ef66bbff36af15a5d4_jpg.rf.8218ab126759f9cced14a34eb8c86428.jpg,kaggle_oily_dry_normal,normal,normal,f679d0bd28f721e5e00dfc8fda98c190fabbeedc7c3311f922588aace5311f1e,train,data/processed/train/normal/f679d0bd28f721e5_00218.jpg
kaggle_oily_dry_normal/Oily-Dry-Skin-Types/train/normal/normal_77c44f7b4f0224c4b224_jpg.rf.93b0a7fcf9b74838d87b7213c0185273.jpg,kaggle_oily_dry_normal,normal,normal,33ef108f0a4fe456e966cfde35a5010077ab615899f012d30e1db2f2be4503b7,train,data/processed/train/normal/33ef108f0a4fe456_00219.jpg
kaggle_oily_dry_normal/Oily-Dry-Skin-Types/valid/normal/normal_cff25c281a0d2ffec61a_jpg.rf.18ae7c34560d2fa398c87fc4d321f959.jpg,kaggle_oily_dry_normal,normal,normal,d79b54937829d060a68a69adc8e3b32f8dd40b72b2631c27a9bb6986a39cd598,train,data/processed/train/normal/d79b54937829d060_00220.jpg
kaggle_oily_dry_normal/Oily-Dry-Skin-Types/train/normal/normal_3e9658b0ecfa5b0dc82c_jpg.rf.e977656862efd99b598a77576612733c.jpg,kaggle_oily_dry_normal,normal,normal,1eaa7b96caa4c0e5128fe65073dd3f46011443a9800e503e527133db4cebc84e,train,data/processed/train/normal/1eaa7b96caa4c0e5_00221.jpg
kaggle_oily_dry_normal/Oily-Dry-Skin-Types/train/normal/normal_3f055eedbd08db1a4b73_jpg.rf.9b709f5ec8ef2eb15d778833f4d7f1e7.jpg,kaggle_oily_dry_normal,normal,normal,a50d19633c4fea60af348c4e12c41155b4f1d6f91dbcea478169ec8346150810,train,data/processed/train/normal/a50d19633c4fea60_00222.jpg
kaggle_oily_dry_normal/Oily-Dry-Skin-Types/valid/normal/normal_9c2b06c0010269563b01_jpg.rf.92d1064fbfe8a7052aa68ad7bc181df7.jpg,kaggle_oily_dry_normal,normal,normal,7084ae6272f4781b6600e8425f3e3b18cec4e4a234cef0c67fff32f2a6b62701,train,data/processed/train/normal/7084ae6272f4781b_00223.jpg
kaggle_oily_dry_normal/Oily-Dry-Skin-Types/train/normal/normal_e0ebefbb251dc30cfeb0_jpg.rf.1c9318f7b90bd0561627547f65ffee43.jpg,kaggle_oily_dry_normal,normal,normal,8783a4452dacfbe28009823fc4afcb37e5891800e41f03087bdd65a66dbb4fa6,train,data/processed/train/normal/8783a4452dacfbe2_00224.jpg
kaggle_oily_dry_normal/Oily-Dry-Skin-Types/train/normal/normal_f69ce6236031b380189b_jpg.rf.69cfe0b17dd701b94297623cead55923.jpg,kaggle_oily_dry_normal,normal,normal,e71034616ac7acd8de0d9b33e9de41271e11c926d2f00adaf70a438ae2d7a793,train,data/processed/train/normal/e71034616ac7acd8_00225.jpg
kaggle_oily_dry_normal/Oily-Dry-Skin-Types/train/normal/normal_aa7af3e4faf3701e02a3_jpg.rf.fc0a4a13aa37ea9a5451fac6603f1fe0.jpg,kaggle_oily_dry_normal,normal,normal,3ad708382aa436b7b70d93ec085e8f6ceac2b627e48c87941024105ced8fcb7b,train,data/processed/train/normal/3ad708382aa436b7_00226.jpg
kaggle_oily_dry_normal/Oily-Dry-Skin-Types/test/normal/normal_2d80ca42638dddb59de3_jpg.rf.833212d09142458e458a87df3824c8f3.jpg,kaggle_oily_dry_normal,normal,normal,3a4f8a90fb2a4bf9ea0565fec922f9361ffe55e59ec073bba5bf6c27f2b842f4,train,data/processed/train/normal/3a4f8a90fb2a4bf9_00227.jpg
kaggle_oily_dry_normal/Oily-Dry-Skin-Types/train/normal/normal_1bdde913d38d09d13345_jpg.rf.27464db6a3377d8c2f4c667a791dbb80.jpg,kaggle_oily_dry_normal,normal,normal,3079e9e31daefce5704ef43f919af13790962cc425a082934b40370f2eb1a50d,train,data/processed/train/normal/3079e9e31daefce5_00228.jpg
kaggle_oily_dry_normal/Oily-Dry-Skin-Types/train/normal/normal_73557e2b434e42de169b_jpg.rf.f4e3ae4eceece809200eeebb1ae6c911.jpg,kaggle_oily_dry_normal,normal,normal,7750b659c5efa08b4b5667afdbb5887b159223125717c5b7bca2452fde17ff69,train,data/processed/train/normal/7750b659c5efa08b_00229.jpg
kaggle_oily_dry_normal/Oily-Dry-Skin-Types/train/normal/normal_31749351fd7ddf1f1971_jpg.rf.35df5b0f2c631244d4934d7aa69ead96.jpg,kaggle_oily_dry_normal,normal,normal,f6eb1b5e92ac346a59b739cb1dd4e924126cd421491b519f2cf90b47b957664a,train,data/processed/train/normal/f6eb1b5e92ac346a_00230.jpg
kaggle_oily_dry_normal/Oily-Dry-Skin-Types/train/normal/normal_0f9063e1e7e2a8c4342e_jpg.rf.62aa04a70a1d7ce3152164cec7018fff.jpg,kaggle_oily_dry_normal,normal,normal,1f2a392be7366103530406eddae83472cf78ec2cdf529c9c64be67a925f88220,train,data/processed/train/normal/1f2a392be7366103_00231.jpg
kaggle_oily_dry_normal/Oily-Dry-Skin-Types/train/normal/normal_4b67c3e173f8a2119f30_jpg.rf.94db0420a7454a3436ac48cedd1fe855.jpg,kaggle_oily_dry_normal,normal,normal,0e74aedbe22436ce5cac1a501263feaf00d0d05b8f09ab90a889ad05daebd477,train,data/processed/train/normal/0e74aedbe22436ce_00232.jpg
kaggle_oily_dry_normal/Oily-Dry-Skin-Types/train/normal/normal_522586f253deef83c756_jpg.rf.61614a6faa17de4bd5acd8170c633714.jpg,kaggle_oily_dry_normal,normal,normal,a1e52b202d932dc17f0e3d94533aa5e18502b8fb6398b193f89f9f40e6341fde,train,data/processed/train/normal/a1e52b202d932dc1_00233.jpg
kaggle_oily_dry_normal/Oily-Dry-Skin-Types/train/normal/normal_c06958ded36667fda5b5_jpg.rf.fed2cea10006e93c8b3f73c4d02309b3.jpg,kaggle_oily_dry_normal,normal,normal,eeff8dbddab078488fbcd9b4b7e7bc9df2b83a74b2ad4d21c9dcdba94274f523,train,data/processed/train/normal/eeff8dbddab07848_00234.jpg
kaggle_oily_dry_normal/Oily-Dry-Skin-Types/train/normal/normal_0b3f34580ac0aebba531_jpg.rf.5c96dcb4ec3e1c0cf1cb8e033c155105.jpg,kaggle_oily_dry_normal,normal,normal,f6e78d7cf2280e386855559a5bed2c9ec5f91c1c133aa7e324f030cb997637ff,train,data/processed/train/normal/f6e78d7cf2280e38_00235.jpg
kaggle_oily_dry_normal/Oily-Dry-Skin-Types/train/normal/normal_232b9b1d675811506cac_jpg.rf.5592091238cdcc54c8943503eb1c77eb.jpg,kaggle_oily_dry_normal,normal,normal,161ec9dd65d9336742a3fbc799757291a903312c1b8e319dc4326bed435af67d,train,data/processed/train/normal/161ec9dd65d93367_00236.jpg
kaggle_oily_dry_normal/Oily-Dry-Skin-Types/train/normal/normal_ab7e4435e3a3b360ec15_jpg.rf.cf68837764685ad9715f19044ee3f61a.jpg,kaggle_oily_dry_normal,normal,normal,bb0b17ea5539b11df4914e3b83328c4621e90211f432c8e26c8dd9ad5a9e9323,train,data/processed/train/normal/bb0b17ea5539b11d_00237.jpg
kaggle_oily_dry_normal/Oily-Dry-Skin-Types/train/normal/normal_4c62804c20121c2d2c51_jpg.rf.a2336f655405c85e62cff574d37faa6e.jpg,kaggle_oily_dry_normal,normal,normal,5fd81c2dd234916623bd2ec2fd3b66002206a1a9e2006a80ca2410867ee436ad,train,data/processed/train/normal/5fd81c2dd2349166_00238.jpg
kaggle_oily_dry_normal/Oily-Dry-Skin-Types/train/normal/normal_eeff1913647d58f1d97b_jpg.rf.d479a11cfc240b8ed075ce4eec1dfb6d.jpg,kaggle_oily_dry_normal,normal,normal,d2077ed7b185800d23e692bea1e1d3ade7ea6cb5afa8322435298056b9afb282,train,data/processed/train/normal/d2077ed7b185800d_00239.jpg
kaggle_oily_dry_normal/Oily-Dry-Skin-Types/train/normal/normal_833c06801db2c8cf4cdd_jpg.rf.26e220b96f3994d2450344f5f8ce0895.jpg,kaggle_oily_dry_normal,normal,normal,4c3f61661b6f635df5a43cafabaec90c53e187f990cfb7eb0feee9a1f205b51d,train,data/processed/train/normal/4c3f61661b6f635d_00240.jpg
kaggle_oily_dry_normal/Oily-Dry-Skin-Types/train/normal/normal_0cef7614353c4e47ef91_jpg.rf.2efb84252ff069cb577d6d762ddfed78.jpg,kaggle_oily_dry_normal,normal,normal,b6247714a66ae61b06092e2f2f9c9b94b3e563b8e8ff0fb1951bd7967413bd4d,train,data/processed/train/normal/b6247714a66ae61b_00241.jpg
kaggle_oily_dry_normal/Oily-Dry-Skin-Types/train/normal/normal_052c57b1509f650847e7_jpg.rf.5b95f07a7fdc14d44aae41154d5cbf70.jpg,kaggle_oily_dry_normal,normal,normal,b292b8e1f5b76c5a8015312419c34c089986be95e73b156e6bf173961b16b609,train,data/processed/train/normal/b292b8e1f5b76c5a_00242.jpg
kaggle_oily_dry_normal/Oily-Dry-Skin-Types/train/normal/normal_ab7e4435e3a3b360ec15_jpg.rf.809620c20c04cdc6dfb62d45a7a4df91.jpg,kaggle_oily_dry_normal,normal,normal,4bf648c9e8e3db324aa7df0ee2bbdf181e0bfd11deff88a2a38e1a461c74d006,train,data/processed/train/normal/4bf648c9e8e3db32_00243.jpg
kaggle_oily_dry_normal/Oily-Dry-Skin-Types/train/normal/normal_85d0e65990dbbe9183b2_jpg.rf.2d14217d4fa3677cfdbffbe6e919e4b5.jpg,kaggle_oily_dry_normal,normal,normal,3a15f9d33058ee3f4e67b804a2dc86ad9be3511241c006b34369091fa0540862,train,data/processed/train/normal/3a15f9d33058ee3f_00244.jpg
kaggle_oily_dry_normal/Oily-Dry-Skin-Types/train/normal/normal_9fbc4734bf5228cab775_jpg.rf.b7de02ffdf2026b2a2b22973a11b4321.jpg,kaggle_oily_dry_normal,normal,normal,60644ce4dac31d7d195b4d1689e8729b3b28f2add08634195d7189e5d5b65bfb,train,data/processed/train/normal/60644ce4dac31d7d_00245.jpg
kaggle_oily_dry_normal/Oily-Dry-Skin-Types/valid/normal/normal_e42c3ec7ca4cc72c61af_jpg.rf.b45fa3bdc34453f64c355720c7695da5.jpg,kaggle_oily_dry_normal,normal,normal,b30b864ee10176b37ee01c8b8824156a5f4483c729060a36b4470075ec8ece2c,train,data/processed/train/normal/b30b864ee10176b3_00246.jpg
kaggle_oily_dry_normal/Oily-Dry-Skin-Types/train/normal/normal_389351d8800fa5f2ad15_jpg.rf.c039dbffea532d05a07d06b0e72ab33b.jpg,kaggle_oily_dry_normal,normal,normal,608f68907a416cacce2d112930705970180e292968e8cd45878bd79d3aae1b63,train,data/processed/train/normal/608f68907a416cac_00247.jpg
kaggle_oily_dry_normal/Oily-Dry-Skin-Types/train/normal/normal_78931a468807a5e77d78_jpg.rf.e23e55ec015e4393723999b521c4faa5.jpg,kaggle_oily_dry_normal,normal,normal,d0ee9f35e481074dd9d26374fb5181d8d6419fc8ce757a5616c5b7bf1618d837,train,data/processed/train/normal/d0ee9f35e481074d_00248.jpg
kaggle_oily_dry_normal/Oily-Dry-Skin-Types/train/normal/normal_25f7a564568365ad842b_jpg.rf.adc1420cb78895dc53edef2b04ba79a9.jpg,kaggle_oily_dry_normal,normal,normal,4b5414e4f3409917f8ff9f31e613050a1aad1a8296ff2964024b0a78ce0da4a9,train,data/processed/train/normal/4b5414e4f3409917_00249.jpg
kaggle_oily_dry_normal/Oily-Dry-Skin-Types/train/normal/normal_a7994b5886ece0efc3df_jpg.rf.7cf9c68da74bd89f327bedd36183c9c9.jpg,kaggle_oily_dry_normal,normal,normal,2011c34c4ec7dd529d2e96d2c0ef6ea3f47ae975ac3562a07b8461276cecb309,train,data/processed/train/normal/2011c34c4ec7dd52_00250.jpg
kaggle_oily_dry_normal/Oily-Dry-Skin-Types/train/normal/normal_d2d3ac234dac7496f459_jpg.rf.e78f225ea9d821f1d9a2513b790f4671.jpg,kaggle_oily_dry_normal,normal,normal,3ab3f556ad0d86b6f1cd8b972e6f4891f98464c42329c7a6200d5fbe9a3ad13f,train,data/processed/train/normal/3ab3f556ad0d86b6_00251.jpg
kaggle_oily_dry_normal/Oily-Dry-Skin-Types/test/normal/normal_4f0835c6ea093e8b0405_jpg.rf.4847266c552187ce43852c8c3e62a9cc.jpg,kaggle_oily_dry_normal,normal,normal,d4ba11cc81f1a5567caa6903d7ffc3a70d17664039a869c6eaa3e2556084a1a2,train,data/processed/train/normal/d4ba11cc81f1a556_00252.jpg
kaggle_oily_dry_normal/Oily-Dry-Skin-Types/train/normal/normal_346714d7aa7a260d45d6_jpg.rf.6380c9fd75ec900a146d46c451b06b6d.jpg,kaggle_oily_dry_normal,normal,normal,7baeb230470165e194caab0991958ab4910e72adffa9b9e9951c0dded0a5ffeb,train,data/processed/train/normal/7baeb230470165e1_00253.jpg
kaggle_oily_dry_normal/Oily-Dry-Skin-Types/train/normal/normal_cd8a9c50a2856519fbf7_jpg.rf.8644fe5116bc473db7e71de6f655d708.jpg,kaggle_oily_dry_normal,normal,normal,6ed25e9dc5033750ccafcc9365a48eefad6a3f60ba5bcfec86fe7dec9b691434,train,data/processed/train/normal/6ed25e9dc5033750_00254.jpg
kaggle_oily_dry_normal/Oily-Dry-Skin-Types/train/normal/normal_8357e8c0029e34aac5b5_jpg.rf.71709d374955da9922ddeac7823911d6.jpg,kaggle_oily_dry_normal,normal,normal,7df420041456abe8ce361c0c536846816ace0b356faeacd695f5bd179c99b011,train,data/processed/train/normal/7df420041456abe8_00255.jpg
kaggle_oily_dry_normal/Oily-Dry-Skin-Types/train/normal/normal_3ad884c8f098a8aa9347_jpg.rf.6564e48ed41d753b8873e7ca2116396a.jpg,kaggle_oily_dry_normal,normal,normal,d1ee782b8abf26ec416710a8f3c1fdbcfef9208f4776ea5cbf11a318d93efe3e,train,data/processed/train/normal/d1ee782b8abf26ec_00256.jpg
kaggle_oily_dry_normal/Oily-Dry-Skin-Types/train/normal/normal_ad427aa9cdbb4b59ae6d_jpg.rf.0d684a353897caa9a815aa846b03a9e4.jpg,kaggle_oily_dry_normal,normal,normal,2f51c93fb31a848b121f07dd1b4e788741720bde6b8ef01611b7f11e0072007d,train,data/processed/train/normal/2f51c93fb31a848b_00257.jpg
kaggle_oily_dry_normal/Oily-Dry-Skin-Types/train/normal/normal_b1691d5846169c99e10b_jpg.rf.8e51a168b8c97b546f3991cc95d05b6f.jpg,kaggle_oily_dry_normal,normal,normal,dffd9f2a16ab06a0251bb84779a9568dd106b52c8765ca609b23dcc2fd844d7b,train,data/processed/train/normal/dffd9f2a16ab06a0_00258.jpg
kaggle_oily_dry_normal/Oily-Dry-Skin-Types/train/normal/normal_7c7f872e38b71e818f79_jpg.rf.96991ad58abe29be7450498145e8a09a.jpg,kaggle_oily_dry_normal,normal,normal,6ed358a4c4579c300fd68fdbcb55b98069868c19addbd0f337fc68eadaf8ab16,train,data/processed/train/normal/6ed358a4c4579c30_00259.jpg
kaggle_oily_dry_normal/Oily-Dry-Skin-Types/train/normal/normal_892c83b2d20dba8ae334_jpg.rf.a489d6dbe45a5869961889b63a9f18bc.jpg,kaggle_oily_dry_normal,normal,normal,895cd59f704f4ec171222003e62f48400413aee8fa0996084baa40c57fdfa8d1,train,data/processed/train/normal/895cd59f704f4ec1_00260.jpg
kaggle_oily_dry_normal/Oily-Dry-Skin-Types/train/normal/normal_37a7fa4900efa017a891_jpg.rf.e3890c4f28f8d86cdc180013d32a3036.jpg,kaggle_oily_dry_normal,normal,normal,1b974a0fc1de2ec7d3082ad4bfb907e57968599e038b8aa76a51a70b0592ab29,train,data/processed/train/normal/1b974a0fc1de2ec7_00261.jpg
kaggle_oily_dry_normal/Oily-Dry-Skin-Types/train/normal/normal_0dab17ca4c73276232ee_jpg.rf.c47b1c23e875c49b286357341efd671e.jpg,kaggle_oily_dry_normal,normal,normal,59c54f9b4e35238b3630e3180cd64d21944d2ebf4ed6da525c1819915ca410d6,train,data/processed/train/normal/59c54f9b4e35238b_00262.jpg
kaggle_oily_dry_normal/Oily-Dry-Skin-Types/train/normal/normal_fbc021487ef65d1d5c59_jpg.rf.07666929f73c2372d05f40b75b92596b.jpg,kaggle_oily_dry_normal,normal,normal,f0fefae0e9835c6d676b3af97c8c12bddd870c073d574d5fd9e21b8df50d9746,train,data/processed/train/normal/f0fefae0e9835c6d_00263.jpg
kaggle_oily_dry_normal/Oily-Dry-Skin-Types/train/normal/normal_b8bc35e9d4e697af02d2_jpg.rf.a5255c446c3f3ec1e776067d3d692876.jpg,kaggle_oily_dry_normal,normal,normal,d9eee79d6cf253175884a97c0e1b71218c05345355c789ccf82aaf95081ee02c,train,data/processed/train/normal/d9eee79d6cf25317_00264.jpg
kaggle_oily_dry_normal/Oily-Dry-Skin-Types/train/normal/normal_833c06801db2c8cf4cdd_jpg.rf.3a4f147a81e3e7ac58fd7d76fc907201.jpg,kaggle_oily_dry_normal,normal,normal,e9bd767be30683f8fcad0c46149f0cd628c7fb7c4ceb1b2231f36e610176384e,train,data/processed/train/normal/e9bd767be30683f8_00265.jpg
kaggle_oily_dry_normal/Oily-Dry-Skin-Types/train/normal/normal_18163c7cef788a9e3082_jpg.rf.1295669b619db0d9631279aca8eb337a.jpg,kaggle_oily_dry_normal,normal,normal,080caebe3988e22082f3eafe97d98c9003df838d93dba6a8c63ff62d176dc9b0,train,data/processed/train/normal/080caebe3988e220_00266.jpg
kaggle_oily_dry_normal/Oily-Dry-Skin-Types/train/normal/normal_49ce286775959f8f4637_jpg.rf.fc0c88f8000c1151fa55da1910cae192.jpg,kaggle_oily_dry_normal,normal,normal,e681ad7c9ae04120b8170cdbb76f567a433d75d4e24220bcf5037f7a9e25147f,train,data/processed/train/normal/e681ad7c9ae04120_00267.jpg
kaggle_oily_dry_normal/Oily-Dry-Skin-Types/test/normal/normal_456debdcb3d42807b707_jpg.rf.19eea78960e59eb09c9691e1f23cc8d1.jpg,kaggle_oily_dry_normal,normal,normal,3a94797d1d870bf10cdf2a72c02788cbb4152969a441f60d718c52815112c005,train,data/processed/train/normal/3a94797d1d870bf1_00268.jpg
kaggle_oily_dry_normal/Oily-Dry-Skin-Types/train/normal/normal_b8bc35e9d4e697af02d2_jpg.rf.86ca9d001447820b6eb0e7c963ab85b8.jpg,kaggle_oily_dry_normal,normal,normal,269dc2ea792f72d9106dc3838dbebd8962e309297b7a95ad2a7add4e389d26e9,train,data/processed/train/normal/269dc2ea792f72d9_00269.jpg
kaggle_oily_dry_normal/Oily-Dry-Skin-Types/train/normal/normal_a48c8e2825afb3dbad0d_jpg.rf.b01fbad14b0e840b9e9773c5295c32b8.jpg,kaggle_oily_dry_normal,normal,normal,df8ed2634baa6359767836f3faad35375f8734d467fb3999805b41439b6cbd18,train,data/processed/train/normal/df8ed2634baa6359_00270.jpg
kaggle_oily_dry_normal/Oily-Dry-Skin-Types/train/normal/normal_d68e84abbd43cce00a01_jpg.rf.65e42fda51bcca198cac27f0d201fb6d.jpg,kaggle_oily_dry_normal,normal,normal,84fdf6b607532982739910baa3ed3f0676db188705cdc36553cb35253eaff5ee,train,data/processed/train/normal/84fdf6b607532982_00271.jpg
kaggle_oily_dry_normal/Oily-Dry-Skin-Types/train/normal/normal_bcdf8633e71ef6c498ae_jpg.rf.0927926e982a7c9ebf343d29d1c3bf11.jpg,kaggle_oily_dry_normal,normal,normal,b7a6209bd3053ccb884c6ffbd31672c7b233aa99792f25cfa9789b20e61283b5,train,data/processed/train/normal/b7a6209bd3053ccb_00272.jpg
kaggle_oily_dry_normal/Oily-Dry-Skin-Types/train/normal/normal_a626496076bdbaf2cdc4_jpg.rf.54d9122c9ce3f48531295bef328c38e4.jpg,kaggle_oily_dry_normal,normal,normal,28d08e72a26a7442b2eb8ae5ca2e14edc3c4331e194cef3f2b6f198a7d7b2574,train,data/processed/train/normal/28d08e72a26a7442_00273.jpg
kaggle_oily_dry_normal/Oily-Dry-Skin-Types/train/normal/normal_803acda430e167112bee_jpg.rf.d34072f56da7ef19e7364ff8f330d7f4.jpg,kaggle_oily_dry_normal,normal,normal,631160ac32cf2eb3e69b8c97c24920dc8de6d3374ca7b430714e32587c1907e5,train,data/processed/train/normal/631160ac32cf2eb3_00274.jpg
kaggle_oily_dry_normal/Oily-Dry-Skin-Types/train/normal/normal_886c46d298ce441af09e_jpg.rf.1733797cfaaffec9702e86eb52baf223.jpg,kaggle_oily_dry_normal,normal,normal,54452b432189e6fb764e76144eebd9463de8c49bdaca23f79c00fb6d0680c695,train,data/processed/train/normal/54452b432189e6fb_00275.jpg
kaggle_oily_dry_normal/Oily-Dry-Skin-Types/valid/normal/normal_a6dff754a88c5cb6583d_jpg.rf.2e56245d5ec16fdd410f6af402a020f2.jpg,kaggle_oily_dry_normal,normal,normal,033507d0e3b614cee44fbea3b69570df360bb734c74ae8f892c3c3c4de557f59,train,data/processed/train/normal/033507d0e3b614ce_00276.jpg
kaggle_oily_dry_normal/Oily-Dry-Skin-Types/train/normal/normal_c00989315b44463ff6f2_jpg.rf.5948d70cb14cada8d01ba5c1adb2f8d7.jpg,kaggle_oily_dry_normal,normal,normal,67f7521448bc2bbc01567166262dc34fd9360caa40dc10b0e3c0208ccf960053,train,data/processed/train/normal/67f7521448bc2bbc_00277.jpg
kaggle_oily_dry_normal/Oily-Dry-Skin-Types/train/normal/normal_059b3e437854f2087e1c_jpg.rf.36595fd55bdc3673f62f6d27ee432717.jpg,kaggle_oily_dry_normal,normal,normal,4b3b20ff3140b1be9f23ac2c3522f3e6aff03ac73ce517d3bb1007712e416d93,train,data/processed/train/normal/4b3b20ff3140b1be_00278.jpg
kaggle_oily_dry_normal/Oily-Dry-Skin-Types/train/normal/normal_ad0fee60879766667642_jpg.rf.360311de508e4e3b0434cbef3f55b195.jpg,kaggle_oily_dry_normal,normal,normal,de0cd2bd85e3d131fdffd87e8d1a6cfb1f22ce0b6583520832f43ba150ce0d8a,train,data/processed/train/normal/de0cd2bd85e3d131_00279.jpg
kaggle_oily_dry_normal/Oily-Dry-Skin-Types/train/normal/normal_b3672c4822cc2da5bbdb_jpg.rf.c7978ba2942ca4bb04f8f1cf2245b7ae.jpg,kaggle_oily_dry_normal,normal,normal,46a0503f924951b7eb078729a5d8943f2336c8952ec7878ad28376b0be8a04d8,train,data/processed/train/normal/46a0503f924951b7_00280.jpg
kaggle_oily_dry_normal/Oily-Dry-Skin-Types/train/normal/normal_629fdf1eb2060e6dc180_jpg.rf.230c3bd2c97d64e33ce16e34eb92c160.jpg,kaggle_oily_dry_normal,normal,normal,5f1671b2c366fc85cc8ce07e1a200c213667c4578bb56b8fb8576ba59ae8af5a,train,data/processed/train/normal/5f1671b2c366fc85_00281.jpg
kaggle_oily_dry_normal/Oily-Dry-Skin-Types/train/normal/normal_d3337955ecc82f0f98bc_jpg.rf.e8b6ec29322d9c335305cd2e93ed118e.jpg,kaggle_oily_dry_normal,normal,normal,4d1e1772e0c23a50d3c35f13a0ca719a90348dab3f7af7b821306d89c3987a25,train,data/processed/train/normal/4d1e1772e0c23a50_00282.jpg
kaggle_oily_dry_normal/Oily-Dry-Skin-Types/test/normal/normal_e3384129e218ac938373_jpg.rf.07b759ec994e91b0923cedd8c269259e.jpg,kaggle_oily_dry_normal,normal,normal,7d2e3c6eb13a7818f25897076b1398028cbadf5abcd43a37e5a02fb74bdc3163,train,data/processed/train/normal/7d2e3c6eb13a7818_00283.jpg
kaggle_oily_dry_normal/Oily-Dry-Skin-Types/test/normal/normal_800b1d9bedd36765807a_jpg.rf.9b5468927dbd3f46d17b8e2383d3c600.jpg,kaggle_oily_dry_normal,normal,normal,2497cccb073d45214186696d76bbb2daece0a954ba86a43aa94e445e7c2fc6f8,train,data/processed/train/normal/2497cccb073d4521_00284.jpg
kaggle_oily_dry_normal/Oily-Dry-Skin-Types/train/normal/normal_4dd9029879ca290f3652_jpg.rf.3fa62c6c16caf374af8060f02dffb7e3.jpg,kaggle_oily_dry_normal,normal,normal,7e5e67dc587c58b2de6d74de50b5195852c4a524612e428a1e365d04ebd1a0f7,train,data/processed/train/normal/7e5e67dc587c58b2_00285.jpg
kaggle_oily_dry_normal/Oily-Dry-Skin-Types/train/normal/normal_622d0e878e2bfe41ee88_jpg.rf.2758bf02dd833d6d0600f393dae72979.jpg,kaggle_oily_dry_normal,normal,normal,1728788a63e937789557fa89c2c7a9e3a055ae0c30d1f9f56aed2dc5460905aa,train,data/processed/train/normal/1728788a63e93778_00286.jpg
kaggle_oily_dry_normal/Oily-Dry-Skin-Types/train/normal/normal_a90f7c8f8a766c90773a_jpg.rf.dc88a2b5eeb60363027739bed9ba81f3.jpg,kaggle_oily_dry_normal,normal,normal,39eb37a896658a6663f974a5473b134852a44db7cf9f6558f3414aa362eabd6d,train,data/processed/train/normal/39eb37a896658a66_00287.jpg
kaggle_oily_dry_normal/Oily-Dry-Skin-Types/train/normal/normal_2e307d6b20b67c08c7e9_jpg.rf.de7eb8bbb1cc6fad53a9b93e25b221bf.jpg,kaggle_oily_dry_normal,normal,normal,93b2b0545d578ffdee828b6399e93736fa4898f9d1acb93b7f08a48d952b7c15,train,data/processed/train/normal/93b2b0545d578ffd_00288.jpg
kaggle_oily_dry_normal/Oily-Dry-Skin-Types/valid/normal/normal_189b3374d9586df42984_jpg.rf.ca1bdd699e15fd5b1871e9003da6b5dd.jpg,kaggle_oily_dry_normal,normal,normal,5a0cc51efc48e0082243b03d1de9496b1970db951ff57d9e8b51caff723d7f5b,train,data/processed/train/normal/5a0cc51efc48e008_00289.jpg
kaggle_oily_dry_normal/Oily-Dry-Skin-Types/valid/normal/normal_932681028b727934dcb8_jpg.rf.5b55749ee81f60097ec625f849813890.jpg,kaggle_oily_dry_normal,normal,normal,fbeb5d26416b7d27122225e4744cd912d39e4e100917c6a1f4df169fd27c0cae,train,data/processed/train/normal/fbeb5d26416b7d27_00290.jpg
kaggle_oily_dry_normal/Oily-Dry-Skin-Types/train/normal/normal_e55a35636ddf20e271c7_jpg.rf.df1f7712a0ae731447dd4f4081a1187c.jpg,kaggle_oily_dry_normal,normal,normal,64b48f93484cbe8b6c5914e08a640228f6985eb5e4549ce2f08879d97b5858d3,train,data/processed/train/normal/64b48f93484cbe8b_00291.jpg
kaggle_oily_dry_normal/Oily-Dry-Skin-Types/train/normal/normal_0d2f873460fb55f43725_jpg.rf.3319eff02da3714b71ac295ae8a888fa.jpg,kaggle_oily_dry_normal,normal,normal,67706e97b82b2135af3997482b4189f3f550b4c202f9d4c2f4ee173d0081b681,train,data/processed/train/normal/67706e97b82b2135_00292.jpg
kaggle_oily_dry_normal/Oily-Dry-Skin-Types/train/normal/normal_28020fc04b58d40fc25d_jpg.rf.4fa1cde42c545aa75f725d02449117f5.jpg,kaggle_oily_dry_normal,normal,normal,7722de4b5916432741d1ca5c733ff2ac95f2c39ffc3f8bfefbd8036008dc43ce,train,data/processed/train/normal/7722de4b59164327_00293.jpg
kaggle_oily_dry_normal/Oily-Dry-Skin-Types/train/normal/normal_9928d7c6d35783e5e302_jpg.rf.0d04b2c923ec7465348ccfc5132909a9.jpg,kaggle_oily_dry_normal,normal,normal,5b4027fec31a79989a6bfdd6299631e31f281c3230190428605f1cdad9ce89ce,train,data/processed/train/normal/5b4027fec31a7998_00294.jpg
kaggle_oily_dry_normal/Oily-Dry-Skin-Types/train/normal/normal_d0bbb9e8f0eb39f1e553_jpg.rf.1595e741b64f720d738a45596b9f2da2.jpg,kaggle_oily_dry_normal,normal,normal,b2455def3983957b7540c206b6c5812a9bb5592b49d1f6c433284f2c7ad4d15b,train,data/processed/train/normal/b2455def3983957b_00295.jpg
kaggle_oily_dry_normal/Oily-Dry-Skin-Types/train/normal/normal_9fbc4734bf5228cab775_jpg.rf.d75d45033a79759abbc5c93ad42a7239.jpg,kaggle_oily_dry_normal,normal,normal,5066c0498babea50cc47745e87a0ca25f30018b986dab82ef7d3b15698f88fba,train,data/processed/train/normal/5066c0498babea50_00296.jpg
kaggle_oily_dry_normal/Oily-Dry-Skin-Types/train/normal/normal_78931a468807a5e77d78_jpg.rf.b1aab7bf6b928027351fc835597266de.jpg,kaggle_oily_dry_normal,normal,normal,c5af844f41bb9922cd50b559c3385449a6ffb1bbc8d193c6b75290d2ed7961e4,train,data/processed/train/normal/c5af844f41bb9922_00297.jpg
kaggle_oily_dry_normal/Oily-Dry-Skin-Types/train/normal/normal_1bdde913d38d09d13345_jpg.rf.9fc3c55f97d9a71e700b3e4bfbb0819c.jpg,kaggle_oily_dry_normal,normal,normal,fb1abedce807a47cdc1f55d4e213ca4e1172670df9ebcca51040caae2bb817e3,train,data/processed/train/normal/fb1abedce807a47c_00298.jpg
kaggle_oily_dry_normal/Oily-Dry-Skin-Types/train/normal/normal_84ded48d7b3ac1310401_jpg.rf.6cc1b3f7424c28fb0ef01e7da627c2e4.jpg,kaggle_oily_dry_normal,normal,normal,de48cad8fafd1652481e630729326ac6033049d76ddc404afdd1cafaaa02abf7,train,data/processed/train/normal/de48cad8fafd1652_00299.jpg
kaggle_oily_dry_normal/Oily-Dry-Skin-Types/train/normal/normal_0544c5cb1559ae1fca6b_jpg.rf.3472aa52ce831855983f7039449f9f42.jpg,kaggle_oily_dry_normal,normal,normal,22fbadef98dd790919724385f98edb90a23a425a9632b516790a1174d0fb38bc,train,data/processed/train/normal/22fbadef98dd7909_00300.jpg
kaggle_oily_dry_normal/Oily-Dry-Skin-Types/train/normal/normal_a9709635b46d57d2fe10_jpg.rf.09f5ae2a8b4aa05645865618e7909cd0.jpg,kaggle_oily_dry_normal,normal,normal,0648cb76586ccade1667aeebe8a3af6e03f6995ad173da7aca34400f110d25d6,train,data/processed/train/normal/0648cb76586ccade_00301.jpg
kaggle_oily_dry_normal/Oily-Dry-Skin-Types/train/normal/normal_5f39dd663660da58c666_jpg.rf.f9fb19a4ab668dc62bb3e67521f3587e.jpg,kaggle_oily_dry_normal,normal,normal,d796503eda797ab35a86ea98d9ba39d5fcff419f893adb2aa434c60bf7ed4d5b,train,data/processed/train/normal/d796503eda797ab3_00302.jpg
kaggle_oily_dry_normal/Oily-Dry-Skin-Types/train/normal/normal_3a9aef121f54bea1361b_jpg.rf.3b36591914f3cd459ab683ddf2d470a2.jpg,kaggle_oily_dry_normal,normal,normal,ea8083411fcec38f90a1c781c56e3f2facad10e1c2e4f4805b07997ca64703e4,train,data/processed/train/normal/ea8083411fcec38f_00303.jpg
kaggle_oily_dry_normal/Oily-Dry-Skin-Types/test/normal/normal_a79f106b56c8874d37da_jpg.rf.56fe58ec5ac836386d1472f84ccc967b.jpg,kaggle_oily_dry_normal,normal,normal,c0f754e5c411c44130ed166e7e0afecc1438be2640cfdf382134133705aab936,train,data/processed/train/normal/c0f754e5c411c441_00304.jpg
kaggle_oily_dry_normal/Oily-Dry-Skin-Types/train/normal/normal_e3411826fec90e7ea2a1_jpg.rf.0fb6c32f4d7357ece42d0d760e823570.jpg,kaggle_oily_dry_normal,normal,normal,066e534a6432b2028cc5a86fd7c7c511b89bf46448d5b25afe2eb183ddee3f7c,train,data/processed/train/normal/066e534a6432b202_00305.jpg
kaggle_oily_dry_normal/Oily-Dry-Skin-Types/train/normal/normal_2672a278d6024a493f58_jpg.rf.a9600da1f697e742398b9b620a2a5244.jpg,kaggle_oily_dry_normal,normal,normal,b17d690d5b94b05ed815580f8eb161a2a580ab629dd6a5d6bfe4ffebf466390d,train,data/processed/train/normal/b17d690d5b94b05e_00306.jpg
kaggle_oily_dry_normal/Oily-Dry-Skin-Types/test/normal/normal_8d21ff6154d429ef506d_jpg.rf.55dcc73a53cb3cda43524667e492fd96.jpg,kaggle_oily_dry_normal,normal,normal,b1fae92f0a84f83d4af262faff8b9d1f320eb5fbe45ecf1d8fb729452503a4f2,train,data/processed/train/normal/b1fae92f0a84f83d_00307.jpg
kaggle_oily_dry_normal/Oily-Dry-Skin-Types/train/normal/normal_d16abd9ee6945f576707_jpg.rf.3de80ecf05dfc7f16b40fa995030c684.jpg,kaggle_oily_dry_normal,normal,normal,7dd3d8f13478f793e07c5b0f96d7d787a1312f60e3dd7a42958371e94792b9b8,train,data/processed/train/normal/7dd3d8f13478f793_00308.jpg
kaggle_oily_dry_normal/Oily-Dry-Skin-Types/train/normal/normal_73557e2b434e42de169b_jpg.rf.2e6c3ecbbc29e723d526a73fa0fc9980.jpg,kaggle_oily_dry_normal,normal,normal,bbe419b8e8ca6e31c33f0ac5f90528098b90c1fa87c7fa98f396e925770c0cb9,train,data/processed/train/normal/bbe419b8e8ca6e31_00309.jpg
kaggle_oily_dry_normal/Oily-Dry-Skin-Types/train/normal/normal_111ff2aa2b206a5de850_jpg.rf.a83ac355bb0a83f21382d1bd71107dcb.jpg,kaggle_oily_dry_normal,normal,normal,26c7609e7b8ab0a721ea08bc0eda4ac807b1f76c1c84203e14a94c19db62d239,train,data/processed/train/normal/26c7609e7b8ab0a7_00310.jpg
kaggle_oily_dry_normal/Oily-Dry-Skin-Types/test/normal/normal_7d00a675b9fabb9780d8_jpg.rf.3ba7f8e5db8941144c0690dc2ce4b1e5.jpg,kaggle_oily_dry_normal,normal,normal,5bb1ea20643fef137c9f8541e104e9a82d007dbab95f1555d92223b8e009f2ed,train,data/processed/train/normal/5bb1ea20643fef13_00311.jpg
kaggle_oily_dry_normal/Oily-Dry-Skin-Types/train/normal/normal_886c46d298ce441af09e_jpg.rf.b42b19718685848da3b4bd45c938e958.jpg,kaggle_oily_dry_normal,normal,normal,2f858e25c04d5e692696731f5642ef95cc63000c6ab3d0251e6d2178beada789,train,data/processed/train/normal/2f858e25c04d5e69_00312.jpg
kaggle_oily_dry_normal/Oily-Dry-Skin-Types/train/normal/normal_55c9d11b3d38c037f970_jpg.rf.ea51e6e1b6909dbd186ec96bff9499c4.jpg,kaggle_oily_dry_normal,normal,normal,73a7a309f238cce034646f65299983c0e2980a147c001f8caad971d9a0294aaf,train,data/processed/train/normal/73a7a309f238cce0_00313.jpg
kaggle_oily_dry_normal/Oily-Dry-Skin-Types/train/normal/normal_7c2ed22c13c542f5966c_jpg.rf.cc50d773fa33b7650252377fb6f2841f.jpg,kaggle_oily_dry_normal,normal,normal,30b344d5e1d5ae483e874a408607a1b4df62406110e8347a93448b3d86a0af01,train,data/processed/train/normal/30b344d5e1d5ae48_00314.jpg
kaggle_oily_dry_normal/Oily-Dry-Skin-Types/train/normal/normal_325eb63b86afe146c314_jpg.rf.7e79e5c7d19cbad4580f002dc1941291.jpg,kaggle_oily_dry_normal,normal,normal,53facfc5f1d4aa8c61a7e56d3542c8f7ba6328c60312f380629154a867113145,train,data/processed/train/normal/53facfc5f1d4aa8c_00315.jpg
kaggle_oily_dry_normal/Oily-Dry-Skin-Types/train/normal/normal_84f920d410c87af4f56b_jpg.rf.61ca6850a55c65063c1e45218e7f47ac.jpg,kaggle_oily_dry_normal,normal,normal,1fb9ea48afdd0a9e80ebeffc88381d0a262121f3cb79c96c8abf8aafaa7f93be,train,data/processed/train/normal/1fb9ea48afdd0a9e_00316.jpg
kaggle_oily_dry_normal/Oily-Dry-Skin-Types/train/normal/normal_f6a0e6f28b2f71426c22_jpg.rf.086d6c8d8a27386a2774800a48180761.jpg,kaggle_oily_dry_normal,normal,normal,87ac7b12d8c92098c05f259090092d190ac27117daf2150ae149bffc9e0a63a8,train,data/processed/train/normal/87ac7b12d8c92098_00317.jpg
kaggle_oily_dry_normal/Oily-Dry-Skin-Types/valid/normal/normal_223b59223f3351fb1017_jpg.rf.0aa0ae3e9acef0bad8a8c4e98fe640e8.jpg,kaggle_oily_dry_normal,normal,normal,0b859cb12a57efc3af32261b033a4e5bdf512e39f05bd9b180e14eabc9ac5d47,train,data/processed/train/normal/0b859cb12a57efc3_00318.jpg
kaggle_oily_dry_normal/Oily-Dry-Skin-Types/valid/normal/normal_e3c15a74f3a32e350210_jpg.rf.9af56194301ba39d92caa22be8231fec.jpg,kaggle_oily_dry_normal,normal,normal,038cf69960a067208a0f2d8f00ab107e8ee5d89b00fcb930ed5f981fbd4def88,train,data/processed/train/normal/038cf69960a06720_00319.jpg
kaggle_oily_dry_normal/Oily-Dry-Skin-Types/train/normal/normal_d2ea2eccc43abb6d1083_jpg.rf.85c712cb19196fbfc97a3daa14fc1727.jpg,kaggle_oily_dry_normal,normal,normal,b8245b4b48c8d32f35ab8f0fed664fb19c5c93941d0518243b3671bd29b73e75,train,data/processed/train/normal/b8245b4b48c8d32f_00320.jpg
kaggle_oily_dry_normal/Oily-Dry-Skin-Types/train/normal/normal_521515e1dbd92c093273_jpg.rf.06a7548021bd8a3cf6c7b389b9973ac3.jpg,kaggle_oily_dry_normal,normal,normal,6cdd1d3617028f0105520d89e60a99ca8e67fc3a9b4bf7bb6f9eae04fc44b834,train,data/processed/train/normal/6cdd1d3617028f01_00321.jpg
kaggle_oily_dry_normal/Oily-Dry-Skin-Types/train/normal/normal_4050e822a41ff5f55a73_jpg.rf.e7ea1ac0ae6c3611c06287da9f61651d.jpg,kaggle_oily_dry_normal,normal,normal,2a2a52d5ee2ca75c818ec659d6eeea2fff8f80f537ccc234efa613b208cf35bd,train,data/processed/train/normal/2a2a52d5ee2ca75c_00322.jpg
kaggle_oily_dry_normal/Oily-Dry-Skin-Types/train/normal/normal_18163c7cef788a9e3082_jpg.rf.c8545157a8c03f2f879934d565bf02ec.jpg,kaggle_oily_dry_normal,normal,normal,e94b9f78fd703552b601405ae17ea370349aca699a910562505010919875c432,train,data/processed/train/normal/e94b9f78fd703552_00323.jpg
kaggle_oily_dry_normal/Oily-Dry-Skin-Types/train/normal/normal_4c75d7df40bb81fc8b0e_jpg.rf.5bed8aed911866679090fe57d844e852.jpg,kaggle_oily_dry_normal,normal,normal,1be32409ddba806982917b2ea756f15754c87ef3eb4e955aaacb875556a6fe40,train,data/processed/train/normal/1be32409ddba8069_00324.jpg
kaggle_oily_dry_normal/Oily-Dry-Skin-Types/train/normal/normal_fe6bd0ca065541419322_jpg.rf.7280bd44d28ff577bdcb65581721fa1f.jpg,kaggle_oily_dry_normal,normal,normal,3e240eb776700609439633e039e47feca409b133028f04ab277fc032e8936525,train,data/processed/train/normal/3e240eb776700609_00325.jpg
kaggle_oily_dry_normal/Oily-Dry-Skin-Types/train/normal/normal_f865edb502ee1fa0f670_jpg.rf.d2922090e5fe13dcf4388dc1d630d74c.jpg,kaggle_oily_dry_normal,normal,normal,c14fb87b4f3d795c87b9863a8240382ff4a06b91221567045fc0a3977eddcaff,train,data/processed/train/normal/c14fb87b4f3d795c_00326.jpg
kaggle_oily_dry_normal/Oily-Dry-Skin-Types/train/normal/normal_1575da23076aa4afc6a7_jpg.rf.341f97ded0d179ce873d46208eeb6bff.jpg,kaggle_oily_dry_normal,normal,normal,734250169d266a038692b432f1f26926b88ab2ebc582484a1d009651be355dec,train,data/processed/train/normal/734250169d266a03_00327.jpg
kaggle_oily_dry_normal/Oily-Dry-Skin-Types/train/normal/normal_732ce4b4e1aa283b8fe1_jpg.rf.5db50815e2351c471502b2055d938cc8.jpg,kaggle_oily_dry_normal,normal,normal,0e12da4ee9c38e9a5a811659d183dea67699df6f003c21e25058a21079b9baa9,train,data/processed/train/normal/0e12da4ee9c38e9a_00328.jpg
kaggle_oily_dry_normal/Oily-Dry-Skin-Types/train/normal/normal_9fbc4734bf5228cab775_jpg.rf.b1bc0c11685620903adf8db7a05fee06.jpg,kaggle_oily_dry_normal,normal,normal,b8fa6582fbe88060b99f6dec44a728a24d8c5c29848be8c475686e944034a8f0,train,data/processed/train/normal/b8fa6582fbe88060_00329.jpg
kaggle_oily_dry_normal/Oily-Dry-Skin-Types/test/normal/normal_26c545215e4cd92863ae_jpg.rf.58c94f409e89c1c611a960ca51eed128.jpg,kaggle_oily_dry_normal,normal,normal,f9ac206161c41b48fdc9f5432c561c348a8ad3dcb6de70852701716eb26c28df,train,data/processed/train/normal/f9ac206161c41b48_00330.jpg
kaggle_oily_dry_normal/Oily-Dry-Skin-Types/train/normal/normal_84f920d410c87af4f56b_jpg.rf.813baf33d54a9fa232c6ac5d2441f7ea.jpg,kaggle_oily_dry_normal,normal,normal,b9deae52afb916ba0762550cc50ab692f237de10cd0244174985149f9bc21ff6,train,data/processed/train/normal/b9deae52afb916ba_00331.jpg
kaggle_oily_dry_normal/Oily-Dry-Skin-Types/train/normal/normal_071273f2d45a05e0da0e_jpg.rf.aa23aa330b8ae95d3ad1969d2e17d237.jpg,kaggle_oily_dry_normal,normal,normal,c067402694c48a390485dd78a883719c06452f2fb9f2554638f417ee16bda1bd,train,data/processed/train/normal/c067402694c48a39_00332.jpg
kaggle_oily_dry_normal/Oily-Dry-Skin-Types/train/normal/normal_23d1534195cf6539f851_jpg.rf.e3ff5f52e703fce4b64152f6be57ae03.jpg,kaggle_oily_dry_normal,normal,normal,f0cee13816de34fb43b3bd02ccd806cc76d261726c047a8d169cb34bd27311b0,train,data/processed/train/normal/f0cee13816de34fb_00333.jpg
kaggle_oily_dry_normal/Oily-Dry-Skin-Types/train/normal/normal_0d2f873460fb55f43725_jpg.rf.4b50871d4273d5f055499af2d0d4625f.jpg,kaggle_oily_dry_normal,normal,normal,36f5a5d6fcb8a564de9f7d377e6639f9f5e91e5da248cffbfff48785f745e8da,train,data/processed/train/normal/36f5a5d6fcb8a564_00334.jpg
kaggle_oily_dry_normal/Oily-Dry-Skin-Types/train/normal/normal_a35951605968efd4d71f_jpg.rf.051e570ba09daf9973a5e687bc47e1c5.jpg,kaggle_oily_dry_normal,normal,normal,8c8a1504f19ea1bbef1b1fc94774688aa1c865c3d2f9aeb6fa8d2feecf320aee,train,data/processed/train/normal/8c8a1504f19ea1bb_00335.jpg
kaggle_oily_dry_normal/Oily-Dry-Skin-Types/train/normal/normal_f0c1c49e2bcf308b3899_jpg.rf.fe779095de77e6541948421539672349.jpg,kaggle_oily_dry_normal,normal,normal,7e46342fc43db808c7fc213133c5d885ca5a599d97e4284cefeb5e64f4d934a9,train,data/processed/train/normal/7e46342fc43db808_00336.jpg
kaggle_oily_dry_normal/Oily-Dry-Skin-Types/train/normal/normal_79efe949d5d4b1ca655a_jpg.rf.2d444f96242d6755f1815a883866d7f6.jpg,kaggle_oily_dry_normal,normal,normal,54158162694e1db735e56e7d7c2f0aa4b0b72546bf075ab3367bae51ee78b5f0,train,data/processed/train/normal/54158162694e1db7_00337.jpg
kaggle_oily_dry_normal/Oily-Dry-Skin-Types/train/normal/normal_16a54b0cdc792efddda0_jpg.rf.15e7063eef45e3cd0ed93d68a6ac4f65.jpg,kaggle_oily_dry_normal,normal,normal,b0c39e325b2da7aeb30ef2a5506bb6c5e38d1a8ce97842db59a98054f2c0f895,train,data/processed/train/normal/b0c39e325b2da7ae_00338.jpg
kaggle_oily_dry_normal/Oily-Dry-Skin-Types/train/normal/normal_8357e8c0029e34aac5b5_jpg.rf.e5c137a9807b63210cc1235da07f9cec.jpg,kaggle_oily_dry_normal,normal,normal,80bfde6031f42a645550929da31605d8cd516c444d9220cb2bef9bf35114ddd8,train,data/processed/train/normal/80bfde6031f42a64_00339.jpg
kaggle_oily_dry_normal/Oily-Dry-Skin-Types/train/normal/normal_ab4546ce27ae50fc485b_jpg.rf.75b894f734dd221b9948902860fb35d4.jpg,kaggle_oily_dry_normal,normal,normal,43143fa2eb8486f81623a4c23e81a1f61f00a88f93260572e7964fd7c8f6ab2e,train,data/processed/train/normal/43143fa2eb8486f8_00340.jpg
kaggle_oily_dry_normal/Oily-Dry-Skin-Types/train/normal/normal_3ad884c8f098a8aa9347_jpg.rf.97d2e0a13b3af361d0b7325a5930b706.jpg,kaggle_oily_dry_normal,normal,normal,c69863c930e96fa22fabc48654bfc970aa51ca16283b32b755af92c6bccafee7,train,data/processed/train/normal/c69863c930e96fa2_00341.jpg
kaggle_oily_dry_normal/Oily-Dry-Skin-Types/train/normal/normal_f1569312cf82b989077d_jpg.rf.cdb96c1d7d14eae653ef23dfce000d54.jpg,kaggle_oily_dry_normal,normal,normal,6b001794c2267f391bdeeebc623a0ceffdc9cfd8679d4efd2c0c142b6dc79591,train,data/processed/train/normal/6b001794c2267f39_00342.jpg
kaggle_oily_dry_normal/Oily-Dry-Skin-Types/train/normal/normal_7ad95964150236ee3078_jpg.rf.117b72504ccbbe7fc4d69a160970d5b3.jpg,kaggle_oily_dry_normal,normal,normal,8808a57ea587821b7ae5f212208222e1c8b62e062abdcbcf96782589589fb178,train,data/processed/train/normal/8808a57ea587821b_00343.jpg
kaggle_oily_dry_normal/Oily-Dry-Skin-Types/train/normal/normal_dca9fb953d5f71d3852b_jpg.rf.15639d774981c47397f5d08fc7a72e2e.jpg,kaggle_oily_dry_normal,normal,normal,69bfeca7c2a7d0b7380998509bda0bc0f8a0ce9deba2d090ab7471848068dbce,train,data/processed/train/normal/69bfeca7c2a7d0b7_00344.jpg
kaggle_oily_dry_normal/Oily-Dry-Skin-Types/train/normal/normal_677c1d471ad8418b04b2_jpg.rf.89322b33fd98d3d2a3e2497025295727.jpg,kaggle_oily_dry_normal,normal,normal,3599592df1c4784eae2747b2482493ab3ad0fa7a62fd17939991175c9656a4e1,train,data/processed/train/normal/3599592df1c4784e_00345.jpg
kaggle_oily_dry_normal/Oily-Dry-Skin-Types/train/normal/normal_abd8823912cdea1703b3_jpg.rf.e46e537899ff98f7588b2426490e1a74.jpg,kaggle_oily_dry_normal,normal,normal,5affb1b4b6bf4c10b1f28cb101b2589e7cb3a74a4baa774fe3bf330f4db03fe5,train,data/processed/train/normal/5affb1b4b6bf4c10_00346.jpg
kaggle_oily_dry_normal/Oily-Dry-Skin-Types/train/normal/normal_36a4bfd6cec42fa48752_jpg.rf.4a6e6a1ee04d6a7962f30ab2b5a3794b.jpg,kaggle_oily_dry_normal,normal,normal,62a98491f8df3ae58304d3fee007845b18c0d1ce99fded29713f62ed0429e3e9,train,data/processed/train/normal/62a98491f8df3ae5_00347.jpg
kaggle_oily_dry_normal/Oily-Dry-Skin-Types/train/normal/normal_ad427aa9cdbb4b59ae6d_jpg.rf.6690b836573abe7fdaf912b7a8cf8a93.jpg,kaggle_oily_dry_normal,normal,normal,090ba80fb69f3ceb2fbcf6cfdfd9941aece3f379cbbdd5c2a4d969127839d7ae,train,data/processed/train/normal/090ba80fb69f3ceb_00348.jpg
kaggle_oily_dry_normal/Oily-Dry-Skin-Types/train/normal/normal_b2656203814001831afb_jpg.rf.dcf9d0c938f5aa05ce1d672ae4f62d8c.jpg,kaggle_oily_dry_normal,normal,normal,d60ada2dd8903effd458677a8b2353a5fa54df56078002ebdb50d021deb30be1,train,data/processed/train/normal/d60ada2dd8903eff_00349.jpg
kaggle_oily_dry_normal/Oily-Dry-Skin-Types/train/normal/normal_0888964738abf72c4e5f_jpg.rf.f7d333f39e1e715c9fa319af51ed1b69.jpg,kaggle_oily_dry_normal,normal,normal,d1119194a71dbaa624e0de48c69997a6b7cc20509c31e029a905401da4232c41,train,data/processed/train/normal/d1119194a71dbaa6_00350.jpg
kaggle_oily_dry_normal/Oily-Dry-Skin-Types/train/normal/normal_62ac55f522e7df1333dc_jpg.rf.071bfb317724c53d0c5755b333fc8a05.jpg,kaggle_oily_dry_normal,normal,normal,a31c49edff718a6ecbf2b70d044be8e9720bb170e872c46add055e5119f174ca,train,data/processed/train/normal/a31c49edff718a6e_00351.jpg
kaggle_oily_dry_normal/Oily-Dry-Skin-Types/train/normal/normal_954174c65df7f95ff55d_jpg.rf.873a6e9cbc65a5c0bf59de8b238cc30e.jpg,kaggle_oily_dry_normal,normal,normal,8ac1fdc7c4f0abbec7740e0fb0f2a607ee0a01fb37f1e6ba9dcb197ed3451798,train,data/processed/train/normal/8ac1fdc7c4f0abbe_00352.jpg
kaggle_oily_dry_normal/Oily-Dry-Skin-Types/train/normal/normal_111ff2aa2b206a5de850_jpg.rf.491f541f133ba168c3545f867fa2b5ff.jpg,kaggle_oily_dry_normal,normal,normal,df8a114e578ddd30d5af7e3119e0aef731bfd6094ab356307960002c8d135196,train,data/processed/train/normal/df8a114e578ddd30_00353.jpg
kaggle_oily_dry_normal/Oily-Dry-Skin-Types/train/normal/normal_53fbe217eef0c414ee73_jpg.rf.6907f5cc866a34bc202cc22ac2afc0dd.jpg,kaggle_oily_dry_normal,normal,normal,78c74148c82c361be8497583c636a7dfa558d2ab1e0beef74ad1098556046506,train,data/processed/train/normal/78c74148c82c361b_00354.jpg
kaggle_oily_dry_normal/Oily-Dry-Skin-Types/train/normal/normal_7c46ae7d0bf7f41e3e04_jpg.rf.1ce600b9daa675f2c5dd777a3851397f.jpg,kaggle_oily_dry_normal,normal,normal,e7ed67966223fe35db343ba88e75b9394663a732dabf67850854700277f6c510,train,data/processed/train/normal/e7ed67966223fe35_00355.jpg
kaggle_oily_dry_normal/Oily-Dry-Skin-Types/train/normal/normal_2fdf6435fc43ef6bcaca_jpg.rf.ca02757ddf57cc4827d5d46310d17858.jpg,kaggle_oily_dry_normal,normal,normal,b162128d0d8b13cc43b9387ead0200adedfda70378b5981e9bdcff035412c533,train,data/processed/train/normal/b162128d0d8b13cc_00356.jpg
kaggle_oily_dry_normal/Oily-Dry-Skin-Types/train/normal/normal_a90f7c8f8a766c90773a_jpg.rf.f49661010ca441c54dff89d88c990a1b.jpg,kaggle_oily_dry_normal,normal,normal,88c0dfc74231003b90754cc23bf941b42e9a0d574c4e560154b837a9dceca10c,train,data/processed/train/normal/88c0dfc74231003b_00357.jpg
kaggle_oily_dry_normal/Oily-Dry-Skin-Types/train/normal/normal_7b4ef51d52fe7244b6ad_jpg.rf.668eb4779bc1ad69b685ece2a702bcf0.jpg,kaggle_oily_dry_normal,normal,normal,0125a2df0a0436bdc97d72f4cc382825739e7a000862226d007de78096c4458b,train,data/processed/train/normal/0125a2df0a0436bd_00358.jpg
kaggle_oily_dry_normal/Oily-Dry-Skin-Types/train/normal/normal_d93f2b22feca46380bab_jpg.rf.cd982c500b9334f843a6d7d394b02f04.jpg,kaggle_oily_dry_normal,normal,normal,ff39aa30e0bb46ffbd7ad4dbce9d3becfea7b4f1d112df93c2b1757c104d0c76,train,data/processed/train/normal/ff39aa30e0bb46ff_00359.jpg
kaggle_oily_dry_normal/Oily-Dry-Skin-Types/train/normal/normal_f69ce6236031b380189b_jpg.rf.0749bf7b9a518acd39bb255e21945a0c.jpg,kaggle_oily_dry_normal,normal,normal,aa55194066d11be2f8bd0911684afdfd6d8037fcefa9a98a28b1b99055c1f7b2,train,data/processed/train/normal/aa55194066d11be2_00360.jpg
kaggle_oily_dry_normal/Oily-Dry-Skin-Types/train/normal/normal_2293ea611926f19dd40e_jpg.rf.e1e50af3cd642cfc6debed71178f5145.jpg,kaggle_oily_dry_normal,normal,normal,80afd470bcaa23714c38f1597180bd2496b67dcaf7c35d6b3ab731f7414db8b4,train,data/processed/train/normal/80afd470bcaa2371_00361.jpg
kaggle_oily_dry_normal/Oily-Dry-Skin-Types/train/normal/normal_97aee90ec49dfccf4b21_jpg.rf.03edd6bc8d3ec911fed695977cb9e228.jpg,kaggle_oily_dry_normal,normal,normal,905d2336bfab8a908580ed21534520ff0fc80b0b48569b7c722527c622fcc988,train,data/processed/train/normal/905d2336bfab8a90_00362.jpg
kaggle_oily_dry_normal/Oily-Dry-Skin-Types/train/normal/normal_ff7d96b09d8f52bccb3a_jpg.rf.cc48f04bdae0c36628b772f476a815c0.jpg,kaggle_oily_dry_normal,normal,normal,641d90319979ad82aff1b0899be873fbaed9b784ecfd607e330d2e6ef2773ca9,train,data/processed/train/normal/641d90319979ad82_00363.jpg
kaggle_oily_dry_normal/Oily-Dry-Skin-Types/train/normal/normal_732ce4b4e1aa283b8fe1_jpg.rf.533c2440f7519e874307b40b9d2565dc.jpg,kaggle_oily_dry_normal,normal,normal,0d726a47c47be309187404875aee27d1780ae366ab1258715aefe2f8901fcd0f,train,data/processed/train/normal/0d726a47c47be309_00364.jpg
kaggle_oily_dry_normal/Oily-Dry-Skin-Types/train/normal/normal_b2656203814001831afb_jpg.rf.01a5837f8b6d6195bc688f5103ea58ab.jpg,kaggle_oily_dry_normal,normal,normal,86dd5a8fe371c2884265de183d83c7fda0579a7fa52ebbffe80ce6dabea2eac6,train,data/processed/train/normal/86dd5a8fe371c288_00365.jpg
kaggle_oily_dry_normal/Oily-Dry-Skin-Types/train/normal/normal_3ad884c8f098a8aa9347_jpg.rf.098f61d1f9f463302647d39afae8a17e.jpg,kaggle_oily_dry_normal,normal,normal,bb9968d093fe1f60f4477c77085404c2618434c9f50d02dd62aa45ef4978eece,train,data/processed/train/normal/bb9968d093fe1f60_00366.jpg
kaggle_oily_dry_normal/Oily-Dry-Skin-Types/train/normal/normal_97e8bb7dd7a9672d3618_jpg.rf.14c45a41d63f0173b797cc6ec85156b2.jpg,kaggle_oily_dry_normal,normal,normal,b2b33a35ccb9b694417ab2c0294b0a8d9adb6910b4a2a96e8b4e003b719e3e1b,train,data/processed/train/normal/b2b33a35ccb9b694_00367.jpg
kaggle_oily_dry_normal/Oily-Dry-Skin-Types/train/normal/normal_73557e2b434e42de169b_jpg.rf.839c538f7d887e27c785c0f70f3a1826.jpg,kaggle_oily_dry_normal,normal,normal,7797a1e7fdf9e148e31ac838097ecc7fb7aa9c36a9c7f75cdeeb14e8902f33c4,train,data/processed/train/normal/7797a1e7fdf9e148_00368.jpg
kaggle_oily_dry_normal/Oily-Dry-Skin-Types/train/normal/normal_5db2cb8cae559419e425_jpg.rf.fd6945c2d1d9ab12ba785d7f0774f7ec.jpg,kaggle_oily_dry_normal,normal,normal,c8d68188052849071805548c5365ecc5b4ca8eaaaf4fd9ed096e48976e6936f1,train,data/processed/train/normal/c8d6818805284907_00369.jpg
kaggle_oily_dry_normal/Oily-Dry-Skin-Types/train/normal/normal_4b67c3e173f8a2119f30_jpg.rf.549c6b5cd9b785dc5db113f7b181efa1.jpg,kaggle_oily_dry_normal,normal,normal,c316d01e2038dbb3c1f217134f6c8424cf71eb906e9e2a3209a38045aed5d400,train,data/processed/train/normal/c316d01e2038dbb3_00370.jpg
kaggle_oily_dry_normal/Oily-Dry-Skin-Types/train/normal/normal_26f90eea16c33625ce21_jpg.rf.95aeb60628dffe193ac141eefcf9e494.jpg,kaggle_oily_dry_normal,normal,normal,44ee03b4548bfefcfac2c9b8adf3813ef463c1573b6e41fba640de5cab15242a,train,data/processed/train/normal/44ee03b4548bfefc_00371.jpg
kaggle_oily_dry_normal/Oily-Dry-Skin-Types/train/normal/normal_0cef7614353c4e47ef91_jpg.rf.52ab24ec931c2807e47c7893a1c5ec80.jpg,kaggle_oily_dry_normal,normal,normal,43fb90882eafc0c34bc479f1e67fc5577c9ad4977f40554822de2d0e94d6d07f,train,data/processed/train/normal/43fb90882eafc0c3_00372.jpg
kaggle_oily_dry_normal/Oily-Dry-Skin-Types/train/normal/normal_85bc6e5799eaf14272e2_jpg.rf.d7377d71dc47066cb857d08216693d91.jpg,kaggle_oily_dry_normal,normal,normal,6de3ac24d29eca5ef77f2e20ce85ef0d0fec0464730ec470d6c14f53c8293796,train,data/processed/train/normal/6de3ac24d29eca5e_00373.jpg
kaggle_oily_dry_normal/Oily-Dry-Skin-Types/train/normal/normal_8f324d51a90841a5cdc1_jpg.rf.bafe2c5a9c02845ee3c25dc80460fd87.jpg,kaggle_oily_dry_normal,normal,normal,df0f021fac2a78d35f81a2c0291f3edeefcd1f40f03c2443af1e6a445e1efd2c,train,data/processed/train/normal/df0f021fac2a78d3_00374.jpg
kaggle_oily_dry_normal/Oily-Dry-Skin-Types/train/normal/normal_b01b6865a4e79bde687e_jpg.rf.d3a096988a0c1a1d9bdb40b4579b27b4.jpg,kaggle_oily_dry_normal,normal,normal,ccc7aaadd00a5ecd03311fa95ea3d703b902f43798c28b51201a418ad82d4e77,train,data/processed/train/normal/ccc7aaadd00a5ecd_00375.jpg
kaggle_oily_dry_normal/Oily-Dry-Skin-Types/train/normal/normal_b01b6865a4e79bde687e_jpg.rf.65e9df77f9a0996ddbf1c0bf08c92290.jpg,kaggle_oily_dry_normal,normal,normal,16dc70f3c32808e1ceb7cf5cac9722d14edd5ce8b00f70550620b5afd55c7e36,train,data/processed/train/normal/16dc70f3c32808e1_00376.jpg
kaggle_oily_dry_normal/Oily-Dry-Skin-Types/train/normal/normal_334f4043a8022c3c91e1_jpg.rf.813dfc1a0545063aacc15803d6fb3ba7.jpg,kaggle_oily_dry_normal,normal,normal,93fb800f751bb10810e52d0c1154fe53c8db95d38fd04a36f05a4331c1f2a020,train,data/processed/train/normal/93fb800f751bb108_00377.jpg
kaggle_oily_dry_normal/Oily-Dry-Skin-Types/train/normal/normal_4c75d7df40bb81fc8b0e_jpg.rf.61c14787a13b3f7626293214a9c901fd.jpg,kaggle_oily_dry_normal,normal,normal,9d6fb12bca653eca8f72a2c8c1674018dec151cef0a088dfc8ab803a0ea39b64,train,data/processed/train/normal/9d6fb12bca653eca_00378.jpg
kaggle_oily_dry_normal/Oily-Dry-Skin-Types/train/normal/normal_f4679b83afe453307a9d_jpg.rf.84043596feb29ceb7d5c5f2c6ccc7656.jpg,kaggle_oily_dry_normal,normal,normal,16c907ce886c7753652077b3c4b4005c84ed0a50c6ef22cf943b77fd1bf7fd8e,train,data/processed/train/normal/16c907ce886c7753_00379.jpg
kaggle_oily_dry_normal/Oily-Dry-Skin-Types/train/normal/normal_e55a35636ddf20e271c7_jpg.rf.7f372261a409eedef0abbaa8e7a6719f.jpg,kaggle_oily_dry_normal,normal,normal,a3cd2024a3b176a65e1d630c181ca0df7b5bb90b0efc8260176194c96fc596be,train,data/processed/train/normal/a3cd2024a3b176a6_00380.jpg
kaggle_oily_dry_normal/Oily-Dry-Skin-Types/train/normal/normal_d619d19c11a58eb0a42c_jpg.rf.bf3b3c29f6e5b0f7d9a3712cf2e4de92.jpg,kaggle_oily_dry_normal,normal,normal,8be448717f19e45a47748627c5989c6c766f1c80a2ae3a5d860f3da813c7c2ea,train,data/processed/train/normal/8be448717f19e45a_00381.jpg
kaggle_oily_dry_normal/Oily-Dry-Skin-Types/train/normal/normal_53fbe217eef0c414ee73_jpg.rf.8328c29b501d8cbeda7cb48cbe1a02d7.jpg,kaggle_oily_dry_normal,normal,normal,78c1d7462466758c6d804e73f11dbf25bdf1f21b3c3a02e39961da8fc72839f9,train,data/processed/train/normal/78c1d7462466758c_00382.jpg
kaggle_oily_dry_normal/Oily-Dry-Skin-Types/train/normal/normal_ad077d0c50e3159b7d4b_jpg.rf.b7c482c4ab5ed84bb694abaf2b42d980.jpg,kaggle_oily_dry_normal,normal,normal,9cfd8e40c5c96982700fe9a1d0d060ccf84e7e0a68d901ffc152500f4bbdfba7,train,data/processed/train/normal/9cfd8e40c5c96982_00383.jpg
kaggle_oily_dry_normal/Oily-Dry-Skin-Types/train/normal/normal_606d1ea4beefb145971f_jpg.rf.27b66c4dc441e9b62f3d558334093529.jpg,kaggle_oily_dry_normal,normal,normal,31a8adc6236915aa61f26f383f7d6b44006c1d1af652b8505882dbbccccc442e,train,data/processed/train/normal/31a8adc6236915aa_00384.jpg
kaggle_oily_dry_normal/Oily-Dry-Skin-Types/train/normal/normal_ad427aa9cdbb4b59ae6d_jpg.rf.6547e049a91821b9aee9a8f5c479584f.jpg,kaggle_oily_dry_normal,normal,normal,56861e8811984a8bd12ee26147cf7c64e321b4760d169de11d8eaf2d0c389e4b,train,data/processed/train/normal/56861e8811984a8b_00385.jpg
kaggle_oily_dry_normal/Oily-Dry-Skin-Types/train/normal/normal_4dd9029879ca290f3652_jpg.rf.06f6576e7875c7fbf5133c6b2e97e0bc.jpg,kaggle_oily_dry_normal,normal,normal,56137ccd6c66f8106d00f1b075cd9336882149ed64e2d8173c81d03110089081,train,data/processed/train/normal/56137ccd6c66f810_00386.jpg
kaggle_oily_dry_normal/Oily-Dry-Skin-Types/train/normal/normal_0de28b9f392bc532bb6e_jpg.rf.93cc45d43ebde78fdbe190adce8efe97.jpg,kaggle_oily_dry_normal,normal,normal,4094053dc8efac9fb5b9fb31a4197d01f6b73f99065acc255a3c185816b1028e,train,data/processed/train/normal/4094053dc8efac9f_00387.jpg
kaggle_oily_dry_normal/Oily-Dry-Skin-Types/train/normal/normal_e8f096e580aedb371d25_jpg.rf.1aabba7c08b4edecd1db38116cfed861.jpg,kaggle_oily_dry_normal,normal,normal,5e90b8bd859dc06e1bb2cb41cecaabee5a95e38e74502579437af406c0e4fdb4,train,data/processed/train/normal/5e90b8bd859dc06e_00388.jpg
kaggle_oily_dry_normal/Oily-Dry-Skin-Types/train/normal/normal_0888964738abf72c4e5f_jpg.rf.ea556a6a24be13dfc7617a8aafb5a17d.jpg,kaggle_oily_dry_normal,normal,normal,3a4dc50b0eea9e2cb3e8e6b4bee78323ab81c05e786cd88b4c59e9eca3bd92ae,train,data/processed/train/normal/3a4dc50b0eea9e2c_00389.jpg
kaggle_oily_dry_normal/Oily-Dry-Skin-Types/train/normal/normal_346714d7aa7a260d45d6_jpg.rf.6b10b8b682a8e8b6f85c30655f191ec9.jpg,kaggle_oily_dry_normal,normal,normal,6425fb999c94639f300652c540faa9053799b5da310ea20929248be42c769709,train,data/processed/train/normal/6425fb999c94639f_00390.jpg
kaggle_oily_dry_normal/Oily-Dry-Skin-Types/train/normal/normal_849a47bebcdf4ddcccda_jpg.rf.a1aabcd0dd14bf825e346d5d3684e01c.jpg,kaggle_oily_dry_normal,normal,normal,92f69a098c33cef6770fdfeca29c99af67ad96d8e74de7b25381156980825f5d,train,data/processed/train/normal/92f69a098c33cef6_00391.jpg
kaggle_oily_dry_normal/Oily-Dry-Skin-Types/train/normal/normal_abd8823912cdea1703b3_jpg.rf.9ca64472dd8c9fc68db1ce9ce4cd44db.jpg,kaggle_oily_dry_normal,normal,normal,effb1388331c2334ed23200507256a0b075788e59adc4bd97cf588adc42f276f,train,data/processed/train/normal/effb1388331c2334_00392.jpg
kaggle_oily_dry_normal/Oily-Dry-Skin-Types/train/normal/normal_bf9c8a3e456402cb150c_jpg.rf.93e5ca7bed903f7e99bdd93007aa55e2.jpg,kaggle_oily_dry_normal,normal,normal,521c8dbbc21ca539c8658c636952708eebb3343491ae5ca12e112951ff79fc4f,train,data/processed/train/normal/521c8dbbc21ca539_00393.jpg
kaggle_oily_dry_normal/Oily-Dry-Skin-Types/valid/normal/normal_4da4518e0e8cd5572ad9_jpg.rf.3137a2adcd1aa7af13674d122912ece8.jpg,kaggle_oily_dry_normal,normal,normal,74832aaf4c856f97d338a332378a1fe30ff553e35c7ae7f6af5592e262ae1ea1,train,data/processed/train/normal/74832aaf4c856f97_00394.jpg
kaggle_oily_dry_normal/Oily-Dry-Skin-Types/train/normal/normal_82b1c4a7341d87137172_jpg.rf.6b6c6ad62ca17493c05269bac9734e0f.jpg,kaggle_oily_dry_normal,normal,normal,cbb9c9891c4e4704e496f618bce5bd1800efa3be48184fa9f33ba9ce1f2382a1,train,data/processed/train/normal/cbb9c9891c4e4704_00395.jpg
kaggle_oily_dry_normal/Oily-Dry-Skin-Types/train/normal/normal_d68e84abbd43cce00a01_jpg.rf.301810d7c286ed741912ac70e5ec1683.jpg,kaggle_oily_dry_normal,normal,normal,5d8953a71e1604061bd86a26d43c8a043f49e68e10c3a98e3f9f5c1080dbb5cb,train,data/processed/train/normal/5d8953a71e160406_00396.jpg
kaggle_oily_dry_normal/Oily-Dry-Skin-Types/train/normal/normal_b2656203814001831afb_jpg.rf.09705181d31a4f0a49b8356a7e4dd80b.jpg,kaggle_oily_dry_normal,normal,normal,b5159635813de1fcf60de0e68d9b783c19884096edb2cf8d70b0a89d2695ffe2,train,data/processed/train/normal/b5159635813de1fc_00397.jpg
kaggle_oily_dry_normal/Oily-Dry-Skin-Types/train/normal/normal_112d297d5dea002070f1_jpg.rf.ffb6e5edac1e450aeda04caf30eba2df.jpg,kaggle_oily_dry_normal,normal,normal,cb8129787d5a045192a8b845f9e5e6c024f8f7707d7cf4fa1e0f838ec6019c0f,train,data/processed/train/normal/cb8129787d5a0451_00398.jpg
kaggle_oily_dry_normal/Oily-Dry-Skin-Types/train/normal/normal_a1ec8b6d86e28a74c32c_jpg.rf.cbd517d0f29d3dddb1f105cccecb6ee7.jpg,kaggle_oily_dry_normal,normal,normal,d7a5149d57e1334c69457fb412e133ce5628a3bec16b0a74758e402279dc533e,train,data/processed/train/normal/d7a5149d57e1334c_00399.jpg
kaggle_oily_dry_normal/Oily-Dry-Skin-Types/train/normal/normal_0b71ab4726e465b07b5f_jpg.rf.7a02f66b90f7815afb45df1f23be3046.jpg,kaggle_oily_dry_normal,normal,normal,9132b92770ea271e0c06b9684797501aa20080b4f44ab883bd359dd66030e5b3,train,data/processed/train/normal/9132b92770ea271e_00400.jpg
kaggle_oily_dry_normal/Oily-Dry-Skin-Types/train/normal/normal_b16acca7010adc865e8c_jpg.rf.070b8ba903d64407b315ea51827cc1aa.jpg,kaggle_oily_dry_normal,normal,normal,c6a4cae9c8b86b288dac5e46c813c12666723288bfd47ab842c75dac71da7b31,train,data/processed/train/normal/c6a4cae9c8b86b28_00401.jpg
kaggle_oily_dry_normal/Oily-Dry-Skin-Types/valid/normal/normal_87d85b0cfd21d41c07e4_jpg.rf.9ad3ff11ba88464339843320c54eec28.jpg,kaggle_oily_dry_normal,normal,normal,8cefb916f5fd77f30f8970bee55f036011876c138f3958ba2dbbb9a8e098acc4,train,data/processed/train/normal/8cefb916f5fd77f3_00402.jpg
kaggle_oily_dry_normal/Oily-Dry-Skin-Types/valid/normal/normal_537b1e6e60aff04430a2_jpg.rf.a004ce7d01b15b8262fdc366393256b8.jpg,kaggle_oily_dry_normal,normal,normal,23dd661bfc9200a450c3d4aea373754be0aa495800977fa148ba4fea815bfa77,train,data/processed/train/normal/23dd661bfc9200a4_00403.jpg
kaggle_oily_dry_normal/Oily-Dry-Skin-Types/train/normal/normal_73f240a2b213ce4058ab_jpg.rf.30fc64224739c55c86a39a01cdc8fd77.jpg,kaggle_oily_dry_normal,normal,normal,75665c71b523b18e8590764edd2ffca9aec63bdf891d5ee63b3ddd8dc31ae6c1,train,data/processed/train/normal/75665c71b523b18e_00404.jpg
kaggle_oily_dry_normal/Oily-Dry-Skin-Types/train/normal/normal_e7f239ebc336d0390d9c_jpg.rf.534c51f86fbdc14eb3ccd44f8993d2f5.jpg,kaggle_oily_dry_normal,normal,normal,8c006da084bb960310360376f5770642353542e7d68609e4c5be074d3159e2e7,train,data/processed/train/normal/8c006da084bb9603_00405.jpg
kaggle_oily_dry_normal/Oily-Dry-Skin-Types/train/normal/normal_218165bee3d021844720_jpg.rf.6a48333d367d472d77e9155c572bbbb8.jpg,kaggle_oily_dry_normal,normal,normal,0642a6addacc4052255921f922de9efcf9684097c78e38a01e5c93884cc4f8e9,train,data/processed/train/normal/0642a6addacc4052_00406.jpg
kaggle_oily_dry_normal/Oily-Dry-Skin-Types/train/normal/normal_94909a2a072fef7cb269_jpg.rf.9d8a81e2c6d93651ae2d751fd9662a03.jpg,kaggle_oily_dry_normal,normal,normal,9f9f251270d1fa082fcafdc19116aab70c1e5044b302a47d0f622976bdd63784,train,data/processed/train/normal/9f9f251270d1fa08_00407.jpg
kaggle_oily_dry_normal/Oily-Dry-Skin-Types/train/normal/normal_71eaeb8fda354ab5e269_jpg.rf.8eab3168e4408aa6ff87b0dc010bc50b.jpg,kaggle_oily_dry_normal,normal,normal,7ce69f92317dcb336a70630113638b380e630dffbebf67cc27a22cd9b6230929,train,data/processed/train/normal/7ce69f92317dcb33_00408.jpg
kaggle_oily_dry_normal/Oily-Dry-Skin-Types/train/normal/normal_9a861cf4d4aefd172e30_jpg.rf.e74c957a31610510ab895e6d49025bbf.jpg,kaggle_oily_dry_normal,normal,normal,2bf7e96b90db7ed0f49002e75ab79d3d8d771a8986bfd3e8bb80d3f4caef0e79,train,data/processed/train/normal/2bf7e96b90db7ed0_00409.jpg
kaggle_oily_dry_normal/Oily-Dry-Skin-Types/train/normal/normal_b2ec517844da2fc59e53_jpg.rf.129f526071f1ccde428c91bbf834577d.jpg,kaggle_oily_dry_normal,normal,normal,e151f1260c1236e4ee0cdd3f6ced43c8c2ff963b41b0fa44e3207d6e2f313e90,train,data/processed/train/normal/e151f1260c1236e4_00410.jpg
kaggle_oily_dry_normal/Oily-Dry-Skin-Types/train/normal/normal_300b68ce0aa2c9cf3fcc_jpg.rf.f48c9c3ffc2b096c802a1bdf6660b5d6.jpg,kaggle_oily_dry_normal,normal,normal,14b167c72c5b19eab817216da1d2a262054569358fc4b3a2d0fc9351d846a0ac,train,data/processed/train/normal/14b167c72c5b19ea_00411.jpg
kaggle_oily_dry_normal/Oily-Dry-Skin-Types/train/normal/normal_53517885bf05b02bebf1_jpg.rf.9f36b6f49496f71dca9c40f15e9ca55a.jpg,kaggle_oily_dry_normal,normal,normal,6a85818279a1bdf98f31d22fc090be9540e6973cba3bc3c1038a3a15d0209ffb,train,data/processed/train/normal/6a85818279a1bdf9_00412.jpg
kaggle_oily_dry_normal/Oily-Dry-Skin-Types/train/normal/normal_64c017e2b0f059a5db75_jpg.rf.479745e040f8c3b4e0ed628508dc7d5e.jpg,kaggle_oily_dry_normal,normal,normal,fbb61a18946d91ff967ef9cc02b43fecc8f1584fd8e2070e07e7a2a1afb04027,train,data/processed/train/normal/fbb61a18946d91ff_00413.jpg
kaggle_oily_dry_normal/Oily-Dry-Skin-Types/train/normal/normal_85d0e65990dbbe9183b2_jpg.rf.2a9e869da18b313bd78c0d777e9e34da.jpg,kaggle_oily_dry_normal,normal,normal,b53e45b9917a8d20ca723c331e8a68d3f28e6afd565a6face6bb9a3f2b9dfc37,train,data/processed/train/normal/b53e45b9917a8d20_00414.jpg
kaggle_oily_dry_normal/Oily-Dry-Skin-Types/valid/normal/normal_8a1952797d54ba54abe7_jpg.rf.53a171f098ba8c5165a84123dc6d6d07.jpg,kaggle_oily_dry_normal,normal,normal,89621512ea6d92f8a2153e15c10a65968a6882bb8914eff6ae635f5d6b237609,train,data/processed/train/normal/89621512ea6d92f8_00415.jpg
kaggle_oily_dry_normal/Oily-Dry-Skin-Types/test/normal/normal_c901ad2a48a155d3817f_jpg.rf.cf3d2a4ef01154ddd79299d8beef4aa1.jpg,kaggle_oily_dry_normal,normal,normal,9c43d88d3565d85de9f10ca07d26a3e0c8a6f1c82910e3f38dd51e4ddc3afd87,train,data/processed/train/normal/9c43d88d3565d85d_00416.jpg
kaggle_oily_dry_normal/Oily-Dry-Skin-Types/train/normal/normal_0f9063e1e7e2a8c4342e_jpg.rf.42a2e7d018dce51c19da511ffc4f4352.jpg,kaggle_oily_dry_normal,normal,normal,2acb3c2ec3b201fa5f8b3c6e7d193d7c7e4d8d52dabb632f9da3bd2024cc0005,train,data/processed/train/normal/2acb3c2ec3b201fa_00417.jpg
kaggle_oily_dry_normal/Oily-Dry-Skin-Types/train/normal/normal_ab4546ce27ae50fc485b_jpg.rf.1ab64c4f9905d33402469fa4e25418e7.jpg,kaggle_oily_dry_normal,normal,normal,a4d04b55e0e831e5b789fd728632e78f97c811dd3549b3183e89b059b4bbe00d,train,data/processed/train/normal/a4d04b55e0e831e5_00418.jpg
kaggle_oily_dry_normal/Oily-Dry-Skin-Types/train/normal/normal_b1691d5846169c99e10b_jpg.rf.c171faf913257253ebff7596f0d4be64.jpg,kaggle_oily_dry_normal,normal,normal,828bbc0b7bfa9783b99df9cecd0fcfba91d68824c92b15cb114b872eb88ac027,train,data/processed/train/normal/828bbc0b7bfa9783_00419.jpg
kaggle_oily_dry_normal/Oily-Dry-Skin-Types/train/normal/normal_64d318b3eb1370b5f9b1_jpg.rf.3a324297218a943b380cae516ba83ed3.jpg,kaggle_oily_dry_normal,normal,normal,05d3839f5276c33ac8a70891bd9b078cbe86c8bdeb6042970eb39107bf58a222,train,data/processed/train/normal/05d3839f5276c33a_00420.jpg
kaggle_oily_dry_normal/Oily-Dry-Skin-Types/train/normal/normal_4f046cc1f7892a91ecc2_jpg.rf.4e6b0713bae5c503caca235f4b64096a.jpg,kaggle_oily_dry_normal,normal,normal,142b2aece9162c15f63e74cc98905e9cb8e720b758445c87c82209bcd373fb4e,train,data/processed/train/normal/142b2aece9162c15_00421.jpg
kaggle_oily_dry_normal/Oily-Dry-Skin-Types/train/normal/normal_2c92ed4def81458a2a01_jpg.rf.f822914cec0edac3154a785df738d1c2.jpg,kaggle_oily_dry_normal,normal,normal,1f942c04886f12dd3980fa10cf315f5548cfc391378afdf9990649862519cfc1,train,data/processed/train/normal/1f942c04886f12dd_00422.jpg
kaggle_oily_dry_normal/Oily-Dry-Skin-Types/train/normal/normal_71175cf937b16fbb2e58_jpg.rf.740d65580928ea8a450c9ae85c49f921.jpg,kaggle_oily_dry_normal,normal,normal,30acc8c5ce5c3e4870e50e385347d1b24680bcbcbf01e7405ff7eb6c7fe359c5,train,data/processed/train/normal/30acc8c5ce5c3e48_00423.jpg
kaggle_oily_dry_normal/Oily-Dry-Skin-Types/valid/normal/normal_e2609df57feccb569010_jpg.rf.a9b3ef49f982f29726fe2aa5ded4b747.jpg,kaggle_oily_dry_normal,normal,normal,7852c6e4b6b269787e5c20a0b04b57eb076285d497b204bf93d7ad6fee107af3,train,data/processed/train/normal/7852c6e4b6b26978_00424.jpg
kaggle_oily_dry_normal/Oily-Dry-Skin-Types/train/normal/normal_55c9d11b3d38c037f970_jpg.rf.684ce02365b978e914f46ef83286e7ef.jpg,kaggle_oily_dry_normal,normal,normal,4cb105182833e7c214a87adc5e6263ea6e17e61b30aeed125fa918918e521514,train,data/processed/train/normal/4cb105182833e7c2_00425.jpg
kaggle_oily_dry_normal/Oily-Dry-Skin-Types/train/normal/normal_36a4bfd6cec42fa48752_jpg.rf.5c9bd08819406d5fd70b77d3f6b4732f.jpg,kaggle_oily_dry_normal,normal,normal,63867140ec09b2919b14bec1f0618d5f5d07e1b22856e8593e050d5663c60e2d,train,data/processed/train/normal/63867140ec09b291_00426.jpg
kaggle_oily_dry_normal/Oily-Dry-Skin-Types/train/normal/normal_c00989315b44463ff6f2_jpg.rf.7924c43fdf9aadc94c54fb5419dad5b4.jpg,kaggle_oily_dry_normal,normal,normal,e704f46ccf100214a7c524c064df23bbc0d4dbf52c260eef5dc5d368d7563235,train,data/processed/train/normal/e704f46ccf100214_00427.jpg
kaggle_oily_dry_normal/Oily-Dry-Skin-Types/train/normal/normal_a7994b5886ece0efc3df_jpg.rf.13ee12f058bcec1ceed8a9c6159275e1.jpg,kaggle_oily_dry_normal,normal,normal,029ffcd53c69ae4bdbe04baa7d0d0b6372f1549e26d5d06d57041af13ac02c34,train,data/processed/train/normal/029ffcd53c69ae4b_00428.jpg
kaggle_oily_dry_normal/Oily-Dry-Skin-Types/train/normal/normal_f6a0e6f28b2f71426c22_jpg.rf.a4898e48f2c4769d5e3baa750b950258.jpg,kaggle_oily_dry_normal,normal,normal,705fcf7b4ec3437868d84eb2f68d88d890b7247aec71810f20fe58e090dbfdaf,train,data/processed/train/normal/705fcf7b4ec34378_00429.jpg
kaggle_oily_dry_normal/Oily-Dry-Skin-Types/valid/normal/normal_565b3932888902806dba_jpg.rf.d110273a2d791b67e3499e196fa9aabe.jpg,kaggle_oily_dry_normal,normal,normal,69ae7a2bc9fdd276a8991b9f5bd582f0a07c91eff7c89665bd84ec425584a7e6,train,data/processed/train/normal/69ae7a2bc9fdd276_00430.jpg
kaggle_oily_dry_normal/Oily-Dry-Skin-Types/valid/normal/normal_58e8e747a9ec3189f514_jpg.rf.28f69ce1cfe3312b4883afac8f471cd4.jpg,kaggle_oily_dry_normal,normal,normal,aba73cffed55facd9d2c996408400d7566f2e249bca7ccbcbec4d19c6966c760,train,data/processed/train/normal/aba73cffed55facd_00431.jpg
kaggle_oily_dry_normal/Oily-Dry-Skin-Types/train/normal/normal_4f046cc1f7892a91ecc2_jpg.rf.7b02037212cc91a7bd84979817989f38.jpg,kaggle_oily_dry_normal,normal,normal,950588f0ddc30d9183c2c63c31bbf955c08cbdccadbcdf1d76cabc95f017ee44,train,data/processed/train/normal/950588f0ddc30d91_00432.jpg
kaggle_oily_dry_normal/Oily-Dry-Skin-Types/train/normal/normal_071273f2d45a05e0da0e_jpg.rf.68bfde3c8b15ae53c39235257363b1a6.jpg,kaggle_oily_dry_normal,normal,normal,a0d4dff1fd3a6b792407a97547517b37882ce2170361bdc1035417d182ea4079,train,data/processed/train/normal/a0d4dff1fd3a6b79_00433.jpg
kaggle_oily_dry_normal/Oily-Dry-Skin-Types/train/normal/normal_cb6328a4c2aae923158b_jpg.rf.8b4385769afca4f9e7e08cbe5d74078f.jpg,kaggle_oily_dry_normal,normal,normal,c23adbbca2d24d2d4abb5964957e69b1167942e46a85a1b0747477dc5202b57f,train,data/processed/train/normal/c23adbbca2d24d2d_00434.jpg
kaggle_oily_dry_normal/Oily-Dry-Skin-Types/train/normal/normal_0544c5cb1559ae1fca6b_jpg.rf.62c3f760c8d579c9759096b1c62c2eb4.jpg,kaggle_oily_dry_normal,normal,normal,f5db0f1039cb2d19aafc4fa3ac6e35a526179d01c6f62b018b398a0caf09040c,train,data/processed/train/normal/f5db0f1039cb2d19_00435.jpg
kaggle_oily_dry_normal/Oily-Dry-Skin-Types/train/normal/normal_e9f97257c4a8f6423bda_jpg.rf.ab5006cdeb8a511330acd97ecc0fb95b.jpg,kaggle_oily_dry_normal,normal,normal,6e7e0f838f5d930ba2be742643fb7f193098696f73ea695e1c6da5d6aabbab55,train,data/processed/train/normal/6e7e0f838f5d930b_00436.jpg
kaggle_oily_dry_normal/Oily-Dry-Skin-Types/train/normal/normal_300b68ce0aa2c9cf3fcc_jpg.rf.549a62675447c06ff3ee87fc2e842af0.jpg,kaggle_oily_dry_normal,normal,normal,7ac3ac4d42217aefadb7b2e3a50fce8218b9cd994cffcf1271a96055b0d44c64,train,data/processed/train/normal/7ac3ac4d42217aef_00437.jpg
kaggle_oily_dry_normal/Oily-Dry-Skin-Types/train/normal/normal_b72bc763f853e42ad6dd_jpg.rf.62342c7cc63c8de7cd9e98ce02e18a72.jpg,kaggle_oily_dry_normal,normal,normal,05c2daf9f5fe62f9fb7bfcea852d02fb6579a8075a4bc650a9cb035c02f3e823,train,data/processed/train/normal/05c2daf9f5fe62f9_00438.jpg
kaggle_oily_dry_normal/Oily-Dry-Skin-Types/train/normal/normal_3f846577227d6b4666ea_jpg.rf.cb2760d484410ac66adeb0aabca4bd81.jpg,kaggle_oily_dry_normal,normal,normal,104e29c0297e630f266bb47e9b7a003d208b8974d929121fa1e484f7d8edd304,train,data/processed/train/normal/104e29c0297e630f_00439.jpg
kaggle_oily_dry_normal/Oily-Dry-Skin-Types/train/normal/normal_23d1534195cf6539f851_jpg.rf.ea3f0c3e1f207747a90981d16ddd4d4e.jpg,kaggle_oily_dry_normal,normal,normal,3e50bcfbca3f8c11c1a7f4ffae51dd195ed59356eeb8f803c28b22b3e9edafd9,train,data/processed/train/normal/3e50bcfbca3f8c11_00440.jpg
kaggle_oily_dry_normal/Oily-Dry-Skin-Types/train/normal/normal_2c92ed4def81458a2a01_jpg.rf.8c306502877551e7817a27d5c09934ef.jpg,kaggle_oily_dry_normal,normal,normal,519b94be335925d68ad183063a6dbe99df1bed66d6ec56b0b43dcd0b97bb655d,train,data/processed/train/normal/519b94be335925d6_00441.jpg
kaggle_oily_dry_normal/Oily-Dry-Skin-Types/valid/normal/normal_e0a892327a4e32161fe4_jpg.rf.8631425112d22ef6acc0bf7274b9c9ce.jpg,kaggle_oily_dry_normal,normal,normal,a881888b33245949e870d63198b6444e2ed3e80a503b6378ea6bbee12ea53d2f,train,data/processed/train/normal/a881888b33245949_00442.jpg
kaggle_oily_dry_normal/Oily-Dry-Skin-Types/train/normal/normal_85bc6e5799eaf14272e2_jpg.rf.7a1bd4b63f022c0336afada7b4879561.jpg,kaggle_oily_dry_normal,normal,normal,a80773bea36140c8f7a954f3655c58f7fde7991f13aba43846b3e938afe19b77,train,data/processed/train/normal/a80773bea36140c8_00443.jpg
kaggle_oily_dry_normal/Oily-Dry-Skin-Types/train/normal/normal_a14336a197644b270b59_jpg.rf.431a24bf67e4274d86083d457bfc9ae2.jpg,kaggle_oily_dry_normal,normal,normal,7667bd7537b4a3779655b13994a601ecf04357a236bde53c85b2472e392d8191,train,data/processed/train/normal/7667bd7537b4a377_00444.jpg
kaggle_oily_dry_normal/Oily-Dry-Skin-Types/train/normal/normal_f3bf352c3bdce05b8027_jpg.rf.5d0bb5bfeb66bf999403f45135bdd105.jpg,kaggle_oily_dry_normal,normal,normal,e908426c15b1497c4d713b55e2c69509b21b93a5481dcb24145e7a67ac9c9003,train,data/processed/train/normal/e908426c15b1497c_00445.jpg
kaggle_oily_dry_normal/Oily-Dry-Skin-Types/train/normal/normal_5f2fd3ae2522148d8668_jpg.rf.0a14a9d420448026dd90495251303cfb.jpg,kaggle_oily_dry_normal,normal,normal,9f11f8ca1fb828d01c20144e79b744317f039b008c81d2370262e8c44c6d290a,train,data/processed/train/normal/9f11f8ca1fb828d0_00446.jpg
kaggle_oily_dry_normal/Oily-Dry-Skin-Types/train/normal/normal_d32b27bb16be69637ffb_jpg.rf.dd602b1eb170fbb5c24ab9f573aedf97.jpg,kaggle_oily_dry_normal,normal,normal,29b518cfd1f8f73f96d87002316fab6111b1b2f975d2f320c0e4aa99b167717f,train,data/processed/train/normal/29b518cfd1f8f73f_00447.jpg
kaggle_oily_dry_normal/Oily-Dry-Skin-Types/train/normal/normal_2293ea611926f19dd40e_jpg.rf.151b764936f15cf5b8c716f8bedac863.jpg,kaggle_oily_dry_normal,normal,normal,e43ebb371588b7cb118275069fc62b4e0fef865001e8ce15a235666ec7cc6fa9,train,data/processed/train/normal/e43ebb371588b7cb_00448.jpg
kaggle_oily_dry_normal/Oily-Dry-Skin-Types/train/normal/normal_421b5972179298063a4c_jpg.rf.a949f1ed4b58548453bcef1c74671ba6.jpg,kaggle_oily_dry_normal,normal,normal,8bbfc7dba206be50da70817b76f42e59e60e690805e9fea147aa7a10260989a2,train,data/processed/train/normal/8bbfc7dba206be50_00449.jpg
kaggle_oily_dry_normal/Oily-Dry-Skin-Types/train/normal/normal_345dd34485c5ef28aeb8_jpg.rf.19805416008251bb33155f58fc589d7d.jpg,kaggle_oily_dry_normal,normal,normal,ecd66a59aafe8055ba9631b626e349e1f2b6d487b57550553011866ab48d965a,train,data/processed/train/normal/ecd66a59aafe8055_00450.jpg
kaggle_oily_dry_normal/Oily-Dry-Skin-Types/test/normal/normal_91be42dcbb12320ffc71_jpg.rf.82a6e9094611fd9d8933e557a7a885b3.jpg,kaggle_oily_dry_normal,normal,normal,3f7cfe62ee2643beeada1df6535633c1a6e0c39494bc10118ccdaf9f68557127,train,data/processed/train/normal/3f7cfe62ee2643be_00451.jpg
kaggle_oily_dry_normal/Oily-Dry-Skin-Types/valid/normal/normal_bb7a2af299e8979ecc2a_jpg.rf.8e40f5a0872877fa5f013789c8057edb.jpg,kaggle_oily_dry_normal,normal,normal,751ff153a0113a42083456d77a8532d1adf6ab7ef7072b62dc4321c3b2242a5c,train,data/processed/train/normal/751ff153a0113a42_00452.jpg
kaggle_oily_dry_normal/Oily-Dry-Skin-Types/train/normal/normal_fbc021487ef65d1d5c59_jpg.rf.f17a1c2489e19f9d6137568eb1bb8043.jpg,kaggle_oily_dry_normal,normal,normal,cfde928cbd10d149a5c111efb14974b85e08daf82d71a385c2733fced88e637e,train,data/processed/train/normal/cfde928cbd10d149_00453.jpg
kaggle_oily_dry_normal/Oily-Dry-Skin-Types/train/normal/normal_e0ebefbb251dc30cfeb0_jpg.rf.db26010ea9e3b68b167b67a7ba465dd5.jpg,kaggle_oily_dry_normal,normal,normal,b3ca83861bad4a67cc0c31111135137e2f93a6b65cffae806bf24c55f4825046,train,data/processed/train/normal/b3ca83861bad4a67_00454.jpg
kaggle_oily_dry_normal/Oily-Dry-Skin-Types/train/normal/normal_365bd9d74f42a34aa3a9_jpg.rf.dbb6a5091ab44738d80d8bf48e117df9.jpg,kaggle_oily_dry_normal,normal,normal,6cabddadb9465a8ed56d1bd501dc5e30321b0dd3e33942c4a257bd472284fdcf,train,data/processed/train/normal/6cabddadb9465a8e_00455.jpg
kaggle_oily_dry_normal/Oily-Dry-Skin-Types/train/normal/normal_232b9b1d675811506cac_jpg.rf.08c61382f3fa530521c8d45a71ea0bae.jpg,kaggle_oily_dry_normal,normal,normal,3f5d6c304853b76c849adaf492401fb1e854a88be98d18a125c282d91fabb33e,train,data/processed/train/normal/3f5d6c304853b76c_00456.jpg
kaggle_oily_dry_normal/Oily-Dry-Skin-Types/test/normal/normal_6381756120b30f812d7a_jpg.rf.31bd185fbbe260a0851f499d3e162f60.jpg,kaggle_oily_dry_normal,normal,normal,57ba1305db734fe618f9cc561ab0c3d244b79e3f6199f3a61831f2c8226d00fd,train,data/processed/train/normal/57ba1305db734fe6_00457.jpg
kaggle_oily_dry_normal/Oily-Dry-Skin-Types/train/normal/normal_55cf645eafe794c903e9_jpg.rf.ecd21967566af939aa8e7905cd8bb412.jpg,kaggle_oily_dry_normal,normal,normal,47a7a456a6b69d1e6e903f1a63c270acd6e6def699940d3ed6ec206b91e9ed7d,train,data/processed/train/normal/47a7a456a6b69d1e_00458.jpg
kaggle_oily_dry_normal/Oily-Dry-Skin-Types/train/normal/normal_395d1bf0d8df796280dd_jpg.rf.45534ea4a1f56844c2d0bdb68c93dce0.jpg,kaggle_oily_dry_normal,normal,normal,ccbcea805c057bd901b32b110e1353801859be26c63f048a2fdc5a5408239282,train,data/processed/train/normal/ccbcea805c057bd9_00459.jpg
kaggle_oily_dry_normal/Oily-Dry-Skin-Types/train/normal/normal_f579fae01fbd60200d26_jpg.rf.4bb7ab35f6d68fdaed6c72584bbc7751.jpg,kaggle_oily_dry_normal,normal,normal,e4383ad5713392b5cf4ef10068cfb74b1a066136b88814c6e2db0335c9545bab,train,data/processed/train/normal/e4383ad5713392b5_00460.jpg
kaggle_oily_dry_normal/Oily-Dry-Skin-Types/valid/normal/normal_e78871599fd060880d9f_jpg.rf.37ded9c72de6c25bd3b5f960fe954883.jpg,kaggle_oily_dry_normal,normal,normal,93082861bfe09c1a45ef5c5daf9f1a8d457c7ba6cce039789aa51c0fb8a609f8,train,data/processed/train/normal/93082861bfe09c1a_00461.jpg
kaggle_oily_dry_normal/Oily-Dry-Skin-Types/train/normal/normal_98257f981d1e9bd04395_jpg.rf.107c3b264b6ee71dfbe053691ca875e9.jpg,kaggle_oily_dry_normal,normal,normal,0471ea14ce864d9c4bf1f539e168fb5202f8a9b358e40b0b1fc5703ace3dbf4e,train,data/processed/train/normal/0471ea14ce864d9c_00462.jpg
kaggle_oily_dry_normal/Oily-Dry-Skin-Types/train/normal/normal_8ead388c1069abfa1aa0_jpg.rf.97d1e41a9a044eb3440aac2ce0921fcf.jpg,kaggle_oily_dry_normal,normal,normal,87ce7fc666f1e76c91bf9084c25ed1718273f80dd10f096179c5828b0b5021a1,train,data/processed/train/normal/87ce7fc666f1e76c_00463.jpg
kaggle_oily_dry_normal/Oily-Dry-Skin-Types/valid/normal/normal_44f5e59bf4d0b4c2c87f_jpg.rf.2f92061f972231fdf8800c2c516c06f6.jpg,kaggle_oily_dry_normal,normal,normal,e392be00c295eb4c1af40bb5ffe6f7dde9b3d016e8ee362b76992598109b1749,train,data/processed/train/normal/e392be00c295eb4c_00464.jpg
kaggle_oily_dry_normal/Oily-Dry-Skin-Types/train/normal/normal_849a47bebcdf4ddcccda_jpg.rf.3f8dab243bb0331cfb9bb9002c6f0a7d.jpg,kaggle_oily_dry_normal,normal,normal,1c31622b061829f4f02f788a470ecbc9dc5ba124e1926f64c7961379007143fc,train,data/processed/train/normal/1c31622b061829f4_00465.jpg
kaggle_oily_dry_normal/Oily-Dry-Skin-Types/train/normal/normal_8d9e660d1006814cb698_jpg.rf.2f04cea2e7c256d3099692f3db85be79.jpg,kaggle_oily_dry_normal,normal,normal,cb2d8bf0e1c46c2a7b10746d49ea0673872d0df67d693f7a6dab198891e44087,train,data/processed/train/normal/cb2d8bf0e1c46c2a_00466.jpg
kaggle_oily_dry_normal/Oily-Dry-Skin-Types/train/normal/normal_55c9d11b3d38c037f970_jpg.rf.2069a3dc00ba3755ad0b62fde3bffd51.jpg,kaggle_oily_dry_normal,normal,normal,11c8f7c5f00464d94ad001e519852849db6ef567dc65a08e1851b4c7006543f9,train,data/processed/train/normal/11c8f7c5f00464d9_00467.jpg
kaggle_oily_dry_normal/Oily-Dry-Skin-Types/train/normal/normal_4bad21481a8aef69f7cf_jpg.rf.05ae53349f55ae58f4d77097bea43dc1.jpg,kaggle_oily_dry_normal,normal,normal,176cecc06da580962a4be723f90be2cf35ddfdc0987235aa0e2140056c98dacb,train,data/processed/train/normal/176cecc06da58096_00468.jpg
kaggle_oily_dry_normal/Oily-Dry-Skin-Types/train/normal/normal_ad077d0c50e3159b7d4b_jpg.rf.329cd487046733b8a70af9112de3d1e4.jpg,kaggle_oily_dry_normal,normal,normal,4821b5916e552b0a53122077e9863af907cf36f008a8529b86e2f033623dbad5,train,data/processed/train/normal/4821b5916e552b0a_00469.jpg
kaggle_oily_dry_normal/Oily-Dry-Skin-Types/train/normal/normal_83a49f0ec50925b64e1a_jpg.rf.3a39876ce6e7740e93bb59dab8fae876.jpg,kaggle_oily_dry_normal,normal,normal,de4d4ecae178c6e64da6d071e12f66d814e986d53a57ca110853aa3b9c372853,train,data/processed/train/normal/de4d4ecae178c6e6_00470.jpg
kaggle_oily_dry_normal/Oily-Dry-Skin-Types/train/normal/normal_fc213ee2c112e65b405e_jpg.rf.c24df70906c221367ecc25f30bf8f14b.jpg,kaggle_oily_dry_normal,normal,normal,bd16a83574e6029c0f0e4ce81a5a2326cbdad4750825c77ac4894e942e3d6b57,train,data/processed/train/normal/bd16a83574e6029c_00471.jpg
kaggle_oily_dry_normal/Oily-Dry-Skin-Types/train/normal/normal_7d2066296c3beea3579a_jpg.rf.4c92413fde96c91c609b00ba11d0d59c.jpg,kaggle_oily_dry_normal,normal,normal,94ac3a1347470804c250febe3ce6199da95fa85e093c0568ddf4e7766df9464c,train,data/processed/train/normal/94ac3a1347470804_00472.jpg
kaggle_oily_dry_normal/Oily-Dry-Skin-Types/train/normal/normal_95ba227eacf03db6214d_jpg.rf.76ee09b56484688df589ff0dd77027e5.jpg,kaggle_oily_dry_normal,normal,normal,cfb12bd8a8175c0be1b1e00cfd9ea4d07aba7915637f4c150490a1b8fa79e9a4,train,data/processed/train/normal/cfb12bd8a8175c0b_00473.jpg
kaggle_oily_dry_normal/Oily-Dry-Skin-Types/train/normal/normal_cb6328a4c2aae923158b_jpg.rf.aa6cc94cd9103875e65d5ab47e711d44.jpg,kaggle_oily_dry_normal,normal,normal,7fd3ef2310fa26e55ad6146f5f4c3f4c19c635e143e40f883bfe8db8b25d0a5b,train,data/processed/train/normal/7fd3ef2310fa26e5_00474.jpg
kaggle_oily_dry_normal/Oily-Dry-Skin-Types/test/normal/normal_a91ae7499b4aad0fd803_jpg.rf.4973ff5e9fca97488953c96cce838ce5.jpg,kaggle_oily_dry_normal,normal,normal,5bd954731576ab03f09a4ce5bc111b569858a99f6a429c2cf7293437e846914d,train,data/processed/train/normal/5bd954731576ab03_00475.jpg
kaggle_oily_dry_normal/Oily-Dry-Skin-Types/train/normal/normal_0a973116bdfa8386999e_jpg.rf.f948ede9e82433368ae52ed2b2d508a4.jpg,kaggle_oily_dry_normal,normal,normal,254c477c1525ce39400bc1cbc694456d1b93a746edc9433acccc53eec1d9dfa1,train,data/processed/train/normal/254c477c1525ce39_00476.jpg
kaggle_oily_dry_normal/Oily-Dry-Skin-Types/train/normal/normal_a73be48796366d54b87c_jpg.rf.4614ee38b3129b5e19dea9f7e671cd58.jpg,kaggle_oily_dry_normal,normal,normal,37b7d22cb8bab281f1eec9b0b38400fc9cac22ac8e3da88d354849104d36f75e,train,data/processed/train/normal/37b7d22cb8bab281_00477.jpg
kaggle_oily_dry_normal/Oily-Dry-Skin-Types/train/normal/normal_85bc6e5799eaf14272e2_jpg.rf.d789f2b47a845f8e9279f92632ba0b64.jpg,kaggle_oily_dry_normal,normal,normal,533a046f10638f5d0aaa27cc08e0ea62c702e50a21603ca3aa6aa4cc35663ab2,train,data/processed/train/normal/533a046f10638f5d_00478.jpg
kaggle_oily_dry_normal/Oily-Dry-Skin-Types/train/normal/normal_249e458701fb4c3936bc_jpg.rf.ae8a1060bb1d7f80a3f85a30ee5bb369.jpg,kaggle_oily_dry_normal,normal,normal,c5e6f48c879ade08e584b89800e3fde89173e240970c37da80f6a4fa9d23c231,train,data/processed/train/normal/c5e6f48c879ade08_00479.jpg
kaggle_oily_dry_normal/Oily-Dry-Skin-Types/train/normal/normal_62e5cd4aaff705cbda4e_jpg.rf.2d087664bbc4e197833bbf6efc85b788.jpg,kaggle_oily_dry_normal,normal,normal,341d735010e80b55bf31fdd467d296b31696295b763a70b9e5164e216a807090,train,data/processed/train/normal/341d735010e80b55_00480.jpg
kaggle_oily_dry_normal/Oily-Dry-Skin-Types/train/normal/normal_47db80325c6325e79b83_jpg.rf.ed150af421881702dd5f13f5b34e16d3.jpg,kaggle_oily_dry_normal,normal,normal,88ca6201214897fb814c177a73c5dd18109a25c2ccae432b1ef7ab5028b46e40,train,data/processed/train/normal/88ca6201214897fb_00481.jpg
kaggle_oily_dry_normal/Oily-Dry-Skin-Types/train/normal/normal_39a5a0a01f958ee678f7_jpg.rf.6ea8b4ada144c2286aae0c315ebde997.jpg,kaggle_oily_dry_normal,normal,normal,e0fb31fdc332308c88664f25600ac78f2a4ffee0d531dc1a0a100d970185e203,train,data/processed/train/normal/e0fb31fdc332308c_00482.jpg
kaggle_oily_dry_normal/Oily-Dry-Skin-Types/train/normal/normal_aace1cb97aa4d544f375_jpg.rf.6c3909ece7622bef2b7893c2ffe0438d.jpg,kaggle_oily_dry_normal,normal,normal,33724ee692a5a197182928ab6efa8a0c1730b5b8f5707bcf0e2085e52b12b5d9,train,data/processed/train/normal/33724ee692a5a197_00483.jpg
kaggle_oily_dry_normal/Oily-Dry-Skin-Types/train/normal/normal_f579fae01fbd60200d26_jpg.rf.be9599dad53fea7bdfd274e93f8522da.jpg,kaggle_oily_dry_normal,normal,normal,b070be975fc3d9f8af86197d57001e8a4699be1aae97efc254c2d88023d4cfce,train,data/processed/train/normal/b070be975fc3d9f8_00484.jpg
kaggle_oily_dry_normal/Oily-Dry-Skin-Types/valid/normal/normal_cffc7de515a2fc4b66a7_jpg.rf.1fb3c272ce350da1b64524dae1bb645c.jpg,kaggle_oily_dry_normal,normal,normal,92252d5a697c24b59103f01fd8fa4eec84be1fb29c60e86199cfe8cafeb38f10,train,data/processed/train/normal/92252d5a697c24b5_00485.jpg
kaggle_oily_dry_normal/Oily-Dry-Skin-Types/train/normal/normal_3a9aef121f54bea1361b_jpg.rf.cbf42bac5cc473c116446514128f5cac.jpg,kaggle_oily_dry_normal,normal,normal,95d94a29a9682b3ce46700f9d676715606b6bcf44e8b1b72724d6774104e438c,train,data/processed/train/normal/95d94a29a9682b3c_00486.jpg
kaggle_oily_dry_normal/Oily-Dry-Skin-Types/train/normal/normal_dc4e275a5b01195e52d5_jpg.rf.f826d2eb4b2c545233bbaea89df9df73.jpg,kaggle_oily_dry_normal,normal,normal,8f36a47aad7026dea0c1a4078c38089264bcb3d0f31931311adb8e2e63fd9540,train,data/processed/train/normal/8f36a47aad7026de_00487.jpg
kaggle_oily_dry_normal/Oily-Dry-Skin-Types/train/normal/normal_adf06508b9980e2e0e2c_jpg.rf.a5193f41a115a50d946d81084ede0486.jpg,kaggle_oily_dry_normal,normal,normal,21490118ec3620b1ea1d3b989a914584bd91cf2c36b1a6efc1dc75b7d55c81da,train,data/processed/train/normal/21490118ec3620b1_00488.jpg
kaggle_oily_dry_normal/Oily-Dry-Skin-Types/train/normal/normal_77c44f7b4f0224c4b224_jpg.rf.6833042e7cd508199e858af4932174a7.jpg,kaggle_oily_dry_normal,normal,normal,2e3fb566ddae51dd68885540c304092b49e47392b5b81f16234c838722055403,train,data/processed/train/normal/2e3fb566ddae51dd_00489.jpg
kaggle_oily_dry_normal/Oily-Dry-Skin-Types/train/normal/normal_5b465f7e4d39756ca78b_jpg.rf.162791cf8b73942417e18a829136c098.jpg,kaggle_oily_dry_normal,normal,normal,f81aaa629ab6da3624adfed78447d00cbded5f9c9d634ce749937e377c93dd4e,train,data/processed/train/normal/f81aaa629ab6da36_00490.jpg
kaggle_oily_dry_normal/Oily-Dry-Skin-Types/train/normal/normal_b61ba7bff791d6885c9c_jpg.rf.8b97cbabc71e4c6b4431786464a844b7.jpg,kaggle_oily_dry_normal,normal,normal,f0b0a0ee467f2207b1519f0428703cb85b8730d79ef3f23f6b087819a1d6de29,train,data/processed/train/normal/f0b0a0ee467f2207_00491.jpg
kaggle_oily_dry_normal/Oily-Dry-Skin-Types/train/normal/normal_e98be4fc2b8ef9238738_jpg.rf.5e0e834c94d1c614ee595391c764077d.jpg,kaggle_oily_dry_normal,normal,normal,795842d09a58b84734908ec1598ca300de810546c3c11927bc00c972bc443212,train,data/processed/train/normal/795842d09a58b847_00492.jpg
kaggle_oily_dry_normal/Oily-Dry-Skin-Types/train/normal/normal_4d114b6d07dc2bec6c32_jpg.rf.a3b7d7c78694402fc89ecb559ad22ff2.jpg,kaggle_oily_dry_normal,normal,normal,6482facae3fb9bd7c10d3a25e67b82e7f772fc8b42a863aea40acdf4dddc26b8,train,data/processed/train/normal/6482facae3fb9bd7_00493.jpg
kaggle_oily_dry_normal/Oily-Dry-Skin-Types/train/normal/normal_522586f253deef83c756_jpg.rf.f6885d256242982944784c283d8ced1e.jpg,kaggle_oily_dry_normal,normal,normal,1db194e9d3a353fc857a235082df3e1b6340d51f95eb944d6263a1c01780127f,train,data/processed/train/normal/1db194e9d3a353fc_00494.jpg
kaggle_oily_dry_normal/Oily-Dry-Skin-Types/train/normal/normal_f0f5131b7f8b76432662_jpg.rf.ef80742c8200d79c30ae7e48d207f789.jpg,kaggle_oily_dry_normal,normal,normal,357c2a4e37f71978a87073ebbbf8c8619830d106785e5a8e8fd601d1cb67c7ea,train,data/processed/train/normal/357c2a4e37f71978_00495.jpg
kaggle_oily_dry_normal/Oily-Dry-Skin-Types/train/normal/normal_fe6bd0ca065541419322_jpg.rf.5bcb76f9d881dcb940fc89cf75cddcf9.jpg,kaggle_oily_dry_normal,normal,normal,b1bca5273ee446c6f35095589b223bc2fa0a8da3ea3990668afc965279570bc1,train,data/processed/train/normal/b1bca5273ee446c6_00496.jpg
kaggle_oily_dry_normal/Oily-Dry-Skin-Types/train/normal/normal_3c04df403f7e03a75a39_jpg.rf.dc749fbc84a2d43b267eef376c2c086a.jpg,kaggle_oily_dry_normal,normal,normal,a2ca7dbf29898f3f6a36bdf8011bee1fbe5078e53f3848036bedc90b81bbede4,train,data/processed/train/normal/a2ca7dbf29898f3f_00497.jpg
kaggle_oily_dry_normal/Oily-Dry-Skin-Types/train/normal/normal_b1691d5846169c99e10b_jpg.rf.49ede46f7754adf1a8a38fce6314f6b3.jpg,kaggle_oily_dry_normal,normal,normal,7adc1a8c9103842e678f51f46c196d69cc52fcec1526add71d0eac91cb2ae085,train,data/processed/train/normal/7adc1a8c9103842e_00498.jpg
kaggle_oily_dry_normal/Oily-Dry-Skin-Types/train/normal/normal_243abbbe37afd3a61547_jpg.rf.dd4145a3c927de7374123b6b1de2d8aa.jpg,kaggle_oily_dry_normal,normal,normal,7f7585c9a692e1053e591ea1a4c352d3f5038e9d3a622a01977bcfedaa8f6fd7,train,data/processed/train/normal/7f7585c9a692e105_00499.jpg
kaggle_oily_dry_normal/Oily-Dry-Skin-Types/train/normal/normal_7e35273f1d468d980810_jpg.rf.32f3fe41198ba6d40adbdd86d9349ded.jpg,kaggle_oily_dry_normal,normal,normal,c5d2db07cf968b9fdb487a673b8099431159767a665a1106fc8a05a050e78ba2,train,data/processed/train/normal/c5d2db07cf968b9f_00500.jpg
kaggle_oily_dry_normal/Oily-Dry-Skin-Types/train/normal/normal_e8f096e580aedb371d25_jpg.rf.e5c7fb47aad463aff490375e1bc3c644.jpg,kaggle_oily_dry_normal,normal,normal,5cd5d7387ab34242f90fd99ac161cf476a131a493d366641e4cef55d3ef8940e,train,data/processed/train/normal/5cd5d7387ab34242_00501.jpg
kaggle_oily_dry_normal/Oily-Dry-Skin-Types/train/normal/normal_c13a583fe32d851c6dfc_jpg.rf.8531df1466f05afbf6c99a79c00c7b99.jpg,kaggle_oily_dry_normal,normal,normal,8a0eb4814a05aecdf6fad33ff550f84ac7a1f60ef006e1efe8e5d4472f8985fc,train,data/processed/train/normal/8a0eb4814a05aecd_00502.jpg
kaggle_oily_dry_normal/Oily-Dry-Skin-Types/train/normal/normal_31749351fd7ddf1f1971_jpg.rf.063e904ebde7da34b88dc1f9eaa536d2.jpg,kaggle_oily_dry_normal,normal,normal,93fd5921307bd48ca9e43a92c009186639f39700bcf5ab5654fd56bcda5ccde3,train,data/processed/train/normal/93fd5921307bd48c_00503.jpg
kaggle_oily_dry_normal/Oily-Dry-Skin-Types/train/normal/normal_cf0d6fdde3c32affaffc_jpg.rf.423556c18ef05e5971fb344c2e632dba.jpg,kaggle_oily_dry_normal,normal,normal,8cb72cd59d47c958d6440ab5a51ceb3f3d049c9417972adb96dc7d1e293016d9,train,data/processed/train/normal/8cb72cd59d47c958_00504.jpg
kaggle_oily_dry_normal/Oily-Dry-Skin-Types/train/normal/normal_67b2651c435aad478c22_jpg.rf.78204741fd9627fb0a25eb63eef87ba7.jpg,kaggle_oily_dry_normal,normal,normal,1aada6a2cf075ff3c418c088748ebff4d73f37c8c103d8a6f1bb897cf823094a,train,data/processed/train/normal/1aada6a2cf075ff3_00505.jpg
kaggle_oily_dry_normal/Oily-Dry-Skin-Types/train/normal/normal_adf06508b9980e2e0e2c_jpg.rf.6ebe66eaaa02f5de8982050a79cf7d95.jpg,kaggle_oily_dry_normal,normal,normal,ee67c113e07f5371485364d905b027b5446fb93e02a5df2142b50f795d3d1d89,train,data/processed/train/normal/ee67c113e07f5371_00506.jpg
kaggle_oily_dry_normal/Oily-Dry-Skin-Types/train/normal/normal_c1598b48bb4245bd225f_jpg.rf.1d1e41e1eb8b3cc676fdcf6bec07a482.jpg,kaggle_oily_dry_normal,normal,normal,5f65435b875331245bdde928e329a920070275486fcff493ee9ef20ef092ca20,train,data/processed/train/normal/5f65435b87533124_00507.jpg
kaggle_oily_dry_normal/Oily-Dry-Skin-Types/train/normal/normal_4470a6d0a6609dd83a6a_jpg.rf.148daf4b32ab0d4f2e53549e3be2d14b.jpg,kaggle_oily_dry_normal,normal,normal,5af887205154ef2418254645501986f5f12f07d69e97cf5d716e3f838142bab2,train,data/processed/train/normal/5af887205154ef24_00508.jpg
kaggle_oily_dry_normal/Oily-Dry-Skin-Types/train/normal/normal_aace1cb97aa4d544f375_jpg.rf.fd64a7caaabae03a9a5278bae7bdc9df.jpg,kaggle_oily_dry_normal,normal,normal,3be2fd32fdcbed7dc74ae7cdf99bcd8db5cdf02aa14552ed841bd20c136f638a,train,data/processed/train/normal/3be2fd32fdcbed7d_00509.jpg
kaggle_oily_dry_normal/Oily-Dry-Skin-Types/train/normal/normal_037d2ca54ba52d645ffd_jpg.rf.3cae3daeb7b3c7ac0c96e2d026dc2a22.jpg,kaggle_oily_dry_normal,normal,normal,c3460f0f2a0372aeae36156bd6acb681a249132c2dd71591d39e7a6522147876,train,data/processed/train/normal/c3460f0f2a0372ae_00510.jpg
kaggle_oily_dry_normal/Oily-Dry-Skin-Types/train/normal/normal_97aee90ec49dfccf4b21_jpg.rf.0483bd736d44785c22a4a65d63067705.jpg,kaggle_oily_dry_normal,normal,normal,f016c18656e77e76d1e7c09c751df117e8e2afb7ffe54bc80d58fdea173df6f8,train,data/processed/train/normal/f016c18656e77e76_00511.jpg
kaggle_oily_dry_normal/Oily-Dry-Skin-Types/train/normal/normal_7e35273f1d468d980810_jpg.rf.04bf9e2fd9e99171962690b79745d828.jpg,kaggle_oily_dry_normal,normal,normal,183cf4e6dc44f55ce62710d285cda1a50a00771971d7b713a0acc7742a404564,train,data/processed/train/normal/183cf4e6dc44f55c_00512.jpg
kaggle_oily_dry_normal/Oily-Dry-Skin-Types/valid/normal/normal_1c5ab1a014ac7f131e17_jpg.rf.4e2f6ef0cfdfedfc879fce867ee2f652.jpg,kaggle_oily_dry_normal,normal,normal,add21d4065fb0c4710e38b1fa76dd26c58f0f8ed86fe78d7598e4f6310ac404f,train,data/processed/train/normal/add21d4065fb0c47_00513.jpg
kaggle_oily_dry_normal/Oily-Dry-Skin-Types/train/normal/normal_ff7170ec56b6897c64f8_jpg.rf.e6b7218a2bfd5e5cd1df75abd4b26b77.jpg,kaggle_oily_dry_normal,normal,normal,dc8d70185c0951acd2d9acf11efde106cf7669fb86b83ea103803cf6b5b93268,train,data/processed/train/normal/dc8d70185c0951ac_00514.jpg
kaggle_oily_dry_normal/Oily-Dry-Skin-Types/train/normal/normal_c35e8cd457b0201dc14e_jpg.rf.de74b6e58d575edd7d9abe5e025a23f2.jpg,kaggle_oily_dry_normal,normal,normal,32974c3611a384da8915c2fda3c8ef4fb12e6fba2b93e47ebd7a53b9565aaafd,train,data/processed/train/normal/32974c3611a384da_00515.jpg
kaggle_oily_dry_normal/Oily-Dry-Skin-Types/test/normal/normal_8540cc64d235c2321793_jpg.rf.94371b879ae9a7d9091cdc74731323b7.jpg,kaggle_oily_dry_normal,normal,normal,1974a63221bc57d82e3494fa8ec57facb90d4b904b02c7ee089123b1655b0151,train,data/processed/train/normal/1974a63221bc57d8_00516.jpg
kaggle_oily_dry_normal/Oily-Dry-Skin-Types/test/normal/normal_b2602c138a83de4e10b2_jpg.rf.81cc64dbb820a6c1e2b7beef20072baa.jpg,kaggle_oily_dry_normal,normal,normal,09068a0367cc6520a72b97b5cd99cbefecc9901d902959debe524145cd69c6b3,train,data/processed/train/normal/09068a0367cc6520_00517.jpg
kaggle_oily_dry_normal/Oily-Dry-Skin-Types/train/normal/normal_b3672c4822cc2da5bbdb_jpg.rf.3ab2237eef3d150ab3258422bac8a69f.jpg,kaggle_oily_dry_normal,normal,normal,7e3d7c002f5d1a61df024c82e7493e7d093a77846c7a305de9687ca1f122b5d5,train,data/processed/train/normal/7e3d7c002f5d1a61_00518.jpg
kaggle_oily_dry_normal/Oily-Dry-Skin-Types/train/normal/normal_f15d8eddb524ac969185_jpg.rf.28be3a679511730030d78843067130ce.jpg,kaggle_oily_dry_normal,normal,normal,e71fbeb749b0b928214879041c07b6a5424941cc0b57ee0f417460c4a82f24f0,train,data/processed/train/normal/e71fbeb749b0b928_00519.jpg
kaggle_oily_dry_normal/Oily-Dry-Skin-Types/train/normal/normal_9a861cf4d4aefd172e30_jpg.rf.eee5459a3c389ffd0471764767578dcb.jpg,kaggle_oily_dry_normal,normal,normal,af772f66ee0a60756b01ef4325ff790efab6132bca15375209fa0f2d162c854c,train,data/processed/train/normal/af772f66ee0a6075_00520.jpg
kaggle_oily_dry_normal/Oily-Dry-Skin-Types/test/normal/normal_f17c96f248918e8c41f1_jpg.rf.ebf2b9db0c2d0f82a5dadfac332ef764.jpg,kaggle_oily_dry_normal,normal,normal,f837382d1da766ce48ece8083347ad8778092020d3bd0e41301ebafe60da0c40,train,data/processed/train/normal/f837382d1da766ce_00521.jpg
kaggle_oily_dry_normal/Oily-Dry-Skin-Types/test/normal/normal_58ee173da92de41b3a56_jpg.rf.4f3a99d919b9f86a3fc9882033b3a5c9.jpg,kaggle_oily_dry_normal,normal,normal,28cfffecfb65d1b5690e1e58aa98b175b57dc4128794725dfc63507772c14978,train,data/processed/train/normal/28cfffecfb65d1b5_00522.jpg
kaggle_oily_dry_normal/Oily-Dry-Skin-Types/train/normal/normal_f15d8eddb524ac969185_jpg.rf.1e2bd1073f9c1b2f9284f07fc03322e2.jpg,kaggle_oily_dry_normal,normal,normal,4baf5fe04304848c9307f7ee6f87c37bb159cfafd3636333ca5233a755aca49f,train,data/processed/train/normal/4baf5fe04304848c_00523.jpg
kaggle_oily_dry_normal/Oily-Dry-Skin-Types/train/normal/normal_e594224a7fdd04645d20_jpg.rf.b5ba565237af7ecf53543954dd2764eb.jpg,kaggle_oily_dry_normal,normal,normal,0f20d308949b652c3b95014e2dd610baabb34c1f6fa7f34f8b197ae50990ae30,train,data/processed/train/normal/0f20d308949b652c_00524.jpg
kaggle_oily_dry_normal/Oily-Dry-Skin-Types/train/normal/normal_34458a38fc273ea6d641_jpg.rf.d911ca2709217180a32bf3fec8b7afc7.jpg,kaggle_oily_dry_normal,normal,normal,6753133936ad36eb651670e501d8efc4931c8d71663e57c4a412588ac2dbc694,train,data/processed/train/normal/6753133936ad36eb_00525.jpg
kaggle_oily_dry_normal/Oily-Dry-Skin-Types/train/normal/normal_5efeb50a08ae5e7d889e_jpg.rf.258d9cef5febf172a37034d6d59d1f62.jpg,kaggle_oily_dry_normal,normal,normal,683a6ebfc6a1ebb1875cdfc3cdb632f88f914aa4a59934e15f9bf8191ce74e07,train,data/processed/train/normal/683a6ebfc6a1ebb1_00526.jpg
kaggle_oily_dry_normal/Oily-Dry-Skin-Types/train/normal/normal_389351d8800fa5f2ad15_jpg.rf.9f3d1348738231fa47fdd42678db3a2c.jpg,kaggle_oily_dry_normal,normal,normal,bfdc333fedb8a173776ff4c598196d76d744d8f90abcb9c7f940abb0b9b424a9,train,data/processed/train/normal/bfdc333fedb8a173_00527.jpg
kaggle_oily_dry_normal/Oily-Dry-Skin-Types/train/normal/normal_78fd434114782dfc80dd_jpg.rf.e6d2d00d99fd71b418f8e56002217c9e.jpg,kaggle_oily_dry_normal,normal,normal,dfd15d3ebaa784072146809d0503533b59c1fc93c9b4bf7a0f6480be1b0b07d3,train,data/processed/train/normal/dfd15d3ebaa78407_00528.jpg
kaggle_oily_dry_normal/Oily-Dry-Skin-Types/train/normal/normal_47db80325c6325e79b83_jpg.rf.539b5947177fd620104f696fc8b5bcc5.jpg,kaggle_oily_dry_normal,normal,normal,45028684337fb3bd6154926a74d07bb71a09c0daa5251f5108b67d11bf38540c,train,data/processed/train/normal/45028684337fb3bd_00529.jpg
kaggle_oily_dry_normal/Oily-Dry-Skin-Types/train/normal/normal_8f324d51a90841a5cdc1_jpg.rf.e00c767a142ab426e807176c0ad29379.jpg,kaggle_oily_dry_normal,normal,normal,075764ca543e49bab96f667c36412f67935975ad8c7cd7be2524bfb522c9ece8,train,data/processed/train/normal/075764ca543e49ba_00530.jpg
kaggle_oily_dry_normal/Oily-Dry-Skin-Types/valid/normal/normal_598438022cf13c5165cf_jpg.rf.8d5ec16bf77074509dd711555a9ff6e7.jpg,kaggle_oily_dry_normal,normal,normal,20f05bb090ccae7f0ced49a6e67fa06b9cd51d42f7f525f644c4441a623f5342,train,data/processed/train/normal/20f05bb090ccae7f_00531.jpg
kaggle_oily_dry_normal/Oily-Dry-Skin-Types/train/normal/normal_2a654e6820c321c2cd61_jpg.rf.b7b825a9ed6002003a24d7adfd66b3bd.jpg,kaggle_oily_dry_normal,normal,normal,10bd83c77aaf872d1fe5c98392f8e3cb0072d0cfb75f881f59083c9b545a729f,train,data/processed/train/normal/10bd83c77aaf872d_00532.jpg
kaggle_oily_dry_normal/Oily-Dry-Skin-Types/train/normal/normal_432be29967226f94d4f3_jpg.rf.79bf1bb0513ede9c418b5ad06138e476.jpg,kaggle_oily_dry_normal,normal,normal,69a050059fc4c5fd8c96c77db94d2b7b546495dd8177500f709faebc0a766e59,train,data/processed/train/normal/69a050059fc4c5fd_00533.jpg
kaggle_oily_dry_normal/Oily-Dry-Skin-Types/train/normal/normal_bda5b26d17df093930d3_jpg.rf.9e4a3418b897e5b1af26116a2ff2b635.jpg,kaggle_oily_dry_normal,normal,normal,cc54a2d48655d6eaac74c1ccbab0a8338dfc34bd5924958e9b57689712c4b337,train,data/processed/train/normal/cc54a2d48655d6ea_00534.jpg
kaggle_oily_dry_normal/Oily-Dry-Skin-Types/train/normal/normal_34d12e7668f49d05c74b_jpg.rf.528af22af6b917f1dd974107539cf516.jpg,kaggle_oily_dry_normal,normal,normal,a1367be2984cf44530bf30b6d95e8ec31dd697f43fb07e3f879205513bc1ac26,train,data/processed/train/normal/a1367be2984cf445_00535.jpg
kaggle_oily_dry_normal/Oily-Dry-Skin-Types/train/normal/normal_83a49f0ec50925b64e1a_jpg.rf.d6306b502ac356cc5c38a902adf1d169.jpg,kaggle_oily_dry_normal,normal,normal,3d0f23cb771c340496a7ff5f8ad014d86ad8fc8ae05312849e9e128994bc0bbe,train,data/processed/train/normal/3d0f23cb771c3404_00536.jpg
kaggle_oily_dry_normal/Oily-Dry-Skin-Types/train/normal/normal_fe6bd0ca065541419322_jpg.rf.58a8dccd0a6a55a3d6def172d9d947c0.jpg,kaggle_oily_dry_normal,normal,normal,fffc297d6f39314232b7c5d4228c1af57f7a28ce51855dd97bdfd54c616abed4,train,data/processed/train/normal/fffc297d6f393142_00537.jpg
kaggle_oily_dry_normal/Oily-Dry-Skin-Types/train/normal/normal_64c017e2b0f059a5db75_jpg.rf.e21910a2196857e91ad3cafd1f93f6de.jpg,kaggle_oily_dry_normal,normal,normal,ae33e1139b47d7ea8dc22c5da5fae35a0841598876c528efe6c327a283ef8231,train,data/processed/train/normal/ae33e1139b47d7ea_00538.jpg
kaggle_oily_dry_normal/Oily-Dry-Skin-Types/train/normal/normal_155c38bb99d47fcf51a3_jpg.rf.cfd42e6f4eb99c62f8c053eb908b0d9b.jpg,kaggle_oily_dry_normal,normal,normal,b5f17afe462b5f8fd61ab7ed1dc08614c880abb7ff1f362023a1e098431fc1f0,train,data/processed/train/normal/b5f17afe462b5f8f_00539.jpg
kaggle_oily_dry_normal/Oily-Dry-Skin-Types/train/normal/normal_5f39dd663660da58c666_jpg.rf.b8fbe603ad10a4fde9c3fc75bdc8797f.jpg,kaggle_oily_dry_normal,normal,normal,f9c8a35be3a557e551caa3573a8083e4ae521a001be83f98d5cd2933fe4d63a8,train,data/processed/train/normal/f9c8a35be3a557e5_00540.jpg
kaggle_oily_dry_normal/Oily-Dry-Skin-Types/train/normal/normal_059cf2165bd4da06cc0f_jpg.rf.a301e5616bcc2fcfa9248b73444f3695.jpg,kaggle_oily_dry_normal,normal,normal,1ddd45b7ed229b07995b4b28f1abe32935154837aeb486a2b06198f0d7d0ba61,train,data/processed/train/normal/1ddd45b7ed229b07_00541.jpg
kaggle_oily_dry_normal/Oily-Dry-Skin-Types/train/normal/normal_7ad95964150236ee3078_jpg.rf.cc4b6ce7ab88cddd212648cc205ea983.jpg,kaggle_oily_dry_normal,normal,normal,2544fa310b8aa092900775765bad47a42b609a67523ca3a282ed3fa778745054,train,data/processed/train/normal/2544fa310b8aa092_00542.jpg
kaggle_oily_dry_normal/Oily-Dry-Skin-Types/train/normal/normal_5600a3424c920ac68708_jpg.rf.a0530e74d8978c4f34d4687890ad1d92.jpg,kaggle_oily_dry_normal,normal,normal,b37b7aa7c40c79079039d09054238cb722212d46733a5e6f4af0560940554644,train,data/processed/train/normal/b37b7aa7c40c7907_00543.jpg
kaggle_oily_dry_normal/Oily-Dry-Skin-Types/test/normal/normal_7daecf3670aa597ee376_jpg.rf.f13b2788fc314d9ba271ba5855b5a284.jpg,kaggle_oily_dry_normal,normal,normal,b0f8f06710c3865b1ba597f33df07a62f37a3e31bf22c7b0a8f64ea70eed29b1,train,data/processed/train/normal/b0f8f06710c3865b_00544.jpg
kaggle_oily_dry_normal/Oily-Dry-Skin-Types/train/normal/normal_8da7f46dc8392108af23_jpg.rf.a2ed12a34185474e83bc0ee6b9a53557.jpg,kaggle_oily_dry_normal,normal,normal,9fb852db6202f7391af7da031e3b86b1dc4d66d0d8eab8ddbb7ff93a97c566c2,train,data/processed/train/normal/9fb852db6202f739_00545.jpg
kaggle_oily_dry_normal/Oily-Dry-Skin-Types/train/normal/normal_dca9fb953d5f71d3852b_jpg.rf.8dd31044ba158737bdbedeb0965d25c7.jpg,kaggle_oily_dry_normal,normal,normal,5efaa166fe5ea23037a6cb572a6dfc9731d9e849e426f13bb2ce88d429dbefaf,train,data/processed/train/normal/5efaa166fe5ea230_00546.jpg
kaggle_oily_dry_normal/Oily-Dry-Skin-Types/train/normal/normal_2161c5548d51fbe98f12_jpg.rf.8ef7c46a02cc253af302df565ea9f26b.jpg,kaggle_oily_dry_normal,normal,normal,772670013e960f910584203a6892074f79b19badeb60db5d4f028a122a696d71,train,data/processed/train/normal/772670013e960f91_00547.jpg
kaggle_oily_dry_normal/Oily-Dry-Skin-Types/train/normal/normal_58e8c3ea1cca89fa0ff5_jpg.rf.74d2466ba49007646fea6b71752045fd.jpg,kaggle_oily_dry_normal,normal,normal,0beb826cd74ef66b7a45e1d2654aaeffda7845580818900cb09a4e59b4e92c1e,train,data/processed/train/normal/0beb826cd74ef66b_00548.jpg
kaggle_oily_dry_normal/Oily-Dry-Skin-Types/train/normal/normal_47db80325c6325e79b83_jpg.rf.2b98584e843f05ab15154aaba27e5291.jpg,kaggle_oily_dry_normal,normal,normal,d328737d2117c598a338b2fef40c3bfe3db22234cf42dfbd4760eeae61d48fb6,train,data/processed/train/normal/d328737d2117c598_00549.jpg
kaggle_oily_dry_normal/Oily-Dry-Skin-Types/train/normal/normal_cd8a9c50a2856519fbf7_jpg.rf.290fd374ef492d1eb6bc0d56e1b90b06.jpg,kaggle_oily_dry_normal,normal,normal,b28c060800554cddf7059dc50a172488c375b94476f99a87fb7244f629f900cf,train,data/processed/train/normal/b28c060800554cdd_00550.jpg
kaggle_oily_dry_normal/Oily-Dry-Skin-Types/test/normal/normal_7ff77312accb697b01a0_jpg.rf.52d5c08ab6c467088f2a3d70dd7b7dda.jpg,kaggle_oily_dry_normal,normal,normal,89720d8e7efaa231c4bb1ba7f6d83396253d53f30a58a3d1906e90063d1e65a0,train,data/processed/train/normal/89720d8e7efaa231_00551.jpg
kaggle_oily_dry_normal/Oily-Dry-Skin-Types/train/normal/normal_d16c915d344dfd8bab99_jpg.rf.2a0641533d5943bb4082f75c04e4ffba.jpg,kaggle_oily_dry_normal,normal,normal,6ef8585cf2ce63c87f62694b0f8fa22e06244e25177a70aed730f43adf6f3840,train,data/processed/train/normal/6ef8585cf2ce63c8_00552.jpg
kaggle_oily_dry_normal/Oily-Dry-Skin-Types/train/normal/normal_9260278322f4457c4213_jpg.rf.6aba1d3898746c630bc8ca24d79ec287.jpg,kaggle_oily_dry_normal,normal,normal,10df4b5ac750733439bc8e2c29fee0b41f35aa06c6d3ecb5e22df498c991705e,train,data/processed/train/normal/10df4b5ac7507334_00553.jpg
kaggle_oily_dry_normal/Oily-Dry-Skin-Types/train/normal/normal_37a7fa4900efa017a891_jpg.rf.a4125ceb72694ddbc721c05138836b59.jpg,kaggle_oily_dry_normal,normal,normal,cb24a94315e183c9bdeeb26c5c6e329df26712a78d38698c90faa3d9785fb6de,train,data/processed/train/normal/cb24a94315e183c9_00554.jpg
kaggle_oily_dry_normal/Oily-Dry-Skin-Types/train/normal/normal_ba98cc9f23859ec92691_jpg.rf.1bcd5922352b48eadb738d1fcbb3b935.jpg,kaggle_oily_dry_normal,normal,normal,862c75987d6f8e632f72cf07a1c8bae53d9711e0cb322fbfdba281a80a355618,train,data/processed/train/normal/862c75987d6f8e63_00555.jpg
kaggle_oily_dry_normal/Oily-Dry-Skin-Types/train/normal/normal_6bc6b15647a02e966eae_jpg.rf.d39acf03af213f94afe23ad61e2bc7c4.jpg,kaggle_oily_dry_normal,normal,normal,1deea20ba444dd833de8e43739df7453976661d98e4904fa1f31e38544114340,train,data/processed/train/normal/1deea20ba444dd83_00556.jpg
kaggle_oily_dry_normal/Oily-Dry-Skin-Types/train/normal/normal_2e307d6b20b67c08c7e9_jpg.rf.d04227188338542b2555af417879adc1.jpg,kaggle_oily_dry_normal,normal,normal,4c6ad99d03950cb3a942b8cca499f099299bec0a9fb08d500f61a118d12b9ded,train,data/processed/train/normal/4c6ad99d03950cb3_00557.jpg
kaggle_oily_dry_normal/Oily-Dry-Skin-Types/train/normal/normal_f80f8798140564e4a5d5_jpg.rf.ef1165124845e87554abec24ca110b70.jpg,kaggle_oily_dry_normal,normal,normal,69409b14b37017cc114219f23b4ac27d4ef38d45cae745d3367f1c82a665f024,train,data/processed/train/normal/69409b14b37017cc_00558.jpg
kaggle_oily_dry_normal/Oily-Dry-Skin-Types/train/normal/normal_bda5b26d17df093930d3_jpg.rf.aac74fc902f1a66d770ec08dcdda8242.jpg,kaggle_oily_dry_normal,normal,normal,4e496970c57cb6c88797c58c02b0fb221a91a3684c86612bf7e78be849098fb7,train,data/processed/train/normal/4e496970c57cb6c8_00559.jpg
kaggle_oily_dry_normal/Oily-Dry-Skin-Types/train/normal/normal_d0acd91ff9bba279fe59_jpg.rf.ed1edf773a06b643ae6558154cca497d.jpg,kaggle_oily_dry_normal,normal,normal,e64a6b6eb15980b2441d23c313ea80ee39b4d1c0c3018ea7a23b678407896dea,train,data/processed/train/normal/e64a6b6eb15980b2_00560.jpg
kaggle_oily_dry_normal/Oily-Dry-Skin-Types/train/normal/normal_3bda8303158246844aeb_jpg.rf.08d9ae53e67532aee677c3b5015ada6c.jpg,kaggle_oily_dry_normal,normal,normal,7ae78604c509852077299f15a206b0ba3ea28a56ae25229d43a64a2bfb7a0930,train,data/processed/train/normal/7ae78604c5098520_00561.jpg
kaggle_oily_dry_normal/Oily-Dry-Skin-Types/train/normal/normal_4c62804c20121c2d2c51_jpg.rf.8b0ba799c2668231ad0e42525b125ba1.jpg,kaggle_oily_dry_normal,normal,normal,b446fe2aed90f2700ac47741acacb4ba671066e115ef66165ed9adfd313ddbd9,train,data/processed/train/normal/b446fe2aed90f270_00562.jpg
kaggle_oily_dry_normal/Oily-Dry-Skin-Types/train/normal/normal_f6a0e6f28b2f71426c22_jpg.rf.bbd4ae20f70905d7841ceb5d350c2206.jpg,kaggle_oily_dry_normal,normal,normal,c3f0da08bb2a6b9a07ce42064f329cdf938cbd954ac563a7f2a4ac4509109d07,train,data/processed/train/normal/c3f0da08bb2a6b9a_00563.jpg
kaggle_oily_dry_normal/Oily-Dry-Skin-Types/train/normal/normal_c35e8cd457b0201dc14e_jpg.rf.bb438ae8964b9b9bf0e8f28e2a64b1fa.jpg,kaggle_oily_dry_normal,normal,normal,e7359b5acfa43d1d13de508284a05770dbc3ff7d3f5108f26b46d612a229f989,train,data/processed/train/normal/e7359b5acfa43d1d_00564.jpg
kaggle_oily_dry_normal/Oily-Dry-Skin-Types/train/normal/normal_55135ccf4415acdde54d_jpg.rf.32d13f4f8f7816ed420c885799b5f4a5.jpg,kaggle_oily_dry_normal,normal,normal,0d22e2494001676bd75ba9ab2d0f5654b6323f0dd67ff503e45a57c2efbf0e51,train,data/processed/train/normal/0d22e2494001676b_00565.jpg
kaggle_oily_dry_normal/Oily-Dry-Skin-Types/test/normal/normal_60b2d2a498b61adb9d6f_jpg.rf.2cafbf04a008f8586c6743aa43fa99ba.jpg,kaggle_oily_dry_normal,normal,normal,c58affce4caecb8d3d1744880ed7cbc3a2cff90cbf08fa3ebedca7af79903335,train,data/processed/train/normal/c58affce4caecb8d_00566.jpg
kaggle_oily_dry_normal/Oily-Dry-Skin-Types/train/normal/normal_55cf645eafe794c903e9_jpg.rf.4ff9267df11e590ebbe429b4850ea78a.jpg,kaggle_oily_dry_normal,normal,normal,662002608dad6e2c4323d3eef6969509fd882fad8b20ba7e388b32fff5410680,train,data/processed/train/normal/662002608dad6e2c_00567.jpg
kaggle_oily_dry_normal/Oily-Dry-Skin-Types/train/normal/normal_dddca2ebb807f1aee9da_jpg.rf.53e0a79b59065f49e00a54d6a8aa0078.jpg,kaggle_oily_dry_normal,normal,normal,6bce6c0721177e79ec1728b27d8351503a49d13299a26f444c47538f59dafed5,train,data/processed/train/normal/6bce6c0721177e79_00568.jpg
kaggle_oily_dry_normal/Oily-Dry-Skin-Types/train/normal/normal_270c32b0ec726d2e1430_jpg.rf.41af8e31d4a907c45acee15d4df9b8c6.jpg,kaggle_oily_dry_normal,normal,normal,2d0047df0479c934daf785412ffc9e9ec861b9492146387f54048da08115a575,train,data/processed/train/normal/2d0047df0479c934_00569.jpg
kaggle_oily_dry_normal/Oily-Dry-Skin-Types/train/normal/normal_037d2ca54ba52d645ffd_jpg.rf.016e1005eb3c7f53d5d517068a9912b5.jpg,kaggle_oily_dry_normal,normal,normal,1f5cd6a4ad6fd3dcaa299c81c2ff76fe0b7b50bcb8742a8e99ff4291cbf094cb,train,data/processed/train/normal/1f5cd6a4ad6fd3dc_00570.jpg
kaggle_oily_dry_normal/Oily-Dry-Skin-Types/train/normal/normal_5db2cb8cae559419e425_jpg.rf.a66dedc9c1043cf091de1a633bf9bb01.jpg,kaggle_oily_dry_normal,normal,normal,bf81abe500b1d193a1f7e6f72f108c0a5e9c76707e356ae6cf9b81c25ecf4378,train,data/processed/train/normal/bf81abe500b1d193_00571.jpg
kaggle_oily_dry_normal/Oily-Dry-Skin-Types/train/normal/normal_675200f61b7286c00d58_jpg.rf.33ca1cffebf24220e0106354df114198.jpg,kaggle_oily_dry_normal,normal,normal,592851c7a843095a8e256defaa9533477a4fc841dc056e25d739a954569552b6,train,data/processed/train/normal/592851c7a843095a_00572.jpg
kaggle_oily_dry_normal/Oily-Dry-Skin-Types/train/normal/normal_c74c2a0dbee681e9fbec_jpg.rf.f9368f71dfdde376eff77cb0bf930cea.jpg,kaggle_oily_dry_normal,normal,normal,0ce618309e5c9628df71c0d6c77a38c8437aaa4e6530ef1f23e95381ee17a0ff,train,data/processed/train/normal/0ce618309e5c9628_00573.jpg
kaggle_oily_dry_normal/Oily-Dry-Skin-Types/train/normal/normal_dc4e275a5b01195e52d5_jpg.rf.cd4de6063e74c3ce10b0a50902f3a288.jpg,kaggle_oily_dry_normal,normal,normal,bbca90fc0bf545c6667fd851b4d84ca3aa93fb5b14e23d8993b73d93ee173552,train,data/processed/train/normal/bbca90fc0bf545c6_00574.jpg
kaggle_oily_dry_normal/Oily-Dry-Skin-Types/train/normal/normal_5ab2ed48ce77534ffe04_jpg.rf.ec048958e5d234b32c564211b17ac79e.jpg,kaggle_oily_dry_normal,normal,normal,03954b1643d1d1d6baa792eea5f30d4eb23af313ebd2171883bd553539f10973,train,data/processed/train/normal/03954b1643d1d1d6_00575.jpg
kaggle_oily_dry_normal/Oily-Dry-Skin-Types/train/normal/normal_84f920d410c87af4f56b_jpg.rf.721a4065a5d015891a506c00c3bec210.jpg,kaggle_oily_dry_normal,normal,normal,2838879c839e761928a3da1794030375e527eb82ea1b24218302bdb18b962cdb,train,data/processed/train/normal/2838879c839e7619_00576.jpg
kaggle_oily_dry_normal/Oily-Dry-Skin-Types/valid/normal/normal_1ca5a01050e738346691_jpg.rf.30b6a231573fa155908e328c69ac7f84.jpg,kaggle_oily_dry_normal,normal,normal,727efdfd9bd44593d3e2259d69f981b2c29084d66e3c3676906ba51a7ab5fe90,train,data/processed/train/normal/727efdfd9bd44593_00577.jpg
kaggle_oily_dry_normal/Oily-Dry-Skin-Types/train/normal/normal_e3c1fbdd764bbadf6b1c_jpg.rf.7b290f6c5e4f9de74e32f12b121a091e.jpg,kaggle_oily_dry_normal,normal,normal,8bec84a80748cf7de5068c9981265854a80bd9e650dfe1d6398a1c49b49ad3e1,train,data/processed/train/normal/8bec84a80748cf7d_00578.jpg
kaggle_oily_dry_normal/Oily-Dry-Skin-Types/train/normal/normal_1f10f0c44b63fd869df6_jpg.rf.6fa75e640350a5ca9e5a58ad2c4b6206.jpg,kaggle_oily_dry_normal,normal,normal,99d8ac0bda24356d6eb25c52b364f5d4a2598a222e5e4703c6d50c410ff31d55,train,data/processed/train/normal/99d8ac0bda24356d_00579.jpg
kaggle_oily_dry_normal/Oily-Dry-Skin-Types/train/normal/normal_55638ebccb8d3fca5496_jpg.rf.186a73c181b4193adc0743ef7b4169dc.jpg,kaggle_oily_dry_normal,normal,normal,55321431e4e3a5282eaef9cfa5c6918cd49b950cd652e03cb2eb594d96583100,train,data/processed/train/normal/55321431e4e3a528_00580.jpg
kaggle_oily_dry_normal/Oily-Dry-Skin-Types/train/normal/normal_300b68ce0aa2c9cf3fcc_jpg.rf.8171c754de0f9ec4735954003ebe025e.jpg,kaggle_oily_dry_normal,normal,normal,4864dad4da2969c487c29404e52c5ff7018fb5420ebff2d8c28d8fe357363939,train,data/processed/train/normal/4864dad4da2969c4_00581.jpg
kaggle_oily_dry_normal/Oily-Dry-Skin-Types/train/normal/normal_1bdde913d38d09d13345_jpg.rf.98ad3b9a9aec2377556a15d10fb8e8b2.jpg,kaggle_oily_dry_normal,normal,normal,bbe90e1f9e8f8399bacd60ccb2a917c4f4883f3387b5ecc0379ba61fece0ab67,train,data/processed/train/normal/bbe90e1f9e8f8399_00582.jpg
kaggle_oily_dry_normal/Oily-Dry-Skin-Types/train/normal/normal_f0c1c49e2bcf308b3899_jpg.rf.fb69fa5f2c8771ac048fc1b91084f81a.jpg,kaggle_oily_dry_normal,normal,normal,757e57331ed783c94da59d87d0731bfc62fbffbe982f778717aef6da8393235e,train,data/processed/train/normal/757e57331ed783c9_00583.jpg
kaggle_oily_dry_normal/Oily-Dry-Skin-Types/train/normal/normal_e9f97257c4a8f6423bda_jpg.rf.6cd8fea7e89029070ff77787c5a09d00.jpg,kaggle_oily_dry_normal,normal,normal,892b62084917427293ce891e2ee0e983778507f2868fd300dfba8b2f0cfc93cf,train,data/processed/train/normal/892b620849174272_00584.jpg
kaggle_oily_dry_normal/Oily-Dry-Skin-Types/train/normal/normal_d2ea2eccc43abb6d1083_jpg.rf.9f51ac597bfcaa872db91f45164dcc9a.jpg,kaggle_oily_dry_normal,normal,normal,244e5185ea7b08fe3aa22784beff6e2399e0763bc742df5d5d5e5a4f86298817,train,data/processed/train/normal/244e5185ea7b08fe_00585.jpg
kaggle_oily_dry_normal/Oily-Dry-Skin-Types/train/normal/normal_fc213ee2c112e65b405e_jpg.rf.f54bccd7f0b363b931a0de1606aba113.jpg,kaggle_oily_dry_normal,normal,normal,4af1e661e4cce34812b4dbd473a81d22a28f596136df4b9ad927278fca22bb90,train,data/processed/train/normal/4af1e661e4cce348_00586.jpg
kaggle_oily_dry_normal/Oily-Dry-Skin-Types/valid/normal/normal_dd08f970aafdc35c0def_jpg.rf.baf2034b38079653145e2800af010881.jpg,kaggle_oily_dry_normal,normal,normal,212179d3e7590358d3ac675885e48156d9f554e860329174bf0e465833574291,train,data/processed/train/normal/212179d3e7590358_00587.jpg
kaggle_oily_dry_normal/Oily-Dry-Skin-Types/train/normal/normal_d8d07405277570c1f5a3_jpg.rf.df73c4e9978b27ec24fc96247213462e.jpg,kaggle_oily_dry_normal,normal,normal,9dd73c7e442a847c977696d0e76db9f7971fd1420e2ebf88d540b9b2fc3ff342,train,data/processed/train/normal/9dd73c7e442a847c_00588.jpg
kaggle_oily_dry_normal/Oily-Dry-Skin-Types/valid/normal/normal_0a9edb9b8d838a784d63_jpg.rf.3b952674085f0491d6ee6e6a5eaae09a.jpg,kaggle_oily_dry_normal,normal,normal,014d42f92a23ab7a7cae8468ac9e130021e77f01a77bde34f948db73c87fde39,train,data/processed/train/normal/014d42f92a23ab7a_00589.jpg
kaggle_oily_dry_normal/Oily-Dry-Skin-Types/train/normal/normal_e68892691826c6f76b5d_jpg.rf.bc0c7113f0d6b64176cfa99c17b0eb67.jpg,kaggle_oily_dry_normal,normal,normal,702cfaddb34dbe8e3b1b5bfb20c258521b812a9f7f58e812092be052b4d2b165,train,data/processed/train/normal/702cfaddb34dbe8e_00590.jpg
kaggle_oily_dry_normal/Oily-Dry-Skin-Types/train/normal/normal_059b3e437854f2087e1c_jpg.rf.2eb7ff24881b197d408687a9a2c9e9da.jpg,kaggle_oily_dry_normal,normal,normal,3bb9cec18ad2958df92a8a63fc040c52d93a9d388b77c47e7be2b945930c0098,train,data/processed/train/normal/3bb9cec18ad2958d_00591.jpg
kaggle_oily_dry_normal/Oily-Dry-Skin-Types/train/normal/normal_6168f97dfccf83a30d1d_jpg.rf.f119fbb6757f450df6d539bdfcd45be9.jpg,kaggle_oily_dry_normal,normal,normal,09e9dd876edcd4e70dfd3ac2785c3e55a8bda18008f8e343c92bcb0430ea4548,train,data/processed/train/normal/09e9dd876edcd4e7_00592.jpg
kaggle_oily_dry_normal/Oily-Dry-Skin-Types/train/normal/normal_385fa27e0c389c2a6ceb_jpg.rf.405d9deb017aa99736a12b95b8b9bfad.jpg,kaggle_oily_dry_normal,normal,normal,302aa9affaa82880c33f60fd501601cac7abff14422fc14458edd2acb632419b,train,data/processed/train/normal/302aa9affaa82880_00593.jpg
kaggle_oily_dry_normal/Oily-Dry-Skin-Types/train/normal/normal_bb2f7ae7c989534cdb84_jpg.rf.a31f61d426d5174095229757cb213d42.jpg,kaggle_oily_dry_normal,normal,normal,e96175af50d9990bf42dc8ae120cb0f299254a51f873f7b01809bd4221a55982,train,data/processed/train/normal/e96175af50d9990b_00594.jpg
kaggle_oily_dry_normal/Oily-Dry-Skin-Types/train/normal/normal_6b4bad064e81a24528dc_jpg.rf.f56cfd0879395d43c333ec417ce0134b.jpg,kaggle_oily_dry_normal,normal,normal,bd8d2a68b2c25838490974efcba7c1cb940bc2f319e41bdf3fb545a271ccff75,train,data/processed/train/normal/bd8d2a68b2c25838_00595.jpg
kaggle_oily_dry_normal/Oily-Dry-Skin-Types/train/normal/normal_78fd434114782dfc80dd_jpg.rf.d941c1f86b245d8be373bf9894525d64.jpg,kaggle_oily_dry_normal,normal,normal,0f7087448964121e8f309657b64e5700c4abfe014ac614e64fc622397e84ab0d,train,data/processed/train/normal/0f7087448964121e_00596.jpg
kaggle_oily_dry_normal/Oily-Dry-Skin-Types/train/normal/normal_cd8a9c50a2856519fbf7_jpg.rf.bc0299c77c9e9890e229163d9c639a77.jpg,kaggle_oily_dry_normal,normal,normal,f58d0e4e36d3721b464836df2649214838471f4fbaac5fbb6a8595ea62162f4b,train,data/processed/train/normal/f58d0e4e36d3721b_00597.jpg
kaggle_oily_dry_normal/Oily-Dry-Skin-Types/train/normal/normal_33c3bc4d797f2d264373_jpg.rf.68518bdceafe7b3a0f53d8dcc027ecdc.jpg,kaggle_oily_dry_normal,normal,normal,9c5ef4bafdd30bc5cef0e5a98dfd19b19b9c7397144fa9373e561851b87503f3,train,data/processed/train/normal/9c5ef4bafdd30bc5_00598.jpg
kaggle_oily_dry_normal/Oily-Dry-Skin-Types/train/normal/normal_34d12e7668f49d05c74b_jpg.rf.29acf8b73723d91ccdc5a70a5eb3c5b1.jpg,kaggle_oily_dry_normal,normal,normal,c51a33bcb5d4ae049e291e61177ecffd11e40b0f649adb54e6cbea96e7dc5e74,train,data/processed/train/normal/c51a33bcb5d4ae04_00599.jpg
kaggle_oily_dry_normal/Oily-Dry-Skin-Types/train/normal/normal_e98be4fc2b8ef9238738_jpg.rf.539c05b55befa1fefd1252d3adde9b37.jpg,kaggle_oily_dry_normal,normal,normal,c2040294cd2067f1c6ea7f08aefba7e1c6e41925feee91c5ca5c9290f0a2d2ce,train,data/processed/train/normal/c2040294cd2067f1_00600.jpg
kaggle_oily_dry_normal/Oily-Dry-Skin-Types/train/normal/normal_b72bc763f853e42ad6dd_jpg.rf.69b60f4471b230aa6809e4122de11e1e.jpg,kaggle_oily_dry_normal,normal,normal,19478892e3e0e6d6369c99a004d44bac7b6b67bd5687503cc51d9b54034ff88f,train,data/processed/train/normal/19478892e3e0e6d6_00601.jpg
kaggle_oily_dry_normal/Oily-Dry-Skin-Types/train/normal/normal_212fabdde59ac31c5abc_jpg.rf.989d8418f1e1159367ab0c72a819d4a7.jpg,kaggle_oily_dry_normal,normal,normal,81e92ae223ba9b42df7d1759d35e06caff7ffc7e574502fbe70b120a83b28113,train,data/processed/train/normal/81e92ae223ba9b42_00602.jpg
kaggle_oily_dry_normal/Oily-Dry-Skin-Types/train/normal/normal_622d0e878e2bfe41ee88_jpg.rf.c598c9acadc5c98b076dcf00893984f0.jpg,kaggle_oily_dry_normal,normal,normal,49839da2755d3fb0046ceb148e3fcfeecbb6740b372934de8f51a017456d9902,train,data/processed/train/normal/49839da2755d3fb0_00603.jpg
kaggle_oily_dry_normal/Oily-Dry-Skin-Types/train/normal/normal_d2ea2eccc43abb6d1083_jpg.rf.d34779b300f59ee06bbe23966b299cde.jpg,kaggle_oily_dry_normal,normal,normal,58f6a1c1aad90c900097f7508ae920c6661f7e261802cd2cdebec6755bd82e9a,train,data/processed/train/normal/58f6a1c1aad90c90_00604.jpg
kaggle_oily_dry_normal/Oily-Dry-Skin-Types/train/normal/normal_5f2fd3ae2522148d8668_jpg.rf.c15e3d88bddfb38575538baa9cdce360.jpg,kaggle_oily_dry_normal,normal,normal,d4dc636b3c41dc80f86156fda6faceff3c17abf599d67b3c46b1389f7d2759a7,train,data/processed/train/normal/d4dc636b3c41dc80_00605.jpg
kaggle_oily_dry_normal/Oily-Dry-Skin-Types/train/normal/normal_73f240a2b213ce4058ab_jpg.rf.99b672cbe5593f0ac4261f23e56c3905.jpg,kaggle_oily_dry_normal,normal,normal,5d52227f66f92f3092c51bb2df5cc9b2e668132916234872af165d2f2931393a,train,data/processed/train/normal/5d52227f66f92f30_00606.jpg
kaggle_oily_dry_normal/Oily-Dry-Skin-Types/train/normal/normal_d3d7caa27063f5aa17f2_jpg.rf.05fc749cfd00126e799b709534556ebf.jpg,kaggle_oily_dry_normal,normal,normal,d1c34f3f77a0c77f3c9e4ebfc00ef028c7f81ca2d8fd4c5fc1e4d550dab70a1a,train,data/processed/train/normal/d1c34f3f77a0c77f_00607.jpg
kaggle_oily_dry_normal/Oily-Dry-Skin-Types/train/normal/normal_3f846577227d6b4666ea_jpg.rf.ac635bd1c006ce54ea19db2fc9cc15f6.jpg,kaggle_oily_dry_normal,normal,normal,2fbaeecad8237763f94629a62004cd5fa30e26f0480bcaa2c2040b3050eb283c,train,data/processed/train/normal/2fbaeecad8237763_00608.jpg
kaggle_oily_dry_normal/Oily-Dry-Skin-Types/train/normal/normal_7d2066296c3beea3579a_jpg.rf.578d9e0565265a9b42d9e4ec1c9b19f5.jpg,kaggle_oily_dry_normal,normal,normal,add9a6043e2289c8796ffcaf54044f557c06424f236a125c328bdf393668b2c6,train,data/processed/train/normal/add9a6043e2289c8_00609.jpg
kaggle_oily_dry_normal/Oily-Dry-Skin-Types/train/normal/normal_c2c01f0573b6c9be7a77_jpg.rf.baa9e49b5d42968d1ab7c951e070f260.jpg,kaggle_oily_dry_normal,normal,normal,12d8156e838a431ad559231f0dd8b812b29f16b98a0a0ba51445e23069bb8747,train,data/processed/train/normal/12d8156e838a431a_00610.jpg
kaggle_oily_dry_normal/Oily-Dry-Skin-Types/train/normal/normal_83a49f0ec50925b64e1a_jpg.rf.f91941ccd5962e39a9c66097706295c1.jpg,kaggle_oily_dry_normal,normal,normal,c610d91d44bc4df05508e23d526809a7bade3f065ff94cdcc673df8a106eef83,train,data/processed/train/normal/c610d91d44bc4df0_00611.jpg
kaggle_oily_dry_normal/Oily-Dry-Skin-Types/train/normal/normal_155c38bb99d47fcf51a3_jpg.rf.12a76b5d886368e8f3ae90c78c29b445.jpg,kaggle_oily_dry_normal,normal,normal,81be47eb7d95916c7646b6277c53e87bb789bbfb92d08bf6c5a9c41d44852f0b,train,data/processed/train/normal/81be47eb7d95916c_00612.jpg
kaggle_oily_dry_normal/Oily-Dry-Skin-Types/train/normal/normal_63627fb9ede3ae725326_jpg.rf.481cefa7e866be9f6b2677aec053fe81.jpg,kaggle_oily_dry_normal,normal,normal,5e9a89b8a745829e86a88665b711e7b939eaadf5abf5df7298b264aaddb4a4f8,train,data/processed/train/normal/5e9a89b8a745829e_00613.jpg
kaggle_oily_dry_normal/Oily-Dry-Skin-Types/train/normal/normal_0f9063e1e7e2a8c4342e_jpg.rf.0bd3a8e268cefbad286c11e079241c0d.jpg,kaggle_oily_dry_normal,normal,normal,003f81b3e5995662c94e914ec8ac1db5bc718bdc0d42efe43ee07bf491b50bd0,train,data/processed/train/normal/003f81b3e5995662_00614.jpg
kaggle_oily_dry_normal/Oily-Dry-Skin-Types/train/normal/normal_a626496076bdbaf2cdc4_jpg.rf.2649e2334d69601a2a8e52dadf2c6079.jpg,kaggle_oily_dry_normal,normal,normal,35205866e8fcd8fdabc624b654e3e175d2a8f470076c8535b390d29afc1ae6aa,train,data/processed/train/normal/35205866e8fcd8fd_00615.jpg
kaggle_oily_dry_normal/Oily-Dry-Skin-Types/train/normal/normal_7d00a675b9fabb9780d8_jpg.rf.e12405e945888416d81443569f50c6ee.jpg,kaggle_oily_dry_normal,normal,normal,9316dc9a0089f56035be22464661a7b43c4f6a2a2ac8264d7b883cd528194938,train,data/processed/train/normal/9316dc9a0089f560_00616.jpg
kaggle_oily_dry_normal/Oily-Dry-Skin-Types/train/normal/normal_c73cdb0a196e20b724a1_jpg.rf.24ec3112b4757ba30494346c7bbf5c4c.jpg,kaggle_oily_dry_normal,normal,normal,ecaaaef0651cb01dd271ad764bcdb485245cbbf152d068631ee83b7426239502,train,data/processed/train/normal/ecaaaef0651cb01d_00617.jpg
kaggle_oily_dry_normal/Oily-Dry-Skin-Types/train/normal/normal_64d318b3eb1370b5f9b1_jpg.rf.fda57fa3f4f4145c697f1a0fc6330555.jpg,kaggle_oily_dry_normal,normal,normal,280b3ab26315eb8caa1df4d247f859a25ad59ca8c4b94ee93ca21bdf8d978021,train,data/processed/train/normal/280b3ab26315eb8c_00618.jpg
kaggle_oily_dry_normal/Oily-Dry-Skin-Types/train/normal/normal_78931a468807a5e77d78_jpg.rf.e08eed0df698f26a8af10188736dba03.jpg,kaggle_oily_dry_normal,normal,normal,f8aebabee4d640a66e744acd2e543c4afc07c891daa1aa8158895e503893d98c,train,data/processed/train/normal/f8aebabee4d640a6_00619.jpg
kaggle_oily_dry_normal/Oily-Dry-Skin-Types/train/normal/normal_23978c64f7d9bf3eccc5_jpg.rf.065631b9e39739c2ba9504e7be16d9e5.jpg,kaggle_oily_dry_normal,normal,normal,7cd9148c7fe1dd713155d57055a76b05b999f7417b05e5fc997e03c3013eb42b,train,data/processed/train/normal/7cd9148c7fe1dd71_00620.jpg
kaggle_oily_dry_normal/Oily-Dry-Skin-Types/train/normal/normal_fe5a0f30a5092c6b020a_jpg.rf.b1af38b221f6d5e0eaeb2e9b607f8bab.jpg,kaggle_oily_dry_normal,normal,normal,db6e3f35738433d1aa83a1b6931b1d9d0df50d1f54adbfd63494550b8d0c34c0,train,data/processed/train/normal/db6e3f35738433d1_00621.jpg
kaggle_oily_dry_normal/Oily-Dry-Skin-Types/valid/normal/normal_09645cff8c329b057214_jpg.rf.9b5253db3d42a6f8adda60ce8dad5de8.jpg,kaggle_oily_dry_normal,normal,normal,25ef4b6dd693298bd1dbcc59ca3de0ce96543c4b623520df59a4ac71b822bff6,train,data/processed/train/normal/25ef4b6dd693298b_00622.jpg
kaggle_oily_dry_normal/Oily-Dry-Skin-Types/train/normal/normal_ae885e6881817fd1412a_jpg.rf.b4c804dd49c506aa323258feed3a11a0.jpg,kaggle_oily_dry_normal,normal,normal,9b165e543aa85f6761741792528113d04e04c79f634a834561ef0dda4b516b5a,train,data/processed/train/normal/9b165e543aa85f67_00623.jpg
kaggle_oily_dry_normal/Oily-Dry-Skin-Types/test/normal/normal_23237bcf7c12d6380131_jpg.rf.1499906a5cc05784d64b06673ea4ca84.jpg,kaggle_oily_dry_normal,normal,normal,982e1696914a05fba3fa0b09b5912a71d2d821df76f5d7101696715cf834525c,train,data/processed/train/normal/982e1696914a05fb_00624.jpg
kaggle_oily_dry_normal/Oily-Dry-Skin-Types/valid/normal/normal_2d47636650b3940cc852_jpg.rf.4b160f8c9b3a5432025379dd20700f57.jpg,kaggle_oily_dry_normal,normal,normal,c7763c31b9fead5ffd95823084e11973d22b3b54cc232cc673d42c6215c39160,train,data/processed/train/normal/c7763c31b9fead5f_00625.jpg
kaggle_oily_dry_normal/Oily-Dry-Skin-Types/train/normal/normal_334f4043a8022c3c91e1_jpg.rf.38eb42c486acb8e35ab59f5cf9f478e4.jpg,kaggle_oily_dry_normal,normal,normal,c2b98e9dbd405f452e043e440c2f962b9d2fb57843931cbcbadc15ab82ec1cdf,train,data/processed/train/normal/c2b98e9dbd405f45_00626.jpg
kaggle_oily_dry_normal/Oily-Dry-Skin-Types/train/normal/normal_98257f981d1e9bd04395_jpg.rf.35888bee69fb03b9fd7afefe0f4744f4.jpg,kaggle_oily_dry_normal,normal,normal,2890d995f0a3e21f4ec5f784fd7c4c2579345f07fdff689a5324c73b8726e1dc,train,data/processed/train/normal/2890d995f0a3e21f_00627.jpg
kaggle_oily_dry_normal/Oily-Dry-Skin-Types/train/normal/normal_71eaeb8fda354ab5e269_jpg.rf.0f4375fd104f2cda77f4cdc704615a06.jpg,kaggle_oily_dry_normal,normal,normal,b1de4a4d5fd33d169ec4cf4fbc5a47ede9bbe7d13ecef851a4eb33af726dbe25,train,data/processed/train/normal/b1de4a4d5fd33d16_00628.jpg
kaggle_oily_dry_normal/Oily-Dry-Skin-Types/valid/normal/normal_90f6914dff65b5795709_jpg.rf.aaa6b15e132d10d5a1bc05723c4ddb99.jpg,kaggle_oily_dry_normal,normal,normal,ce5cc4fe9531d861418eb263584cb4564e2fe74737ce7398db4d889ba1041578,train,data/processed/train/normal/ce5cc4fe9531d861_00629.jpg
kaggle_oily_dry_normal/Oily-Dry-Skin-Types/train/normal/normal_25ddbf87b35ca454a2d3_jpg.rf.7261788d8b7ea35892aec3761c2434d0.jpg,kaggle_oily_dry_normal,normal,normal,7f9be80601d939c2b7161a13779e9f57dd5faf8af1dc57725e4a9e43f59b7dfb,train,data/processed/train/normal/7f9be80601d939c2_00630.jpg
kaggle_oily_dry_normal/Oily-Dry-Skin-Types/train/normal/normal_80912083ac9d5c3874f8_jpg.rf.0ba1113190256ce9256a8d6388b864d7.jpg,kaggle_oily_dry_normal,normal,normal,bc8894b1980ddc6c4be6b78d4d68dd626860d4e4aed0b9e4c8243e9a50e56ec6,train,data/processed/train/normal/bc8894b1980ddc6c_00631.jpg
kaggle_oily_dry_normal/Oily-Dry-Skin-Types/train/normal/normal_5b626497d5584e6934f7_jpg.rf.2f2cbbb39d12660e0829db1ecf383f41.jpg,kaggle_oily_dry_normal,normal,normal,b40a896f17e950dfa80b41551eb71f72221cb4a4957efbb05294ece7b7b30136,train,data/processed/train/normal/b40a896f17e950df_00632.jpg
kaggle_oily_dry_normal/Oily-Dry-Skin-Types/valid/normal/normal_7bbebe98ccce18ab3b07_jpg.rf.9e4037c80eaafa9715d49194ee1fcbc4.jpg,kaggle_oily_dry_normal,normal,normal,5dc00b511921d9cfbc23c94f38cbdf0d504d9ce27b1ef2ad08130694eea8d399,train,data/processed/train/normal/5dc00b511921d9cf_00633.jpg
kaggle_oily_dry_normal/Oily-Dry-Skin-Types/train/normal/normal_b7f9de39ab3390bf0e8b_jpg.rf.9e26550a3f5ff925edc23018bac04cac.jpg,kaggle_oily_dry_normal,normal,normal,acbf71827fe77768ccf094a1e50e6bd04569e411fa7ddd050048a9a8ae03294e,train,data/processed/train/normal/acbf71827fe77768_00634.jpg
kaggle_oily_dry_normal/Oily-Dry-Skin-Types/train/normal/normal_849a47bebcdf4ddcccda_jpg.rf.ad4103a5ccdec7c7779edb4aba6b8f03.jpg,kaggle_oily_dry_normal,normal,normal,da0301bec9553e06804ee96a98d5ef81db369991fa492104e4fb3edf2f5b66a0,train,data/processed/train/normal/da0301bec9553e06_00635.jpg
kaggle_oily_dry_normal/Oily-Dry-Skin-Types/train/normal/normal_67b2651c435aad478c22_jpg.rf.7d6b89f13c32d1611278e6962849168b.jpg,kaggle_oily_dry_normal,normal,normal,d87263e892aef2f525e3930f8c1774621454ff2df746a0af8758c5bb3735bba5,train,data/processed/train/normal/d87263e892aef2f5_00636.jpg
kaggle_oily_dry_normal/Oily-Dry-Skin-Types/train/normal/normal_b2ec517844da2fc59e53_jpg.rf.ec14bd99e679eae46addb301a8f37b4b.jpg,kaggle_oily_dry_normal,normal,normal,e5936b0a00487f0f24256df516b200c30b0e38fd36120e055f18af4fd1419339,train,data/processed/train/normal/e5936b0a00487f0f_00637.jpg
kaggle_oily_dry_normal/Oily-Dry-Skin-Types/test/normal/normal_d3a269d65680b84bab29_jpg.rf.55e66d5428aa9b509e56fc791b10cf2b.jpg,kaggle_oily_dry_normal,normal,normal,11a8cded4b65ac70bc92117f5796c77f89667d8d154bd44e6b5197e8570c15c2,train,data/processed/train/normal/11a8cded4b65ac70_00638.jpg
kaggle_oily_dry_normal/Oily-Dry-Skin-Types/train/normal/normal_a1ec8b6d86e28a74c32c_jpg.rf.a5dd77eaf6688577a52b48790db9fed4.jpg,kaggle_oily_dry_normal,normal,normal,199647be7b59d9e8abb5d8d8c7af3dd1cb2375f6960f0902e1f878289a75cc0a,train,data/processed/train/normal/199647be7b59d9e8_00639.jpg
kaggle_oily_dry_normal/Oily-Dry-Skin-Types/train/normal/normal_181d36931a1998e8fd0b_jpg.rf.6f99e9d56a0103a68838b4e72bbae807.jpg,kaggle_oily_dry_normal,normal,normal,0fc8d682d5a5b55816ef76879dd565906d2b5102ef836a3d8569ca5a5b809958,train,data/processed/train/normal/0fc8d682d5a5b558_00640.jpg
kaggle_oily_dry_normal/Oily-Dry-Skin-Types/train/normal/normal_2672a278d6024a493f58_jpg.rf.2574d0e5e7d02eadf2b6da633aa50c8a.jpg,kaggle_oily_dry_normal,normal,normal,834da932828381be1dfdbe6866328e0cb34a7f780c29ac0e9031d4e1cfeeb62a,train,data/processed/train/normal/834da932828381be_00641.jpg
kaggle_oily_dry_normal/Oily-Dry-Skin-Types/train/normal/normal_2fdf6435fc43ef6bcaca_jpg.rf.5ac77c7fdeac19d2e64ba34b7ff66aab.jpg,kaggle_oily_dry_normal,normal,normal,bc5da217f3107b5d629333a9fb6316d0928cef20bdeebfa9cd74e541ec6a21bf,train,data/processed/train/normal/bc5da217f3107b5d_00642.jpg
kaggle_oily_dry_normal/Oily-Dry-Skin-Types/train/normal/normal_3e9658b0ecfa5b0dc82c_jpg.rf.70b7ce59b09f02c7c7dd7f33c63f0513.jpg,kaggle_oily_dry_normal,normal,normal,287f331f333b9d1777cca447afdad123cabd4e8ac68d2dcae8a91861c24931de,train,data/processed/train/normal/287f331f333b9d17_00643.jpg
kaggle_oily_dry_normal/Oily-Dry-Skin-Types/train/normal/normal_c00989315b44463ff6f2_jpg.rf.e894feaedb853233c23a0e000bd5e1e3.jpg,kaggle_oily_dry_normal,normal,normal,cdbd139fbb0837d12554f27da9ddc95701c2377f65eab299e613c3e2756ff233,train,data/processed/train/normal/cdbd139fbb0837d1_00644.jpg
kaggle_oily_dry_normal/Oily-Dry-Skin-Types/train/normal/normal_d2d3ac234dac7496f459_jpg.rf.62fc6831c3df50ef8c783a7f142dba92.jpg,kaggle_oily_dry_normal,normal,normal,a4223033b8294e96f4c8bae8f31d8bef3b9dc2b4d1eeca5218c4615a79894716,train,data/processed/train/normal/a4223033b8294e96_00645.jpg
kaggle_oily_dry_normal/Oily-Dry-Skin-Types/train/normal/normal_4470a6d0a6609dd83a6a_jpg.rf.a57d1e8981442165d1c8a94bcd53ce1f.jpg,kaggle_oily_dry_normal,normal,normal,31396cb1b780a9a3429f2e7d3108ffefc9f9dc62f117f1a5dbce88231c80515f,train,data/processed/train/normal/31396cb1b780a9a3_00646.jpg
kaggle_oily_dry_normal/Oily-Dry-Skin-Types/train/normal/normal_bf13648450f11b89968f_jpg.rf.509ef9806e4d19a3aa16503299d94e90.jpg,kaggle_oily_dry_normal,normal,normal,b6e54d800562c66e5009dd37a0393fa9db94757dcd4dc26750e7a1a2fab89b53,train,data/processed/train/normal/b6e54d800562c66e_00647.jpg
kaggle_oily_dry_normal/Oily-Dry-Skin-Types/train/normal/normal_882f4f2fc87b22d79d30_jpg.rf.3c4c32c4e1ece7e7e528e1268b675a4d.jpg,kaggle_oily_dry_normal,normal,normal,3dfc7abf49eac060450947b0e8540ac3ce951c95ef8003a002f9793f1536dd0c,train,data/processed/train/normal/3dfc7abf49eac060_00648.jpg
kaggle_oily_dry_normal/Oily-Dry-Skin-Types/train/normal/normal_78931a468807a5e77d78_jpg.rf.958304d5ecc7dafe8d08d801f8a3c4f0.jpg,kaggle_oily_dry_normal,normal,normal,67314575e4fc6cfbb7538b8fc939eda1be27e31901955f094d7bdddea9d2d632,train,data/processed/train/normal/67314575e4fc6cfb_00649.jpg
kaggle_oily_dry_normal/Oily-Dry-Skin-Types/train/normal/normal_395d1bf0d8df796280dd_jpg.rf.8ce58e70b7f88f77c817a8e078a56742.jpg,kaggle_oily_dry_normal,normal,normal,e211817a70a029387d05580db3cd24cdf5a955a76a6a23101b7f5465660e634a,train,data/processed/train/normal/e211817a70a02938_00650.jpg
kaggle_oily_dry_normal/Oily-Dry-Skin-Types/train/normal/normal_068bafa06f1f14ea4bde_jpg.rf.26e1ba4ed00466db2c71c3bc04b80ea3.jpg,kaggle_oily_dry_normal,normal,normal,0db9bc5b97f500e72a59dc9d22c9f30a2997f768fd6392657a6099154ad65349,train,data/processed/train/normal/0db9bc5b97f500e7_00651.jpg
kaggle_oily_dry_normal/Oily-Dry-Skin-Types/train/normal/normal_218165bee3d021844720_jpg.rf.e526fc0b3c527ffae55849d00f398a9e.jpg,kaggle_oily_dry_normal,normal,normal,13eda0c21afe10ecf873e3c2795d97aefb13234b7a837e7897130a0e0d7cc6bb,train,data/processed/train/normal/13eda0c21afe10ec_00652.jpg
kaggle_oily_dry_normal/Oily-Dry-Skin-Types/train/normal/normal_f3bf352c3bdce05b8027_jpg.rf.06bea4ecbc3e25b0a8bfdf5502ce5a4c.jpg,kaggle_oily_dry_normal,normal,normal,e9353a5c258ca1430e15522e28745970b045bd181751395fd49a26335bab3b2a,train,data/processed/train/normal/e9353a5c258ca143_00653.jpg
kaggle_oily_dry_normal/Oily-Dry-Skin-Types/train/normal/normal_954a02e199ebdd644089_jpg.rf.92b4f0b14b714308445229232aeb2bda.jpg,kaggle_oily_dry_normal,normal,normal,4753569914f823b55880ea9614de62f0530087fe5140779d8187f81304dbb168,train,data/processed/train/normal/4753569914f823b5_00654.jpg
kaggle_oily_dry_normal/Oily-Dry-Skin-Types/train/normal/normal_b5c20aec6bced8d3a60a_jpg.rf.fabe3d483743f62f3c956350c0fda095.jpg,kaggle_oily_dry_normal,normal,normal,5099d42a46fdc913b68f4d251652c9b49107b1857d962eaebffaa08495e5c43a,train,data/processed/train/normal/5099d42a46fdc913_00655.jpg
kaggle_oily_dry_normal/Oily-Dry-Skin-Types/train/normal/normal_892c83b2d20dba8ae334_jpg.rf.73b1eaf5f433b6d9ce99af150858b574.jpg,kaggle_oily_dry_normal,normal,normal,490a30c302d2c33dff34d4a68f5a1c3885da7cffd5f1a5be63a2093c2c8dd47f,train,data/processed/train/normal/490a30c302d2c33d_00656.jpg
kaggle_oily_dry_normal/Oily-Dry-Skin-Types/train/normal/normal_aace1cb97aa4d544f375_jpg.rf.7903adcd55a118f8f44879acda19ee5d.jpg,kaggle_oily_dry_normal,normal,normal,53bfb4bb838f5ce5af2898c2f11d83bc5ab555d599ef66bc6fc49ce9f04da437,train,data/processed/train/normal/53bfb4bb838f5ce5_00657.jpg
kaggle_oily_dry_normal/Oily-Dry-Skin-Types/valid/normal/normal_718b78805bc070a270e5_jpg.rf.ca2ca32464c987b30d095cb4a702c6c0.jpg,kaggle_oily_dry_normal,normal,normal,ce6eac3ac0d30490171d82dcc73218dc4a46c620ccd59058fcf7f76c0768a318,train,data/processed/train/normal/ce6eac3ac0d30490_00658.jpg
kaggle_oily_dry_normal/Oily-Dry-Skin-Types/train/normal/normal_421b5972179298063a4c_jpg.rf.5ebd9934fc30c7c6185903faec8b0b4d.jpg,kaggle_oily_dry_normal,normal,normal,e2c5981f040a659dd39a681fb5400f77fda63cee99363c4a4c7900b973e3abe5,train,data/processed/train/normal/e2c5981f040a659d_00659.jpg
kaggle_oily_dry_normal/Oily-Dry-Skin-Types/train/normal/normal_83e6ce8def2d62166f2a_jpg.rf.b47dbcded181fa6cbfaef181c33040ba.jpg,kaggle_oily_dry_normal,normal,normal,80c034e76415c20a5a07e9f7eedec6fae27e9f79f03cadde77c1b69beca3dafb,train,data/processed/train/normal/80c034e76415c20a_00660.jpg
kaggle_oily_dry_normal/Oily-Dry-Skin-Types/train/normal/normal_cac712e6d4ca47ad2efb_jpg.rf.d1a4ad4b3fe9a13c8ad81eee1b1733c4.jpg,kaggle_oily_dry_normal,normal,normal,b4d8e3841078bcd8b3ba9ac7f009bd8c58af2169ef73273a9c1dac980bd1dd32,train,data/processed/train/normal/b4d8e3841078bcd8_00661.jpg
kaggle_oily_dry_normal/Oily-Dry-Skin-Types/train/normal/normal_a813e89de4208863524c_jpg.rf.3948d0942cdd149709b515d1a83c8d42.jpg,kaggle_oily_dry_normal,normal,normal,95a30f187a42e90ffb1e39ef2e64128260778537df0813ddf9146cfe88fe07c2,train,data/processed/train/normal/95a30f187a42e90f_00662.jpg
kaggle_oily_dry_normal/Oily-Dry-Skin-Types/valid/normal/normal_dccc7002e2361020fa78_jpg.rf.6c058e16d3698ac196827a5aff954996.jpg,kaggle_oily_dry_normal,normal,normal,fc8ec3bb6c55cdad703ac7f54b29d7dff7c100be7eb6daedb6c78b1aada550db,train,data/processed/train/normal/fc8ec3bb6c55cdad_00663.jpg
kaggle_oily_dry_normal/Oily-Dry-Skin-Types/train/normal/normal_39a5a0a01f958ee678f7_jpg.rf.1d8d99856025c78565e3b59d65c47d29.jpg,kaggle_oily_dry_normal,normal,normal,f6cc5824528246da5a4ff9541d09d60966e4a3268aee44e761672d958db876d0,train,data/processed/train/normal/f6cc5824528246da_00664.jpg
kaggle_oily_dry_normal/Oily-Dry-Skin-Types/train/normal/normal_3c29dee4c06cd6accced_jpg.rf.064e8b0daab8d7daabeca0783837b127.jpg,kaggle_oily_dry_normal,normal,normal,03c2777e16b91477b7871ada2a65d3266c76f5402c342bf5a592e8e55251984b,train,data/processed/train/normal/03c2777e16b91477_00665.jpg
kaggle_oily_dry_normal/Oily-Dry-Skin-Types/test/normal/normal_0005dc5d1e4f6d3d56e7_jpg.rf.ff8e6e61a5b97e8377c08326ecfa3f32.jpg,kaggle_oily_dry_normal,normal,normal,51e70c5622f8c64f42d0d830bf7e2ac262595f579fd5a18167d090e505db9822,train,data/processed/train/normal/51e70c5622f8c64f_00666.jpg
kaggle_oily_dry_normal/Oily-Dry-Skin-Types/train/normal/normal_7c7f872e38b71e818f79_jpg.rf.39f0233c89d0144d5d932bc1f3e7fbd6.jpg,kaggle_oily_dry_normal,normal,normal,71bee9fd4d6d6198ed57497de24c7a5c9ecf9c0b1192fa986dc4d8456a20304f,train,data/processed/train/normal/71bee9fd4d6d6198_00667.jpg
kaggle_oily_dry_normal/Oily-Dry-Skin-Types/train/normal/normal_58e8c3ea1cca89fa0ff5_jpg.rf.d3eae16828ece9f208145a297fe7e612.jpg,kaggle_oily_dry_normal,normal,normal,c6782e7a8b57f58f7cc65aab381e2a70c15020fcc76f987e570202faf8781fa2,train,data/processed/train/normal/c6782e7a8b57f58f_00668.jpg
kaggle_oily_dry_normal/Oily-Dry-Skin-Types/train/normal/normal_3c04df403f7e03a75a39_jpg.rf.0e16444a9c3f8a1090d32ac07d833044.jpg,kaggle_oily_dry_normal,normal,normal,00bddbe35f53a77c5d77751c316c7802cb790ccaac290912bc4f5f972ae051cb,train,data/processed/train/normal/00bddbe35f53a77c_00669.jpg
kaggle_oily_dry_normal/Oily-Dry-Skin-Types/train/normal/normal_7e35273f1d468d980810_jpg.rf.7aca57a326c29591df55159cf3a07888.jpg,kaggle_oily_dry_normal,normal,normal,f933d43c10876c5fdac9c50281311bbd144f175bc968337fa8f2a27a7634a52a,train,data/processed/train/normal/f933d43c10876c5f_00670.jpg
kaggle_oily_dry_normal/Oily-Dry-Skin-Types/train/normal/normal_84f920d410c87af4f56b_jpg.rf.3198f5eed16fd837d0ad027f424cd0d2.jpg,kaggle_oily_dry_normal,normal,normal,f01718291c91cd372226408b77b2dab36fa6674a8416134aa1a717cb84ffb96e,train,data/processed/train/normal/f01718291c91cd37_00671.jpg
kaggle_oily_dry_normal/Oily-Dry-Skin-Types/valid/normal/normal_eb9b7248f3e37ff7807d_jpg.rf.ebf689eae02d72986463ea06d43ad453.jpg,kaggle_oily_dry_normal,normal,normal,643c987e749ab0f1aa662c1ac85966030f5e8edcca7eff02fabdb584ed1fcfc9,train,data/processed/train/normal/643c987e749ab0f1_00672.jpg
kaggle_oily_dry_normal/Oily-Dry-Skin-Types/train/normal/normal_d0b72d5b1d8ce7f66e9a_jpg.rf.54e3cf4e969bea4e5db1d3dbeb113e28.jpg,kaggle_oily_dry_normal,normal,normal,c6b71dc0696562471c9c7466fe417ce894985a8f80ea05920c7a943f93d07fab,train,data/processed/train/normal/c6b71dc069656247_00673.jpg
kaggle_oily_dry_normal/Oily-Dry-Skin-Types/train/normal/normal_5e7f3a2b459834070ba1_jpg.rf.fbc7a8e695c0f79cc14a9e75f90f19df.jpg,kaggle_oily_dry_normal,normal,normal,f1611b08e1fa423e8bd5395f888f44c4f274b1f923e503b1f05d90f9db6835f3,train,data/processed/train/normal/f1611b08e1fa423e_00674.jpg
kaggle_oily_dry_normal/Oily-Dry-Skin-Types/train/normal/normal_eeff1913647d58f1d97b_jpg.rf.be48bbdb4660945d53f5691b61656d7f.jpg,kaggle_oily_dry_normal,normal,normal,372bd09da406cfdf2f485ba035dde1d42147277d249b3de123ac17c6c3a7e95c,train,data/processed/train/normal/372bd09da406cfdf_00675.jpg
kaggle_oily_dry_normal/Oily-Dry-Skin-Types/valid/normal/normal_99acd144131dcdf60744_jpg.rf.7555c12b51b986ac321d89d0a15de5d9.jpg,kaggle_oily_dry_normal,normal,normal,37709915c2d9fc8b1b8f4adee5a75236f27f36e1182996b7ec1a344626d898e2,train,data/processed/train/normal/37709915c2d9fc8b_00676.jpg
kaggle_oily_dry_normal/Oily-Dry-Skin-Types/train/normal/normal_b01b6865a4e79bde687e_jpg.rf.34fdb3613e583ddde285d58b8ac0fa3a.jpg,kaggle_oily_dry_normal,normal,normal,466afa1ae2a6b2a209252dd13360fb8fffee267823d7568d27d3f1c74e7140c5,train,data/processed/train/normal/466afa1ae2a6b2a2_00677.jpg
kaggle_oily_dry_normal/Oily-Dry-Skin-Types/train/normal/normal_3b5d7b907f8e52954da7_jpg.rf.52ebe5bd26ac5da5e7a4e6801d071b8d.jpg,kaggle_oily_dry_normal,normal,normal,c03f0b5cd98f7ec3c22d5a35e07d234c4c594b4a09197002472d58c185541670,train,data/processed/train/normal/c03f0b5cd98f7ec3_00678.jpg
kaggle_oily_dry_normal/Oily-Dry-Skin-Types/train/normal/normal_d92903e1b76cdbe0aa67_jpg.rf.ed0f6763784127164043ac245aa38015.jpg,kaggle_oily_dry_normal,normal,normal,892f0300f3e603285005da1021cb44e236e942b530a576b64034d02dd031d88d,train,data/processed/train/normal/892f0300f3e60328_00679.jpg
kaggle_oily_dry_normal/Oily-Dry-Skin-Types/valid/normal/normal_3fb0e86e3344992851d3_jpg.rf.9dc26999bba7a95109d463853bd4ad04.jpg,kaggle_oily_dry_normal,normal,normal,01796c5134e02e53a6e53201022c27edff6fe18966e3cf0e0196d58fe167faf7,train,data/processed/train/normal/01796c5134e02e53_00680.jpg
kaggle_oily_dry_normal/Oily-Dry-Skin-Types/train/normal/normal_5ab2ed48ce77534ffe04_jpg.rf.f63cea7e3764674ee2e5e388d38369a7.jpg,kaggle_oily_dry_normal,normal,normal,2ec594369b5e7d543e316d58967ae2b7886c5ab220cac2b02a1f975123742f81,train,data/processed/train/normal/2ec594369b5e7d54_00681.jpg
kaggle_oily_dry_normal/Oily-Dry-Skin-Types/train/normal/normal_3c4ad8a0738782c63fac_jpg.rf.9330fe475e428c8a354bd994f9c37352.jpg,kaggle_oily_dry_normal,normal,normal,d33539e0e1395f8bb5ff75b74f96df46d98340b62c110accb08d8d367d34ce03,train,data/processed/train/normal/d33539e0e1395f8b_00682.jpg
kaggle_oily_dry_normal/Oily-Dry-Skin-Types/train/normal/normal_7650272fc27b2d658f34_jpg.rf.6469f0e8d22b598894ca55ae914d721a.jpg,kaggle_oily_dry_normal,normal,normal,79a737fd4b19f5ba48a47c8875ed436b83ef05d3d77108c812a61d087dac1287,train,data/processed/train/normal/79a737fd4b19f5ba_00683.jpg
kaggle_oily_dry_normal/Oily-Dry-Skin-Types/train/normal/normal_b8bc35e9d4e697af02d2_jpg.rf.cf74dd14198688677bf621af3183104e.jpg,kaggle_oily_dry_normal,normal,normal,8c1311f3a62d1d36a9b5d3a48a4d85e03f636ba3773ace853699862664037447,train,data/processed/train/normal/8c1311f3a62d1d36_00684.jpg
kaggle_oily_dry_normal/Oily-Dry-Skin-Types/train/normal/normal_111ff2aa2b206a5de850_jpg.rf.20573193794cf7d5cf7c6974b1bc3768.jpg,kaggle_oily_dry_normal,normal,normal,9d8a4c317033ef60c8ef975f22e51fa9209a23b3bc5eb4898fc331409a1509e4,train,data/processed/train/normal/9d8a4c317033ef60_00685.jpg
kaggle_oily_dry_normal/Oily-Dry-Skin-Types/train/normal/normal_afff083fc217bb0f28fa_jpg.rf.891cede91836c5af744cfcb9199dbc6c.jpg,kaggle_oily_dry_normal,normal,normal,a7a39612d621d7d7ead0bf85be552c32ee68ddc53f8ad4926dcbe062748f4095,train,data/processed/train/normal/a7a39612d621d7d7_00686.jpg
kaggle_oily_dry_normal/Oily-Dry-Skin-Types/train/normal/normal_95ba227eacf03db6214d_jpg.rf.53a97f5fde0f958cdaa52abb7b24db3c.jpg,kaggle_oily_dry_normal,normal,normal,25ef725a0cfe07eb73dffe83cfbfa7d6dac10e7ed67e8355b6a75363b6a7f96e,train,data/processed/train/normal/25ef725a0cfe07eb_00687.jpg
kaggle_oily_dry_normal/Oily-Dry-Skin-Types/train/normal/normal_f579fae01fbd60200d26_jpg.rf.4d089267f236507d708f3f06e6826335.jpg,kaggle_oily_dry_normal,normal,normal,d3e574b4fe36bdf4a559775568dbfc2d1210c6dd67ae30f10ab5fc3f1af420b9,train,data/processed/train/normal/d3e574b4fe36bdf4_00688.jpg
kaggle_oily_dry_normal/Oily-Dry-Skin-Types/train/normal/normal_e594224a7fdd04645d20_jpg.rf.96a13a663f5160746d59ba7169afc954.jpg,kaggle_oily_dry_normal,normal,normal,8b18b7b51c1ed798b612562677eca3576c884780e69feeaf3bb8e4aa33b6eeb9,train,data/processed/train/normal/8b18b7b51c1ed798_00689.jpg
kaggle_oily_dry_normal/Oily-Dry-Skin-Types/train/normal/normal_8e5e9ac3c56cdd16d6c7_jpg.rf.1a95e20a6b5373bfc03db690630c1b3b.jpg,kaggle_oily_dry_normal,normal,normal,e253e07f8baad5a265770f457b395e754e75af3215692192c0c6964863ffffe8,train,data/processed/train/normal/e253e07f8baad5a2_00690.jpg
kaggle_oily_dry_normal/Oily-Dry-Skin-Types/train/normal/normal_9928d7c6d35783e5e302_jpg.rf.7ba9aa876b0efdf3893369ef5b3923d7.jpg,kaggle_oily_dry_normal,normal,normal,b9746408cfe77527226752b3123c878707701b72dff9769d947c20a2c6efe8a2,train,data/processed/train/normal/b9746408cfe77527_00691.jpg
kaggle_oily_dry_normal/Oily-Dry-Skin-Types/train/normal/normal_dddca2ebb807f1aee9da_jpg.rf.380bff3c321954f7f66efd292b52c272.jpg,kaggle_oily_dry_normal,normal,normal,bea603953b5e68b082dd2fe4fc7fa0ac2c9d4a43fe6269cc7e9ed489ea57a463,train,data/processed/train/normal/bea603953b5e68b0_00692.jpg
kaggle_oily_dry_normal/Oily-Dry-Skin-Types/train/normal/normal_4e3b5d98496001099467_jpg.rf.64b69d30a7b0f496f193de1f207e43a6.jpg,kaggle_oily_dry_normal,normal,normal,dc7e50cfe2646b2665864d9884e4519bee026f0853bc3db10c34c5a391586f2f,train,data/processed/train/normal/dc7e50cfe2646b26_00693.jpg
kaggle_oily_dry_normal/Oily-Dry-Skin-Types/train/normal/normal_25f7a564568365ad842b_jpg.rf.91ef0e0969b99eada7a2a07bd2daacfe.jpg,kaggle_oily_dry_normal,normal,normal,9112dcd64b8a842c092477a0e48987e1ad2adc3501e943b59ae9578b725972ca,train,data/processed/train/normal/9112dcd64b8a842c_00694.jpg
kaggle_oily_dry_normal/Oily-Dry-Skin-Types/train/normal/normal_8f324d51a90841a5cdc1_jpg.rf.5dc67dca9cf6916ba3ffc042e3e0a3fe.jpg,kaggle_oily_dry_normal,normal,normal,9daf6501b93f93a219275548feae69dc502993b5a7d250c63d5da7bee55b5d1c,train,data/processed/train/normal/9daf6501b93f93a2_00695.jpg
kaggle_oily_dry_normal/Oily-Dry-Skin-Types/train/normal/normal_7be923370441d48ea98c_jpg.rf.52598090e7757482ac83424772ba203a.jpg,kaggle_oily_dry_normal,normal,normal,199dbcc044f6f16cda907aee4bb07743df1c41b2298759114181c73eb6d6cc7f,train,data/processed/train/normal/199dbcc044f6f16c_00696.jpg
kaggle_oily_dry_normal/Oily-Dry-Skin-Types/train/normal/normal_78fd434114782dfc80dd_jpg.rf.b4536767b00f94b4c039005f7bc1ca1e.jpg,kaggle_oily_dry_normal,normal,normal,e8461f9d44cdcfe7bcf2bb884ed444ee4a17d632e120991b952c15b8232901ea,train,data/processed/train/normal/e8461f9d44cdcfe7_00697.jpg
kaggle_oily_dry_normal/Oily-Dry-Skin-Types/train/normal/normal_f3bf352c3bdce05b8027_jpg.rf.90af4b27eaeda08fcad1671d5048b7d8.jpg,kaggle_oily_dry_normal,normal,normal,2be75898d24468be0be9c3204c8a6d109c357a96ff14faea45398bfda333907e,train,data/processed/train/normal/2be75898d24468be_00698.jpg
kaggle_oily_dry_normal/Oily-Dry-Skin-Types/train/normal/normal_954a02e199ebdd644089_jpg.rf.e84974e4bc1e01ddf045738db9460f01.jpg,kaggle_oily_dry_normal,normal,normal,a9426da4b5b8ffa4e8023067acb3a4c82b0a4b1e742c51a6c60e11af8a6083fe,train,data/processed/train/normal/a9426da4b5b8ffa4_00699.jpg
kaggle_oily_dry_normal/Oily-Dry-Skin-Types/train/normal/normal_abceda67e21d88c011d5_jpg.rf.7fcfc9d188ba467315b65e90781832b4.jpg,kaggle_oily_dry_normal,normal,normal,e93afa2ed56b2f570aa4f24f692234ad2a285ac69012ef3d8cce5f4d096d6dc3,train,data/processed/train/normal/e93afa2ed56b2f57_00700.jpg
kaggle_oily_dry_normal/Oily-Dry-Skin-Types/train/normal/normal_345dd34485c5ef28aeb8_jpg.rf.82c9527f16718169c5c098e6208a805b.jpg,kaggle_oily_dry_normal,normal,normal,85f9e70a8a8161ce962e8b6a500d7663b52a4deff2ec4e676db875a1e4f98f30,train,data/processed/train/normal/85f9e70a8a8161ce_00701.jpg
kaggle_oily_dry_normal/Oily-Dry-Skin-Types/train/normal/normal_cb6328a4c2aae923158b_jpg.rf.c56f236822d5dfeebcd66f8870b2b7b3.jpg,kaggle_oily_dry_normal,normal,normal,01d490c9c3ea7d7589d83cf3091a9a93800930650254c1fa5486feac92339621,train,data/processed/train/normal/01d490c9c3ea7d75_00702.jpg
kaggle_oily_dry_normal/Oily-Dry-Skin-Types/train/normal/normal_e0e23f4f3177a3093698_jpg.rf.faf39ade97c741516ae4c4613139ad2a.jpg,kaggle_oily_dry_normal,normal,normal,276dd8d79e0bd737f0fdb5299422479dac350ff1fd76837cd71ffc9311c231e5,train,data/processed/train/normal/276dd8d79e0bd737_00703.jpg
kaggle_oily_dry_normal/Oily-Dry-Skin-Types/train/normal/normal_55638ebccb8d3fca5496_jpg.rf.ce9eb40529ee606fe429df0069213822.jpg,kaggle_oily_dry_normal,normal,normal,664d5adff7d0a0befa4e975ce48dd2b1d396ab63ca2533e7c3cb0fdd6987b7fe,train,data/processed/train/normal/664d5adff7d0a0be_00704.jpg
kaggle_oily_dry_normal/Oily-Dry-Skin-Types/train/normal/normal_97aee90ec49dfccf4b21_jpg.rf.9da5aa6180f7100fa3e30322c44f6278.jpg,kaggle_oily_dry_normal,normal,normal,187fbbb16c3cf22f0e1a395966af07b486af2b38d0f0f8fb43409953a90c0ae5,train,data/processed/train/normal/187fbbb16c3cf22f_00705.jpg
kaggle_oily_dry_normal/Oily-Dry-Skin-Types/train/normal/normal_77c44f7b4f0224c4b224_jpg.rf.45ca8af1ff3039c4f7cc0d972cbaa43f.jpg,kaggle_oily_dry_normal,normal,normal,667940ca48034a58a973a9010a2ddb982360f98781fba6d4e66edd2ac9657da5,train,data/processed/train/normal/667940ca48034a58_00706.jpg
kaggle_oily_dry_normal/Oily-Dry-Skin-Types/train/normal/normal_83e6ce8def2d62166f2a_jpg.rf.98e105f8f7423994718f021dc0c9391f.jpg,kaggle_oily_dry_normal,normal,normal,a5e25650d2a361b57e6b6fd772c5baed02606b3bfd78473b1d540fee5c59a1d2,train,data/processed/train/normal/a5e25650d2a361b5_00707.jpg
kaggle_oily_dry_normal/Oily-Dry-Skin-Types/train/normal/normal_60b8d9746776be55dc4c_jpg.rf.12153a50583e45879e8e1d0380c690ad.jpg,kaggle_oily_dry_normal,normal,normal,dddef98a8d0c45d70482ba3d2ed173f7e91f3a114a6e18a097c2ce0126bece0a,train,data/processed/train/normal/dddef98a8d0c45d7_00708.jpg
kaggle_oily_dry_normal/Oily-Dry-Skin-Types/valid/normal/normal_317f783b0ac711da2e7a_jpg.rf.a25c1152700b13c5e13cc285291b16a0.jpg,kaggle_oily_dry_normal,normal,normal,00785bd0992ca2d237639b9ae5ca17c3a1bb1d4f652ea061ece763b334811804,train,data/processed/train/normal/00785bd0992ca2d2_00709.jpg
kaggle_oily_dry_normal/Oily-Dry-Skin-Types/train/normal/normal_4b67c3e173f8a2119f30_jpg.rf.3bcc124b06be328dc3ba2841da3d4565.jpg,kaggle_oily_dry_normal,normal,normal,fd21a37ecc6fb98339f6b6014e1048a0a476e870ed90ef312f2926e586a680d8,train,data/processed/train/normal/fd21a37ecc6fb983_00710.jpg
kaggle_oily_dry_normal/Oily-Dry-Skin-Types/train/normal/normal_606d1ea4beefb145971f_jpg.rf.31a2eb1db18c01c6a741b2f02355e1c1.jpg,kaggle_oily_dry_normal,normal,normal,fb7d891aa3146c39a03cfe337e794c705116f60152ad4862c6416b2a5af1ac6d,train,data/processed/train/normal/fb7d891aa3146c39_00711.jpg
kaggle_oily_dry_normal/Oily-Dry-Skin-Types/train/normal/normal_833c06801db2c8cf4cdd_jpg.rf.b7730bfe9020612aff326486bda6d711.jpg,kaggle_oily_dry_normal,normal,normal,0b4f9c7764407f92d24e6f9908553156695fe06f73e0aa61b10579244466bcb3,train,data/processed/train/normal/0b4f9c7764407f92_00712.jpg
kaggle_oily_dry_normal/Oily-Dry-Skin-Types/train/normal/normal_d8d07405277570c1f5a3_jpg.rf.342a621e2aa52184f323d007cd461de8.jpg,kaggle_oily_dry_normal,normal,normal,cc2b7155ca836b715b3ffd686ec1c4fe393bbb10e93ca9ea8d57b0f897910cab,train,data/processed/train/normal/cc2b7155ca836b71_00713.jpg
kaggle_oily_dry_normal/Oily-Dry-Skin-Types/train/normal/normal_9db2dd9152632426f474_jpg.rf.52b8f2c60a694618a5158d69dde0191d.jpg,kaggle_oily_dry_normal,normal,normal,1a498efcea11a475af6c82e667c768777a3c794d3f5b4be1d317e35f98f691d1,train,data/processed/train/normal/1a498efcea11a475_00714.jpg
kaggle_oily_dry_normal/Oily-Dry-Skin-Types/train/normal/normal_b5c20aec6bced8d3a60a_jpg.rf.662791da2818b0902125977dbc768ae7.jpg,kaggle_oily_dry_normal,normal,normal,b6f2b73c31dad33a399a8bcc93ecdaf81d7e524689e8b7db39c7ce8879d8897e,train,data/processed/train/normal/b6f2b73c31dad33a_00715.jpg
kaggle_oily_dry_normal/Oily-Dry-Skin-Types/train/normal/normal_81442529fa408ff3c7f8_jpg.rf.4c14e2d62eef8c6605c49e47c7858cf8.jpg,kaggle_oily_dry_normal,normal,normal,94a168001e98dbf3ce075c151df64a3b56aad675cf774f556f2b16de46701db6,train,data/processed/train/normal/94a168001e98dbf3_00716.jpg
kaggle_oily_dry_normal/Oily-Dry-Skin-Types/train/normal/normal_23978c64f7d9bf3eccc5_jpg.rf.e468081cae11cfc516a37d10f1e0ab25.jpg,kaggle_oily_dry_normal,normal,normal,d0075b90f371a5873244c59e110a91c594ae7a296b33a93f09794ff42a5a4e9f,train,data/processed/train/normal/d0075b90f371a587_00717.jpg
kaggle_oily_dry_normal/Oily-Dry-Skin-Types/train/normal/normal_c2c01f0573b6c9be7a77_jpg.rf.c4ee49767b563371149791ca20092df6.jpg,kaggle_oily_dry_normal,normal,normal,91100a11a3ff1fbf14e2926f0cb4045893d101e7655e0c3a635c23631dfaefef,train,data/processed/train/normal/91100a11a3ff1fbf_00718.jpg
kaggle_oily_dry_normal/Oily-Dry-Skin-Types/train/normal/normal_af95d46d9447d43527be_jpg.rf.39e7b3b08666ac6ed4e8cafe28942bfc.jpg,kaggle_oily_dry_normal,normal,normal,8eb8c6d6a16fbb18dc78d650e658b10105b63631fc677ae8978c7fac60875357,train,data/processed/train/normal/8eb8c6d6a16fbb18_00719.jpg
kaggle_oily_dry_normal/Oily-Dry-Skin-Types/test/normal/normal_7fbf491591da7b6a1972_jpg.rf.2020fe9c0016df77a8961a02f90c3e9f.jpg,kaggle_oily_dry_normal,normal,normal,d7141dd4519bfd42e8a461346392b721830063e7fe03c2511781f304df18f962,train,data/processed/train/normal/d7141dd4519bfd42_00720.jpg
kaggle_oily_dry_normal/Oily-Dry-Skin-Types/train/normal/normal_4369b45339b9d695a58e_jpg.rf.30e3608ddb2a54323e778b1b7e8aa4ba.jpg,kaggle_oily_dry_normal,normal,normal,6030b16a676f54856e5cd0b479b5a8010cf808aa042c07b35fc41626ef18add4,train,data/processed/train/normal/6030b16a676f5485_00721.jpg
kaggle_oily_dry_normal/Oily-Dry-Skin-Types/train/normal/normal_d68e84abbd43cce00a01_jpg.rf.c60712ac354bae085148fbae7989b4c0.jpg,kaggle_oily_dry_normal,normal,normal,d47fb76f838b28c31e7357805fb9b34674249c49073cd327c55e2bb18e3efc6a,train,data/processed/train/normal/d47fb76f838b28c3_00722.jpg
kaggle_oily_dry_normal/Oily-Dry-Skin-Types/train/normal/normal_9260278322f4457c4213_jpg.rf.003018d069b4ab7176b5dd350f2903a8.jpg,kaggle_oily_dry_normal,normal,normal,705bfa8f7f020b4d3ab7b468b2ea75e5b5f3065109add192d9c9addc0897b186,train,data/processed/train/normal/705bfa8f7f020b4d_00723.jpg
kaggle_oily_dry_normal/Oily-Dry-Skin-Types/train/normal/normal_57a778f89cd21251cac4_jpg.rf.9ff17936c0590612e253855b8a026841.jpg,kaggle_oily_dry_normal,normal,normal,d213f6893d786815d12a70efc69cfa0c9cdd4209559b29fcb33940c04221d69c,train,data/processed/train/normal/d213f6893d786815_00724.jpg
kaggle_oily_dry_normal/Oily-Dry-Skin-Types/train/normal/normal_7650272fc27b2d658f34_jpg.rf.ec68b45afd8bd615126e49240673e80c.jpg,kaggle_oily_dry_normal,normal,normal,eeeef15c287e5ab3bda84feb577f89f0884c6b1b5ccb49956cc4ea8907282bbc,train,data/processed/train/normal/eeeef15c287e5ab3_00725.jpg
kaggle_oily_dry_normal/Oily-Dry-Skin-Types/train/normal/normal_892c83b2d20dba8ae334_jpg.rf.320fe65a1a2b0aae8d8c5c6d986a421e.jpg,kaggle_oily_dry_normal,normal,normal,73cc8db927aafb751f40f6230d7d149acab293e7485e8550f8f2620803a7d6ab,train,data/processed/train/normal/73cc8db927aafb75_00726.jpg
kaggle_oily_dry_normal/Oily-Dry-Skin-Types/train/normal/normal_4c62804c20121c2d2c51_jpg.rf.2dbefb4095c136d5e1b3f20a8cacfde4.jpg,kaggle_oily_dry_normal,normal,normal,da8494c8fe6c5ff82801487e4189eb7b0ac98e877ee459770e82bfb169b22d87,train,data/processed/train/normal/da8494c8fe6c5ff8_00727.jpg
kaggle_oily_dry_normal/Oily-Dry-Skin-Types/train/normal/normal_9928d7c6d35783e5e302_jpg.rf.bfa11a1657ac74767c391d3832a260f0.jpg,kaggle_oily_dry_normal,normal,normal,9410cfae6bfa684e194d43fd72e382a10dadf8839147fc0fa291567f07716ff7,train,data/processed/train/normal/9410cfae6bfa684e_00728.jpg
kaggle_oily_dry_normal/Oily-Dry-Skin-Types/train/normal/normal_03a5c2383f7f20ed8cc5_jpg.rf.7451978f59cb7695ae1c7f202fbea06c.jpg,kaggle_oily_dry_normal,normal,normal,a94a1cbeffea42a0905f78c698fe8ff2a475497328d32ee2e6dca61602195cea,train,data/processed/train/normal/a94a1cbeffea42a0_00729.jpg
kaggle_oily_dry_normal/Oily-Dry-Skin-Types/train/normal/normal_d66e8d27da4c5ee7a6b6_jpg.rf.39a8ff4c828ef9fef42eb57a1a27b75e.jpg,kaggle_oily_dry_normal,normal,normal,a81ca33b0186f6f98d39dca3d7eca291c6cd5375e85451d4c29925a87d84c1eb,train,data/processed/train/normal/a81ca33b0186f6f9_00730.jpg
kaggle_oily_dry_normal/Oily-Dry-Skin-Types/train/normal/normal_432be29967226f94d4f3_jpg.rf.e4f98cb08fd3c3e9cfde71d849eb8331.jpg,kaggle_oily_dry_normal,normal,normal,890c59c79233d3d136201c9fe1b285b1b28be3869e3a8473a4e3a8919fea86e2,train,data/processed/train/normal/890c59c79233d3d1_00731.jpg
kaggle_oily_dry_normal/Oily-Dry-Skin-Types/train/normal/normal_57a778f89cd21251cac4_jpg.rf.953fa86ca82ee2c06410385809231f9f.jpg,kaggle_oily_dry_normal,normal,normal,4427c3741f0a67ed2a9f3d226a0abd24970efd4ed49faad9065ccc4da99865c4,train,data/processed/train/normal/4427c3741f0a67ed_00732.jpg
kaggle_oily_dry_normal/Oily-Dry-Skin-Types/train/normal/normal_25ddbf87b35ca454a2d3_jpg.rf.16bc9219d3c583b47a4007c90d722fe7.jpg,kaggle_oily_dry_normal,normal,normal,c8459170e4a953ec318e9ddce012eb106dc69aa13231b30d8ce4c9d775274ab2,train,data/processed/train/normal/c8459170e4a953ec_00733.jpg
kaggle_oily_dry_normal/Oily-Dry-Skin-Types/train/normal/normal_8da7f46dc8392108af23_jpg.rf.6a876fa53b1ed57d51ff3b49105799f3.jpg,kaggle_oily_dry_normal,normal,normal,99759c6fa0f45ce311e6f62205484aff80ed7b8b037441ffb50411ba7f56db9a,train,data/processed/train/normal/99759c6fa0f45ce3_00734.jpg
kaggle_oily_dry_normal/Oily-Dry-Skin-Types/test/normal/normal_732ce4b4e1aa283b8fe1_jpg.rf.d5c80f2116fb98dc07594b832132b0e1.jpg,kaggle_oily_dry_normal,normal,normal,329ba58210b7eabf1694c4e1f9ff1c8bc504e237e9ff332c7f1d7144c128eca1,train,data/processed/train/normal/329ba58210b7eabf_00735.jpg
kaggle_oily_dry_normal/Oily-Dry-Skin-Types/train/normal/normal_f80f8798140564e4a5d5_jpg.rf.c8630c1fc4ab010b15d312d5a4b9d4bf.jpg,kaggle_oily_dry_normal,normal,normal,c47132cef085a4a60144b5020dc7063313a0f34d10f3c7233f71c033a1d3d4f7,train,data/processed/train/normal/c47132cef085a4a6_00736.jpg
kaggle_oily_dry_normal/Oily-Dry-Skin-Types/train/normal/normal_300b68ce0aa2c9cf3fcc_jpg.rf.04afd295069e8241e7a0e7982de5cf71.jpg,kaggle_oily_dry_normal,normal,normal,20b323918484e699cc94db55b442ef6eda400a1d0863035816d29c47dbaeeaed,train,data/processed/train/normal/20b323918484e699_00737.jpg
kaggle_oily_dry_normal/Oily-Dry-Skin-Types/train/normal/normal_3c29dee4c06cd6accced_jpg.rf.10fecf2fb1a5d0522975c248307da37e.jpg,kaggle_oily_dry_normal,normal,normal,248dab96f9d751c064e62bb07a53f33f76802f65837276ef9e0cce044d7a7309,train,data/processed/train/normal/248dab96f9d751c0_00738.jpg
kaggle_oily_dry_normal/Oily-Dry-Skin-Types/train/normal/normal_4bad21481a8aef69f7cf_jpg.rf.cf8518087610dc8c0fb87542a5cc4760.jpg,kaggle_oily_dry_normal,normal,normal,1d67edb644c40f68d77efe44af993164180036011126795d36873113ef03a56a,train,data/processed/train/normal/1d67edb644c40f68_00739.jpg
kaggle_oily_dry_normal/Oily-Dry-Skin-Types/train/normal/normal_e7f239ebc336d0390d9c_jpg.rf.992e2f2a95668f5bdaccb25c67ac30a5.jpg,kaggle_oily_dry_normal,normal,normal,9d2ff87fd76a64a8b36d52ab48eda0a81d338e83243134a8407d2af5cac7ae1c,train,data/processed/train/normal/9d2ff87fd76a64a8_00740.jpg
kaggle_oily_dry_normal/Oily-Dry-Skin-Types/train/normal/normal_2672a278d6024a493f58_jpg.rf.7ede2bc18b5fdd126f21444f379dd3ba.jpg,kaggle_oily_dry_normal,normal,normal,dcb3d25c2b25eb04024f8978003775ed10e3bd1b1a95ae0a3edfe30ac620c229,train,data/processed/train/normal/dcb3d25c2b25eb04_00741.jpg
kaggle_oily_dry_normal/Oily-Dry-Skin-Types/train/normal/normal_2f3ae7c73b67b9b1e1f1_jpg.rf.0b67d92ebfb6a5509081a74360e6a86c.jpg,kaggle_oily_dry_normal,normal,normal,469d7e627b6332b4aa23a46d0b8c3e7637472f3b4eb9279dda9ee1224fcb8e85,train,data/processed/train/normal/469d7e627b6332b4_00742.jpg
kaggle_oily_dry_normal/Oily-Dry-Skin-Types/train/normal/normal_677c1d471ad8418b04b2_jpg.rf.9bb7e0f8364dc98c39e65bb347cbcfe4.jpg,kaggle_oily_dry_normal,normal,normal,79ad075743be43d4182070cbd3a24363c18496f788e8700d46b2d2d4d7a8e91e,train,data/processed/train/normal/79ad075743be43d4_00743.jpg
kaggle_oily_dry_normal/Oily-Dry-Skin-Types/train/normal/normal_f15d8eddb524ac969185_jpg.rf.a1931729274f91316be6709cc8cc8b27.jpg,kaggle_oily_dry_normal,normal,normal,843f27856ed951e9027f068c8788ed71b59f952d770e0a1b0baa286843c80196,train,data/processed/train/normal/843f27856ed951e9_00744.jpg
kaggle_oily_dry_normal/Oily-Dry-Skin-Types/train/normal/normal_55135ccf4415acdde54d_jpg.rf.fb82244a76791aaa61d5a396f48a1410.jpg,kaggle_oily_dry_normal,normal,normal,8a9c8a4d33bd7dbe577e506c85945774470293f7d2080e83e369efc5a5c44cfc,train,data/processed/train/normal/8a9c8a4d33bd7dbe_00745.jpg
kaggle_oily_dry_normal/Oily-Dry-Skin-Types/train/normal/normal_0b71ab4726e465b07b5f_jpg.rf.b8a1523d0a1af161513c93bd6a75ab26.jpg,kaggle_oily_dry_normal,normal,normal,0667e89e0d3f78165c030058765026557f1528ea77b5b585c327c70a2bf03434,train,data/processed/train/normal/0667e89e0d3f7816_00746.jpg
kaggle_oily_dry_normal/Oily-Dry-Skin-Types/train/normal/normal_97aee90ec49dfccf4b21_jpg.rf.3aa5db96a06b2efc5e9c391f8a2c64e2.jpg,kaggle_oily_dry_normal,normal,normal,f1a2a9961a1b707bf53c622d61507d6f2c3994e12d6dcd943fae73974ddc18e1,train,data/processed/train/normal/f1a2a9961a1b707b_00747.jpg
kaggle_oily_dry_normal/Oily-Dry-Skin-Types/valid/normal/normal_72fd148df48a8b2c6df1_jpg.rf.c4dc3851b2c7f83b45d8a382415a445d.jpg,kaggle_oily_dry_normal,normal,normal,d504077f1093be73d7aadded25f377ecb81537541f0a6a20ea7f9b13abf3f8d6,train,data/processed/train/normal/d504077f1093be73_00748.jpg
kaggle_oily_dry_normal/Oily-Dry-Skin-Types/train/normal/normal_36a4bfd6cec42fa48752_jpg.rf.4a2c6c0b621aec7b4edb6125dc5d9323.jpg,kaggle_oily_dry_normal,normal,normal,5b86df8c4e4f772f12e4900751c78d5211970dbe68b4dce00b840187a77b3d79,train,data/processed/train/normal/5b86df8c4e4f772f_00749.jpg
kaggle_oily_dry_normal/Oily-Dry-Skin-Types/train/normal/normal_d7faedfabbee02bd87db_jpg.rf.b56630025a9c457d589f11396c6100a8.jpg,kaggle_oily_dry_normal,normal,normal,34a1a391cff57ddf5e472291aa060c26064d8b13428f959943a5dc3e721dabdc,train,data/processed/train/normal/34a1a391cff57ddf_00750.jpg
kaggle_oily_dry_normal/Oily-Dry-Skin-Types/train/normal/normal_c13a583fe32d851c6dfc_jpg.rf.21f528e626bfcefebc981c64788d87d9.jpg,kaggle_oily_dry_normal,normal,normal,129ead287434be3c595294117998c19233087677515925e1b7f6d190d24d7576,train,data/processed/train/normal/129ead287434be3c_00751.jpg
kaggle_oily_dry_normal/Oily-Dry-Skin-Types/train/normal/normal_5b465f7e4d39756ca78b_jpg.rf.d2949547412334a0f5ac3edbaaeedec3.jpg,kaggle_oily_dry_normal,normal,normal,a93916a53307e088dac1af064ecf6dbe99d11ae52fcabfd9da1dc21c3a9e6cb8,train,data/processed/train/normal/a93916a53307e088_00752.jpg
kaggle_oily_dry_normal/Oily-Dry-Skin-Types/train/normal/normal_4369b45339b9d695a58e_jpg.rf.5728f27d18dab503d1b0af60a1068316.jpg,kaggle_oily_dry_normal,normal,normal,1a16c3c073b889045ff892231e81c9dced524b80ae27ffb20bcc0a92dc756efb,train,data/processed/train/normal/1a16c3c073b88904_00753.jpg
kaggle_oily_dry_normal/Oily-Dry-Skin-Types/train/normal/normal_23d1534195cf6539f851_jpg.rf.c02dd6b5c38706ebb46ad0a9e59290e0.jpg,kaggle_oily_dry_normal,normal,normal,2f05ab062c09b7a7cf077e7fed67f0c20909c3ec20211e19da07c5a5737dbcca,train,data/processed/train/normal/2f05ab062c09b7a7_00754.jpg
kaggle_oily_dry_normal/Oily-Dry-Skin-Types/test/normal/normal_799f3254b84e7558e86c_jpg.rf.a4e3d796a0f34e59e2811b3f4801c385.jpg,kaggle_oily_dry_normal,normal,normal,2893dc0979c2ea6e847a3bc3ff605f4411f8117b4c98ede6b7857a4f55cf233a,train,data/processed/train/normal/2893dc0979c2ea6e_00755.jpg
kaggle_oily_dry_normal/Oily-Dry-Skin-Types/train/normal/normal_5b626497d5584e6934f7_jpg.rf.011dc48bf29ba652949bcbd5a508b5d4.jpg,kaggle_oily_dry_normal,normal,normal,90c4f6f5ff0bd91dbb166425d192bcb4ae12109d1d46b331b011055d52d52338,train,data/processed/train/normal/90c4f6f5ff0bd91d_00756.jpg
kaggle_oily_dry_normal/Oily-Dry-Skin-Types/train/normal/normal_23978c64f7d9bf3eccc5_jpg.rf.7ec554422ac00c40936f2b4db63f4a50.jpg,kaggle_oily_dry_normal,normal,normal,bec1abf7b10fed7f69cf62998a6f5581d408baf7ec9039fa0a6f56979d1a13c5,train,data/processed/train/normal/bec1abf7b10fed7f_00757.jpg
kaggle_oily_dry_normal/Oily-Dry-Skin-Types/train/normal/normal_2133ba86473bb7e0569c_jpg.rf.9370b28671cba441e3393aeecbcd0169.jpg,kaggle_oily_dry_normal,normal,normal,543c3356f5e422c87bf993258851bb5630fca79f11254863e46ff67f64a09280,train,data/processed/train/normal/543c3356f5e422c8_00758.jpg
kaggle_oily_dry_normal/Oily-Dry-Skin-Types/train/normal/normal_d3d7caa27063f5aa17f2_jpg.rf.28a6721e65e90e1a30388dfef18defcd.jpg,kaggle_oily_dry_normal,normal,normal,94227ffb82ea5a40cab1ed680b7da623770ed508f7d468815f0ad33027758a08,train,data/processed/train/normal/94227ffb82ea5a40_00759.jpg
kaggle_oily_dry_normal/Oily-Dry-Skin-Types/train/normal/normal_cbea2bf9b7d41b558536_jpg.rf.6ac08af954b8426e741ad856ff85b205.jpg,kaggle_oily_dry_normal,normal,normal,1d35e4e97b4521e6aa60cb6412de8fde876aff2afa349d44a1436f9e3cd4b295,train,data/processed/train/normal/1d35e4e97b4521e6_00760.jpg
kaggle_oily_dry_normal/Oily-Dry-Skin-Types/train/normal/normal_8540cc64d235c2321793_jpg.rf.0c9de7e25ddcdbc9b6d32d1546ac594d.jpg,kaggle_oily_dry_normal,normal,normal,23c380366ce24e373735cf8b6b80dc0fbf91a7cbe8082996b3c27db57c7a32ba,train,data/processed/train/normal/23c380366ce24e37_00761.jpg
kaggle_oily_dry_normal/Oily-Dry-Skin-Types/train/normal/normal_d16c915d344dfd8bab99_jpg.rf.e8e654fb32265ea0508e9820c938f64e.jpg,kaggle_oily_dry_normal,normal,normal,985330f095a262c883f4683605d7250fa6c58e9fd731ef4998f875f327bb6c7b,train,data/processed/train/normal/985330f095a262c8_00762.jpg
kaggle_oily_dry_normal/Oily-Dry-Skin-Types/train/normal/normal_7d2066296c3beea3579a_jpg.rf.6c073812d7170836fa385a778bdc9578.jpg,kaggle_oily_dry_normal,normal,normal,c2daaa653ae2d32ab77e07eb8340aec603aef985b5f83fdb920c23f27b3c37b2,train,data/processed/train/normal/c2daaa653ae2d32a_00763.jpg
kaggle_oily_dry_normal/Oily-Dry-Skin-Types/train/normal/normal_dd408aad7c6a05c2a70f_jpg.rf.f2f22f7a60e30bb4f80e787d6da17402.jpg,kaggle_oily_dry_normal,normal,normal,965a9604eca471287c9adc9dbd453a0c750c21fc9e039fc27fbb8bf61196d7be,train,data/processed/train/normal/965a9604eca47128_00764.jpg
kaggle_oily_dry_normal/Oily-Dry-Skin-Types/train/normal/normal_0b3f34580ac0aebba531_jpg.rf.dec75a9c1b91bfe28c1a7a90a1a9ea1e.jpg,kaggle_oily_dry_normal,normal,normal,b03aad8d7724161a26e796e499e5186b5b8e8eb49fe0e87cdfd0e9e5a587cc5b,train,data/processed/train/normal/b03aad8d7724161a_00765.jpg
kaggle_oily_dry_normal/Oily-Dry-Skin-Types/train/normal/normal_8e5e9ac3c56cdd16d6c7_jpg.rf.a65e3b2494902e1f7512d6c4e06b3c8e.jpg,kaggle_oily_dry_normal,normal,normal,aafcd375b2a62bc5ebc67d6993c1b8b71812734edefa48282650ea4a335818b0,train,data/processed/train/normal/aafcd375b2a62bc5_00766.jpg
kaggle_oily_dry_normal/Oily-Dry-Skin-Types/train/normal/normal_d619d19c11a58eb0a42c_jpg.rf.7c04070b22601fa9c0f7c606f8ec4dae.jpg,kaggle_oily_dry_normal,normal,normal,eda422a53b7a5ae1e5fdda1e5de7bda59c62222c3e8d5898aee7f12e153216d9,train,data/processed/train/normal/eda422a53b7a5ae1_00767.jpg
kaggle_oily_dry_normal/Oily-Dry-Skin-Types/train/normal/normal_9260278322f4457c4213_jpg.rf.526a00c5abd1c1d2dfe56c507a5d459e.jpg,kaggle_oily_dry_normal,normal,normal,a4b06bc6c3e998935be36a04a2c877059bb0c97aa325604bf16d7935ce5d430e,train,data/processed/train/normal/a4b06bc6c3e99893_00768.jpg
kaggle_oily_dry_normal/Oily-Dry-Skin-Types/train/normal/normal_ad55f57598e6fdda2ad5_jpg.rf.8ce45d8971240a00d6f351e0152e5a14.jpg,kaggle_oily_dry_normal,normal,normal,8185114e01b4605c240fae6358d11caedbe3de58202b478829a2bff4be707115,train,data/processed/train/normal/8185114e01b4605c_00769.jpg
kaggle_oily_dry_normal/Oily-Dry-Skin-Types/train/normal/normal_4d114b6d07dc2bec6c32_jpg.rf.91a1630951758b14b48dea1a9e2c0429.jpg,kaggle_oily_dry_normal,normal,normal,bbcf42ed5dc660f8fe52e0eae578bf6ebbc05196d628ad05b3546704153e7208,train,data/processed/train/normal/bbcf42ed5dc660f8_00770.jpg
kaggle_oily_dry_normal/Oily-Dry-Skin-Types/train/normal/normal_f6e4461d9ab63dd8c1e6_jpg.rf.4883f8f3bcc616e8f1bc6aba08e9331c.jpg,kaggle_oily_dry_normal,normal,normal,feba48ebb052fa6cc00e48e72c175373d32c6157a81c35452c152275bea28944,train,data/processed/train/normal/feba48ebb052fa6c_00771.jpg
kaggle_oily_dry_normal/Oily-Dry-Skin-Types/train/normal/normal_4e3b5d98496001099467_jpg.rf.a78467b32a5ebf550a25b96d28014522.jpg,kaggle_oily_dry_normal,normal,normal,c4e56b695ca56982b88e5e355d931c8df160a6e5fe6deb0b2561c421ad38a8d9,train,data/processed/train/normal/c4e56b695ca56982_00772.jpg
kaggle_oily_dry_normal/Oily-Dry-Skin-Types/train/normal/normal_3c4ad8a0738782c63fac_jpg.rf.588f4baa42bf4cef07dba8cded447822.jpg,kaggle_oily_dry_normal,normal,normal,a66b7165aa60b113da540c085dc5a63e8d3abe819f2b1b467c614ff08c8558cf,train,data/processed/train/normal/a66b7165aa60b113_00773.jpg
kaggle_oily_dry_normal/Oily-Dry-Skin-Types/test/normal/normal_c1522c462c10fab6dfa6_jpg.rf.e17349e24b84049c15604e082f789589.jpg,kaggle_oily_dry_normal,normal,normal,ffd9bf7b71bccb9efe9f08102c4ea27f93ffd75a3d003e9244dfc9a87ec0e693,train,data/processed/train/normal/ffd9bf7b71bccb9e_00774.jpg
kaggle_oily_dry_normal/Oily-Dry-Skin-Types/train/normal/normal_fc213ee2c112e65b405e_jpg.rf.3145a140c0d5817600d58eee784216da.jpg,kaggle_oily_dry_normal,normal,normal,8ab53c9ffa0f2e4246a75e67137e067dd02fcaf06ad015bb1d924e6dbf2d5d5e,train,data/processed/train/normal/8ab53c9ffa0f2e42_00775.jpg
kaggle_oily_dry_normal/Oily-Dry-Skin-Types/valid/normal/normal_c8c9fab81a994515a15c_jpg.rf.a0435d858c5037752f2adbaaab7d3cc2.jpg,kaggle_oily_dry_normal,normal,normal,78d5bb3aacd779ac807e24e5c17d5cb4e2bf9455bb01fab2077015a2dfb1df46,train,data/processed/train/normal/78d5bb3aacd779ac_00776.jpg
kaggle_oily_dry_normal/Oily-Dry-Skin-Types/train/normal/normal_181d36931a1998e8fd0b_jpg.rf.a3cbf8fa41c6336612867d51872a224c.jpg,kaggle_oily_dry_normal,normal,normal,803ee929ead097c23366ae7778a33a3e1eeeea55f4b2b4b5dd2ab14224b69920,train,data/processed/train/normal/803ee929ead097c2_00777.jpg
kaggle_oily_dry_normal/Oily-Dry-Skin-Types/train/normal/normal_7c9a8c2f5b22591a8e55_jpg.rf.22b152e54ac3760a210ac3b61961a749.jpg,kaggle_oily_dry_normal,normal,normal,048e27fca5d0cf16d8768e7a7911572b9e546fb83261fa2bba09ada576367336,train,data/processed/train/normal/048e27fca5d0cf16_00778.jpg
kaggle_oily_dry_normal/Oily-Dry-Skin-Types/train/normal/normal_8181d272e4bcb95a3435_jpg.rf.4493f045fef8014a24d903d951c8c78f.jpg,kaggle_oily_dry_normal,normal,normal,669edc7871353f7a5a3c843c33a91ed39dfc44fae1ff5efa8328f2960411cd00,train,data/processed/train/normal/669edc7871353f7a_00779.jpg
kaggle_oily_dry_normal/Oily-Dry-Skin-Types/train/normal/normal_b2ec517844da2fc59e53_jpg.rf.8bf98933169033825480f006d5756d65.jpg,kaggle_oily_dry_normal,normal,normal,c12e10c8e27809e5b5cf0b37207314404d4343f929b4927e447b8e5d6a9a5296,train,data/processed/train/normal/c12e10c8e27809e5_00780.jpg
kaggle_oily_dry_normal/Oily-Dry-Skin-Types/test/normal/normal_a14cbc3fe88c559bd982_jpg.rf.5f4b1777e2d8ade390df759fd10ead00.jpg,kaggle_oily_dry_normal,normal,normal,0b210412a15858b57d3228314704c7fcf51a214439faa6c1ba4b0288d3ab8100,train,data/processed/train/normal/0b210412a15858b5_00781.jpg
kaggle_oily_dry_normal/Oily-Dry-Skin-Types/train/normal/normal_7c46ae7d0bf7f41e3e04_jpg.rf.0e709caf6f923ee8301173b1bbd98de2.jpg,kaggle_oily_dry_normal,normal,normal,df91b0d5a6d81434487d6e52b791ed62dec8b799d205df31f48a7b10900b58ca,train,data/processed/train/normal/df91b0d5a6d81434_00782.jpg
kaggle_oily_dry_normal/Oily-Dry-Skin-Types/train/normal/normal_181d36931a1998e8fd0b_jpg.rf.d3692a346d1f100390cc6e5e87226a8d.jpg,kaggle_oily_dry_normal,normal,normal,b7931a6eae4d2b13207dc1e48e979b34389b3b4fe30112b3250e3b6838a2ee9d,train,data/processed/train/normal/b7931a6eae4d2b13_00783.jpg
kaggle_oily_dry_normal/Oily-Dry-Skin-Types/train/normal/normal_954a02e199ebdd644089_jpg.rf.98300916c1d5883cbea0879b8b454372.jpg,kaggle_oily_dry_normal,normal,normal,aa96ad8c4f1d8246739d05e5261849377f7c42dbae09d16e5c8d06a1b815be37,train,data/processed/train/normal/aa96ad8c4f1d8246_00784.jpg
kaggle_oily_dry_normal/Oily-Dry-Skin-Types/train/normal/normal_d3d7caa27063f5aa17f2_jpg.rf.1f899db81ecda24a3a90ed77592f0d9e.jpg,kaggle_oily_dry_normal,normal,normal,e99255df46e0898d956c3689e2fd48cf289adc0c5816917727b92a136b8a3964,train,data/processed/train/normal/e99255df46e0898d_00785.jpg
kaggle_oily_dry_normal/Oily-Dry-Skin-Types/valid/normal/normal_1ffa5dc8de7c69476bb3_jpg.rf.11020b369808877ad84327dab8930fbf.jpg,kaggle_oily_dry_normal,normal,normal,a41f554ad2d5707f7b5e531565cc3c0700e85df489cae39b383753285d53ccd1,train,data/processed/train/normal/a41f554ad2d5707f_00786.jpg
kaggle_oily_dry_normal/Oily-Dry-Skin-Types/train/normal/normal_b7f9de39ab3390bf0e8b_jpg.rf.7e21081b38c85eaaa675b9a2c112b407.jpg,kaggle_oily_dry_normal,normal,normal,a2d952d6b5d8c9c8d946264a53d1685e7abbede3d43231909cb7e7ab0a1d7768,train,data/processed/train/normal/a2d952d6b5d8c9c8_00787.jpg
kaggle_oily_dry_normal/Oily-Dry-Skin-Types/train/normal/normal_7da908e123b9da3711df_jpg.rf.1ff15d847cca77a7694aeb24428a7ce6.jpg,kaggle_oily_dry_normal,normal,normal,ed9f31146144f91d1511226b88e92b143e02c1255e517f42def3088503ada723,train,data/processed/train/normal/ed9f31146144f91d_00788.jpg
kaggle_oily_dry_normal/Oily-Dry-Skin-Types/train/normal/normal_5f39dd663660da58c666_jpg.rf.b60b776dd66363fd0ed27dfe2afc0bf6.jpg,kaggle_oily_dry_normal,normal,normal,80d5940b673ee7290406a618df209df5ffc560c9b602e33029b8b21242d538cf,train,data/processed/train/normal/80d5940b673ee729_00789.jpg
kaggle_oily_dry_normal/Oily-Dry-Skin-Types/train/normal/normal_97e8bb7dd7a9672d3618_jpg.rf.e2fc9b7094e732d6635452c1ed7887ef.jpg,kaggle_oily_dry_normal,normal,normal,f4389c172187181117e62774626d8a70d9b72cd4b26b493c25c60ea2a984d4a0,train,data/processed/train/normal/f4389c1721871811_00790.jpg
kaggle_oily_dry_normal/Oily-Dry-Skin-Types/train/normal/normal_7c9a8c2f5b22591a8e55_jpg.rf.051b3bad8a7e5d0c0bf5f589ef230bbf.jpg,kaggle_oily_dry_normal,normal,normal,57456908ee9ce577ce11da6ab755408adfdafb24dc73f3b7013b02c1231f373b,train,data/processed/train/normal/57456908ee9ce577_00791.jpg
kaggle_oily_dry_normal/Oily-Dry-Skin-Types/train/normal/normal_61d27fc8c00b4d6d70a5_jpg.rf.450389380a0d54067f0f3d00a2712a7a.jpg,kaggle_oily_dry_normal,normal,normal,77c3d6ec7c68a9256c4e19aed995f8ccbee36562910e411abeec6a0536be1d97,train,data/processed/train/normal/77c3d6ec7c68a925_00792.jpg
kaggle_oily_dry_normal/Oily-Dry-Skin-Types/train/normal/normal_a2acd5c0b261b2aa5cb9_jpg.rf.8072a9342c1c61b2caf7060286f6a654.jpg,kaggle_oily_dry_normal,normal,normal,860c68888772cd22a1cf4fc7e1449a6fc6b8dbea9e3c98ada572145334a8c0dc,train,data/processed/train/normal/860c68888772cd22_00793.jpg
kaggle_oily_dry_normal/Oily-Dry-Skin-Types/train/normal/normal_2133ba86473bb7e0569c_jpg.rf.8ec03a647cdb98b29add602fe2d1e952.jpg,kaggle_oily_dry_normal,normal,normal,ba82ec05bebd8a798c95a428e6493dd287f40b7ffb32eea0ba8da14cfea73c7f,train,data/processed/train/normal/ba82ec05bebd8a79_00794.jpg
kaggle_oily_dry_normal/Oily-Dry-Skin-Types/train/normal/normal_365bd9d74f42a34aa3a9_jpg.rf.1e245e7d07ef91db814c103e6f3918d8.jpg,kaggle_oily_dry_normal,normal,normal,a4183c092d47195669c5be3d88348ec493f8778e349a1126df72111b2bf18e29,train,data/processed/train/normal/a4183c092d471956_00795.jpg
kaggle_oily_dry_normal/Oily-Dry-Skin-Types/train/normal/normal_886c46d298ce441af09e_jpg.rf.04959e03e5ec6cfc0b07d074fd6d0059.jpg,kaggle_oily_dry_normal,normal,normal,a9834f3c29315a4fbbd37ba33917b6d1e76619ab4489a94d0ffe954e7d37b308,train,data/processed/train/normal/a9834f3c29315a4f_00796.jpg
kaggle_oily_dry_normal/Oily-Dry-Skin-Types/train/normal/normal_139ee79583410327f0d9_jpg.rf.5bc19c808606a8eb7f9d7a6d20bca099.jpg,kaggle_oily_dry_normal,normal,normal,188402441799db8ff2028c738ac138e6970ab5e63d242c52cb1fe8eed4486df6,train,data/processed/train/normal/188402441799db8f_00797.jpg
kaggle_oily_dry_normal/Oily-Dry-Skin-Types/train/normal/normal_aa7af3e4faf3701e02a3_jpg.rf.71e378a0d9e7dc690bbd833473fbf3cf.jpg,kaggle_oily_dry_normal,normal,normal,b800954410a1cc7064834dd18f6ccdd40e1435863b9934aef403206c838fa67c,train,data/processed/train/normal/b800954410a1cc70_00798.jpg
kaggle_oily_dry_normal/Oily-Dry-Skin-Types/train/normal/normal_4470a6d0a6609dd83a6a_jpg.rf.07e3aedcf38ea04297c62335db7c46a0.jpg,kaggle_oily_dry_normal,normal,normal,d66c3f7d7bff4ce4cad17eb54283ea400368eee41bc40bcdb42336cf0ff6ecf2,train,data/processed/train/normal/d66c3f7d7bff4ce4_00799.jpg
kaggle_oily_dry_normal/Oily-Dry-Skin-Types/test/normal/normal_0e19f8a9b2f135ed3acb_jpg.rf.7b0729f4b66cb9504413e06459509e7f.jpg,kaggle_oily_dry_normal,normal,normal,827dc90c78511a2df7f113a28fa56b7104e16d2d5c4fe1d20d1aec43d2533285,train,data/processed/train/normal/827dc90c78511a2d_00800.jpg
kaggle_oily_dry_normal/Oily-Dry-Skin-Types/test/normal/normal_d0fe897cc206ed696f0b_jpg.rf.73f4d4679944de3ed3ab14dd64967753.jpg,kaggle_oily_dry_normal,normal,normal,51b207400fe44c7f31a6d4ea06cdfa3613a951088d00ded71c8a0e123532aea4,train,data/processed/train/normal/51b207400fe44c7f_00801.jpg
kaggle_oily_dry_normal/Oily-Dry-Skin-Types/train/normal/normal_ff7170ec56b6897c64f8_jpg.rf.b3df7a44508ffb418591511913fdaaa9.jpg,kaggle_oily_dry_normal,normal,normal,8deede4f564c9b3f7f0d4b6f008a76b5875909beb8434742e57c06251de3ea12,train,data/processed/train/normal/8deede4f564c9b3f_00802.jpg
kaggle_oily_dry_normal/Oily-Dry-Skin-Types/train/normal/normal_cf0d6fdde3c32affaffc_jpg.rf.5bff5980ccb16913c4c778e22c41c116.jpg,kaggle_oily_dry_normal,normal,normal,0cd95127b088f61424583ddc08bc3eb3ef40dfb04535398ae178df2af78681e6,train,data/processed/train/normal/0cd95127b088f614_00803.jpg
kaggle_oily_dry_normal/Oily-Dry-Skin-Types/train/normal/normal_ad0fee60879766667642_jpg.rf.a34b23917b5dfcb290d58c73334f3559.jpg,kaggle_oily_dry_normal,normal,normal,f40974008df37e9651450db73b6fbde34fa929ae23fb7dcca6ea58d94853513e,train,data/processed/train/normal/f40974008df37e96_00804.jpg
kaggle_oily_dry_normal/Oily-Dry-Skin-Types/train/normal/normal_0888964738abf72c4e5f_jpg.rf.36fe11443dfcbab00bc26198970738e3.jpg,kaggle_oily_dry_normal,normal,normal,6da9e1bbd95960ed34a3a1dde5cfdf8ef21f52611179534c478c557379c8151a,train,data/processed/train/normal/6da9e1bbd95960ed_00805.jpg
kaggle_oily_dry_normal/Oily-Dry-Skin-Types/test/normal/normal_f14d5da9a0e78916195e_jpg.rf.333f7d35d28c38d6e333793bee047c41.jpg,kaggle_oily_dry_normal,normal,normal,9067939f21ca49a1d82a501f418ee730fee20f520d9b443766203844a8602778,train,data/processed/train/normal/9067939f21ca49a1_00806.jpg
kaggle_oily_dry_normal/Oily-Dry-Skin-Types/train/normal/normal_f0c1c49e2bcf308b3899_jpg.rf.a212995a1e7e60efce05e20ebf109b76.jpg,kaggle_oily_dry_normal,normal,normal,1170d3df89567227c09145aef12e9d469a0774e45738d057367e90754e744479,train,data/processed/train/normal/1170d3df89567227_00807.jpg
kaggle_oily_dry_normal/Oily-Dry-Skin-Types/train/normal/normal_6faf1ac6b36e64e73e4f_jpg.rf.b62d13056072df601262689136f8fb86.jpg,kaggle_oily_dry_normal,normal,normal,54e6221cedcfc073b52d3dc35b01b10fa83db4a6607869e19cdc41b42d7d4ab8,train,data/processed/train/normal/54e6221cedcfc073_00808.jpg
kaggle_oily_dry_normal/Oily-Dry-Skin-Types/train/normal/normal_73f240a2b213ce4058ab_jpg.rf.9e8cfc49c8df70a540dad7a5df561022.jpg,kaggle_oily_dry_normal,normal,normal,942e80a719ac62d1a6b7b169e493cf63e7f62b31a19d80d817e7a9e477a5dbe6,train,data/processed/train/normal/942e80a719ac62d1_00809.jpg
kaggle_oily_dry_normal/Oily-Dry-Skin-Types/train/normal/normal_af95d46d9447d43527be_jpg.rf.50f97cf9b8a8370d90187bcaa5fc43cf.jpg,kaggle_oily_dry_normal,normal,normal,ef13024b4872fe61ff3e3edbf21a581b543d5646b9f9207c4d947d1b54e8d02a,train,data/processed/train/normal/ef13024b4872fe61_00810.jpg
kaggle_oily_dry_normal/Oily-Dry-Skin-Types/train/normal/normal_882f4f2fc87b22d79d30_jpg.rf.b19790c0769c85408153f8a32b496119.jpg,kaggle_oily_dry_normal,normal,normal,8e9e8067eb4b36cebd80344c2a77de9440c35dd98731bbaf09ae1c41847bfdfc,train,data/processed/train/normal/8e9e8067eb4b36ce_00811.jpg
kaggle_oily_dry_normal/Oily-Dry-Skin-Types/train/normal/normal_954174c65df7f95ff55d_jpg.rf.5cda23bfba2e82706b079bc248880244.jpg,kaggle_oily_dry_normal,normal,normal,c95b18fce021438b016bce04324642399a61c5b121ac38836dc296a1d1de6bef,train,data/processed/train/normal/c95b18fce021438b_00812.jpg
kaggle_oily_dry_normal/Oily-Dry-Skin-Types/train/normal/normal_26f90eea16c33625ce21_jpg.rf.a76d5b89ed6fb32729f1f090291d571f.jpg,kaggle_oily_dry_normal,normal,normal,bc05c80b5a1a75dd70f596704d31984524bbbd6780f06c6e3a60c081571a70b3,train,data/processed/train/normal/bc05c80b5a1a75dd_00813.jpg
kaggle_oily_dry_normal/Oily-Dry-Skin-Types/train/normal/normal_49ce286775959f8f4637_jpg.rf.aeeb707794f9bd647dc3b61d33844280.jpg,kaggle_oily_dry_normal,normal,normal,577ee4fe397c7bed666debf36867105e90209e3a55307d566ab0257dfde8fdae,train,data/processed/train/normal/577ee4fe397c7bed_00814.jpg
kaggle_oily_dry_normal/Oily-Dry-Skin-Types/train/normal/normal_9a50e19d324bbf21fb75_jpg.rf.e1500c57de54afd2490312fc8a848448.jpg,kaggle_oily_dry_normal,normal,normal,8027690e6f60baa78b8767def4bb64c72b203c5c447e30b1f62dcf7407c6342c,train,data/processed/train/normal/8027690e6f60baa7_00815.jpg
kaggle_oily_dry_normal/Oily-Dry-Skin-Types/train/normal/normal_2a654e6820c321c2cd61_jpg.rf.07e2c8116c77bbdf1b43f3ccbc3fe668.jpg,kaggle_oily_dry_normal,normal,normal,fa69823740923654e1f0385ee31b6bf976c14550e54cc76c167dd3748d8ad787,train,data/processed/train/normal/fa69823740923654_00816.jpg
kaggle_oily_dry_normal/Oily-Dry-Skin-Types/train/normal/normal_83e6ce8def2d62166f2a_jpg.rf.39ad468166f13d4da5c223c843c953c9.jpg,kaggle_oily_dry_normal,normal,normal,890d61f8540e8a1aca85688b636b8ff06486943870fd907b17a871f48475a7ab,train,data/processed/train/normal/890d61f8540e8a1a_00817.jpg
kaggle_oily_dry_normal/Oily-Dry-Skin-Types/train/normal/normal_395d1bf0d8df796280dd_jpg.rf.34d8cf01582bfba03c073b30cc9c5444.jpg,kaggle_oily_dry_normal,normal,normal,457795149eeeaa547cbe110d36728154817b457fb158082ee73170d7a5c720a4,train,data/processed/train/normal/457795149eeeaa54_00818.jpg
kaggle_oily_dry_normal/Oily-Dry-Skin-Types/train/normal/normal_37a7fa4900efa017a891_jpg.rf.34cba64b1b2270e0ebd74bbe3d3848f3.jpg,kaggle_oily_dry_normal,normal,normal,64b35c2599b75f8da1d5fe20b523ed35a113e68cad74c942970e2fb5a788f016,train,data/processed/train/normal/64b35c2599b75f8d_00819.jpg
kaggle_oily_dry_normal/Oily-Dry-Skin-Types/train/normal/normal_1fcdfe80735412dc2d4e_jpg.rf.1e120cf2a28d94f2b7c195dcd5256fa8.jpg,kaggle_oily_dry_normal,normal,normal,71547df5fcdc6ab087fa62dcff22b27671f471d72826a3e2f0440861a93c29a7,train,data/processed/train/normal/71547df5fcdc6ab0_00820.jpg
kaggle_oily_dry_normal/Oily-Dry-Skin-Types/train/normal/normal_7c9a8c2f5b22591a8e55_jpg.rf.530fb61ae86e1ec3c4f671f479c1b676.jpg,kaggle_oily_dry_normal,normal,normal,d873d9b8647f2809d7507142ff72e049a62ffc4e75720aba1f3f7d458a8a05ac,train,data/processed/train/normal/d873d9b8647f2809_00821.jpg
kaggle_oily_dry_normal/Oily-Dry-Skin-Types/train/normal/normal_a2acd5c0b261b2aa5cb9_jpg.rf.8101f15432f23ce66fd93b9a38b19804.jpg,kaggle_oily_dry_normal,normal,normal,38d85d2755fc47298abb6fcb762c14692ba457481f6e52d585439e9fe5803039,train,data/processed/train/normal/38d85d2755fc4729_00822.jpg
kaggle_oily_dry_normal/Oily-Dry-Skin-Types/train/normal/normal_0b71ab4726e465b07b5f_jpg.rf.af31e69030fc902cc5ac473c5275c50c.jpg,kaggle_oily_dry_normal,normal,normal,b90bd4ab016530a83553c1e15eec4b5f6e8ca93c2bd2a398d93981aa0c70b0c1,train,data/processed/train/normal/b90bd4ab016530a8_00823.jpg
kaggle_oily_dry_normal/Oily-Dry-Skin-Types/train/normal/normal_f1569312cf82b989077d_jpg.rf.0bc1e74545d89870fe994e049abaef4a.jpg,kaggle_oily_dry_normal,normal,normal,c4702368d57cef086d15730c6ec46a60d3bb84cc920cc0b388ba5ae22095c310,train,data/processed/train/normal/c4702368d57cef08_00824.jpg
kaggle_oily_dry_normal/Oily-Dry-Skin-Types/train/normal/normal_365bd9d74f42a34aa3a9_jpg.rf.b7024a59a535ac29ed5ce55632be36f9.jpg,kaggle_oily_dry_normal,normal,normal,c639fc5b6da83c55b4528299d035accc796f4ca75305a2f2f3144de5e1dd269d,train,data/processed/train/normal/c639fc5b6da83c55_00825.jpg
kaggle_oily_dry_normal/Oily-Dry-Skin-Types/train/normal/normal_155c38bb99d47fcf51a3_jpg.rf.1df3c39666d02f673e52bc6753cc2911.jpg,kaggle_oily_dry_normal,normal,normal,5878734daceae4876c4dbddc12287ef3df83786eafe5db27a204319534614ab6,train,data/processed/train/normal/5878734daceae487_00826.jpg
kaggle_oily_dry_normal/Oily-Dry-Skin-Types/train/normal/normal_0b3f34580ac0aebba531_jpg.rf.e81fc403b5a17fb973e77f5ac9e57329.jpg,kaggle_oily_dry_normal,normal,normal,9c3d59b0084e121225b6d7a839b18e2a5135fa9f30cd9b939c428bab1c74251b,train,data/processed/train/normal/9c3d59b0084e1212_00827.jpg
kaggle_oily_dry_normal/Oily-Dry-Skin-Types/train/normal/normal_8dcc377bf91c101d929e_jpg.rf.6621bf388dec5d32df8bddde32b16ccf.jpg,kaggle_oily_dry_normal,normal,normal,0a41466af2a7f84d3b37d6b50472478e8180531febc7803fd82c3e9a8eb84107,train,data/processed/train/normal/0a41466af2a7f84d_00828.jpg
kaggle_oily_dry_normal/Oily-Dry-Skin-Types/train/normal/normal_3bda8303158246844aeb_jpg.rf.5f1d34f72982b3d9ab4f9370e7ae5a93.jpg,kaggle_oily_dry_normal,normal,normal,5f87e096916cfc2046a2b0f2f733dfdfea3a92a461be2e1213bdd88c79678f66,train,data/processed/train/normal/5f87e096916cfc20_00829.jpg
kaggle_oily_dry_normal/Oily-Dry-Skin-Types/train/normal/normal_7c9a8c2f5b22591a8e55_jpg.rf.7d1b15922e3bf7ec25fffdc3540075ee.jpg,kaggle_oily_dry_normal,normal,normal,d13a894fa3c7aabadc776c672a018add9817fb5c5505b61f6200113468911a0c,train,data/processed/train/normal/d13a894fa3c7aaba_00830.jpg
kaggle_oily_dry_normal/Oily-Dry-Skin-Types/train/normal/normal_8ead388c1069abfa1aa0_jpg.rf.444bae470d61851f185054b0195d80ee.jpg,kaggle_oily_dry_normal,normal,normal,427a54566521864f849f6ca02d9a2a8be9315c9c11117db219d2d5aa15fd73bf,train,data/processed/train/normal/427a54566521864f_00831.jpg
kaggle_oily_dry_normal/Oily-Dry-Skin-Types/test/normal/normal_279a22f5405c0c49cef1_jpg.rf.336992d84bbdb67725a7864a5fbe57ea.jpg,kaggle_oily_dry_normal,normal,normal,b5f8f377b1304a2b49d930bcb0535108e35ab6e78d93effd83180ea65fd86728,train,data/processed/train/normal/b5f8f377b1304a2b_00832.jpg
kaggle_oily_dry_normal/Oily-Dry-Skin-Types/valid/normal/normal_a83d1c8879aba3da4288_jpg.rf.2ba22505af3e2845bd0e6329ac7e4256.jpg,kaggle_oily_dry_normal,normal,normal,b69912440d3617a90849ea3474802185aba725cf749ee2e9775e8babe779713d,train,data/processed/train/normal/b69912440d3617a9_00833.jpg
kaggle_oily_dry_normal/Oily-Dry-Skin-Types/train/normal/normal_dc4e275a5b01195e52d5_jpg.rf.8190d6eaaedbd1090c338f70b978948b.jpg,kaggle_oily_dry_normal,normal,normal,3b19ec52dd9a8968acd39daf63953715125fe88cfc747dc313603ebced4a6ca7,train,data/processed/train/normal/3b19ec52dd9a8968_00834.jpg
kaggle_oily_dry_normal/Oily-Dry-Skin-Types/train/normal/normal_e0d159be5a6df664fe03_jpg.rf.346ceb489639bf76d863481f4ed0f490.jpg,kaggle_oily_dry_normal,normal,normal,193e178a1928057a92ca9d742be738632ef70d2a882012542871bb6c00755c55,train,data/processed/train/normal/193e178a1928057a_00835.jpg
kaggle_oily_dry_normal/Oily-Dry-Skin-Types/train/normal/normal_849a47bebcdf4ddcccda_jpg.rf.e9a175dec9c1f2827426221c179b705d.jpg,kaggle_oily_dry_normal,normal,normal,0b487913a94d17346b2d2105603b7f148e9e58f0373a989155db663c5a70cc8e,validation,data/processed/validation/normal/0b487913a94d1734_00000.jpg
kaggle_oily_dry_normal/Oily-Dry-Skin-Types/train/normal/normal_3c04df403f7e03a75a39_jpg.rf.760992bfad80188c81b48623137cd828.jpg,kaggle_oily_dry_normal,normal,normal,d90265f03e2d4cda949437c9edd10db59be89c81705f27cc7958afd8f16ddfe6,validation,data/processed/validation/normal/d90265f03e2d4cda_00001.jpg
kaggle_oily_dry_normal/Oily-Dry-Skin-Types/train/normal/normal_97e8bb7dd7a9672d3618_jpg.rf.0400ad906b4012c2d688f8083f179939.jpg,kaggle_oily_dry_normal,normal,normal,4aabc972ed8d4c7e41dcf0919c26450a115171bd4b2166f422e6a54f38dbf5c8,validation,data/processed/validation/normal/4aabc972ed8d4c7e_00002.jpg
kaggle_oily_dry_normal/Oily-Dry-Skin-Types/train/normal/normal_7c2ed22c13c542f5966c_jpg.rf.433bdfc0a240674b4495c83171495c40.jpg,kaggle_oily_dry_normal,normal,normal,9ed3c7adb6f435446f9bfb84f2d6c474db2f0bbe3998f4957b6d58f3b9ce4209,validation,data/processed/validation/normal/9ed3c7adb6f43544_00003.jpg
kaggle_oily_dry_normal/Oily-Dry-Skin-Types/train/normal/normal_60b8d9746776be55dc4c_jpg.rf.e26f58d8965046231e7b0480ce18d7f3.jpg,kaggle_oily_dry_normal,normal,normal,0f1a699ab52a6faae8f69b58731da9d23c8b74a3bce976b70cc66ad9b9af16b4,validation,data/processed/validation/normal/0f1a699ab52a6faa_00004.jpg
kaggle_oily_dry_normal/Oily-Dry-Skin-Types/train/normal/normal_c2c01f0573b6c9be7a77_jpg.rf.604bef1b25dea0c3a23e50f0ca35dcf8.jpg,kaggle_oily_dry_normal,normal,normal,23905c751cac7acf8e1ce987bd8c618990c7fc84dad8c49424ffa5c9d22c6adb,validation,data/processed/validation/normal/23905c751cac7acf_00005.jpg
kaggle_oily_dry_normal/Oily-Dry-Skin-Types/train/normal/normal_395d1bf0d8df796280dd_jpg.rf.be6d227b64b4020f72047f20bdc630cc.jpg,kaggle_oily_dry_normal,normal,normal,bf20d8451e7d45311710b59bddf4ff025a83234bf4a19d3b1816f32f79b20cc9,validation,data/processed/validation/normal/bf20d8451e7d4531_00006.jpg
kaggle_oily_dry_normal/Oily-Dry-Skin-Types/train/normal/normal_521515e1dbd92c093273_jpg.rf.ab924164b7379a5f835945e169b916c9.jpg,kaggle_oily_dry_normal,normal,normal,647b37def3c8e846cd01c2429503f2f35bdec44cdfeef0457928c08a47f9281c,validation,data/processed/validation/normal/647b37def3c8e846_00007.jpg
kaggle_oily_dry_normal/Oily-Dry-Skin-Types/train/normal/normal_334f4043a8022c3c91e1_jpg.rf.435be3ee76c2a6d4fde90dc65bb7e794.jpg,kaggle_oily_dry_normal,normal,normal,117aaec6034d71bd03c6e4b290d0c95872012f98d9a727a7e050ee666d0a3fab,validation,data/processed/validation/normal/117aaec6034d71bd_00008.jpg
kaggle_oily_dry_normal/Oily-Dry-Skin-Types/train/normal/normal_c07ed8368fa0067dc0bb_jpg.rf.b192b8ce365b9df2843a6b9acd33bdc0.jpg,kaggle_oily_dry_normal,normal,normal,11af1915892ae7e301dbd7948afaa169ab6beffa2b209d5cb3550bc3c22c857f,validation,data/processed/validation/normal/11af1915892ae7e3_00009.jpg
kaggle_oily_dry_normal/Oily-Dry-Skin-Types/train/normal/normal_4bad21481a8aef69f7cf_jpg.rf.887c846ad3667095ef2c3747143c8516.jpg,kaggle_oily_dry_normal,normal,normal,a7caef1e6f7d6db6eaf11f1e5e38500f523dcb90dce41ed3cd0b270f404ebd42,validation,data/processed/validation/normal/a7caef1e6f7d6db6_00010.jpg
kaggle_oily_dry_normal/Oily-Dry-Skin-Types/train/normal/normal_e3411826fec90e7ea2a1_jpg.rf.285a0725829b2df5fc4550d72345ab61.jpg,kaggle_oily_dry_normal,normal,normal,502a57ea70dc291038f92dfee5d54306b6466962d36fc5efb782fc48894c130a,validation,data/processed/validation/normal/502a57ea70dc2910_00011.jpg
kaggle_oily_dry_normal/Oily-Dry-Skin-Types/train/normal/normal_bb2f7ae7c989534cdb84_jpg.rf.9c3421c357c560c1d2de00a041a7c08a.jpg,kaggle_oily_dry_normal,normal,normal,465cbbcd79b3de2f935a68b85db715713905513bb37ef8c3e332d2bf71e8ca3e,validation,data/processed/validation/normal/465cbbcd79b3de2f_00012.jpg
kaggle_oily_dry_normal/Oily-Dry-Skin-Types/train/normal/normal_73f240a2b213ce4058ab_jpg.rf.c6517adb0bc89326af59a3deab6c1268.jpg,kaggle_oily_dry_normal,normal,normal,c5c92b1b36d1c5cd18e61bf34135866fc0add89a4649468065d0df09c08bdc4a,validation,data/processed/validation/normal/c5c92b1b36d1c5cd_00013.jpg
kaggle_oily_dry_normal/Oily-Dry-Skin-Types/valid/normal/normal_9f890b7e783a42db19eb_jpg.rf.ed6cc9e38c4d614c7cf81cc9c9b66bb9.jpg,kaggle_oily_dry_normal,normal,normal,f1d0122c4c336434c9d7aa146979072441772e06182491ec83678d2273c546f0,validation,data/processed/validation/normal/f1d0122c4c336434_00014.jpg
kaggle_oily_dry_normal/Oily-Dry-Skin-Types/train/normal/normal_7be923370441d48ea98c_jpg.rf.26c82b2bd83c33dc3f46d6181fbdb6f8.jpg,kaggle_oily_dry_normal,normal,normal,d992fca7362a39d0ce46cc40becb77b163b0db6cc9012a8b08f2d1c3f3d6d432,validation,data/processed/validation/normal/d992fca7362a39d0_00015.jpg
kaggle_oily_dry_normal/Oily-Dry-Skin-Types/train/normal/normal_052c57b1509f650847e7_jpg.rf.e6ec3e7e537468059f005aec4e33a4a8.jpg,kaggle_oily_dry_normal,normal,normal,88989e6d8bcce457dcfd101ca21e17327fc00cc4eb5caa6fc89ad053774dda83,validation,data/processed/validation/normal/88989e6d8bcce457_00016.jpg
kaggle_oily_dry_normal/Oily-Dry-Skin-Types/train/normal/normal_0b3f34580ac0aebba531_jpg.rf.304da854408fe3b7cc3b17a9375b32a4.jpg,kaggle_oily_dry_normal,normal,normal,c770c2c2c674db7a87655064eaf3eac4905ae7628f5efba86fe72f4b702b28eb,validation,data/processed/validation/normal/c770c2c2c674db7a_00017.jpg
kaggle_oily_dry_normal/Oily-Dry-Skin-Types/train/normal/normal_7da908e123b9da3711df_jpg.rf.5b3945c0826f7bd23f05dac854ff7359.jpg,kaggle_oily_dry_normal,normal,normal,e645abef1effb1572b38e3d70c86fc0bae62fdfcef1b052b4bc8d8311d689de1,validation,data/processed/validation/normal/e645abef1effb157_00018.jpg
kaggle_oily_dry_normal/Oily-Dry-Skin-Types/train/normal/normal_8540cc64d235c2321793_jpg.rf.13e2369c6fddeedbf3cb775cc3eeceb2.jpg,kaggle_oily_dry_normal,normal,normal,08a9a68c346774fe947302865ebbd150fe93aa4205989ade76c3fff35b56e16f,validation,data/processed/validation/normal/08a9a68c346774fe_00019.jpg
kaggle_oily_dry_normal/Oily-Dry-Skin-Types/valid/normal/normal_1ce2689cd46c12c0d01e_jpg.rf.cdbd9306dff178e58afdfe79e6661234.jpg,kaggle_oily_dry_normal,normal,normal,121e0e558dff94d35843e3cd1dae9af6a137519e208f628be25a37b291654816,validation,data/processed/validation/normal/121e0e558dff94d3_00020.jpg
kaggle_oily_dry_normal/Oily-Dry-Skin-Types/test/normal/normal_2b8c3708237d9a42f1c6_jpg.rf.4ce79a7a80c2cb7b5879c46ab213de3f.jpg,kaggle_oily_dry_normal,normal,normal,240782504948f9941147d313a76c4185d4ae2bacb8c05743189392869dde1a77,validation,data/processed/validation/normal/240782504948f994_00021.jpg
kaggle_oily_dry_normal/Oily-Dry-Skin-Types/train/normal/normal_052c57b1509f650847e7_jpg.rf.9f99330ae8a045fb64a35fd9f8318b67.jpg,kaggle_oily_dry_normal,normal,normal,549faedf38ac4ac1c3cddabf2bd7b9bdbee4b62ea77a641eae8d05fce6378bcc,validation,data/processed/validation/normal/549faedf38ac4ac1_00022.jpg
kaggle_oily_dry_normal/Oily-Dry-Skin-Types/train/normal/normal_a626496076bdbaf2cdc4_jpg.rf.fb5c0cdb8150d63a65203bf93d5f99db.jpg,kaggle_oily_dry_normal,normal,normal,c31edcd73cc2fe683e08fe7b0eddcafd7205b8efd8ef9b3122381e67e2210a1f,validation,data/processed/validation/normal/c31edcd73cc2fe68_00023.jpg
kaggle_oily_dry_normal/Oily-Dry-Skin-Types/train/normal/normal_bcdf8633e71ef6c498ae_jpg.rf.8be704a1776322cd8f319d5c4d1e4f3b.jpg,kaggle_oily_dry_normal,normal,normal,b5ed3a59ec4e5a32c9e273e90398e439b0579ad0a8c9b496bfc48ac676ed5b1e,validation,data/processed/validation/normal/b5ed3a59ec4e5a32_00024.jpg
kaggle_oily_dry_normal/Oily-Dry-Skin-Types/train/normal/normal_e6a7c92729dd8b9555be_jpg.rf.05a35cb4c4cd6a8e8df6418f47d0de1d.jpg,kaggle_oily_dry_normal,normal,normal,a4351d0eff07f3115f84041483821a4a54ff9ef3beab71063984a03f43da9b68,validation,data/processed/validation/normal/a4351d0eff07f311_00025.jpg
kaggle_oily_dry_normal/Oily-Dry-Skin-Types/train/normal/normal_3bda8303158246844aeb_jpg.rf.65e4a14bbf8eb9389a0e4a7441e26ce2.jpg,kaggle_oily_dry_normal,normal,normal,14562a86bb7ce2ad926cc74d903b699eaa942e39d7260d32d0844573300912ee,validation,data/processed/validation/normal/14562a86bb7ce2ad_00026.jpg
kaggle_oily_dry_normal/Oily-Dry-Skin-Types/train/normal/normal_8d21ff6154d429ef506d_jpg.rf.a100bc8027f3450a877c2b4878987c4b.jpg,kaggle_oily_dry_normal,normal,normal,2650a7ac66a79769e0ca99c1eafd44192fadf47d554b3e8b363465e73bf0e2cb,validation,data/processed/validation/normal/2650a7ac66a79769_00027.jpg
kaggle_oily_dry_normal/Oily-Dry-Skin-Types/train/normal/normal_8f324d51a90841a5cdc1_jpg.rf.82a5d5b1cca4f8ff91878d13218b7038.jpg,kaggle_oily_dry_normal,normal,normal,ab3c8ed3bbf9c894392f3e5043ecb939cb7d3bc26838800854ed49ab101a5b51,validation,data/processed/validation/normal/ab3c8ed3bbf9c894_00028.jpg
kaggle_oily_dry_normal/Oily-Dry-Skin-Types/train/normal/normal_139ee79583410327f0d9_jpg.rf.96f134fc57e0f7c106ea7ed7af0fba41.jpg,kaggle_oily_dry_normal,normal,normal,5d866bd61c39b4a900c61369afd36b7d6815b6222f3479371886c632a00af59d,validation,data/processed/validation/normal/5d866bd61c39b4a9_00029.jpg
kaggle_oily_dry_normal/Oily-Dry-Skin-Types/train/normal/normal_56ef66bbff36af15a5d4_jpg.rf.4aabb7ea5229fa40fa97d5769fd529b2.jpg,kaggle_oily_dry_normal,normal,normal,3475240ba6e15e9922dbca5e5959e5f8177721ae60fad30996a9c1788bcfa560,validation,data/processed/validation/normal/3475240ba6e15e99_00030.jpg
kaggle_oily_dry_normal/Oily-Dry-Skin-Types/train/normal/normal_d0acd91ff9bba279fe59_jpg.rf.90b73ed1bfd8852dc810a4a3de36e5a6.jpg,kaggle_oily_dry_normal,normal,normal,f398b30c78744951118a79d6c353221533cb638aa1636c0728002c1feeb81575,validation,data/processed/validation/normal/f398b30c78744951_00031.jpg
kaggle_oily_dry_normal/Oily-Dry-Skin-Types/train/normal/normal_325eb63b86afe146c314_jpg.rf.21f9e73311eeb2ff0bae2526231564c6.jpg,kaggle_oily_dry_normal,normal,normal,e8f629fbdb3d9413b48732632ab66db2a1967fc06958faacb95bba5c4632520a,validation,data/processed/validation/normal/e8f629fbdb3d9413_00032.jpg
kaggle_oily_dry_normal/Oily-Dry-Skin-Types/train/normal/normal_c73cdb0a196e20b724a1_jpg.rf.bc9fddf725920518c744958c82086b8a.jpg,kaggle_oily_dry_normal,normal,normal,a8bf3f1d83a5945aa54fc7228d166536f482b469b3782db56d43fdd4fb8af7d6,validation,data/processed/validation/normal/a8bf3f1d83a5945a_00033.jpg
kaggle_oily_dry_normal/Oily-Dry-Skin-Types/train/normal/normal_99c92165ac2a5954dd3c_jpg.rf.e5aa87f484b20e432c7beef81ceffc23.jpg,kaggle_oily_dry_normal,normal,normal,3381235fe3527105684a88cde9b2ffaf418d543702ee648a50532cc53569b503,validation,data/processed/validation/normal/3381235fe3527105_00034.jpg
kaggle_oily_dry_normal/Oily-Dry-Skin-Types/train/normal/normal_e3c1fbdd764bbadf6b1c_jpg.rf.cf70e33b91abef5fff7eda546e7f45ea.jpg,kaggle_oily_dry_normal,normal,normal,3e89cd57a1cf3f356f009a94202dbb992e64dcf0c85193f2057e1f27b840e905,validation,data/processed/validation/normal/3e89cd57a1cf3f35_00035.jpg
kaggle_oily_dry_normal/Oily-Dry-Skin-Types/valid/normal/normal_c30c47b8f764d38cabe8_jpg.rf.6da031c2a11d9855dc3919a91ba2359f.jpg,kaggle_oily_dry_normal,normal,normal,d336f21f0a8715255fa1884922e9331eb29d6c3a5eb4a6a45a9d6b0fa2c5c90f,validation,data/processed/validation/normal/d336f21f0a871525_00036.jpg
kaggle_oily_dry_normal/Oily-Dry-Skin-Types/train/normal/normal_34d12e7668f49d05c74b_jpg.rf.c73ff2d84313b69f70e3a99ac7b8c175.jpg,kaggle_oily_dry_normal,normal,normal,4c798f14e44c4c37d0ea4539e5e1f5509ec88df7263e0fc1ef2d152690084706,validation,data/processed/validation/normal/4c798f14e44c4c37_00037.jpg
kaggle_oily_dry_normal/Oily-Dry-Skin-Types/train/normal/normal_f6e4461d9ab63dd8c1e6_jpg.rf.457d2d4da6917406b5c4cb3db4745bf8.jpg,kaggle_oily_dry_normal,normal,normal,6a0c84127747881ce6aa1dae2e8ef8789489379ee646e28c3bb940f3e252df85,validation,data/processed/validation/normal/6a0c84127747881c_00038.jpg
kaggle_oily_dry_normal/Oily-Dry-Skin-Types/train/normal/normal_79efe949d5d4b1ca655a_jpg.rf.2ad13bcb76d10aecf786373d1548e7d6.jpg,kaggle_oily_dry_normal,normal,normal,271b2c3da88d416232adda4868d73887ebc51364225906ad7f8602a3ac7a6bac,validation,data/processed/validation/normal/271b2c3da88d4162_00039.jpg
kaggle_oily_dry_normal/Oily-Dry-Skin-Types/train/normal/normal_7da908e123b9da3711df_jpg.rf.f501f37749f08a38b0ec21a36e1d5b59.jpg,kaggle_oily_dry_normal,normal,normal,8144a3109e3e67208d8eda4cc2ad2cb1d5c95035229ea3aa9db5a005c80fcaee,validation,data/processed/validation/normal/8144a3109e3e6720_00040.jpg
kaggle_oily_dry_normal/Oily-Dry-Skin-Types/train/normal/normal_8181d272e4bcb95a3435_jpg.rf.bb30303f9343fde8009fe5a9395b91da.jpg,kaggle_oily_dry_normal,normal,normal,e2f904185c4deafb4b205675c92808d5c1149dfe3bf728f039a02269308f8977,validation,data/processed/validation/normal/e2f904185c4deafb_00041.jpg
kaggle_oily_dry_normal/Oily-Dry-Skin-Types/train/normal/normal_8da7f46dc8392108af23_jpg.rf.3adb75c8d33120c7db0d9049257a3d6a.jpg,kaggle_oily_dry_normal,normal,normal,0d1c9b8658b1ddc647ec6c7d527dfd6e7b01f839f09606c42c53461147e14105,validation,data/processed/validation/normal/0d1c9b8658b1ddc6_00042.jpg
kaggle_oily_dry_normal/Oily-Dry-Skin-Types/valid/normal/normal_4b9626572c1b7f6087ee_jpg.rf.3cd42fad5c7e4c420a4f917191655988.jpg,kaggle_oily_dry_normal,normal,normal,823f45ddf8ca2673fb8ce5522491a49f1cee97c070302e4ecab5ac3f539a0651,validation,data/processed/validation/normal/823f45ddf8ca2673_00043.jpg
kaggle_oily_dry_normal/Oily-Dry-Skin-Types/train/normal/normal_059cf2165bd4da06cc0f_jpg.rf.4e7ea9087d7788f23daa8ed7628bc7a5.jpg,kaggle_oily_dry_normal,normal,normal,aa01e004b885d2affdbe137f389498421292ebb9741c4c5029c4c7bd9ef8ca2d,validation,data/processed/validation/normal/aa01e004b885d2af_00044.jpg
kaggle_oily_dry_normal/Oily-Dry-Skin-Types/train/normal/normal_84f920d410c87af4f56b_jpg.rf.d0f8f1238a0cc0a27ae0024442308fe5.jpg,kaggle_oily_dry_normal,normal,normal,33ca9eacfe284736034819340cbdd2f77d52100d43844851bff5e2a2809e11a5,validation,data/processed/validation/normal/33ca9eacfe284736_00045.jpg
kaggle_oily_dry_normal/Oily-Dry-Skin-Types/test/normal/normal_accc5a9e58218834f463_jpg.rf.1961cbaec91475ecacc7b1b2331775a6.jpg,kaggle_oily_dry_normal,normal,normal,2b4f1168e3edcd1702c6f841aa858664b6c7609229d60861ae1045264706b93c,validation,data/processed/validation/normal/2b4f1168e3edcd17_00046.jpg
kaggle_oily_dry_normal/Oily-Dry-Skin-Types/train/normal/normal_833c06801db2c8cf4cdd_jpg.rf.4b37ab0fd675a4360e272839a3cd5812.jpg,kaggle_oily_dry_normal,normal,normal,ae69bb8924fd6ef4c5d05a26c67f47db151fb8ad27d8e9185866edc40bf760f0,validation,data/processed/validation/normal/ae69bb8924fd6ef4_00047.jpg
kaggle_oily_dry_normal/Oily-Dry-Skin-Types/valid/normal/normal_73e6531e237151c11fc3_jpg.rf.216940be7b4d6d6b14413723e797be50.jpg,kaggle_oily_dry_normal,normal,normal,98f61a29f6d9e88b69edb0d35b49685cd7d0090d940d8059c3be5470eb6c3b84,validation,data/processed/validation/normal/98f61a29f6d9e88b_00048.jpg
kaggle_oily_dry_normal/Oily-Dry-Skin-Types/train/normal/normal_334f4043a8022c3c91e1_jpg.rf.ab3234b294ad278c9849754e02f55dfa.jpg,kaggle_oily_dry_normal,normal,normal,48f0c606a842713057593e33ff2941ae257b8c19ff69d32a65ed407638173e1c,validation,data/processed/validation/normal/48f0c606a8427130_00049.jpg
kaggle_oily_dry_normal/Oily-Dry-Skin-Types/train/normal/normal_7e35273f1d468d980810_jpg.rf.e8dc229c236d2002371fddf3805a6574.jpg,kaggle_oily_dry_normal,normal,normal,ca6fa4cdbaa4f9932d768be80dc78d2e0fa6909cce707569d45c9729e7d17a39,validation,data/processed/validation/normal/ca6fa4cdbaa4f993_00050.jpg
kaggle_oily_dry_normal/Oily-Dry-Skin-Types/train/normal/normal_0de28b9f392bc532bb6e_jpg.rf.8f4551c7336d59ab60a5e5a145a86417.jpg,kaggle_oily_dry_normal,normal,normal,2800ee85f5f84bb0cecad7489f02cb3385fc917a32a71cdf80ad661ee1cefff1,validation,data/processed/validation/normal/2800ee85f5f84bb0_00051.jpg
kaggle_oily_dry_normal/Oily-Dry-Skin-Types/train/normal/normal_58e8c3ea1cca89fa0ff5_jpg.rf.3790ff0fbd01d2eb30cace15b4216ff4.jpg,kaggle_oily_dry_normal,normal,normal,d631002eaddd9244d58e6587e9db1a1e37f826e773fd2b1f8f5958b7d9bd338a,validation,data/processed/validation/normal/d631002eaddd9244_00052.jpg
kaggle_oily_dry_normal/Oily-Dry-Skin-Types/train/normal/normal_31749351fd7ddf1f1971_jpg.rf.2795d969657e60a78b54a1d4f5a2782c.jpg,kaggle_oily_dry_normal,normal,normal,c38e1edb28b35dc25d76f7f340c2239e73135c6a22144b85726403bf5d95dde2,validation,data/processed/validation/normal/c38e1edb28b35dc2_00053.jpg
kaggle_oily_dry_normal/Oily-Dry-Skin-Types/train/normal/normal_f8f38ab2936c6995328f_jpg.rf.9bc411a41cc28e61f4390ec6b3e03991.jpg,kaggle_oily_dry_normal,normal,normal,124228baef638dbedf355c75f4249e5591a21eaae51b5e3b16ff045240371f90,validation,data/processed/validation/normal/124228baef638dbe_00054.jpg
kaggle_oily_dry_normal/Oily-Dry-Skin-Types/train/normal/normal_9145551726d6b7563ffd_jpg.rf.964b778f03643ed9365ff4e2c3ef958f.jpg,kaggle_oily_dry_normal,normal,normal,2c3863fae06677af6b4ae55890f157ce4dcf18415054d7d6b4eedeb91e868088,validation,data/processed/validation/normal/2c3863fae06677af_00055.jpg
kaggle_oily_dry_normal/Oily-Dry-Skin-Types/valid/normal/normal_01bc2817d6e0edb02bfd_jpg.rf.fe6ac17d4c4cf2cb5a60b1f210a5451c.jpg,kaggle_oily_dry_normal,normal,normal,cc03af6364d2b4d7b7e5f960891a18460a34a29626bc89522e3bb0af6524a002,validation,data/processed/validation/normal/cc03af6364d2b4d7_00056.jpg
kaggle_oily_dry_normal/Oily-Dry-Skin-Types/train/normal/normal_833c06801db2c8cf4cdd_jpg.rf.690c774ee2dbb8965ed620ff199ed443.jpg,kaggle_oily_dry_normal,normal,normal,3e71bd928c82572cfce629b189760e718bbf7c496f92330fc733f830d01b05c9,validation,data/processed/validation/normal/3e71bd928c82572c_00057.jpg
kaggle_oily_dry_normal/Oily-Dry-Skin-Types/train/normal/normal_03a5c2383f7f20ed8cc5_jpg.rf.6ce04d20c4f7ea30e8e21ef3058a2c90.jpg,kaggle_oily_dry_normal,normal,normal,2da16c4cc07862bc8dc114bd64615afbd370faca7c59ff2d73d0c4f2f99ca036,validation,data/processed/validation/normal/2da16c4cc07862bc_00058.jpg
kaggle_oily_dry_normal/Oily-Dry-Skin-Types/train/normal/normal_249e458701fb4c3936bc_jpg.rf.4b8b58b6deb8d18364257c45070c1871.jpg,kaggle_oily_dry_normal,normal,normal,0704a3e8a485b08975e734b08aaad7246637f0251a3979ad2adc80d8d971ad60,validation,data/processed/validation/normal/0704a3e8a485b089_00059.jpg
kaggle_oily_dry_normal/Oily-Dry-Skin-Types/train/normal/normal_bb4f2d5f603fc1249929_jpg.rf.f82b0d3a8365c7e996d1f82f475bc97e.jpg,kaggle_oily_dry_normal,normal,normal,b62468069ec70c9f853c9c852cf7bf08bb6a87c712fd8c1973124730e55397e5,validation,data/processed/validation/normal/b62468069ec70c9f_00060.jpg
kaggle_oily_dry_normal/Oily-Dry-Skin-Types/train/normal/normal_059cf2165bd4da06cc0f_jpg.rf.1f191be458ff4a80d00e402eec1f23ad.jpg,kaggle_oily_dry_normal,normal,normal,f44e92b8b9f02f7150b4e68b22e6b1a5b5089289891a9f57631ff54a22d248e4,validation,data/processed/validation/normal/f44e92b8b9f02f71_00061.jpg
kaggle_oily_dry_normal/Oily-Dry-Skin-Types/train/normal/normal_7650272fc27b2d658f34_jpg.rf.926e098e4b06c2cd09dc27a98e4fcb43.jpg,kaggle_oily_dry_normal,normal,normal,73eb2b8bd980ef9df49d6d078f4df937b2646ce3b5f8e45c2b66bf6dcf3791dc,validation,data/processed/validation/normal/73eb2b8bd980ef9d_00062.jpg
kaggle_oily_dry_normal/Oily-Dry-Skin-Types/train/normal/normal_c73cdb0a196e20b724a1_jpg.rf.a5b7b59579d7f80132a5d1384c37578f.jpg,kaggle_oily_dry_normal,normal,normal,86b81ed881af0e81ed96653232e81b091c9cda4ea55a97fadf1925c2e9a84634,validation,data/processed/validation/normal/86b81ed881af0e81_00063.jpg
kaggle_oily_dry_normal/Oily-Dry-Skin-Types/train/normal/normal_f0f5131b7f8b76432662_jpg.rf.5b63b06d65fd3c1e466f8870701ba255.jpg,kaggle_oily_dry_normal,normal,normal,eb3b0b2a1fd611f472a6ef22081a6259778f5fdccef19013d657911011b376d2,validation,data/processed/validation/normal/eb3b0b2a1fd611f4_00064.jpg
kaggle_oily_dry_normal/Oily-Dry-Skin-Types/train/normal/normal_7ad95964150236ee3078_jpg.rf.cbaa080fa3c1f0aeb6715b565d6d16a4.jpg,kaggle_oily_dry_normal,normal,normal,3bbd5d399ecfc1d3bc4ad506a2667e8ea9b45a27d17f844d5fad053bc25038dd,validation,data/processed/validation/normal/3bbd5d399ecfc1d3_00065.jpg
kaggle_oily_dry_normal/Oily-Dry-Skin-Types/train/normal/normal_bcdf8633e71ef6c498ae_jpg.rf.41394b144f8a1cf0b7de415e7123d2cb.jpg,kaggle_oily_dry_normal,normal,normal,b1250b98e8770ecdeef7438c3f6bcc685052cb1607fc4f051ba4db53e7b1b7cf,validation,data/processed/validation/normal/b1250b98e8770ecd_00066.jpg
kaggle_oily_dry_normal/Oily-Dry-Skin-Types/train/normal/normal_f8f38ab2936c6995328f_jpg.rf.306a96c020ae12723a92c7f7454edb3c.jpg,kaggle_oily_dry_normal,normal,normal,35dcfd443c873ca09f144e076ccb2008d65b72811fdf90013c2d7720f2094c82,validation,data/processed/validation/normal/35dcfd443c873ca0_00067.jpg
kaggle_oily_dry_normal/Oily-Dry-Skin-Types/train/normal/normal_67fa8dcad0ec5b75ab13_jpg.rf.2f77dd695365d6c15252811a17b605d3.jpg,kaggle_oily_dry_normal,normal,normal,68a7d87c83c54316f8e36d58c529b375e37d35e7f5e0c48a5f7a078bbef4f6e5,validation,data/processed/validation/normal/68a7d87c83c54316_00068.jpg
kaggle_oily_dry_normal/Oily-Dry-Skin-Types/train/normal/normal_81e70f95419b3ee288aa_jpg.rf.090d9431b9a1fc3803373bc45f2c015c.jpg,kaggle_oily_dry_normal,normal,normal,eca90346db0d4baf8ad0e9ba35de62e7bd6587969f5c652337762b34be6d3d74,validation,data/processed/validation/normal/eca90346db0d4baf_00069.jpg
kaggle_oily_dry_normal/Oily-Dry-Skin-Types/train/normal/normal_d32b27bb16be69637ffb_jpg.rf.498d70b07c0d483fd1617f772293acdf.jpg,kaggle_oily_dry_normal,normal,normal,3c5c6913a169fcbd471cb381f2ed464e0d74796982994a4214486c847b4f6358,validation,data/processed/validation/normal/3c5c6913a169fcbd_00070.jpg
kaggle_oily_dry_normal/Oily-Dry-Skin-Types/train/normal/normal_0154cd1b2bb92b9df7f9_jpg.rf.1575a89a61effef9155a826c6baa439b.jpg,kaggle_oily_dry_normal,normal,normal,581dc4086d285a080d01abbd4fc0a932af3425c8d6607e5fbe1d0e06e37ffc7d,validation,data/processed/validation/normal/581dc4086d285a08_00071.jpg
kaggle_oily_dry_normal/Oily-Dry-Skin-Types/train/normal/normal_3f055eedbd08db1a4b73_jpg.rf.6edb2af39c16fbed2271abe444b68f67.jpg,kaggle_oily_dry_normal,normal,normal,8f5516b22ce2ba6014f02a12d8d0d54378072d3a6a2cc45d1a165cc8f65c407e,validation,data/processed/validation/normal/8f5516b22ce2ba60_00072.jpg
kaggle_oily_dry_normal/Oily-Dry-Skin-Types/train/normal/normal_f4679b83afe453307a9d_jpg.rf.bacc63e4de691245d10e619b7e42553a.jpg,kaggle_oily_dry_normal,normal,normal,22b3d6c72e5d875c92e67d0f7436f5ad57fefcfb027144343d00512e416ee42a,validation,data/processed/validation/normal/22b3d6c72e5d875c_00073.jpg
kaggle_oily_dry_normal/Oily-Dry-Skin-Types/train/normal/normal_d93f2b22feca46380bab_jpg.rf.12751234228b429f1588c0d6823042ec.jpg,kaggle_oily_dry_normal,normal,normal,b0f7761a3633c9259a4b592a1f63ddd81889876a2244c33b6b17121b7097f338,validation,data/processed/validation/normal/b0f7761a3633c925_00074.jpg
kaggle_oily_dry_normal/Oily-Dry-Skin-Types/train/normal/normal_7c2ed22c13c542f5966c_jpg.rf.15da8fd58f3f2e809b135faf33b80a90.jpg,kaggle_oily_dry_normal,normal,normal,664a2bb69e9d7719e858600bad22885db1b3e78f429799d9417897b65516d63f,validation,data/processed/validation/normal/664a2bb69e9d7719_00075.jpg
kaggle_oily_dry_normal/Oily-Dry-Skin-Types/train/normal/normal_a14336a197644b270b59_jpg.rf.84126cb1e7b70ff22b6a9eacc441a0a6.jpg,kaggle_oily_dry_normal,normal,normal,6017147aba05a29efe035778deb29122ae79822bfdcc89cce986154dbb1d7f7f,validation,data/processed/validation/normal/6017147aba05a29e_00076.jpg
kaggle_oily_dry_normal/Oily-Dry-Skin-Types/train/normal/normal_81442529fa408ff3c7f8_jpg.rf.42b31a2890f97ef5e993cef8923051d1.jpg,kaggle_oily_dry_normal,normal,normal,5ebd51f5829e83642c10c0f0db962925bec3e0a08a1ab71983bf68e419f8e2bc,validation,data/processed/validation/normal/5ebd51f5829e8364_00077.jpg
kaggle_oily_dry_normal/Oily-Dry-Skin-Types/train/normal/normal_0154cd1b2bb92b9df7f9_jpg.rf.371d9902e16b682716dcfb327c87bd2c.jpg,kaggle_oily_dry_normal,normal,normal,d84de6e04451001a8a198bd11a171a09c6cc3dde17650d58051f86494ee7f681,validation,data/processed/validation/normal/d84de6e04451001a_00078.jpg
kaggle_oily_dry_normal/Oily-Dry-Skin-Types/train/normal/normal_2c92ed4def81458a2a01_jpg.rf.ec70a6ed21090095614bd006b37d5de8.jpg,kaggle_oily_dry_normal,normal,normal,68f5bbe939a90b14cf33f4a1e288c2899c5e490cbff813b74121c7b1a8fd5917,validation,data/processed/validation/normal/68f5bbe939a90b14_00079.jpg
kaggle_oily_dry_normal/Oily-Dry-Skin-Types/train/normal/normal_3b5d7b907f8e52954da7_jpg.rf.6895e4983c80bef2644d879edfb6f5b4.jpg,kaggle_oily_dry_normal,normal,normal,1780c93116cc3813352ca3c651055c1ea52c80bf24c06f4b397f336d3ba4cda0,validation,data/processed/validation/normal/1780c93116cc3813_00080.jpg
kaggle_oily_dry_normal/Oily-Dry-Skin-Types/train/normal/normal_d7faedfabbee02bd87db_jpg.rf.237f1259a7a2d285c2606f4a6ea4ac51.jpg,kaggle_oily_dry_normal,normal,normal,fb08b0965e6555a4e60f523aefb1757e7582d6295c2c95badf4e3347d233799d,validation,data/processed/validation/normal/fb08b0965e6555a4_00081.jpg
kaggle_oily_dry_normal/Oily-Dry-Skin-Types/train/normal/normal_1f10f0c44b63fd869df6_jpg.rf.cd60fca0d12857eebd10cd1125d4e30c.jpg,kaggle_oily_dry_normal,normal,normal,d5272eaedbe821e2bf4debb915e724252a77846146a37026f684143d2e8c61d3,validation,data/processed/validation/normal/d5272eaedbe821e2_00082.jpg
kaggle_oily_dry_normal/Oily-Dry-Skin-Types/train/normal/normal_6bc6b15647a02e966eae_jpg.rf.5bb8d9c31c853a8d9b2ec7f07fd58ce2.jpg,kaggle_oily_dry_normal,normal,normal,1f53c88475e2e9b76a7f9cc39cbaa99171691121f23ae0ee5feb0ab2b1429fb0,validation,data/processed/validation/normal/1f53c88475e2e9b7_00083.jpg
kaggle_oily_dry_normal/Oily-Dry-Skin-Types/valid/normal/normal_b696d9da422538bb5aff_jpg.rf.b68aaee96349cc60e7cefb3867b06c41.jpg,kaggle_oily_dry_normal,normal,normal,17654a8635a82866c0704c6a256fbb4e5edeb6f41f2f98215f79e87e95243829,validation,data/processed/validation/normal/17654a8635a82866_00084.jpg
kaggle_oily_dry_normal/Oily-Dry-Skin-Types/train/normal/normal_8dcc377bf91c101d929e_jpg.rf.4f80cc4af24972c1e6f2482df245d847.jpg,kaggle_oily_dry_normal,normal,normal,0a4fb0113f6abf57ea7ba76b4344d1e9c65cf581f0b8a0e0ca20ad54d17d361f,validation,data/processed/validation/normal/0a4fb0113f6abf57_00085.jpg
kaggle_oily_dry_normal/Oily-Dry-Skin-Types/valid/normal/normal_5e56ac432e22b07dfb0f_jpg.rf.4fccb318cf8d587afb1b3b36ea8e2aac.jpg,kaggle_oily_dry_normal,normal,normal,ee67e15e011f09890dce54aaff38edd521c71e76f06b6adb2dc383e6884acf06,validation,data/processed/validation/normal/ee67e15e011f0989_00086.jpg
kaggle_oily_dry_normal/Oily-Dry-Skin-Types/train/normal/normal_d0acd91ff9bba279fe59_jpg.rf.6b1f09af3472a975a339808d0f22ea99.jpg,kaggle_oily_dry_normal,normal,normal,0b93b07c60a1d5e93a3c0b02d537e1d84a71f035eec80b01913ad2abd635fe6e,validation,data/processed/validation/normal/0b93b07c60a1d5e9_00087.jpg
kaggle_oily_dry_normal/Oily-Dry-Skin-Types/train/normal/normal_9ddd6bce4db02b4eba4f_jpg.rf.c5175e21c5679d6ea2e4f86be02fb84c.jpg,kaggle_oily_dry_normal,normal,normal,e09811658d14d5b9a2fd1aaa37fba0952c8d81b50d4a0bd889dddebb4552e2e6,validation,data/processed/validation/normal/e09811658d14d5b9_00088.jpg
kaggle_oily_dry_normal/Oily-Dry-Skin-Types/train/normal/normal_95fa667b7e6220459477_jpg.rf.8ebc8166f541f3b38960ea5f4c32a66e.jpg,kaggle_oily_dry_normal,normal,normal,5cca7c0b9845f11301c3682c14e890a51fb46284ae3f8c0f62bcf1817b71e3ca,validation,data/processed/validation/normal/5cca7c0b9845f113_00089.jpg
kaggle_oily_dry_normal/Oily-Dry-Skin-Types/train/normal/normal_dd408aad7c6a05c2a70f_jpg.rf.d5595257faf8600a084096fde25a3233.jpg,kaggle_oily_dry_normal,normal,normal,e10e016747cb3f16cd372ae754f2b0099416697ba7a86bbf707257344f21f4e1,validation,data/processed/validation/normal/e10e016747cb3f16_00090.jpg
kaggle_oily_dry_normal/Oily-Dry-Skin-Types/train/normal/normal_ffe6e0430f1ad9c0a8ca_jpg.rf.46816c9fe6c5d89000174d10bca4d155.jpg,kaggle_oily_dry_normal,normal,normal,75a34fde6cde37a81534baf178faf4b99d0acde0e6670762597bd3f506c6bd0f,validation,data/processed/validation/normal/75a34fde6cde37a8_00091.jpg
kaggle_oily_dry_normal/Oily-Dry-Skin-Types/train/normal/normal_62e5cd4aaff705cbda4e_jpg.rf.dc95f2504a1cd390a419a4e23149803a.jpg,kaggle_oily_dry_normal,normal,normal,a2a1ede867411f6c77830f0271aa6ab6f5c5852dfe32ebb7c810ce4dbd550570,validation,data/processed/validation/normal/a2a1ede867411f6c_00092.jpg
kaggle_oily_dry_normal/Oily-Dry-Skin-Types/train/normal/normal_e0d159be5a6df664fe03_jpg.rf.aa94a3ed133e634f6457cc669ba6562c.jpg,kaggle_oily_dry_normal,normal,normal,9f5559b6254238ad10be5068812c775108f42e53a5d006d0735032ee916fe9c1,validation,data/processed/validation/normal/9f5559b6254238ad_00093.jpg
kaggle_oily_dry_normal/Oily-Dry-Skin-Types/train/normal/normal_abceda67e21d88c011d5_jpg.rf.ac3dea286d48983e4b9caad1fd9c0b95.jpg,kaggle_oily_dry_normal,normal,normal,8729e65f9edd638c4a485998fda320fd4adfffa09781734151d15ac58e27293b,validation,data/processed/validation/normal/8729e65f9edd638c_00094.jpg
kaggle_oily_dry_normal/Oily-Dry-Skin-Types/train/normal/normal_365bd9d74f42a34aa3a9_jpg.rf.c06ccb5f41669e818a4c08a1e3a7c039.jpg,kaggle_oily_dry_normal,normal,normal,63f145005b926216bfa8c01d2d8ca02d5ed221ceacf094981feff01821f7a309,validation,data/processed/validation/normal/63f145005b926216_00095.jpg
kaggle_oily_dry_normal/Oily-Dry-Skin-Types/train/normal/normal_55cf645eafe794c903e9_jpg.rf.7c4b7b3c3b5f3f229b75aa8eb1a0f6f5.jpg,kaggle_oily_dry_normal,normal,normal,1c9f50d878c2761c21e438ff77ebb46ae9f28f1084c8c8f8c580b70d8c214d6a,validation,data/processed/validation/normal/1c9f50d878c2761c_00096.jpg
kaggle_oily_dry_normal/Oily-Dry-Skin-Types/test/normal/normal_059b3e437854f2087e1c_jpg.rf.c222b7de169d732b9f68b9e0cc464308.jpg,kaggle_oily_dry_normal,normal,normal,d06862b6a4acd5a3abae944692f9f164666ab390d6c95e257ea2ee9323971262,validation,data/processed/validation/normal/d06862b6a4acd5a3_00097.jpg
kaggle_oily_dry_normal/Oily-Dry-Skin-Types/train/normal/normal_53fbe217eef0c414ee73_jpg.rf.f747910d4063670767b8a68b778eb1bd.jpg,kaggle_oily_dry_normal,normal,normal,f04959d34054e0d647fc336224909bbadfd7a087fb11e27a581ed45718025a22,validation,data/processed/validation/normal/f04959d34054e0d6_00098.jpg
kaggle_oily_dry_normal/Oily-Dry-Skin-Types/train/normal/normal_2161c5548d51fbe98f12_jpg.rf.061dd3a54710d74ded0f59c828ce3e75.jpg,kaggle_oily_dry_normal,normal,normal,5fdc351226abd935ef97fb2a13caca022bfc968b29f2cc6c347b8578ffd4b616,validation,data/processed/validation/normal/5fdc351226abd935_00099.jpg
kaggle_oily_dry_normal/Oily-Dry-Skin-Types/train/normal/normal_0154cd1b2bb92b9df7f9_jpg.rf.55408654b419890719fc59a6c7d2b5cb.jpg,kaggle_oily_dry_normal,normal,normal,001fa7657ff129c86693690e06bfcd21c6f2ad11ff85eba6d900085cbd91455b,validation,data/processed/validation/normal/001fa7657ff129c8_00100.jpg
kaggle_oily_dry_normal/Oily-Dry-Skin-Types/train/normal/normal_e9f97257c4a8f6423bda_jpg.rf.5e8160ee6a26c1c0fbdeab433839aeb4.jpg,kaggle_oily_dry_normal,normal,normal,d8bdadb1c24e1c9952b6d4ad2300f8a3e38bdcf0dbdbd8eff5285efc11234f05,validation,data/processed/validation/normal/d8bdadb1c24e1c99_00101.jpg
kaggle_oily_dry_normal/Oily-Dry-Skin-Types/train/normal/normal_57ad3609d10ec8a2591a_jpg.rf.48f2097ca27aa9bc0c81cee632fa8dc4.jpg,kaggle_oily_dry_normal,normal,normal,5b8de63fcf24c6c1fd0020091a994ba2de76ea154af6bd6d1c88f3266dca889c,validation,data/processed/validation/normal/5b8de63fcf24c6c1_00102.jpg
kaggle_oily_dry_normal/Oily-Dry-Skin-Types/train/normal/normal_bf9c8a3e456402cb150c_jpg.rf.6a0c53a0c88bb5d6f5798c4124cf82ec.jpg,kaggle_oily_dry_normal,normal,normal,337a1377c3fbb6618e87f0d6776e0fa49924a1b5b2ddfaaf060ed1b59c7155cb,validation,data/processed/validation/normal/337a1377c3fbb661_00103.jpg
kaggle_oily_dry_normal/Oily-Dry-Skin-Types/train/normal/normal_2bfdf2ba6623e6b84b3f_jpg.rf.e71eef625f06400929e25d3578ae2a46.jpg,kaggle_oily_dry_normal,normal,normal,9f81ce16fff33a793292e21ca8eec47f458638e9b741207318853c4787a0e911,validation,data/processed/validation/normal/9f81ce16fff33a79_00104.jpg
kaggle_oily_dry_normal/Oily-Dry-Skin-Types/train/normal/normal_68bc520ac85f0b85d4f4_jpg.rf.5d5ca5b94e826d7de832ba09c2b48be4.jpg,kaggle_oily_dry_normal,normal,normal,f143fa31c505f7495418b3a81e0dabaafc6b86db6bcdadcf5e74e77d9475b549,validation,data/processed/validation/normal/f143fa31c505f749_00105.jpg
kaggle_oily_dry_normal/Oily-Dry-Skin-Types/train/normal/normal_e3c1fbdd764bbadf6b1c_jpg.rf.bc99f5ab792c61ed33af159dfcab18b1.jpg,kaggle_oily_dry_normal,normal,normal,fe504ed8caaf5db9ac696e39f13ae34c21beede92a42d9c1ef256758eb451a98,validation,data/processed/validation/normal/fe504ed8caaf5db9_00106.jpg
kaggle_oily_dry_normal/Oily-Dry-Skin-Types/train/normal/normal_e037471ab033b32e9b5b_jpg.rf.f711df7de13ad9e1713472bc685f08da.jpg,kaggle_oily_dry_normal,normal,normal,fd46738bd570de1f1794a084c01742d1351757becabb46c1fe65cc670d342a01,validation,data/processed/validation/normal/fd46738bd570de1f_00107.jpg
kaggle_oily_dry_normal/Oily-Dry-Skin-Types/train/normal/normal_2161c5548d51fbe98f12_jpg.rf.ee2da7b668c314c954d1bcab7bacc0bb.jpg,kaggle_oily_dry_normal,normal,normal,a3b0cb16af3dcfe98350be08d1437992c406ac6d559f04b29dc3712f5fa8f0c3,validation,data/processed/validation/normal/a3b0cb16af3dcfe9_00108.jpg
kaggle_oily_dry_normal/Oily-Dry-Skin-Types/train/normal/normal_31749351fd7ddf1f1971_jpg.rf.c54038268e8704769bce19127bb2f3d3.jpg,kaggle_oily_dry_normal,normal,normal,97dd5e58e8d06c1b35c330f9d47146a9d8ecc2520b48f8e5a6ab840f2e13923e,validation,data/processed/validation/normal/97dd5e58e8d06c1b_00109.jpg
kaggle_oily_dry_normal/Oily-Dry-Skin-Types/train/normal/normal_bb4f2d5f603fc1249929_jpg.rf.68352e5cc58428407740380de51f5ebd.jpg,kaggle_oily_dry_normal,normal,normal,2b1a5e4ebf8c63a8064f52fac358673350bbe41c245a404b8cb11fe61d21904a,validation,data/processed/validation/normal/2b1a5e4ebf8c63a8_00110.jpg
kaggle_oily_dry_normal/Oily-Dry-Skin-Types/train/normal/normal_a73be48796366d54b87c_jpg.rf.61754d17a05bd4d7bd5a8e05ab1c7c93.jpg,kaggle_oily_dry_normal,normal,normal,7be2f98709280c7060149049415c0d04054c8b0960df343398552813a3ca4f9d,validation,data/processed/validation/normal/7be2f98709280c70_00111.jpg
kaggle_oily_dry_normal/Oily-Dry-Skin-Types/train/normal/normal_d2d3ac234dac7496f459_jpg.rf.25acdad2e5438e5f2b622d71cbffdc32.jpg,kaggle_oily_dry_normal,normal,normal,3fa919b9e373a33b77f27b75295968571978d86b88ee4aaa6ead7b5054424a21,validation,data/processed/validation/normal/3fa919b9e373a33b_00112.jpg
kaggle_oily_dry_normal/Oily-Dry-Skin-Types/train/normal/normal_0888964738abf72c4e5f_jpg.rf.3e1fce1601f1c684472cd4ecc055a746.jpg,kaggle_oily_dry_normal,normal,normal,ec27463c361d3c6edcfded1f008faf62b13ea80d6fa64950051b13faf24d2f8e,validation,data/processed/validation/normal/ec27463c361d3c6e_00113.jpg
kaggle_oily_dry_normal/Oily-Dry-Skin-Types/test/normal/normal_4359caf0fce679e83c27_jpg.rf.eb7c38b04eab7ee53df5a0a8f2b3265a.jpg,kaggle_oily_dry_normal,normal,normal,7f8691e26e88c69452ce2ed5470205553460a49fc5b71a919010eafb30677a49,validation,data/processed/validation/normal/7f8691e26e88c694_00114.jpg
kaggle_oily_dry_normal/Oily-Dry-Skin-Types/train/normal/normal_b72bc763f853e42ad6dd_jpg.rf.cf066ccbb570a91c28ecf2b386ea0c83.jpg,kaggle_oily_dry_normal,normal,normal,c09835491c43b8157bd709ba6540fd2cec5af0c457e962440006d05505d79221,validation,data/processed/validation/normal/c09835491c43b815_00115.jpg
kaggle_oily_dry_normal/Oily-Dry-Skin-Types/train/normal/normal_7be923370441d48ea98c_jpg.rf.cf791eb6c96f90790b2640ac959df8e8.jpg,kaggle_oily_dry_normal,normal,normal,498126590db8896178ede4b201ee1821e86a36fe9f994d662bdde0ee88616409,validation,data/processed/validation/normal/498126590db88961_00116.jpg
kaggle_oily_dry_normal/Oily-Dry-Skin-Types/train/normal/normal_8d9da0a0dfff39f02580_jpg.rf.8e4ab8476cee6ceb31fb56510b22f6b8.jpg,kaggle_oily_dry_normal,normal,normal,19a9b5f9ffd2378014d659d6a330c34e1826e99e9ec78264c242eaaa5e57f374,validation,data/processed/validation/normal/19a9b5f9ffd23780_00117.jpg
kaggle_oily_dry_normal/Oily-Dry-Skin-Types/valid/normal/normal_fbab6e6883479c8a91b6_jpg.rf.15fb25deeb8d6f1c087ead9b4619874b.jpg,kaggle_oily_dry_normal,normal,normal,3102183068f4284bf4179049e571eb4cdd5a50ecff11aa2fa5ba4cc586e0f2af,validation,data/processed/validation/normal/3102183068f4284b_00118.jpg
kaggle_oily_dry_normal/Oily-Dry-Skin-Types/train/normal/normal_d93f2b22feca46380bab_jpg.rf.1996a7399240939bb6bed865fcfde425.jpg,kaggle_oily_dry_normal,normal,normal,401f09e2c6f4cc3926124cbc7b36327ea12be2a609c937ed4c4e14d00db0abb6,validation,data/processed/validation/normal/401f09e2c6f4cc39_00119.jpg
kaggle_oily_dry_normal/Oily-Dry-Skin-Types/valid/normal/normal_f5f36a7889d19909352d_jpg.rf.8cc6f12e34a1721d437a99c39d27715f.jpg,kaggle_oily_dry_normal,normal,normal,d6bd4ed340b8efe751c4565de40e18d72a3b3a611d4ffa251ec25fb7f56e4035,validation,data/processed/validation/normal/d6bd4ed340b8efe7_00120.jpg
kaggle_oily_dry_normal/Oily-Dry-Skin-Types/train/normal/normal_bd481c683c08a6f47c93_jpg.rf.2841e27d05ee4e6b5c3f8aac5b1f2997.jpg,kaggle_oily_dry_normal,normal,normal,2fef6e96720d5653bfea53bcc67945c60952c76f0650f39a23ab6e625926b830,validation,data/processed/validation/normal/2fef6e96720d5653_00121.jpg
kaggle_oily_dry_normal/Oily-Dry-Skin-Types/train/normal/normal_d8d07405277570c1f5a3_jpg.rf.899cdc8dbdf6c593a0ac0404e8f615ed.jpg,kaggle_oily_dry_normal,normal,normal,0c41723602cbe10c29b31eb41b94489a5ca584fb0a9c3e1a71316c7f9b376126,validation,data/processed/validation/normal/0c41723602cbe10c_00122.jpg
kaggle_oily_dry_normal/Oily-Dry-Skin-Types/train/normal/normal_afff083fc217bb0f28fa_jpg.rf.7654fcd9f6f9efd743f7607a635244bc.jpg,kaggle_oily_dry_normal,normal,normal,5b30fc9ca69604120ec2e4415a699e3b547d575ac32eb1b3cb99766d42ec5d4e,validation,data/processed/validation/normal/5b30fc9ca6960412_00123.jpg
kaggle_oily_dry_normal/Oily-Dry-Skin-Types/train/normal/normal_61d27fc8c00b4d6d70a5_jpg.rf.7ac555024c6a467a60ad0ca8bf881d26.jpg,kaggle_oily_dry_normal,normal,normal,efac4a2ea0294bf4d4aeb6d8bfa2e14bb6b7890d51cca841b1254f610aea1039,validation,data/processed/validation/normal/efac4a2ea0294bf4_00124.jpg
kaggle_oily_dry_normal/Oily-Dry-Skin-Types/train/normal/normal_0544c5cb1559ae1fca6b_jpg.rf.4660c8b8d774a2d824db7de76d418901.jpg,kaggle_oily_dry_normal,normal,normal,88390a74ad0f412801ab9870d19a3aa3ad6ea22727c5ae643032ea4d2f02517f,validation,data/processed/validation/normal/88390a74ad0f4128_00125.jpg
kaggle_oily_dry_normal/Oily-Dry-Skin-Types/train/normal/normal_d1da7093b92eb2996128_jpg.rf.2b1ef3d8a510e17bd1bfbeedde8b05ef.jpg,kaggle_oily_dry_normal,normal,normal,6db4e4aedb0397b8a9ca3bc988e16703a158b348da68c9069c1fb260b24643f0,validation,data/processed/validation/normal/6db4e4aedb0397b8_00126.jpg
kaggle_oily_dry_normal/Oily-Dry-Skin-Types/train/normal/normal_c07ed8368fa0067dc0bb_jpg.rf.d7c60c05e19be8dad145e7099ef4ab34.jpg,kaggle_oily_dry_normal,normal,normal,f535ffcbe332246e5a04f8dc8f88159b2cd40dd1bf91bb75689a9a7787ad84c2,validation,data/processed/validation/normal/f535ffcbe332246e_00127.jpg
kaggle_oily_dry_normal/Oily-Dry-Skin-Types/valid/normal/normal_9bafe1a502664b72aed1_jpg.rf.8ffca7258e16859a1150ae7403e04ab0.jpg,kaggle_oily_dry_normal,normal,normal,5dceb4c234940c1b801d169a36f19b1fc8f64004c42b7c73e759bc220b75bfce,validation,data/processed/validation/normal/5dceb4c234940c1b_00128.jpg
kaggle_oily_dry_normal/Oily-Dry-Skin-Types/train/normal/normal_64d318b3eb1370b5f9b1_jpg.rf.2cc9816747a5c0e6769e491de2094eeb.jpg,kaggle_oily_dry_normal,normal,normal,c8a9b4be3809920cc3875734c858578be87483f93063daef88fa9c7d1e85b730,validation,data/processed/validation/normal/c8a9b4be3809920c_00129.jpg
kaggle_oily_dry_normal/Oily-Dry-Skin-Types/train/normal/normal_e55a35636ddf20e271c7_jpg.rf.031020548bea1b9f5a77bd3cf50b98ab.jpg,kaggle_oily_dry_normal,normal,normal,471486e3bbe8af6ed6cc7e708b29f9325b5ac44cac452c72203f36bcc607c7d1,validation,data/processed/validation/normal/471486e3bbe8af6e_00130.jpg
kaggle_oily_dry_normal/Oily-Dry-Skin-Types/train/normal/normal_243abbbe37afd3a61547_jpg.rf.42d0eef07b8ee84f22c5fcfe48f6d259.jpg,kaggle_oily_dry_normal,normal,normal,c1310fa3cc932c08124021e73dc83146ca7d633012eee83f7dc5bee3856478a5,validation,data/processed/validation/normal/c1310fa3cc932c08_00131.jpg
kaggle_oily_dry_normal/Oily-Dry-Skin-Types/valid/normal/normal_0eef5e55253bfe52fbc7_jpg.rf.31441aec1271366b3c95d66ac899ad5e.jpg,kaggle_oily_dry_normal,normal,normal,849febf30a15c35166b9c7264dba4d21218028f89e66b5a7dec5529ad3da48f0,validation,data/processed/validation/normal/849febf30a15c351_00132.jpg
kaggle_oily_dry_normal/Oily-Dry-Skin-Types/train/normal/normal_15e68707a0bf32c5cff9_jpg.rf.44c2276e3cc37959051c593cc20165e8.jpg,kaggle_oily_dry_normal,normal,normal,83af18b5184e22bcf65a1731b353ce7d82b8731882ec4967dfaa6f1231be7570,validation,data/processed/validation/normal/83af18b5184e22bc_00133.jpg
kaggle_oily_dry_normal/Oily-Dry-Skin-Types/train/normal/normal_62a5946400a73c52ac7f_jpg.rf.a0b1e0689deb7525319a065bfff9ff6a.jpg,kaggle_oily_dry_normal,normal,normal,85875f42705d099866047886b909f641589cc7b0ebbb39fc77cb29643d79596f,validation,data/processed/validation/normal/85875f42705d0998_00134.jpg
kaggle_oily_dry_normal/Oily-Dry-Skin-Types/train/normal/normal_7b4ef51d52fe7244b6ad_jpg.rf.99fa04aba16ee68527dc9d8510bbe4ea.jpg,kaggle_oily_dry_normal,normal,normal,59feb958cdc9a9c1e9d91e643771232a00e638db02248099668d315e40fa404c,validation,data/processed/validation/normal/59feb958cdc9a9c1_00135.jpg
kaggle_oily_dry_normal/Oily-Dry-Skin-Types/train/normal/normal_e037471ab033b32e9b5b_jpg.rf.dbd12383d395d9cda0f90478679e8ea5.jpg,kaggle_oily_dry_normal,normal,normal,958bcc65c9754778c5af326bb11087f3c614ca6bf2b5fed2bdaa007199937827,validation,data/processed/validation/normal/958bcc65c9754778_00136.jpg
kaggle_oily_dry_normal/Oily-Dry-Skin-Types/train/normal/normal_24e4275a25e74af172e4_jpg.rf.f59edc7c2351332ec5988c26148e9ee7.jpg,kaggle_oily_dry_normal,normal,normal,9d200c9af2c42ddccef434172334808bb135e0338de8b5017f71b4c984ad85b6,validation,data/processed/validation/normal/9d200c9af2c42ddc_00137.jpg
kaggle_oily_dry_normal/Oily-Dry-Skin-Types/train/normal/normal_33c3bc4d797f2d264373_jpg.rf.96feaa5a1291d564eda053010475dfe8.jpg,kaggle_oily_dry_normal,normal,normal,348c56c2402c42f93bdb5827d6dc287f4b192ec0881ce4d33ae0c5f36c5094ba,validation,data/processed/validation/normal/348c56c2402c42f9_00138.jpg
kaggle_oily_dry_normal/Oily-Dry-Skin-Types/train/normal/normal_0b71ab4726e465b07b5f_jpg.rf.cc5776dba1d2724a3fb2e41b97dd40fa.jpg,kaggle_oily_dry_normal,normal,normal,dc49b36117c71e66420b76a329c2efe08ef0f1abda9f2245e039b2c08f9ed471,validation,data/processed/validation/normal/dc49b36117c71e66_00139.jpg
kaggle_oily_dry_normal/Oily-Dry-Skin-Types/train/normal/normal_bf13648450f11b89968f_jpg.rf.866b96e4129810d7d05df50a1bbc85f8.jpg,kaggle_oily_dry_normal,normal,normal,0a1a333b7bf84aa72edbbefb95db31bac1e52d35d88f72f5d2562661dcbe0d3b,validation,data/processed/validation/normal/0a1a333b7bf84aa7_00140.jpg
kaggle_oily_dry_normal/Oily-Dry-Skin-Types/train/normal/normal_adf06508b9980e2e0e2c_jpg.rf.a000eaaf560c7d0ed22b828d93336fa6.jpg,kaggle_oily_dry_normal,normal,normal,61f25434e26fdd44cb26500eb19274e97ca0711737b5f250dcd5553ce98a8708,validation,data/processed/validation/normal/61f25434e26fdd44_00141.jpg
kaggle_oily_dry_normal/Oily-Dry-Skin-Types/train/normal/normal_496e7debfa40850e6c07_jpg.rf.26838a099422ffb7265470eb25d9645d.jpg,kaggle_oily_dry_normal,normal,normal,715edcc0e8bfd2b11088feb5a0eea53a1b54140573e9709b71ba7b40de89900a,validation,data/processed/validation/normal/715edcc0e8bfd2b1_00142.jpg
kaggle_oily_dry_normal/Oily-Dry-Skin-Types/train/normal/normal_9db2dd9152632426f474_jpg.rf.f578a2e6e99085fbc8093f4577bfbecf.jpg,kaggle_oily_dry_normal,normal,normal,c205606d71619c0ce37bbfe5a4620094f53ac752ecbe9db4b1046843930230e5,validation,data/processed/validation/normal/c205606d71619c0c_00143.jpg
kaggle_oily_dry_normal/Oily-Dry-Skin-Types/train/normal/normal_57ad3609d10ec8a2591a_jpg.rf.f7e8f01c81e90a1c30647ef2488067b8.jpg,kaggle_oily_dry_normal,normal,normal,fff58c395b2ed6a0744f173fc476d54c76bee13be84ba490e1d993eaa26ccbe4,validation,data/processed/validation/normal/fff58c395b2ed6a0_00144.jpg
kaggle_oily_dry_normal/Oily-Dry-Skin-Types/train/normal/normal_0154cd1b2bb92b9df7f9_jpg.rf.a22e3c547257493b259edfb353f5df53.jpg,kaggle_oily_dry_normal,normal,normal,994e485865c084d3983be7c6c65e72cee6c688f1c34be8b687417ec695a3a722,validation,data/processed/validation/normal/994e485865c084d3_00145.jpg
kaggle_oily_dry_normal/Oily-Dry-Skin-Types/train/normal/normal_0a973116bdfa8386999e_jpg.rf.69fb03f441d26b5c4f857a2e9ee03a56.jpg,kaggle_oily_dry_normal,normal,normal,283d59b64753f36c0a88710bf4058925a8c57f13bda3d88a5217a76e4c0b5dd0,validation,data/processed/validation/normal/283d59b64753f36c_00146.jpg
kaggle_oily_dry_normal/Oily-Dry-Skin-Types/train/normal/normal_8d21ff6154d429ef506d_jpg.rf.e7a29ae03e26f3ea9d9ef90fa6b8888c.jpg,kaggle_oily_dry_normal,normal,normal,2dc7fce96ffa55bb77c328aa0487dcdf7b2705d208698d2b9b4fa2c5ce7b34b6,validation,data/processed/validation/normal/2dc7fce96ffa55bb_00147.jpg
kaggle_oily_dry_normal/Oily-Dry-Skin-Types/train/normal/normal_8d9da0a0dfff39f02580_jpg.rf.f7331bb3b1e93bcc119c7f871727d79b.jpg,kaggle_oily_dry_normal,normal,normal,f4f0c566a194887bfa64770e934e3e18a00c0215f4ed23cc10b9e45f67aa569d,validation,data/processed/validation/normal/f4f0c566a194887b_00148.jpg
kaggle_oily_dry_normal/Oily-Dry-Skin-Types/valid/normal/normal_c8315e6da48b215579c4_jpg.rf.ec6b2bff7c19128da0394a37eb5000b1.jpg,kaggle_oily_dry_normal,normal,normal,528f71bdebb398af07459fed6f9623e996d777414aaa8f47aedc11dedf8c37ca,validation,data/processed/validation/normal/528f71bdebb398af_00149.jpg
kaggle_oily_dry_normal/Oily-Dry-Skin-Types/test/normal/normal_f65769e2a014f7ca01cc_jpg.rf.b4c9c8d138b012b75cb803a45cc99daf.jpg,kaggle_oily_dry_normal,normal,normal,17a432349fde7450035b2a4cbaca64bbed2e7dda8226607f8351f6c62dd60552,validation,data/processed/validation/normal/17a432349fde7450_00150.jpg
kaggle_oily_dry_normal/Oily-Dry-Skin-Types/train/normal/normal_9ddd6bce4db02b4eba4f_jpg.rf.43e6982243dd1d9e8a904e6e18fb435b.jpg,kaggle_oily_dry_normal,normal,normal,35c0ddbf3f4dfee4ffc5ce0cc5a6cd64230ec4610e95258813f630605925400b,validation,data/processed/validation/normal/35c0ddbf3f4dfee4_00151.jpg
kaggle_oily_dry_normal/Oily-Dry-Skin-Types/train/normal/normal_bf9c8a3e456402cb150c_jpg.rf.57e95c0a595a40fe3bd4991eabe8544e.jpg,kaggle_oily_dry_normal,normal,normal,39edaa4971bb4b77d589604c3011dede7cc3a48b3f293e2388a949980a1977c9,validation,data/processed/validation/normal/39edaa4971bb4b77_00152.jpg
kaggle_oily_dry_normal/Oily-Dry-Skin-Types/train/normal/normal_675200f61b7286c00d58_jpg.rf.88414532f29b12ae430c46713f943ab1.jpg,kaggle_oily_dry_normal,normal,normal,4417b42205ebddd2e004870b044743d5c79510b69f608627f8bc01aea036372e,validation,data/processed/validation/normal/4417b42205ebddd2_00153.jpg
kaggle_oily_dry_normal/Oily-Dry-Skin-Types/train/normal/normal_5b465f7e4d39756ca78b_jpg.rf.240c8d5d52667758e09170dd439d03a8.jpg,kaggle_oily_dry_normal,normal,normal,938fd3de2e1e67fdb0f33fd58fb892794a97c8ca8602bcb9360f6d64d076d158,validation,data/processed/validation/normal/938fd3de2e1e67fd_00154.jpg
kaggle_oily_dry_normal/Oily-Dry-Skin-Types/train/normal/normal_eb483a5cf2fbfff35146_jpg.rf.06c963886a451520256f07b22dea8956.jpg,kaggle_oily_dry_normal,normal,normal,36a67149849ab95c042f17115d7ddadfa4341158d3111d2548490e4f80378082,validation,data/processed/validation/normal/36a67149849ab95c_00155.jpg
kaggle_oily_dry_normal/Oily-Dry-Skin-Types/train/normal/normal_4c75d7df40bb81fc8b0e_jpg.rf.324765f3d49a580525216e6467f87324.jpg,kaggle_oily_dry_normal,normal,normal,9f86f6017d1c76861074ec1f3995abe95be25a3cd7571b3a7774495f4c5b6244,validation,data/processed/validation/normal/9f86f6017d1c7686_00156.jpg
kaggle_oily_dry_normal/Oily-Dry-Skin-Types/train/normal/normal_5fbe385e0a3f5e14abb4_jpg.rf.69d7937ff7439e221426018ffce18094.jpg,kaggle_oily_dry_normal,normal,normal,1dbaaf2b3890a8f763395c64cb9d37445a34ef380776a84da42f7efa6f914b66,validation,data/processed/validation/normal/1dbaaf2b3890a8f7_00157.jpg
kaggle_oily_dry_normal/Oily-Dry-Skin-Types/train/normal/normal_8da7f46dc8392108af23_jpg.rf.40e2813cb9ea0a91ce894d64a5f6bd78.jpg,kaggle_oily_dry_normal,normal,normal,b36913c8992c348c4bb023f906cc0b4eac1d982573d71bf721216b92b096f63e,validation,data/processed/validation/normal/b36913c8992c348c_00158.jpg
kaggle_oily_dry_normal/Oily-Dry-Skin-Types/train/normal/normal_0a973116bdfa8386999e_jpg.rf.6832d010627f5a2ec5d41ec388255963.jpg,kaggle_oily_dry_normal,normal,normal,8c31a23e107a303988f0036dbdff78c7d33e555f5c3c7435f9d3c5b2ffe06c1b,validation,data/processed/validation/normal/8c31a23e107a3039_00159.jpg
kaggle_oily_dry_normal/Oily-Dry-Skin-Types/valid/normal/normal_43ea688a114c60fc2fc3_jpg.rf.6a55c35377e3ca533c5cdbc9b80324b5.jpg,kaggle_oily_dry_normal,normal,normal,3844eb8c653313834764e79edeade3a2cfed1a8c1ff2ddcc871abf1d115fa8c5,validation,data/processed/validation/normal/3844eb8c65331383_00160.jpg
kaggle_oily_dry_normal/Oily-Dry-Skin-Types/train/normal/normal_24e4275a25e74af172e4_jpg.rf.29664b99aec178a61da169917dd6dccc.jpg,kaggle_oily_dry_normal,normal,normal,39748678e75bad3e261684c1cc2e5a6a38b2aa5f3136b89813943989a3af9f95,validation,data/processed/validation/normal/39748678e75bad3e_00161.jpg
kaggle_oily_dry_normal/Oily-Dry-Skin-Types/train/normal/normal_5ab2ed48ce77534ffe04_jpg.rf.6d9562d1554f5a50eb3977432c90664b.jpg,kaggle_oily_dry_normal,normal,normal,15bddbcd420b3ea1462297c1c5a34f607d1e2337252902d139a08f0a9d2e02cf,validation,data/processed/validation/normal/15bddbcd420b3ea1_00162.jpg
kaggle_oily_dry_normal/Oily-Dry-Skin-Types/train/normal/normal_af95d46d9447d43527be_jpg.rf.63cff6b1caefa8fbf5814e5c6c87f0f6.jpg,kaggle_oily_dry_normal,normal,normal,99344246e15f7a5adb5ced3ab2bd8b5f6c623f48814f3575b6cd94ef345124c9,validation,data/processed/validation/normal/99344246e15f7a5a_00163.jpg
kaggle_oily_dry_normal/Oily-Dry-Skin-Types/train/normal/normal_e0e23f4f3177a3093698_jpg.rf.daffdc1df23f596ad5cc06a24d25228c.jpg,kaggle_oily_dry_normal,normal,normal,c6dd9692efd10c96e8297008ab45497f70b1d55672518f207f1aa96c18f6529a,validation,data/processed/validation/normal/c6dd9692efd10c96_00164.jpg
kaggle_oily_dry_normal/Oily-Dry-Skin-Types/train/normal/normal_abd8823912cdea1703b3_jpg.rf.27866ffabb7a7a189e13f4dd85bc09d6.jpg,kaggle_oily_dry_normal,normal,normal,9c1e09825f8df52d7e633e53a488df1eeccc0f20d6fdd2b05ddff6ed04b64aa6,validation,data/processed/validation/normal/9c1e09825f8df52d_00165.jpg
kaggle_oily_dry_normal/Oily-Dry-Skin-Types/train/normal/normal_334f4043a8022c3c91e1_jpg.rf.34f9bd6772f259f5bf36d750359139ed.jpg,kaggle_oily_dry_normal,normal,normal,a8ca96300f2da0c1c3270881f8381691a9cab7633ec0662f4264862305d715f3,validation,data/processed/validation/normal/a8ca96300f2da0c1_00166.jpg
kaggle_oily_dry_normal/Oily-Dry-Skin-Types/train/normal/normal_6784f672096f327190ce_jpg.rf.f3b4164ef746713142a161dfd087fd50.jpg,kaggle_oily_dry_normal,normal,normal,876f37d33aeb6945101a1e9b8de5cae2a8fcb991b18e734cfc19b5d800b04afe,validation,data/processed/validation/normal/876f37d33aeb6945_00167.jpg
kaggle_oily_dry_normal/Oily-Dry-Skin-Types/train/normal/normal_80912083ac9d5c3874f8_jpg.rf.ce69581160379b32d7c5a75d86ef8de6.jpg,kaggle_oily_dry_normal,normal,normal,f6c64ed53ec5e530f0014ba1ffa87767cee102a24626fa432049e7348083a421,validation,data/processed/validation/normal/f6c64ed53ec5e530_00168.jpg
kaggle_oily_dry_normal/Oily-Dry-Skin-Types/train/normal/normal_800b1d9bedd36765807a_jpg.rf.73244dcf09e2a06597b938f965222055.jpg,kaggle_oily_dry_normal,normal,normal,7f419d7bdca33226e08a6444cdb82852316a889fe7953d7129b3aa34f3edda2c,validation,data/processed/validation/normal/7f419d7bdca33226_00169.jpg
kaggle_oily_dry_normal/Oily-Dry-Skin-Types/train/normal/normal_c35e8cd457b0201dc14e_jpg.rf.1b1c34ce8e0856265049a20b37edd495.jpg,kaggle_oily_dry_normal,normal,normal,40e65c5fb3dadbf5a7e88994ec5b9d856ad7da1a106774ff0e6cf0fbfdced182,validation,data/processed/validation/normal/40e65c5fb3dadbf5_00170.jpg
kaggle_oily_dry_normal/Oily-Dry-Skin-Types/train/normal/normal_d3337955ecc82f0f98bc_jpg.rf.58c511cad3f2f10ac250200c0cfeef98.jpg,kaggle_oily_dry_normal,normal,normal,848b6fc2b8208d6175c783ab713cf524e93b1588cb0483c2fea30a4c5149b2dd,validation,data/processed/validation/normal/848b6fc2b8208d61_00171.jpg
kaggle_oily_dry_normal/Oily-Dry-Skin-Types/valid/normal/normal_9233d0140368a62502b8_jpg.rf.7374eecda1474192c368b7009fb1a648.jpg,kaggle_oily_dry_normal,normal,normal,42d5fb8e8a0a4819cb34d8946824d452d64f44420798cba47c97799c9d36b944,validation,data/processed/validation/normal/42d5fb8e8a0a4819_00172.jpg
kaggle_oily_dry_normal/Oily-Dry-Skin-Types/valid/normal/normal_12cd5db363898591fe94_jpg.rf.e2d62d9d376dffc19b16d82e541d1058.jpg,kaggle_oily_dry_normal,normal,normal,26a039af9a54810c0cb36ad51c471bf8ec36c1fc361506923ade1c7cd9cab47a,validation,data/processed/validation/normal/26a039af9a54810c_00173.jpg
kaggle_oily_dry_normal/Oily-Dry-Skin-Types/valid/normal/normal_2715c13f2ab6fc6868dd_jpg.rf.783ec165dbb849769a51f1883dde4d4b.jpg,kaggle_oily_dry_normal,normal,normal,d69364838c1149833f7da490d1bca43c79758fc79101dfef14696064e1e13701,validation,data/processed/validation/normal/d69364838c114983_00174.jpg
kaggle_oily_dry_normal/Oily-Dry-Skin-Types/train/normal/normal_2bfdf2ba6623e6b84b3f_jpg.rf.e8290ef54a31487506fb6150eac8a02f.jpg,kaggle_oily_dry_normal,normal,normal,992025bcae88f5020f93e265e7ebb17c6c891992cfd60a74d694bd20a22ae364,validation,data/processed/validation/normal/992025bcae88f502_00175.jpg
kaggle_oily_dry_normal/Oily-Dry-Skin-Types/train/normal/normal_6bc6b15647a02e966eae_jpg.rf.4ce4e7e363c636d062e2f15bc30e4bcf.jpg,kaggle_oily_dry_normal,normal,normal,1d9c5dd80ae7058f096d6f50a97facb1d7aaafd9b606bf448ef2ccbcfa643a5c,validation,data/processed/validation/normal/1d9c5dd80ae7058f_00176.jpg
kaggle_oily_dry_normal/Oily-Dry-Skin-Types/train/normal/normal_8ead388c1069abfa1aa0_jpg.rf.b94abad4ebdf05516fa0425f682a9135.jpg,kaggle_oily_dry_normal,normal,normal,1cf56d4f359d6ec616dd8af8e27ec9bf4530b8deee34c634b0b9b4f733a906b5,validation,data/processed/validation/normal/1cf56d4f359d6ec6_00177.jpg
kaggle_oily_dry_normal/Oily-Dry-Skin-Types/train/normal/normal_ff9a19a44e979dea7bb3_jpg.rf.6507b0b219ee9b6d0a616106486ee9bc.jpg,kaggle_oily_dry_normal,normal,normal,6a9610aca64978b3104588a0bbcb5736a1932350b7257ae4051b2a140b60e545,validation,data/processed/validation/normal/6a9610aca64978b3_00178.jpg
kaggle_oily_dry_normal/Oily-Dry-Skin-Types/train/normal/normal_325eb63b86afe146c314_jpg.rf.07fd4c58fa6e49a57d01a79e73b03fa0.jpg,kaggle_oily_dry_normal,normal,normal,85a89236fc11ffb20a3cdeaa72f5ca3fdadd631f1c305151f88381e0a8f05b07,test,data/processed/test/normal/85a89236fc11ffb2_00000.jpg
kaggle_oily_dry_normal/Oily-Dry-Skin-Types/train/normal/normal_77c44f7b4f0224c4b224_jpg.rf.bcfbc73258a25f187a2980b24440a636.jpg,kaggle_oily_dry_normal,normal,normal,085c29042613d2252596cfac28f7ae78a5f16e697722910cb4565f2f2c60f270,test,data/processed/test/normal/085c29042613d225_00001.jpg
kaggle_oily_dry_normal/Oily-Dry-Skin-Types/train/normal/normal_03a5c2383f7f20ed8cc5_jpg.rf.de5e8ab63db18c123edfddf18446b164.jpg,kaggle_oily_dry_normal,normal,normal,3c84abbbb622ed7560d5f59bd24655952a69f10a60c772afecce7dde63de58c0,test,data/processed/test/normal/3c84abbbb622ed75_00002.jpg
kaggle_oily_dry_normal/Oily-Dry-Skin-Types/train/normal/normal_eeff1913647d58f1d97b_jpg.rf.ba8a3619742b9ce0a709e1dc1e040a92.jpg,kaggle_oily_dry_normal,normal,normal,11680f09849af7c581396cb8c7c56ae43f6bf7d904ccc25f90cdde6ae6292902,test,data/processed/test/normal/11680f09849af7c5_00003.jpg
kaggle_oily_dry_normal/Oily-Dry-Skin-Types/train/normal/normal_bda5b26d17df093930d3_jpg.rf.e38580d99069abd23df214645d33382c.jpg,kaggle_oily_dry_normal,normal,normal,01bc4b5b5a2371f3d44a5b50cf046dced0dbb64d90559fc344bac7178264eca4,test,data/processed/test/normal/01bc4b5b5a2371f3_00004.jpg
kaggle_oily_dry_normal/Oily-Dry-Skin-Types/test/normal/normal_8b110dc8acb6cf00d6d6_jpg.rf.4555b378fe712df3cdbe635f283f85b7.jpg,kaggle_oily_dry_normal,normal,normal,c6d7a81fa602e23a3c21cbf2985ec611d5f7370f709d5a84304901b2898358f8,test,data/processed/test/normal/c6d7a81fa602e23a_00005.jpg
kaggle_oily_dry_normal/Oily-Dry-Skin-Types/train/normal/normal_cfa0177b902dee29d608_jpg.rf.18d771862e0fb7885ccd2d41f2af5b3f.jpg,kaggle_oily_dry_normal,normal,normal,068c8dbd5a285d31f4272487577d24ca10c71acc67d380b2d6f10c9fe333b916,test,data/processed/test/normal/068c8dbd5a285d31_00006.jpg
kaggle_oily_dry_normal/Oily-Dry-Skin-Types/train/normal/normal_03a5c2383f7f20ed8cc5_jpg.rf.4bfa95f88622db96e92ae8291eea53cc.jpg,kaggle_oily_dry_normal,normal,normal,e61705e4aa5112aa4aa2594553cc9d2febff9e1a1494e32052e0f2d254f24ee0,test,data/processed/test/normal/e61705e4aa5112aa_00007.jpg
kaggle_oily_dry_normal/Oily-Dry-Skin-Types/train/normal/normal_63627fb9ede3ae725326_jpg.rf.958e3e69a3390cc40e392463150c35c5.jpg,kaggle_oily_dry_normal,normal,normal,977e5fd200a87f54bf2111f6a2fd8325960b42c676c0b7a15d362d7ecde19df4,test,data/processed/test/normal/977e5fd200a87f54_00008.jpg
kaggle_oily_dry_normal/Oily-Dry-Skin-Types/train/normal/normal_0dab17ca4c73276232ee_jpg.rf.e2a579976f6f9088dcbc760f869714f3.jpg,kaggle_oily_dry_normal,normal,normal,6530796f56fd995043f007352644b27a73dfd65f290584e91de0112320f9ab5b,test,data/processed/test/normal/6530796f56fd9950_00009.jpg
kaggle_oily_dry_normal/Oily-Dry-Skin-Types/train/normal/normal_16a54b0cdc792efddda0_jpg.rf.196e078556d85a473974e5945cd52081.jpg,kaggle_oily_dry_normal,normal,normal,037d974330061ed1727bbc3b71414418b464507c0aee0dd866651dfbd0bfe330,test,data/processed/test/normal/037d974330061ed1_00010.jpg
kaggle_oily_dry_normal/Oily-Dry-Skin-Types/test/normal/normal_3c2a7cfb871d34c09d0b_jpg.rf.21c21b918715d95d3d3625b790063764.jpg,kaggle_oily_dry_normal,normal,normal,c36ffe170f5b428392be430094840588a0c906b7cf9c2e496ec858715d2e2c3b,test,data/processed/test/normal/c36ffe170f5b4283_00011.jpg
kaggle_oily_dry_normal/Oily-Dry-Skin-Types/valid/normal/normal_d8f4c247a9f4701c3f22_jpg.rf.56a5b0a3391e3e24551d59a099b944f2.jpg,kaggle_oily_dry_normal,normal,normal,395a7bb342885649e6d3bed1f5b177ea7043757e6da5b904622ba900e6d1c093,test,data/processed/test/normal/395a7bb342885649_00012.jpg
kaggle_oily_dry_normal/Oily-Dry-Skin-Types/train/normal/normal_64c017e2b0f059a5db75_jpg.rf.d1d200303f1aab06e88ea0a4d211eb1f.jpg,kaggle_oily_dry_normal,normal,normal,3d452a52ab3d12a6683bc134b4ac0463a1140756ff2ecbf4a0fede85988ade48,test,data/processed/test/normal/3d452a52ab3d12a6_00013.jpg
kaggle_oily_dry_normal/Oily-Dry-Skin-Types/test/normal/normal_c63eeaf528afd808aeee_jpg.rf.2d8f6b39670ea00d46a109f82de164b4.jpg,kaggle_oily_dry_normal,normal,normal,b5e5944fefa635bad618eca88361ff41221cdfee0f4dd922c03b0fc0a561d629,test,data/processed/test/normal/b5e5944fefa635ba_00014.jpg
kaggle_oily_dry_normal/Oily-Dry-Skin-Types/train/normal/normal_9145551726d6b7563ffd_jpg.rf.b86915c6bdfba44906c1d984d14b329b.jpg,kaggle_oily_dry_normal,normal,normal,0307212ca0564836774cf3fc5e1559fc06fc6a494773975118e8bcb9f676ed51,test,data/processed/test/normal/0307212ca0564836_00015.jpg
kaggle_oily_dry_normal/Oily-Dry-Skin-Types/train/normal/normal_112d297d5dea002070f1_jpg.rf.d3892798a4fd16b84893e3de490a21c8.jpg,kaggle_oily_dry_normal,normal,normal,b6cf861a632d9a083783a832f5326c2b2fec5332636f273947222401fa18fd1c,test,data/processed/test/normal/b6cf861a632d9a08_00016.jpg
kaggle_oily_dry_normal/Oily-Dry-Skin-Types/train/normal/normal_62a5946400a73c52ac7f_jpg.rf.ae9865d2ce2b3ecb11ae84b91eae38c9.jpg,kaggle_oily_dry_normal,normal,normal,b471171d77bb09017cb596a68eb29f18e483d47fc1a66e919ac2bad09b9d2c1d,test,data/processed/test/normal/b471171d77bb0901_00017.jpg
kaggle_oily_dry_normal/Oily-Dry-Skin-Types/train/normal/normal_71eaeb8fda354ab5e269_jpg.rf.460605833bedf8b724d1427a669cf7eb.jpg,kaggle_oily_dry_normal,normal,normal,6fb8edc1dc1aa8110aaf85b4b0bb390eceb9a927b7a41059d3f8d61c4b6510bb,test,data/processed/test/normal/6fb8edc1dc1aa811_00018.jpg
kaggle_oily_dry_normal/Oily-Dry-Skin-Types/train/normal/normal_325eb63b86afe146c314_jpg.rf.e782627d4d72825bc88480d5e7d1ab74.jpg,kaggle_oily_dry_normal,normal,normal,74e5a5a785ee396d7e68978860cc7c86f04313cf2324f056344a4925fc53e993,test,data/processed/test/normal/74e5a5a785ee396d_00019.jpg
kaggle_oily_dry_normal/Oily-Dry-Skin-Types/train/normal/normal_cf0d6fdde3c32affaffc_jpg.rf.04e8f587afea1c52f34b44decfc79ee6.jpg,kaggle_oily_dry_normal,normal,normal,32c20fb5f5d59d3f904026a37b01d142bdb2f42b415a10cc21cd43c1841a582f,test,data/processed/test/normal/32c20fb5f5d59d3f_00020.jpg
kaggle_oily_dry_normal/Oily-Dry-Skin-Types/train/normal/normal_c13a583fe32d851c6dfc_jpg.rf.70618e48e14df6a39170e48fac1498bf.jpg,kaggle_oily_dry_normal,normal,normal,0c5b174694d2fa7941fb76b340d5643af5828a080ea30c8a32e918367804e4ef,test,data/processed/test/normal/0c5b174694d2fa79_00021.jpg
kaggle_oily_dry_normal/Oily-Dry-Skin-Types/train/normal/normal_a48c8e2825afb3dbad0d_jpg.rf.0ee4970a9b49321d44d77ad6ab270928.jpg,kaggle_oily_dry_normal,normal,normal,79678b41fa2705187be0154d2e842e58abf73e7799cb0f8e3cb0ec724d939f65,test,data/processed/test/normal/79678b41fa270518_00022.jpg
kaggle_oily_dry_normal/Oily-Dry-Skin-Types/train/normal/normal_ff7d96b09d8f52bccb3a_jpg.rf.73b1e9cf9135ecc348fc63bfac3406a8.jpg,kaggle_oily_dry_normal,normal,normal,37781338b9692bd0fa1ba88755adb53d4d7068bc8b89e6ed03a7b5ebc60fb24e,test,data/processed/test/normal/37781338b9692bd0_00023.jpg
kaggle_oily_dry_normal/Oily-Dry-Skin-Types/train/normal/normal_85bc6e5799eaf14272e2_jpg.rf.7e70c5d0783ecd8882c5e520c8e5f901.jpg,kaggle_oily_dry_normal,normal,normal,dc381a0f68819c4b2f48c5d469aebc711306595c084ac2b3305335925b7ab9e4,test,data/processed/test/normal/dc381a0f68819c4b_00024.jpg
kaggle_oily_dry_normal/Oily-Dry-Skin-Types/train/normal/normal_57ad3609d10ec8a2591a_jpg.rf.c2e4293e3713657a3dcb1f47011285c5.jpg,kaggle_oily_dry_normal,normal,normal,b320fbc5642966d898506478b5cbdb18b24d512e377bb5d37b1cab345f4c5009,test,data/processed/test/normal/b320fbc5642966d8_00025.jpg
kaggle_oily_dry_normal/Oily-Dry-Skin-Types/train/normal/normal_5efeb50a08ae5e7d889e_jpg.rf.891426c1ae38d2fe3997cb122ad7b80e.jpg,kaggle_oily_dry_normal,normal,normal,41b6a8c7460ecc08f1fe76f2671c3698b3e1888bc611b51f228a6499ab9a71a8,test,data/processed/test/normal/41b6a8c7460ecc08_00026.jpg
kaggle_oily_dry_normal/Oily-Dry-Skin-Types/train/normal/normal_bb2f7ae7c989534cdb84_jpg.rf.176b3363e9d0d982fff1acbe659ed1dc.jpg,kaggle_oily_dry_normal,normal,normal,b70cfd3d7da8f67c1f27c91f51423e4be83672f86c315f5e77bb6e975b375238,test,data/processed/test/normal/b70cfd3d7da8f67c_00027.jpg
kaggle_oily_dry_normal/Oily-Dry-Skin-Types/train/normal/normal_ff9a19a44e979dea7bb3_jpg.rf.f881011f046dbb10177630def5953b79.jpg,kaggle_oily_dry_normal,normal,normal,ef946ceb8936757f8edf6faf93b41af8b8ccd8ad2f2dd32d856cac006ab72cc6,test,data/processed/test/normal/ef946ceb8936757f_00028.jpg
kaggle_oily_dry_normal/Oily-Dry-Skin-Types/train/normal/normal_4369b45339b9d695a58e_jpg.rf.031bb14c4b66aa1a781b83a35525e955.jpg,kaggle_oily_dry_normal,normal,normal,210f5a5732db23553bd4097fdb697fb716ec84facfb15c3c27f5d8ad9e20243a,test,data/processed/test/normal/210f5a5732db2355_00029.jpg
kaggle_oily_dry_normal/Oily-Dry-Skin-Types/train/normal/normal_d7faedfabbee02bd87db_jpg.rf.a2ba043434b0ecb147a9b5cff21fc043.jpg,kaggle_oily_dry_normal,normal,normal,9e73fd1d387d5f47fe39a383799b94065e9a93a055be83e164655768c8271d89,test,data/processed/test/normal/9e73fd1d387d5f47_00030.jpg
kaggle_oily_dry_normal/Oily-Dry-Skin-Types/train/normal/normal_346714d7aa7a260d45d6_jpg.rf.48630de3a95e40f361589f4d1bcd37c4.jpg,kaggle_oily_dry_normal,normal,normal,9df8310e7e3db22faf62eab54251e0f8aa0010bacb26e1df552dc64694b0b19f,test,data/processed/test/normal/9df8310e7e3db22f_00031.jpg
kaggle_oily_dry_normal/Oily-Dry-Skin-Types/train/normal/normal_34458a38fc273ea6d641_jpg.rf.c0534c7d8558f8220239e172551c3b02.jpg,kaggle_oily_dry_normal,normal,normal,864bcb779b895146000dbe55fd1be1d043a081811b1ac82c42e617b5fafa7599,test,data/processed/test/normal/864bcb779b895146_00032.jpg
kaggle_oily_dry_normal/Oily-Dry-Skin-Types/train/normal/normal_15e68707a0bf32c5cff9_jpg.rf.3a9ec72868caa848bd49c5f36e4bd81e.jpg,kaggle_oily_dry_normal,normal,normal,59ec25e81120051809f7bd80e140753f7e43181cb81c018ee5b0515608306adf,test,data/processed/test/normal/59ec25e811200518_00033.jpg
kaggle_oily_dry_normal/Oily-Dry-Skin-Types/train/normal/normal_dddca2ebb807f1aee9da_jpg.rf.574fbd701e74843f676cd0e9c71ee18b.jpg,kaggle_oily_dry_normal,normal,normal,2627afd79ee79cef493590bac59526bf901684e149de6b87ddee6f4070c2d4e3,test,data/processed/test/normal/2627afd79ee79cef_00034.jpg
kaggle_oily_dry_normal/Oily-Dry-Skin-Types/train/normal/normal_2293ea611926f19dd40e_jpg.rf.e1ceff76dea88dd720cc9013f42182f9.jpg,kaggle_oily_dry_normal,normal,normal,5912b4be5ff8d9f4de5d399ceb308c0a0868e271f089c33fbf807cc8d2f65e2b,test,data/processed/test/normal/5912b4be5ff8d9f4_00035.jpg
kaggle_oily_dry_normal/Oily-Dry-Skin-Types/valid/normal/normal_98b7d5d32e1a8b77768a_jpg.rf.752aac7d73e7425a0fe6d416575fa661.jpg,kaggle_oily_dry_normal,normal,normal,943855ffe098be3479339dca10d79c1b317471b2ccea32d57205a9d8bcd2b9a8,test,data/processed/test/normal/943855ffe098be34_00036.jpg
kaggle_oily_dry_normal/Oily-Dry-Skin-Types/train/normal/normal_68bc520ac85f0b85d4f4_jpg.rf.cba63a5205ac5ae5a7efd41215b912e7.jpg,kaggle_oily_dry_normal,normal,normal,13cb5acfafae157152ba9019fb410cbdc6d38191352c083f23ed539ed6bd273f,test,data/processed/test/normal/13cb5acfafae1571_00037.jpg
kaggle_oily_dry_normal/Oily-Dry-Skin-Types/train/normal/normal_0dab17ca4c73276232ee_jpg.rf.02fa6304f0a1aba104fd0dd9d620554f.jpg,kaggle_oily_dry_normal,normal,normal,795a3ab30e3c3abc8ab50e0bfda891f369229e0a6ac33454355f6385fe342867,test,data/processed/test/normal/795a3ab30e3c3abc_00038.jpg
kaggle_oily_dry_normal/Oily-Dry-Skin-Types/train/normal/normal_67fa8dcad0ec5b75ab13_jpg.rf.a981c1c0fb1e5fce928ad06a7d3d9b5e.jpg,kaggle_oily_dry_normal,normal,normal,c2b9a94610f34a87c7a86d6b3c51f5dba15ed877b53150d85b9278f3a7b6364b,test,data/processed/test/normal/c2b9a94610f34a87_00039.jpg
kaggle_oily_dry_normal/Oily-Dry-Skin-Types/train/normal/normal_84ded48d7b3ac1310401_jpg.rf.9d3daa1855bbf78bbed87151a7ea2e5b.jpg,kaggle_oily_dry_normal,normal,normal,8a21bb7aa89c4fa86e70a81a17dcd198c2693ab230372bc5271c5b2af7544f16,test,data/processed/test/normal/8a21bb7aa89c4fa8_00040.jpg
kaggle_oily_dry_normal/Oily-Dry-Skin-Types/train/normal/normal_9db2dd9152632426f474_jpg.rf.42a2d9224ee4e7ac81afe0bd3c09512f.jpg,kaggle_oily_dry_normal,normal,normal,c02ef6277a945bb806785bac275ff274edd9baba52cec47980b09f526685b7be,test,data/processed/test/normal/c02ef6277a945bb8_00041.jpg
kaggle_oily_dry_normal/Oily-Dry-Skin-Types/train/normal/normal_2f3ae7c73b67b9b1e1f1_jpg.rf.e12d226b74a6cf9f54f1d5a6c5315710.jpg,kaggle_oily_dry_normal,normal,normal,04b2ad4e674f8af6664b2e56450e9fe990f93b62e9dc9a3169bb27650f28b7d2,test,data/processed/test/normal/04b2ad4e674f8af6_00042.jpg
kaggle_oily_dry_normal/Oily-Dry-Skin-Types/test/normal/normal_ac223b0aac8319751061_jpg.rf.46ffc21b6bee315748ce626b47cbb1d0.jpg,kaggle_oily_dry_normal,normal,normal,a8fdeab3a31bc34e14bca90f28a3dfe82422f75062194f16ce1b7768157cc6d9,test,data/processed/test/normal/a8fdeab3a31bc34e_00043.jpg
kaggle_oily_dry_normal/Oily-Dry-Skin-Types/train/normal/normal_e0d159be5a6df664fe03_jpg.rf.3cbb14cd3dd21e408dc0f16c76c5d2a2.jpg,kaggle_oily_dry_normal,normal,normal,c3404c4c19e26e3beed41fa261b5f47e8a1dfbef08b31c7a4780893edc653d24,test,data/processed/test/normal/c3404c4c19e26e3b_00044.jpg
kaggle_oily_dry_normal/Oily-Dry-Skin-Types/train/normal/normal_8d81639d87427198f014_jpg.rf.3d5d5b4576f0cf2467a9fcebd76eb8ce.jpg,kaggle_oily_dry_normal,normal,normal,ea8bb400bb00a157d07d6e96f2431e1e12e5e5e4c25fd93e8e373c9afe2fccf7,test,data/processed/test/normal/ea8bb400bb00a157_00045.jpg
kaggle_oily_dry_normal/Oily-Dry-Skin-Types/test/normal/normal_017e7a5216e6dff6cdd4_jpg.rf.00de0a968c3d20e84f21afb3455bc79f.jpg,kaggle_oily_dry_normal,normal,normal,f2f561533d6e5347c4c57cd8edf28094bb33c2d2e93f2a46114e4b4110d3ef38,test,data/processed/test/normal/f2f561533d6e5347_00046.jpg
kaggle_oily_dry_normal/Oily-Dry-Skin-Types/train/normal/normal_421b5972179298063a4c_jpg.rf.74ec997178c0e53a70b5cf4734f29013.jpg,kaggle_oily_dry_normal,normal,normal,e4e6333d1ad8efb24dacec4dec9a7f3865577692623d4d025c9442aea84ad3ff,test,data/processed/test/normal/e4e6333d1ad8efb2_00047.jpg
kaggle_oily_dry_normal/Oily-Dry-Skin-Types/train/normal/normal_a48c8e2825afb3dbad0d_jpg.rf.5c79431f0fff749ce92db4b5f18743f3.jpg,kaggle_oily_dry_normal,normal,normal,b5d979890d03f7e3ceac6581b86e41d1c241c0f2a2a2f2d344d7eb8c39eb9aca,test,data/processed/test/normal/b5d979890d03f7e3_00048.jpg
kaggle_oily_dry_normal/Oily-Dry-Skin-Types/train/normal/normal_fe5a0f30a5092c6b020a_jpg.rf.3078106ef7f68d98817c3df606409ac3.jpg,kaggle_oily_dry_normal,normal,normal,283fb357798726442a047bed5cb07cd852a1eecc3c6be857bcd0d8748a16c748,test,data/processed/test/normal/283fb35779872644_00049.jpg
kaggle_oily_dry_normal/Oily-Dry-Skin-Types/valid/normal/normal_df87ce1a9b86af0ea405_jpg.rf.ea7258a63b62e98479817f73edd82770.jpg,kaggle_oily_dry_normal,normal,normal,029c3bfc1381e5bced5b57f9a2383c118d45704384055712ac48b20e67d08793,test,data/processed/test/normal/029c3bfc1381e5bc_00050.jpg
kaggle_oily_dry_normal/Oily-Dry-Skin-Types/train/normal/normal_f69ce6236031b380189b_jpg.rf.0f044d3606f62b27baf4a3d86e41fc4a.jpg,kaggle_oily_dry_normal,normal,normal,fc5e36ff8460542d37742c9fc7f5e98c65580521fd423a119c04bab7a804225c,test,data/processed/test/normal/fc5e36ff8460542d_00051.jpg
kaggle_oily_dry_normal/Oily-Dry-Skin-Types/train/normal/normal_8357e8c0029e34aac5b5_jpg.rf.1038dd3aa7a8bdea3f2515ef88834a42.jpg,kaggle_oily_dry_normal,normal,normal,8a17f80a3b1b29d1fa4d0d0079a085b4d85f9a165b8ed82b9c6a3629ec563fd1,test,data/processed/test/normal/8a17f80a3b1b29d1_00052.jpg
kaggle_oily_dry_normal/Oily-Dry-Skin-Types/train/normal/normal_2a654e6820c321c2cd61_jpg.rf.eec4be5c8103a26938e3e513037c5a20.jpg,kaggle_oily_dry_normal,normal,normal,3830cd062ff16fa22b975bad0cca0bcc47cd1bcccb37a7e1f615604db43a72e4,test,data/processed/test/normal/3830cd062ff16fa2_00053.jpg
kaggle_oily_dry_normal/Oily-Dry-Skin-Types/train/normal/normal_eb077881061391b11236_jpg.rf.468b8adc6c085d1a358bd47816cef326.jpg,kaggle_oily_dry_normal,normal,normal,e7e668ba8dd57da8bfe909504f6b791310c085754e2263f6adfff317da5cf548,test,data/processed/test/normal/e7e668ba8dd57da8_00054.jpg
kaggle_oily_dry_normal/Oily-Dry-Skin-Types/train/normal/normal_4d114b6d07dc2bec6c32_jpg.rf.180e07bbb6ef9dc5c3db17813526cf53.jpg,kaggle_oily_dry_normal,normal,normal,d8f1892b070925d5e37535bb45ddc1a32b1b01d252cdb5295550f5e565ef8679,test,data/processed/test/normal/d8f1892b070925d5_00055.jpg
kaggle_oily_dry_normal/Oily-Dry-Skin-Types/train/normal/normal_e6a7c92729dd8b9555be_jpg.rf.de3ee120db8a302af20847ab4ab84dba.jpg,kaggle_oily_dry_normal,normal,normal,a7afe8f84585966e049d00b5901338e2517a3c5d935bcca8207dff7d47c8abef,test,data/processed/test/normal/a7afe8f84585966e_00056.jpg
kaggle_oily_dry_normal/Oily-Dry-Skin-Types/train/normal/normal_79efe949d5d4b1ca655a_jpg.rf.c61c01102ca9a570901d0b0805e11e69.jpg,kaggle_oily_dry_normal,normal,normal,7e3a6898bc3899ea6a4ccb39f8ec8f072014920b96ce17a202d6381c3bd46eca,test,data/processed/test/normal/7e3a6898bc3899ea_00057.jpg
kaggle_oily_dry_normal/Oily-Dry-Skin-Types/test/normal/normal_247fd7f1c6dafc8f621a_jpg.rf.3c8afb82ebbfad308bdd2523eb63f4b1.jpg,kaggle_oily_dry_normal,normal,normal,23c6665c6cc2e4c2c03d20062b155274ce0ec40417b7146057fb3b3604c89cc8,test,data/processed/test/normal/23c6665c6cc2e4c2_00058.jpg
kaggle_oily_dry_normal/Oily-Dry-Skin-Types/train/normal/normal_cfa0177b902dee29d608_jpg.rf.cd26da21eef75cf9259c6e013f38bb60.jpg,kaggle_oily_dry_normal,normal,normal,63cb368abb44f56fa3fbdec02da0cbdc93a8539b9e5431cb5b43ab054106254d,test,data/processed/test/normal/63cb368abb44f56f_00059.jpg
kaggle_oily_dry_normal/Oily-Dry-Skin-Types/train/normal/normal_3f846577227d6b4666ea_jpg.rf.712c31bdcf0321db411660f84ebf8ef7.jpg,kaggle_oily_dry_normal,normal,normal,798c34e5fa97de90665c26b6a60927b90da3a6cf58b461cf09f023f793ba65b6,test,data/processed/test/normal/798c34e5fa97de90_00060.jpg
kaggle_oily_dry_normal/Oily-Dry-Skin-Types/train/normal/normal_c06958ded36667fda5b5_jpg.rf.247499ba77529bcd5053c8c1735c529a.jpg,kaggle_oily_dry_normal,normal,normal,6da50a4f0df1f57b1e7a3fb8a5ad64f9cb837a0451a7085e149ac3c8f1af22e2,test,data/processed/test/normal/6da50a4f0df1f57b_00061.jpg
kaggle_oily_dry_normal/Oily-Dry-Skin-Types/train/normal/normal_82b1c4a7341d87137172_jpg.rf.15242d4e7e36c0e5e56d5cc0ec4179dd.jpg,kaggle_oily_dry_normal,normal,normal,d55fee195c2faded96b3585cb84ed3ab2a099fab36351a45fc70c58d21d7c37d,test,data/processed/test/normal/d55fee195c2faded_00062.jpg
kaggle_oily_dry_normal/Oily-Dry-Skin-Types/valid/normal/normal_ff491e13dec6c7cd5186_jpg.rf.a0a77a888b69f70f4f6f121882a4307f.jpg,kaggle_oily_dry_normal,normal,normal,3a5a5205ccd01b40a82343cb4bafedab94c1b12486db8025cf0883a9f42c3335,test,data/processed/test/normal/3a5a5205ccd01b40_00063.jpg
kaggle_oily_dry_normal/Oily-Dry-Skin-Types/valid/normal/normal_ce77a7a55c0c3cbd2af2_jpg.rf.585884e7f038560f43250da173702bf2.jpg,kaggle_oily_dry_normal,normal,normal,def7b37fab8ff203361fa5ff71c5ac75fe34eccdf0130110f420e9d2f82810dd,test,data/processed/test/normal/def7b37fab8ff203_00064.jpg
kaggle_oily_dry_normal/Oily-Dry-Skin-Types/valid/normal/normal_e06b91788ca7dfaa9a6c_jpg.rf.4ac3ddb88138f2291fe3ae9a7d968bd6.jpg,kaggle_oily_dry_normal,normal,normal,3716a2a4a941891caf70a220d93765945882b8bbd51e483890beaaebfbc25467,test,data/processed/test/normal/3716a2a4a941891c_00065.jpg
kaggle_oily_dry_normal/Oily-Dry-Skin-Types/train/normal/normal_300b68ce0aa2c9cf3fcc_jpg.rf.0bf889f7e039b1ad6e1ee2b6a4152c31.jpg,kaggle_oily_dry_normal,normal,normal,60d5b44d741037662d6713836219d893b4b8c4cd4f34c4d7bfa60246460dc1b0,test,data/processed/test/normal/60d5b44d74103766_00066.jpg
kaggle_oily_dry_normal/Oily-Dry-Skin-Types/test/normal/normal_6e60a7348cf329355423_jpg.rf.598e323a296467ae3f5f570c5c35cbcc.jpg,kaggle_oily_dry_normal,normal,normal,1a4995fcb19aa45a4292fae9d6d0a3202a64d7bda8fb14b041f99bccf2434311,test,data/processed/test/normal/1a4995fcb19aa45a_00067.jpg
kaggle_oily_dry_normal/Oily-Dry-Skin-Types/train/normal/normal_73f240a2b213ce4058ab_jpg.rf.0e8e48db3ddbdfb71476f2ead050d1af.jpg,kaggle_oily_dry_normal,normal,normal,779890d70ffbfb163ccdfedfe834c8931863d9c2a6463bb9ebfb5332c0be41a0,test,data/processed/test/normal/779890d70ffbfb16_00068.jpg
kaggle_oily_dry_normal/Oily-Dry-Skin-Types/train/normal/normal_f8f38ab2936c6995328f_jpg.rf.0a3cfb96b24cd2f774d3306b9010ef86.jpg,kaggle_oily_dry_normal,normal,normal,1ac836484c76ea6c875586704468d2eb231ff0e4e25f04af50f728e42b76f91e,test,data/processed/test/normal/1ac836484c76ea6c_00069.jpg
kaggle_oily_dry_normal/Oily-Dry-Skin-Types/train/normal/normal_d3337955ecc82f0f98bc_jpg.rf.bb20fbf272fad6ac480fd0b29f1d7d0a.jpg,kaggle_oily_dry_normal,normal,normal,d7815942b048447855f3dd4322a0d5698b64b2ea8b449e6b9be425af8c7412f8,test,data/processed/test/normal/d7815942b0484478_00070.jpg
kaggle_oily_dry_normal/Oily-Dry-Skin-Types/train/normal/normal_a83f97468889e3295fcc_jpg.rf.f8dac011377fa27c3cba1405f714ed0e.jpg,kaggle_oily_dry_normal,normal,normal,2668af939c06317082b09d9bc23f0a10f01d36c4c02f47586d3f2a94268d2e22,test,data/processed/test/normal/2668af939c063170_00071.jpg
kaggle_oily_dry_normal/Oily-Dry-Skin-Types/train/normal/normal_aa7af3e4faf3701e02a3_jpg.rf.2d9b6cb46282c36f420d549fd8ee0005.jpg,kaggle_oily_dry_normal,normal,normal,6648080aab3fe28865a99f51b6c001d18263772573bef9637c71f587134c6912,test,data/processed/test/normal/6648080aab3fe288_00072.jpg
kaggle_oily_dry_normal/Oily-Dry-Skin-Types/train/normal/normal_112d297d5dea002070f1_jpg.rf.87289192c079467b7ec5222b1eda08ba.jpg,kaggle_oily_dry_normal,normal,normal,7eeb870667d982d00f9f504e861528f12c953855b927337d1c88ed30c4c84108,test,data/processed/test/normal/7eeb870667d982d0_00073.jpg
kaggle_oily_dry_normal/Oily-Dry-Skin-Types/valid/normal/normal_ea75ce644894cd0ee620_jpg.rf.ccc27654b50044b19bfbc2e4109d1f49.jpg,kaggle_oily_dry_normal,normal,normal,2af7f8f2cbbb3cae099faa1f471773e402fe48f797f9357fffacf25321d8ae5c,test,data/processed/test/normal/2af7f8f2cbbb3cae_00074.jpg
kaggle_oily_dry_normal/Oily-Dry-Skin-Types/train/normal/normal_4050e822a41ff5f55a73_jpg.rf.6c91c083ac14c4ce666408409a6dfa8d.jpg,kaggle_oily_dry_normal,normal,normal,4e8ef92a77f1028c0d93f4a62fcaa6a80a4411683de480b16e4c2e975b153ed7,test,data/processed/test/normal/4e8ef92a77f1028c_00075.jpg
kaggle_oily_dry_normal/Oily-Dry-Skin-Types/train/normal/normal_3c29dee4c06cd6accced_jpg.rf.13e9cb07db630343ab391a47cd39a319.jpg,kaggle_oily_dry_normal,normal,normal,24279cb6848b898ba81d9d4a93e2ef1c509b7663af5979af5a69720172092bde,test,data/processed/test/normal/24279cb6848b898b_00076.jpg
kaggle_oily_dry_normal/Oily-Dry-Skin-Types/train/normal/normal_2e307d6b20b67c08c7e9_jpg.rf.11cd9808348deac1d4ca922fc7a03e88.jpg,kaggle_oily_dry_normal,normal,normal,743e80cfa8538f7d3d0e633308a2057d860fabda43876225bb36e0fa91571334,test,data/processed/test/normal/743e80cfa8538f7d_00077.jpg
kaggle_oily_dry_normal/Oily-Dry-Skin-Types/train/normal/normal_0888964738abf72c4e5f_jpg.rf.42dde279bb4decb21ad0e0b8e5fe1b24.jpg,kaggle_oily_dry_normal,normal,normal,0a5978b407608414d9c766d6e3d0ef3a6e716ae7985f654bb9c78409553411be,test,data/processed/test/normal/0a5978b407608414_00078.jpg
kaggle_oily_dry_normal/Oily-Dry-Skin-Types/train/normal/normal_243abbbe37afd3a61547_jpg.rf.167eb67cd4f0685a3a3d7eafd384c0ed.jpg,kaggle_oily_dry_normal,normal,normal,ef860c0f35814c717f8daec6f6ced8d1679860f069567067a298896ac5d39c38,test,data/processed/test/normal/ef860c0f35814c71_00079.jpg
kaggle_oily_dry_normal/Oily-Dry-Skin-Types/train/normal/normal_e3411826fec90e7ea2a1_jpg.rf.8d08e936b7bc8d9c3d7e3379c4b8659b.jpg,kaggle_oily_dry_normal,normal,normal,67b6afcaf792bd7573fd587f92fca410d12d7b599228bc89d0c9ecdc08ca9926,test,data/processed/test/normal/67b6afcaf792bd75_00080.jpg
kaggle_oily_dry_normal/Oily-Dry-Skin-Types/train/normal/normal_eb483a5cf2fbfff35146_jpg.rf.f04883a47fac886e53190eaa5327c7ea.jpg,kaggle_oily_dry_normal,normal,normal,c539c70a19260e78a8e47b97e779df01fd5b60abade13a24e695b4e3a6d55fdd,test,data/processed/test/normal/c539c70a19260e78_00081.jpg
kaggle_oily_dry_normal/Oily-Dry-Skin-Types/train/normal/normal_389351d8800fa5f2ad15_jpg.rf.5d105903d5648589b9f79e7ca1c13732.jpg,kaggle_oily_dry_normal,normal,normal,c0b00b26340fb870fbe83d430f795a146ab891ddde4a08e756bbec328027fa55,test,data/processed/test/normal/c0b00b26340fb870_00082.jpg
kaggle_oily_dry_normal/Oily-Dry-Skin-Types/valid/normal/normal_22ad3f6609edac470804_jpg.rf.2ec929ba103d1861cbb97b6a7bbcd851.jpg,kaggle_oily_dry_normal,normal,normal,8613352d2c2208027d4ac429b32d47d1f5caf6ff5cdd34f898274150b0fadb06,test,data/processed/test/normal/8613352d2c220802_00083.jpg
kaggle_oily_dry_normal/Oily-Dry-Skin-Types/train/normal/normal_9ca084e65d0c17708b9e_jpg.rf.93ee56ca42850d092ff7ce1b6ff994bb.jpg,kaggle_oily_dry_normal,normal,normal,659aaf4ac03e5cf88c441bb6c96b42a4040c5eb3ec7a16a82e892ea3bd2cbd44,test,data/processed/test/normal/659aaf4ac03e5cf8_00084.jpg
kaggle_oily_dry_normal/Oily-Dry-Skin-Types/train/normal/normal_ad55f57598e6fdda2ad5_jpg.rf.d64d98f1b4ed52b6909f9bff245eb811.jpg,kaggle_oily_dry_normal,normal,normal,72e3433d9bf80114eeea536f6fec05bd745f141f4b145e8d6d14fa8212e4f17e,test,data/processed/test/normal/72e3433d9bf80114_00085.jpg
kaggle_oily_dry_normal/Oily-Dry-Skin-Types/train/normal/normal_bd481c683c08a6f47c93_jpg.rf.9815b4e3386e4d180ad0b203c5eef84e.jpg,kaggle_oily_dry_normal,normal,normal,9cc0a3e117467c11a4f59fdb31899e7508b56a9b172cd2bab1ecd0e4dc7c91dd,test,data/processed/test/normal/9cc0a3e117467c11_00086.jpg
kaggle_oily_dry_normal/Oily-Dry-Skin-Types/train/normal/normal_79efe949d5d4b1ca655a_jpg.rf.8b4f5336d0e04165813bcf8e46b07c2b.jpg,kaggle_oily_dry_normal,normal,normal,ba2408b3f070d60ae14eab11a86ae8386603f2bbb7d0da169a18cefb84379317,test,data/processed/test/normal/ba2408b3f070d60a_00087.jpg
kaggle_oily_dry_normal/Oily-Dry-Skin-Types/train/normal/normal_71175cf937b16fbb2e58_jpg.rf.e5f1169f3deadce5d97532d99f1dac9c.jpg,kaggle_oily_dry_normal,normal,normal,cb20621c096527766f63423e57937e2c946abef891d4d426357e979d127cf076,test,data/processed/test/normal/cb20621c09652776_00088.jpg
kaggle_oily_dry_normal/Oily-Dry-Skin-Types/valid/normal/normal_ee3c79e07bdbd9b117e2_jpg.rf.e97c4b572123f1da53a4cbd20bb5004b.jpg,kaggle_oily_dry_normal,normal,normal,12d2130255aa92534dd7530fa7d17832def4fb6bfe6aeca4c6d927562d82eea9,test,data/processed/test/normal/12d2130255aa9253_00089.jpg
kaggle_oily_dry_normal/Oily-Dry-Skin-Types/train/normal/normal_7ad95964150236ee3078_jpg.rf.5dc8528685a959d476f001287865037f.jpg,kaggle_oily_dry_normal,normal,normal,d9826222dac7c31dead687ad4b29ffd6dfd2eec76ca6327d0b7a5d800ddc02c7,test,data/processed/test/normal/d9826222dac7c31d_00090.jpg
kaggle_oily_dry_normal/Oily-Dry-Skin-Types/train/normal/normal_395d1bf0d8df796280dd_jpg.rf.def5b0b622dbc6d2199d6daf20fbb294.jpg,kaggle_oily_dry_normal,normal,normal,64b0b5ed54a1ef5afd0d016245d6fee2df2572b6d07f769125477cc029036c8a,test,data/processed/test/normal/64b0b5ed54a1ef5a_00091.jpg
kaggle_oily_dry_normal/Oily-Dry-Skin-Types/train/normal/normal_d16abd9ee6945f576707_jpg.rf.0892d0289c05590a1c286684042c29c7.jpg,kaggle_oily_dry_normal,normal,normal,c0162216878e6d099c3e46e726bf4cec75c35ed3f6389b45d178446a9438b275,test,data/processed/test/normal/c0162216878e6d09_00092.jpg
kaggle_oily_dry_normal/Oily-Dry-Skin-Types/train/normal/normal_ad0fee60879766667642_jpg.rf.7eb9df2c681baf087b1f374fd18294a1.jpg,kaggle_oily_dry_normal,normal,normal,4540a5737b73bb4d33dae9c965ec65121f663f92c9fd1243b3fbf41f33d13d50,test,data/processed/test/normal/4540a5737b73bb4d_00093.jpg
kaggle_oily_dry_normal/Oily-Dry-Skin-Types/train/normal/normal_e68892691826c6f76b5d_jpg.rf.d0349a4cbaeab564168bfdbd9986dd51.jpg,kaggle_oily_dry_normal,normal,normal,08357365e005ea051cacef5c9fda1229e57d1e158963dbde70d0f1ac6b79c8c9,test,data/processed/test/normal/08357365e005ea05_00094.jpg
kaggle_oily_dry_normal/Oily-Dry-Skin-Types/train/normal/normal_5f2fd3ae2522148d8668_jpg.rf.1a8ed1ea76257f6a82f059307b8eeded.jpg,kaggle_oily_dry_normal,normal,normal,9afd6144d58b1f2b5b6470717748a3d66909ff508d8f671fd2b4e25929421d7b,test,data/processed/test/normal/9afd6144d58b1f2b_00095.jpg
kaggle_oily_dry_normal/Oily-Dry-Skin-Types/train/normal/normal_85d0e65990dbbe9183b2_jpg.rf.571ab5c6bfd080e6dac5ca21994b94d1.jpg,kaggle_oily_dry_normal,normal,normal,ecce35448c11dbdd22dce6a8160edcff7725738fc5038118e82027f7560f1253,test,data/processed/test/normal/ecce35448c11dbdd_00096.jpg
kaggle_oily_dry_normal/Oily-Dry-Skin-Types/train/normal/normal_5efeb50a08ae5e7d889e_jpg.rf.878aae7be0557fa788df0cabe1014829.jpg,kaggle_oily_dry_normal,normal,normal,450598034df82ab0c15dfb10ac34b7f5f65f5e29d20c26f75f59eb392266e19f,test,data/processed/test/normal/450598034df82ab0_00097.jpg
kaggle_oily_dry_normal/Oily-Dry-Skin-Types/train/normal/normal_139ee79583410327f0d9_jpg.rf.d7a9b2d5e24aad596238ce667433618f.jpg,kaggle_oily_dry_normal,normal,normal,cad6aa1dcfb7e69da177bf4b85f09077d0e08409da772490cdbaa508e4316171,test,data/processed/test/normal/cad6aa1dcfb7e69d_00098.jpg
kaggle_oily_dry_normal/Oily-Dry-Skin-Types/train/normal/normal_7b4ef51d52fe7244b6ad_jpg.rf.767af6cd67a0fb18e3ca74f34c646452.jpg,kaggle_oily_dry_normal,normal,normal,3f23a7ca23c60862b7e77851f3439069ba04489eb60d5b054144ee4c8bbb27d0,test,data/processed/test/normal/3f23a7ca23c60862_00099.jpg
kaggle_oily_dry_normal/Oily-Dry-Skin-Types/train/normal/normal_ae885e6881817fd1412a_jpg.rf.64e3efe4f3d3b83667cae24cf2c53e28.jpg,kaggle_oily_dry_normal,normal,normal,21c5ef3ab38832e7dd8bb3cfe8ebb1496a1b4f640e4df5cda58403ff3aed2ecb,test,data/processed/test/normal/21c5ef3ab38832e7_00100.jpg
kaggle_oily_dry_normal/Oily-Dry-Skin-Types/train/normal/normal_85d0e65990dbbe9183b2_jpg.rf.aead377a511f08007c8a4b2c57ceddc3.jpg,kaggle_oily_dry_normal,normal,normal,da5875b62923fb280d99d05f05702ea1f6e2a2d720efa687b3adedd7d70a9af0,test,data/processed/test/normal/da5875b62923fb28_00101.jpg
kaggle_oily_dry_normal/Oily-Dry-Skin-Types/valid/normal/normal_e851438c4c2311eebee0_jpg.rf.9880f93120f5bd503ef84c1650be0c49.jpg,kaggle_oily_dry_normal,normal,normal,849649bfff9a68b639ec137ce5aa114846807154d0d6cc61443e06b64d924605,test,data/processed/test/normal/849649bfff9a68b6_00102.jpg
kaggle_oily_dry_normal/Oily-Dry-Skin-Types/train/normal/normal_63627fb9ede3ae725326_jpg.rf.cfa2e7b63a68aef9459eeccfebac31f4.jpg,kaggle_oily_dry_normal,normal,normal,6c479800ec99e16fddb7e51b3b02f97c45d1ee8f332a756963a4f15afda8a326,test,data/processed/test/normal/6c479800ec99e16f_00103.jpg
kaggle_oily_dry_normal/Oily-Dry-Skin-Types/train/normal/normal_0cef7614353c4e47ef91_jpg.rf.ed0e24fa1644889069c8d256b185532d.jpg,kaggle_oily_dry_normal,normal,normal,59af76411b6058c44866c9086f915b9c8a76e579211e322ab41ac2f0f258b58e,test,data/processed/test/normal/59af76411b6058c4_00104.jpg
kaggle_oily_dry_normal/Oily-Dry-Skin-Types/train/normal/normal_8d81639d87427198f014_jpg.rf.4a447e7c4514fe59422344ea5809dfee.jpg,kaggle_oily_dry_normal,normal,normal,5e880adb5e1e3da29c6e2a1355bf363bcbeb54e17394881360f540d7262678d3,test,data/processed/test/normal/5e880adb5e1e3da2_00105.jpg
kaggle_oily_dry_normal/Oily-Dry-Skin-Types/train/normal/normal_6168f97dfccf83a30d1d_jpg.rf.3b97dae0adbd4f63bf15da6eb34923ff.jpg,kaggle_oily_dry_normal,normal,normal,ce5ceabef1c97a37ee206f8f4e2fd47ec59798b05eb39c7bbc10d21a646cbcea,test,data/processed/test/normal/ce5ceabef1c97a37_00106.jpg
kaggle_oily_dry_normal/Oily-Dry-Skin-Types/train/normal/normal_7be923370441d48ea98c_jpg.rf.7ab2066b31b6263f75b70d97a40591fd.jpg,kaggle_oily_dry_normal,normal,normal,917527780b916840b5a10a2bc98512d55163f1a816b1cdd183fdbffff6720e89,test,data/processed/test/normal/917527780b916840_00107.jpg
kaggle_oily_dry_normal/Oily-Dry-Skin-Types/train/normal/normal_a813e89de4208863524c_jpg.rf.5960232bf4c09267c187c83565231613.jpg,kaggle_oily_dry_normal,normal,normal,3de447ff46bf1ff74f0a3a68846ccb3bf6600c9613f5fc38baff3933078417a7,test,data/processed/test/normal/3de447ff46bf1ff7_00108.jpg
kaggle_oily_dry_normal/Oily-Dry-Skin-Types/train/normal/normal_d1da7093b92eb2996128_jpg.rf.4dcdc8f1c7166af41bdec87e2325604a.jpg,kaggle_oily_dry_normal,normal,normal,e4e9272e69ed8378e72b3e8728039b16eb3b09f6128d3e811faec1ace06fcee7,test,data/processed/test/normal/e4e9272e69ed8378_00109.jpg
kaggle_oily_dry_normal/Oily-Dry-Skin-Types/train/normal/normal_42b232e4bef77f8a57d2_jpg.rf.ab5f64b6e70af127354f49bb1e15cb6c.jpg,kaggle_oily_dry_normal,normal,normal,b3a5eb4838f2b32ff6067699023aac40604d0b0f9b4502594deeed084f1ad2ae,test,data/processed/test/normal/b3a5eb4838f2b32f_00110.jpg
kaggle_oily_dry_normal/Oily-Dry-Skin-Types/valid/normal/normal_f4a101d909bbd3bebdb9_jpg.rf.efc3df2d6fcb723e9b3c140de2d7a2dc.jpg,kaggle_oily_dry_normal,normal,normal,208496095922428d38922c5a5c84d1cd814de3cbbb77ea94fb1dea44d0e87ade,test,data/processed/test/normal/208496095922428d_00111.jpg
kaggle_oily_dry_normal/Oily-Dry-Skin-Types/train/normal/normal_fe5a0f30a5092c6b020a_jpg.rf.d299a9ad6ad62a2664971364058fed4c.jpg,kaggle_oily_dry_normal,normal,normal,84a0ba4195a666ae57d613b8d373d9951bffb6c411b00305091ea9321ac0215d,test,data/processed/test/normal/84a0ba4195a666ae_00112.jpg
kaggle_oily_dry_normal/Oily-Dry-Skin-Types/train/normal/normal_49ce286775959f8f4637_jpg.rf.ae3678a1d5d51516d7bcb22a7d8d27c8.jpg,kaggle_oily_dry_normal,normal,normal,0a52481b160598e4f8143e293927626f45feb8db8e2487f58e56e475c418bc95,test,data/processed/test/normal/0a52481b160598e4_00113.jpg
kaggle_oily_dry_normal/Oily-Dry-Skin-Types/train/normal/normal_16a54b0cdc792efddda0_jpg.rf.319e9dc5bb2e63b0772508d860b30de0.jpg,kaggle_oily_dry_normal,normal,normal,974fe1bb3de59f5260a6e995734a89cc37a58945caa02b7d7d27007fad88b9e8,test,data/processed/test/normal/974fe1bb3de59f52_00114.jpg
kaggle_oily_dry_normal/Oily-Dry-Skin-Types/train/normal/normal_7b4ef51d52fe7244b6ad_jpg.rf.3b5f0c48c073b43cf03bf6eb79063a7d.jpg,kaggle_oily_dry_normal,normal,normal,9de7408d31ab6122d258f0acf76ab77b68ce8103a7bec873abd7b8f9ec9da870,test,data/processed/test/normal/9de7408d31ab6122_00115.jpg
kaggle_oily_dry_normal/Oily-Dry-Skin-Types/train/normal/normal_5e7f3a2b459834070ba1_jpg.rf.fadae8b8de3813faed74c92160d91497.jpg,kaggle_oily_dry_normal,normal,normal,f6dfd5ad24eb1feb8b33b803e07dc67a4460168d4a3b5872f4fc1e6696fd14a5,test,data/processed/test/normal/f6dfd5ad24eb1feb_00116.jpg
kaggle_oily_dry_normal/Oily-Dry-Skin-Types/train/normal/normal_98257f981d1e9bd04395_jpg.rf.fe56810df0fc7f796d50afd7c11a9c48.jpg,kaggle_oily_dry_normal,normal,normal,99968393770610da0b2b1077080d40ce3685d2bb8500c2556b58cab1c01d5e19,test,data/processed/test/normal/99968393770610da_00117.jpg
kaggle_oily_dry_normal/Oily-Dry-Skin-Types/train/normal/normal_a2acd5c0b261b2aa5cb9_jpg.rf.2150dd632127182a87936e4bf95e7a10.jpg,kaggle_oily_dry_normal,normal,normal,b359a6e07caaa3f2bd98c89aa66e809f71995410226ecd77b2d156d547877dc0,test,data/processed/test/normal/b359a6e07caaa3f2_00118.jpg
kaggle_oily_dry_normal/Oily-Dry-Skin-Types/train/normal/normal_42b232e4bef77f8a57d2_jpg.rf.7c8df2345868293f31d13b334c6fb392.jpg,kaggle_oily_dry_normal,normal,normal,98cf14f40dcbb43a0cbe548e1419a87fe7187e9ec6a56ee714978c36f3bde0b1,test,data/processed/test/normal/98cf14f40dcbb43a_00119.jpg
kaggle_oily_dry_normal/Oily-Dry-Skin-Types/train/normal/normal_9ddd6bce4db02b4eba4f_jpg.rf.b244e9afc8530360a4d91e92c8ef43d5.jpg,kaggle_oily_dry_normal,normal,normal,bf0217f8cafd2cf50469135581c00af2d3c1f8058ed9dd50ae4b3b7d143733b3,test,data/processed/test/normal/bf0217f8cafd2cf5_00120.jpg
kaggle_oily_dry_normal/Oily-Dry-Skin-Types/train/normal/normal_cfa0177b902dee29d608_jpg.rf.6a9c318dd4c3c860d770bf14c203dc1b.jpg,kaggle_oily_dry_normal,normal,normal,858802f00edab05bda28def1eeb649a026f05af0359cf49c7938f275199e653b,test,data/processed/test/normal/858802f00edab05b_00121.jpg
kaggle_oily_dry_normal/Oily-Dry-Skin-Types/valid/normal/normal_cc094849326725bd4ff6_jpg.rf.d3fcd42b32aa0026832b0647efc9c5ad.jpg,kaggle_oily_dry_normal,normal,normal,f76d1c0a94e1c18edc70994dde679f944db953aa9ae0274659f902dcdb3c2086,test,data/processed/test/normal/f76d1c0a94e1c18e_00122.jpg
kaggle_oily_dry_normal/Oily-Dry-Skin-Types/valid/normal/normal_b886f9300e4aa7717bda_jpg.rf.f020763590c72c395ec18873f54dea8e.jpg,kaggle_oily_dry_normal,normal,normal,5b57e1717354a76be21c8dbdbeae3c4df24956f7a6c64fa17cd8967cbc11394e,test,data/processed/test/normal/5b57e1717354a76b_00123.jpg
kaggle_oily_dry_normal/Oily-Dry-Skin-Types/train/normal/normal_26f90eea16c33625ce21_jpg.rf.200472273c862aa46691971428245812.jpg,kaggle_oily_dry_normal,normal,normal,283b1c30874c23ae3de03183f8f815071409d861ee2f307c307d3ce4947a2857,test,data/processed/test/normal/283b1c30874c23ae_00124.jpg
kaggle_oily_dry_normal/Oily-Dry-Skin-Types/valid/normal/normal_e3281002dd8f72c00d1a_jpg.rf.d3e6e2261f27d12199f5107de30a48a0.jpg,kaggle_oily_dry_normal,normal,normal,9c884f463f69359b191c239a7aef540f2e86a0866244bc731b7f29dc0cc52b9a,test,data/processed/test/normal/9c884f463f69359b_00125.jpg
kaggle_oily_dry_normal/Oily-Dry-Skin-Types/train/normal/normal_212fabdde59ac31c5abc_jpg.rf.bcaea1af633cae8e9e4ad019f0e802d2.jpg,kaggle_oily_dry_normal,normal,normal,f5ef06a5cd4ff614b0b595545870e2a7eb8876d78ea9c3ad0376f7eef245a5d6,test,data/processed/test/normal/f5ef06a5cd4ff614_00126.jpg
kaggle_oily_dry_normal/Oily-Dry-Skin-Types/train/normal/normal_81442529fa408ff3c7f8_jpg.rf.38433d913c459175412cf757aba40028.jpg,kaggle_oily_dry_normal,normal,normal,aa9102a1dfaac51dcf4843ac2494094882a56e315952350a5cfc4560709fd992,test,data/processed/test/normal/aa9102a1dfaac51d_00127.jpg
kaggle_oily_dry_normal/Oily-Dry-Skin-Types/train/normal/normal_62e5cd4aaff705cbda4e_jpg.rf.ee0b216ce626e8485372ccd3eec61a1b.jpg,kaggle_oily_dry_normal,normal,normal,28567c349aaf41f597eb071f41e6fe3cad0420fb45709ffe463026d005d983e5,test,data/processed/test/normal/28567c349aaf41f5_00128.jpg
kaggle_oily_dry_normal/Oily-Dry-Skin-Types/train/normal/normal_071273f2d45a05e0da0e_jpg.rf.c8c77caf665f467d15fda0be1d5e9869.jpg,kaggle_oily_dry_normal,normal,normal,3951ab40b46883850c59becc4b71e59d05879d614fd1a1d423b7c29f9108d170,test,data/processed/test/normal/3951ab40b4688385_00129.jpg
kaggle_oily_dry_normal/Oily-Dry-Skin-Types/train/normal/normal_15e68707a0bf32c5cff9_jpg.rf.3f853985501c698f565e944736f3c9b4.jpg,kaggle_oily_dry_normal,normal,normal,8b87bd3a1d4f96714f42ffb0bf9130408ffb8fd263ca506c9c04f336b7e8c09a,test,data/processed/test/normal/8b87bd3a1d4f9671_00130.jpg
kaggle_oily_dry_normal/Oily-Dry-Skin-Types/train/normal/normal_55638ebccb8d3fca5496_jpg.rf.4ef120e8155f61a48b7cd1d087c51f2a.jpg,kaggle_oily_dry_normal,normal,normal,65b99a10a8cdaf10ad4b29d6f1abd5e6cc1696ca00c3035e4c8905765a3873e5,test,data/processed/test/normal/65b99a10a8cdaf10_00131.jpg
kaggle_oily_dry_normal/Oily-Dry-Skin-Types/train/normal/normal_9ca084e65d0c17708b9e_jpg.rf.36c686eae6e455ef10567b51085c2452.jpg,kaggle_oily_dry_normal,normal,normal,30c2e1e00917855c997c43b56a5c22e104e3240fd5877cfa7addd93242fe0ad8,test,data/processed/test/normal/30c2e1e00917855c_00132.jpg
kaggle_oily_dry_normal/Oily-Dry-Skin-Types/train/normal/normal_81e70f95419b3ee288aa_jpg.rf.e3361520db889ca64143ed5a90c0c9b2.jpg,kaggle_oily_dry_normal,normal,normal,1bebad48fb372effb13068f11b6052e55dab058b53c8b1d54e9295240ff18e74,test,data/processed/test/normal/1bebad48fb372eff_00133.jpg
kaggle_oily_dry_normal/Oily-Dry-Skin-Types/valid/normal/normal_4ab4cf5e1ec3bc591346_jpg.rf.f45c56a1b5d308291d7795c7838e0020.jpg,kaggle_oily_dry_normal,normal,normal,3087af1484a8fa6b12afc5c12be2e128741de29b5f88d499de8713c9a4d9f2bb,test,data/processed/test/normal/3087af1484a8fa6b_00134.jpg
kaggle_oily_dry_normal/Oily-Dry-Skin-Types/train/normal/normal_1fcdfe80735412dc2d4e_jpg.rf.fac5e142f16756d6809f66183912efe3.jpg,kaggle_oily_dry_normal,normal,normal,8f1dd4b581fe5f9c7359568a104e26e3869085c0f6ff62d4623c58e658f58c34,test,data/processed/test/normal/8f1dd4b581fe5f9c_00135.jpg
kaggle_oily_dry_normal/Oily-Dry-Skin-Types/train/normal/normal_a7994b5886ece0efc3df_jpg.rf.df3e51bc6249822584b37971ec6ca088.jpg,kaggle_oily_dry_normal,normal,normal,f9b953aea484b1370f4cd434ad696283bdfd491cd17e271ee37300f3dba0706d,test,data/processed/test/normal/f9b953aea484b137_00136.jpg
kaggle_oily_dry_normal/Oily-Dry-Skin-Types/train/normal/normal_33c3bc4d797f2d264373_jpg.rf.b284b0044d4840a40f1bf147fdc637b3.jpg,kaggle_oily_dry_normal,normal,normal,3b13886a0cb269f15e7b8a9915f09298631b24fec6160973db165cc17a8efbf2,test,data/processed/test/normal/3b13886a0cb269f1_00137.jpg
kaggle_oily_dry_normal/Oily-Dry-Skin-Types/train/normal/normal_ff7170ec56b6897c64f8_jpg.rf.e59dc6c63bc854b7e9c0f6a7a6321849.jpg,kaggle_oily_dry_normal,normal,normal,03ba0817792b9309785f8c4f6f1c331688eacb39e7b0dc95e1cfdecffef112e0,test,data/processed/test/normal/03ba0817792b9309_00138.jpg
kaggle_oily_dry_normal/Oily-Dry-Skin-Types/train/normal/normal_d16abd9ee6945f576707_jpg.rf.1d69bffb50b3492c6a3631e01aa4fe1e.jpg,kaggle_oily_dry_normal,normal,normal,72ef4599dc3896079a500ec6c9d3dc2476f712c65bbc98d673d1d619c4227d82,test,data/processed/test/normal/72ef4599dc389607_00139.jpg
kaggle_oily_dry_normal/Oily-Dry-Skin-Types/train/normal/normal_068bafa06f1f14ea4bde_jpg.rf.e52305974ff5f75f75e54bc4b9b75fc6.jpg,kaggle_oily_dry_normal,normal,normal,53dfe1bbb05dc76c1b46f1bb13461563439f2f4308b98838f2b0910de78dc386,test,data/processed/test/normal/53dfe1bbb05dc76c_00140.jpg
kaggle_oily_dry_normal/Oily-Dry-Skin-Types/train/normal/normal_7ad95964150236ee3078_jpg.rf.15e27866dc945a98152598fc5cc228ec.jpg,kaggle_oily_dry_normal,normal,normal,3cba3c3939d198d0c645cc309fbc02eece8d95641a3e69b887f4c4fb8f405aec,test,data/processed/test/normal/3cba3c3939d198d0_00141.jpg
kaggle_oily_dry_normal/Oily-Dry-Skin-Types/train/normal/normal_954174c65df7f95ff55d_jpg.rf.7d432e7553e4be69468881e2cbd5e7a3.jpg,kaggle_oily_dry_normal,normal,normal,267abc26340afbffc8466a83494fe256d927a855f9ecaebf782915111f49d7b3,test,data/processed/test/normal/267abc26340afbff_00142.jpg
kaggle_oily_dry_normal/Oily-Dry-Skin-Types/train/normal/normal_9a50e19d324bbf21fb75_jpg.rf.f8c03b7a9c2b9da0efde9265fa11a644.jpg,kaggle_oily_dry_normal,normal,normal,76113f5c8de3eb4a876b8540fad100ef2cb215c769c857a4cf863b1ace118dff,test,data/processed/test/normal/76113f5c8de3eb4a_00143.jpg
kaggle_oily_dry_normal/Oily-Dry-Skin-Types/train/normal/normal_25ddbf87b35ca454a2d3_jpg.rf.2c35d003033fff7550b7f406c1e7a321.jpg,kaggle_oily_dry_normal,normal,normal,1bbd4e80f2787483c9792cba2d04742d48c4d2ff4fcb8f698de6abbeff7042a3,test,data/processed/test/normal/1bbd4e80f2787483_00144.jpg
kaggle_oily_dry_normal/Oily-Dry-Skin-Types/train/normal/normal_a813e89de4208863524c_jpg.rf.81036d44114fba9d9e736b0d447f6717.jpg,kaggle_oily_dry_normal,normal,normal,d790aa3f1b66e6e22d83f62f295a9c1be8e60435f93b28491836580605ced857,test,data/processed/test/normal/d790aa3f1b66e6e2_00145.jpg
kaggle_oily_dry_normal/Oily-Dry-Skin-Types/train/normal/normal_249e458701fb4c3936bc_jpg.rf.2f78c258a4893c445527bc92e01e367f.jpg,kaggle_oily_dry_normal,normal,normal,7b0a55f4d16530c8f10e1ab04567b15bce731c3e0c5a5a39b4d56f285a9a08e3,test,data/processed/test/normal/7b0a55f4d16530c8_00146.jpg
kaggle_oily_dry_normal/Oily-Dry-Skin-Types/valid/normal/normal_ed2b6dc53fb46cbaea63_jpg.rf.6c0e9b55dc7f85e92dd64b1e2d52219a.jpg,kaggle_oily_dry_normal,normal,normal,b7652057c5b1d9a14e325779504eb236bc63ee87fb32f555c5b638c32411b943,test,data/processed/test/normal/b7652057c5b1d9a1_00147.jpg
kaggle_oily_dry_normal/Oily-Dry-Skin-Types/train/normal/normal_8f324d51a90841a5cdc1_jpg.rf.cce793efeee1224a420673af4ab4f075.jpg,kaggle_oily_dry_normal,normal,normal,4139f06a58d0b95a7617f016e3d6232823645ac9e88734dcf0c79a07a15789d3,test,data/processed/test/normal/4139f06a58d0b95a_00148.jpg
kaggle_oily_dry_normal/Oily-Dry-Skin-Types/train/normal/normal_5fbe385e0a3f5e14abb4_jpg.rf.53a1cc2db66c23b4fd80d913e425ba0a.jpg,kaggle_oily_dry_normal,normal,normal,97f9d6dbbefb792ae32cc91c0506f549f420e7c9727de944a4f0f644fd2b15f6,test,data/processed/test/normal/97f9d6dbbefb792a_00149.jpg
kaggle_oily_dry_normal/Oily-Dry-Skin-Types/train/normal/normal_3e9658b0ecfa5b0dc82c_jpg.rf.ad40ce47d7c972bf89bb7ded349ffb58.jpg,kaggle_oily_dry_normal,normal,normal,2c4c8e455f683dacdebc4c8ed1c0863fa1a825c81297bdafb5f3654f2c2b12c7,test,data/processed/test/normal/2c4c8e455f683dac_00150.jpg
kaggle_oily_dry_normal/Oily-Dry-Skin-Types/valid/normal/normal_d040680e611e233bd34f_jpg.rf.8062319e6c5616f00fdfb7fcc496aebc.jpg,kaggle_oily_dry_normal,normal,normal,9b7b0f85f333f21cc5b1114309ce72028e9e9a82fffc2b1e516bb6f604ac6ed5,test,data/processed/test/normal/9b7b0f85f333f21c_00151.jpg
kaggle_oily_dry_normal/Oily-Dry-Skin-Types/train/normal/normal_9260278322f4457c4213_jpg.rf.2560ed2640ffa68a6383de732a909761.jpg,kaggle_oily_dry_normal,normal,normal,c87830083d1f17d4d74392def7cbb2e57bd223c0491954d5acaffe40b94e8833,test,data/processed/test/normal/c87830083d1f17d4_00152.jpg
kaggle_oily_dry_normal/Oily-Dry-Skin-Types/train/normal/normal_ba98cc9f23859ec92691_jpg.rf.ef7335880b1cb7d5052fe802b0d3cb36.jpg,kaggle_oily_dry_normal,normal,normal,90b19f8f946ba11d0189dd0748bb20ae4e26053850b8ce43d0c0df1e1240acea,test,data/processed/test/normal/90b19f8f946ba11d_00153.jpg
kaggle_oily_dry_normal/Oily-Dry-Skin-Types/train/normal/normal_4050e822a41ff5f55a73_jpg.rf.1b54b989f4be50090f71729bb014a526.jpg,kaggle_oily_dry_normal,normal,normal,756f512d7945300cb3503274a50ce336a1697a6176477ac4112076fdd14249c3,test,data/processed/test/normal/756f512d7945300c_00154.jpg
kaggle_oily_dry_normal/Oily-Dry-Skin-Types/test/normal/normal_3a9aef121f54bea1361b_jpg.rf.d94e39deeb4b4173397fbd172bee1f3c.jpg,kaggle_oily_dry_normal,normal,normal,f4f9d5a3a7ed8cb895f934f581c7ed9bc4190b290ecd103f40b83d6d510cdad3,test,data/processed/test/normal/f4f9d5a3a7ed8cb8_00155.jpg
kaggle_oily_dry_normal/Oily-Dry-Skin-Types/train/normal/normal_7d00a675b9fabb9780d8_jpg.rf.06aaa0c230f883ef56adf88bc626c536.jpg,kaggle_oily_dry_normal,normal,normal,a9de5d9918dd3941172ae649f4353ed60103b4a07af0c7f2a8ff782bef938b8a,test,data/processed/test/normal/a9de5d9918dd3941_00156.jpg
kaggle_oily_dry_normal/Oily-Dry-Skin-Types/train/normal/normal_cbea2bf9b7d41b558536_jpg.rf.8a4eb8be84ba69d5d9f1e1ed3ad9d1d4.jpg,kaggle_oily_dry_normal,normal,normal,cfebfeb1b16429c11532b84ca823f2af4d29f321b6e764edba337c4bc1e15e92,test,data/processed/test/normal/cfebfeb1b16429c1_00157.jpg
kaggle_oily_dry_normal/Oily-Dry-Skin-Types/train/normal/normal_61d27fc8c00b4d6d70a5_jpg.rf.3f78751c3996292f85aeb5d76abe5dfb.jpg,kaggle_oily_dry_normal,normal,normal,8d9ac80d89fc32145a92a6ac72c68bd957eea2b67fe6f58c669a1abdd0109569,test,data/processed/test/normal/8d9ac80d89fc3214_00158.jpg
kaggle_oily_dry_normal/Oily-Dry-Skin-Types/train/normal/normal_b7f9de39ab3390bf0e8b_jpg.rf.a8e79c2b23b93bdfec033b979854f6ce.jpg,kaggle_oily_dry_normal,normal,normal,c86a4edcbb05b6c0cb262d21ec3a6de016283cadadfa49ccd50868eee10d0e6c,test,data/processed/test/normal/c86a4edcbb05b6c0_00159.jpg
kaggle_oily_dry_normal/Oily-Dry-Skin-Types/valid/normal/normal_ec13e18db22b26ea73eb_jpg.rf.61a3af001e547fcd9265583689ec4b06.jpg,kaggle_oily_dry_normal,normal,normal,2138cae30f729dce6ce22f655bf387f3064c019f7cb5823f8f3d8ba59897b69d,test,data/processed/test/normal/2138cae30f729dce_00160.jpg
kaggle_oily_dry_normal/Oily-Dry-Skin-Types/train/normal/normal_57a778f89cd21251cac4_jpg.rf.5401827f900c77fe8fbf0f679f66efc5.jpg,kaggle_oily_dry_normal,normal,normal,60c9f603e98ba5717a0c0cf18df2c903c9eaa6645e1b74e2f239e6feaed49ae3,test,data/processed/test/normal/60c9f603e98ba571_00161.jpg
kaggle_oily_dry_normal/Oily-Dry-Skin-Types/valid/normal/normal_93a6b6ee9c114af8fd1a_jpg.rf.1417ed4f8f384a7e18b7189e7bc528ab.jpg,kaggle_oily_dry_normal,normal,normal,0d62aec33855ebd55e0f249114776442df3625ac308834d7074db0a9cb96438c,test,data/processed/test/normal/0d62aec33855ebd5_00162.jpg
kaggle_oily_dry_normal/Oily-Dry-Skin-Types/test/normal/normal_f5769854c22c840db776_jpg.rf.804d2929786fe8d883c291a42150c928.jpg,kaggle_oily_dry_normal,normal,normal,49786edf5fb1be18d694d1694a00954c357ae309f266dd3412009f3a92db6a5a,test,data/processed/test/normal/49786edf5fb1be18_00163.jpg
kaggle_oily_dry_normal/Oily-Dry-Skin-Types/train/normal/normal_e98be4fc2b8ef9238738_jpg.rf.753dfe77f3e478339c4227573ddc440c.jpg,kaggle_oily_dry_normal,normal,normal,5231072c1f68386c57ab9c886448e785d9f776b684f86ad82a076a59d3e02d13,test,data/processed/test/normal/5231072c1f68386c_00164.jpg
kaggle_oily_dry_normal/Oily-Dry-Skin-Types/train/normal/normal_675200f61b7286c00d58_jpg.rf.18c634960d620e5ef7bae6fe3c47f130.jpg,kaggle_oily_dry_normal,normal,normal,42212a34c1dd0f61ae295bb7eb2e80a77b13f7c03870eeaac83c792aaeab67c5,test,data/processed/test/normal/42212a34c1dd0f61_00165.jpg
kaggle_oily_dry_normal/Oily-Dry-Skin-Types/train/normal/normal_60b8d9746776be55dc4c_jpg.rf.a512d18aa1b3476339b9ab455f0aa1c3.jpg,kaggle_oily_dry_normal,normal,normal,0ee3e7ec50d768c39e52079f98fcf094499978c9d15586577275be47572fec1f,test,data/processed/test/normal/0ee3e7ec50d768c3_00166.jpg
kaggle_oily_dry_normal/Oily-Dry-Skin-Types/train/normal/normal_249e458701fb4c3936bc_jpg.rf.5a914b4d2c968fbafc4b9ea55fe5abc5.jpg,kaggle_oily_dry_normal,normal,normal,82de9b6f5b5b3e35fe40eb275402f0c1aaa8417a41b852259d6a5e30827da397,test,data/processed/test/normal/82de9b6f5b5b3e35_00167.jpg
kaggle_oily_dry_normal/Oily-Dry-Skin-Types/train/normal/normal_0154cd1b2bb92b9df7f9_jpg.rf.6cb45aaa1e01fa3ec79ec6ce52aa35a2.jpg,kaggle_oily_dry_normal,normal,normal,affe8a09424b8cd69b6ff10e81e297ed40d6ce3b444de22d2e7612a8f7bac4a5,test,data/processed/test/normal/affe8a09424b8cd6_00168.jpg
kaggle_oily_dry_normal/Oily-Dry-Skin-Types/train/normal/normal_037d2ca54ba52d645ffd_jpg.rf.61e3b67eee174011958fd23311fdbabc.jpg,kaggle_oily_dry_normal,normal,normal,4f8d835f27011dd971c12388366162e6b16a76238997acdcf0ed5107d6d8c476,test,data/processed/test/normal/4f8d835f27011dd9_00169.jpg
kaggle_oily_dry_normal/Oily-Dry-Skin-Types/train/normal/normal_ba98cc9f23859ec92691_jpg.rf.68b86ed6a01e18fefef07db9f0069a68.jpg,kaggle_oily_dry_normal,normal,normal,907355f268d3fb5aeeafd21f7c6ef624a40e9f8894dd653ba6cf17b1365593e9,test,data/processed/test/normal/907355f268d3fb5a_00170.jpg
kaggle_oily_dry_normal/Oily-Dry-Skin-Types/train/normal/normal_232b9b1d675811506cac_jpg.rf.39f5d447cebf7f118a488e56bd19c23c.jpg,kaggle_oily_dry_normal,normal,normal,595ce4c135130c2180d346fbb8ff4bc3fe2fff1ca220e6e5e0d98713a578628e,test,data/processed/test/normal/595ce4c135130c21_00171.jpg
kaggle_oily_dry_normal/Oily-Dry-Skin-Types/valid/normal/normal_1c62cae7fa989fe46149_jpg.rf.ab4c838f8e6d44afd05a8a9b7ba59934.jpg,kaggle_oily_dry_normal,normal,normal,3bf9b78becbd725c62a3d805ea590f06d6ad42d55f10ba25bb4e30e7c8fdd500,test,data/processed/test/normal/3bf9b78becbd725c_00172.jpg
kaggle_oily_dry_normal/Oily-Dry-Skin-Types/train/normal/normal_270c32b0ec726d2e1430_jpg.rf.1c82a10187e0971cd1e39172a0d82280.jpg,kaggle_oily_dry_normal,normal,normal,58febf2ecb7b31bbd0c859ece3c901f7f26188f15bb6914d8c5f8981444ede7a,test,data/processed/test/normal/58febf2ecb7b31bb_00173.jpg
kaggle_oily_dry_normal/Oily-Dry-Skin-Types/train/normal/normal_389351d8800fa5f2ad15_jpg.rf.a53f1f05073cbabe4e18f3a708b9b671.jpg,kaggle_oily_dry_normal,normal,normal,2a674376588ba051372adb0e389b1177f33be8fb84b2847abe28fe709384e1b7,test,data/processed/test/normal/2a674376588ba051_00174.jpg
kaggle_oily_dry_normal/Oily-Dry-Skin-Types/train/normal/normal_629fdf1eb2060e6dc180_jpg.rf.147df0cba5c7cd40eb9f33f8d54bb111.jpg,kaggle_oily_dry_normal,normal,normal,a4fb6229fc92dcc6f0fd2b388ad3153a20467966d5dc6036fdf0e10230f3d834,test,data/processed/test/normal/a4fb6229fc92dcc6_00175.jpg
kaggle_oily_dry_normal/Oily-Dry-Skin-Types/train/normal/normal_6faf1ac6b36e64e73e4f_jpg.rf.d44dcb3e9c9ee88e84a4ea40e91077eb.jpg,kaggle_oily_dry_normal,normal,normal,3e17d711b70414e3d663fcc863f21e049d132d7e916ca6ae295ae5dfbdf96f61,test,data/processed/test/normal/3e17d711b70414e3_00176.jpg
kaggle_oily_dry_normal/Oily-Dry-Skin-Types/train/normal/normal_7c7f872e38b71e818f79_jpg.rf.c757fd9321c6fcc4c2c7333abe8df1fd.jpg,kaggle_oily_dry_normal,normal,normal,e5415a9e06c72e5431d242e8fa50107314e857e28897fef52b7d9a7cb843b8b1,test,data/processed/test/normal/e5415a9e06c72e54_00177.jpg
kaggle_oily_dry_normal/Oily-Dry-Skin-Types/test/normal/normal_e7b37af41e8e9a5aeb56_jpg.rf.48ff48d71222da81a94e937ca800d398.jpg,kaggle_oily_dry_normal,normal,normal,05f1f0133cb6e9dec0726dbd5244232b07a37bcfaaa6fe9143875282fe922a83,test,data/processed/test/normal/05f1f0133cb6e9de_00178.jpg
kaggle_oily_dry_normal/Oily-Dry-Skin-Types/train/normal/normal_2f3ae7c73b67b9b1e1f1_jpg.rf.2b58557b23da2e21798866943a7d8fae.jpg,kaggle_oily_dry_normal,normal,normal,476f48f31ad373e29658889e3e8353a2323a3855edabaf3f05367658164d552d,test,data/processed/test/normal/476f48f31ad373e2_00179.jpg
roboflow_skin_problem_clean3/train/198_jpg.rf.24573fb6268f09a9b70f8018a4e871ab.jpg,roboflow_skin_problem_clean3,Wrinkles,wrinkle,37776b4876eadc3b92b59e6c4ff79409100029b1fbe3c234b0501f2235c2df88,train,data/processed/train/wrinkle/37776b4876eadc3b_00000.jpg
roboflow_skin_problem_clean3/train/254_jpeg.rf.b5f8c0239284e0b35dd577c436d2f85f.jpg,roboflow_skin_problem_clean3,Wrinkles,wrinkle,e9d398aa9dfa75941f0811854a0aade87508549e0128953bd79b8ec9020be75c,train,data/processed/train/wrinkle/e9d398aa9dfa7594_00001.jpg
kaggle_acne_wrinkle_spots/wrinkles/wrinkles88.png,kaggle_acne_wrinkle_spots,wrinkles,wrinkle,688bdbd782aa629ffa2e6c7572181fb09fbd2d8b8ef3c622499aeeef85452bd9,train,data/processed/train/wrinkle/688bdbd782aa629f_00002.png
roboflow_skin_problem_clean3/train/51_jpg.rf.788ccafa94efcacbee6b050b18cb45c1.jpg,roboflow_skin_problem_clean3,Wrinkles,wrinkle,0895199c175442d30ba1728b58246ca6e0e9570f08b04d48328bdd72f6abf23f,train,data/processed/train/wrinkle/0895199c175442d3_00003.jpg
roboflow_skin_problem_clean3/train/314_jpg.rf.44326c2fb82f72800d5d8d93d18210db.jpg,roboflow_skin_problem_clean3,Wrinkles,wrinkle,eb44371924c84a4b70a1430981d361f28a162707493a3e853d2238448eb172a9,train,data/processed/train/wrinkle/eb44371924c84a4b_00004.jpg
roboflow_skin_problem_clean3/train/210_jpg.rf.e78e0bcd9d42fac4d9e5c1c2ab13b1da.jpg,roboflow_skin_problem_clean3,Wrinkles,wrinkle,0f3b088f94a5a42c50262b8710242141903861569623dad833714880b65eef36,train,data/processed/train/wrinkle/0f3b088f94a5a42c_00005.jpg
roboflow_skin_problem_clean3/train/14_jpeg.rf.77fe1ddf65b70321fc86a1d23b67ab64.jpg,roboflow_skin_problem_clean3,Wrinkles,wrinkle,3ff7f3a6df246eacfb3d83d8af52baaa50a23048b41f27a4a161ca9bf0a4cc85,train,data/processed/train/wrinkle/3ff7f3a6df246eac_00006.jpg
kaggle_acne_wrinkle_spots/wrinkles/wrinkles102.png,kaggle_acne_wrinkle_spots,wrinkles,wrinkle,e1fcbcee35cd46bc8f6c571c2cfb3f17a98cd979a12b475572b2ed6f98bb187b,train,data/processed/train/wrinkle/e1fcbcee35cd46bc_00007.jpg
roboflow_skin_problem_clean3/train/353_jpg.rf.0546bd7ae932e06ac101725c4c017329.jpg,roboflow_skin_problem_clean3,Wrinkles,wrinkle,9acf80b800df9fb0db4412f7b4472bf83c1c7235ada01b931510d75acdea94e8,train,data/processed/train/wrinkle/9acf80b800df9fb0_00008.jpg
kaggle_acne_wrinkle_spots/wrinkles/wrinkles214.png,kaggle_acne_wrinkle_spots,wrinkles,wrinkle,3999c82a6d47310a48b609f78ea7146e29c46b91ab58f84511428f48cdcaae7a,train,data/processed/train/wrinkle/3999c82a6d47310a_00009.png
roboflow_skin_problem_clean3/train/309_jpg.rf.f0980cd85864ff35130ce960fcf036df.jpg,roboflow_skin_problem_clean3,Wrinkles,wrinkle,fd2211815691c91bff88836fd4f34c74b3a3f020129773fba696ed4946b25b92,train,data/processed/train/wrinkle/fd2211815691c91b_00010.jpg
kaggle_acne_wrinkle_spots/wrinkles/wrinkles86.png,kaggle_acne_wrinkle_spots,wrinkles,wrinkle,bad4ae3c28739fb5e6d4de3040bde733d115d4f58a90c426e18905a42711b2e8,train,data/processed/train/wrinkle/bad4ae3c28739fb5_00011.png
kaggle_acne_wrinkle_spots/wrinkles/wrinkle160.png,kaggle_acne_wrinkle_spots,wrinkles,wrinkle,e8afa6b085d740913500b1cf84f504328d168003d83ff104b263368f15033962,train,data/processed/train/wrinkle/e8afa6b085d74091_00012.jpg
kaggle_acne_wrinkle_spots/wrinkles/wrinkles151.png,kaggle_acne_wrinkle_spots,wrinkles,wrinkle,65730149a3b204bb5c0fb84b31ae2b5dcf8b1084316973aab5f176c1de9190ff,train,data/processed/train/wrinkle/65730149a3b204bb_00013.jpg
kaggle_acne_wrinkle_spots/wrinkles/wrinkle173.png,kaggle_acne_wrinkle_spots,wrinkles,wrinkle,02e1306863426cee10c334cbf9840591ac89a1a6e8a31cf22c5adcdf674b73f1,train,data/processed/train/wrinkle/02e1306863426cee_00014.jpg
kaggle_acne_wrinkle_spots/wrinkles/wrinkle171.png,kaggle_acne_wrinkle_spots,wrinkles,wrinkle,1e9acf4662d87f979960c97d20b322eaad98b4d94893ece4f0f27a8462b3ebb6,train,data/processed/train/wrinkle/1e9acf4662d87f97_00015.png
kaggle_acne_wrinkle_spots/wrinkles/wrinkles37.png,kaggle_acne_wrinkle_spots,wrinkles,wrinkle,c91d071a072baedb5d4c0812358212b5d33457a90695b6dc87dc201d4c4eabd1,train,data/processed/train/wrinkle/c91d071a072baedb_00016.png
kaggle_acne_wrinkle_spots/wrinkles/wrinkles124.png,kaggle_acne_wrinkle_spots,wrinkles,wrinkle,26a8253501b104f52f08ccb520ad948391f150234589eaae23851fcd98d81957,train,data/processed/train/wrinkle/26a8253501b104f5_00017.png
kaggle_acne_wrinkle_spots/wrinkles/wrinkles94.png,kaggle_acne_wrinkle_spots,wrinkles,wrinkle,36e81b709eff7948152b4228a26fbbf6f682076aeba9bdf8de5b08f9babce059,train,data/processed/train/wrinkle/36e81b709eff7948_00018.png
kaggle_acne_wrinkle_spots/wrinkles/wrinkle175.png,kaggle_acne_wrinkle_spots,wrinkles,wrinkle,fac978b810cdb77f991fa1019767234fd1e08eec8f1726838705b4099b40a41d,train,data/processed/train/wrinkle/fac978b810cdb77f_00019.jpg
kaggle_acne_wrinkle_spots/wrinkles/wrinkles36.png,kaggle_acne_wrinkle_spots,wrinkles,wrinkle,22676ff34ef6a5a62bd1dcbb471ffabd9d6ab3965a08f1ac240bb0df5270bfd6,train,data/processed/train/wrinkle/22676ff34ef6a5a6_00020.png
kaggle_acne_wrinkle_spots/wrinkles/wrinkles112.png,kaggle_acne_wrinkle_spots,wrinkles,wrinkle,16a2a00aa5518dea18c9d78358b9e6f73aae9f480f9dfaaa7bc5d3d4008be1a1,train,data/processed/train/wrinkle/16a2a00aa5518dea_00021.png
roboflow_skin_problem_clean3/train/52_jpg.rf.2754f22c6458c41b3895aeaf131549cb.jpg,roboflow_skin_problem_clean3,Wrinkles,wrinkle,4abd23fa10dd8a45403b372992ff3ac68de2073cbcb3a42491183f7f8f38f388,train,data/processed/train/wrinkle/4abd23fa10dd8a45_00022.jpg
roboflow_skin_problem_clean3/train/243_jpg.rf.a03f261fd49c4aea94d0316e0fd993fc.jpg,roboflow_skin_problem_clean3,Wrinkles,wrinkle,c37f4a183fc93b090f8172399446a5fd09b8ea18812b355855019dff7a207921,train,data/processed/train/wrinkle/c37f4a183fc93b09_00023.jpg
kaggle_acne_wrinkle_spots/wrinkles/wrinkles118.png,kaggle_acne_wrinkle_spots,wrinkles,wrinkle,e12455fcb05abc975f656270c0fd93d38c8dfd3bc317f2c20acc6d80ff8cfdd2,train,data/processed/train/wrinkle/e12455fcb05abc97_00024.png
kaggle_acne_wrinkle_spots/wrinkles/wrinkles22.png,kaggle_acne_wrinkle_spots,wrinkles,wrinkle,ed0c213b0ffec2fb093e110e5a592fa06c777e8b3ef01f3154e6fcc57e05a43c,train,data/processed/train/wrinkle/ed0c213b0ffec2fb_00025.jpg
kaggle_acne_wrinkle_spots/wrinkles/wrinkles33.png,kaggle_acne_wrinkle_spots,wrinkles,wrinkle,2758983af87921942c6e3d915a1aa8ef90a986196209d77e46002f9319530574,train,data/processed/train/wrinkle/2758983af8792194_00026.png
roboflow_skin_problem_clean3/train/212_jpg.rf.89ddde52afd2ebb27ae44b15777b41b6.jpg,roboflow_skin_problem_clean3,Wrinkles,wrinkle,4eb048b4a3c5aa3e3b03f11c1a43c6dceb9d00ac2540b765d6a2fb09e6b7ac1e,train,data/processed/train/wrinkle/4eb048b4a3c5aa3e_00027.jpg
kaggle_acne_wrinkle_spots/wrinkles/wrinkles149.png,kaggle_acne_wrinkle_spots,wrinkles,wrinkle,3f17220906db04ef87da23b8584f7fe2d2cb7553773eadc4f67f9cef89732f19,train,data/processed/train/wrinkle/3f17220906db04ef_00028.jpg
kaggle_acne_wrinkle_spots/wrinkles/wrinkles27.png,kaggle_acne_wrinkle_spots,wrinkles,wrinkle,07e3c630dfcca0aebc43367ba8c1f1af78f29bb0e6589d664099d1d971f2ac0d,train,data/processed/train/wrinkle/07e3c630dfcca0ae_00029.png
roboflow_skin_problem_clean3/train/262_jpeg.rf.1f1d0b890f24846995e7dc90187af1d6.jpg,roboflow_skin_problem_clean3,Wrinkles,wrinkle,c7dd6535e37dad4fa02649a1080941660ec5bad749b9582e53f2fbcedda0e5e6,train,data/processed/train/wrinkle/c7dd6535e37dad4f_00030.jpg
kaggle_acne_wrinkle_spots/wrinkles/wrinkles146.png,kaggle_acne_wrinkle_spots,wrinkles,wrinkle,e7e31df23762db46129cd6f4b1eee023180cafcdb15af957814d892e96fa651b,train,data/processed/train/wrinkle/e7e31df23762db46_00031.jpg
kaggle_acne_wrinkle_spots/wrinkles/wrinkles207.png,kaggle_acne_wrinkle_spots,wrinkles,wrinkle,a0758e58cdb3aaa08b1261bce37a460772ed4199b7a10cc4ef2dafd0bebe8180,train,data/processed/train/wrinkle/a0758e58cdb3aaa0_00032.png
roboflow_skin_problem_clean3/train/263_jpeg.rf.015953c7e957aaaf6b5207e8dfbbce79.jpg,roboflow_skin_problem_clean3,Wrinkles,wrinkle,0c4123e1e184e0c99b0834a0f17324d21a22e89764befa9103f2a84ab96e4c59,train,data/processed/train/wrinkle/0c4123e1e184e0c9_00033.jpg
roboflow_skin_problem_clean3/train/272_jpg.rf.e4d4f3679807dc2b43dcb05870ce95ba.jpg,roboflow_skin_problem_clean3,Wrinkles,wrinkle,95973b177aa696ed0eda6f573ea600cf2a492342462a4d1c3767bd534b563e32,train,data/processed/train/wrinkle/95973b177aa696ed_00034.jpg
roboflow_skin_problem_clean3/train/13_jpeg.rf.f434951f9b90a47a2c68007248fb7fcb.jpg,roboflow_skin_problem_clean3,Wrinkles,wrinkle,0317930eec0835868b379ec5be15f73c0f3b4213141c4df2da2b0c8a7ab6ace7,train,data/processed/train/wrinkle/0317930eec083586_00035.jpg
kaggle_acne_wrinkle_spots/wrinkles/wrinkles75.png,kaggle_acne_wrinkle_spots,wrinkles,wrinkle,2b6d8fda7f06db4e719734de6b0b187e0f15080db8e02b2437876f67285223aa,train,data/processed/train/wrinkle/2b6d8fda7f06db4e_00036.png
roboflow_skin_problem_clean3/train/63_jpg.rf.2dfe9200f5991895070d63027cf6124a.jpg,roboflow_skin_problem_clean3,Wrinkles,wrinkle,669e9e07eb63617d7ce582c9428dfd8db1a04054858f8dd060d5e8ae408e6084,train,data/processed/train/wrinkle/669e9e07eb63617d_00037.jpg
kaggle_acne_wrinkle_spots/wrinkles/wrinkles129.png,kaggle_acne_wrinkle_spots,wrinkles,wrinkle,c509eea953ba9073df80f7f525d185575c336f753c8d13c078c425eda65a607c,train,data/processed/train/wrinkle/c509eea953ba9073_00038.png
kaggle_acne_wrinkle_spots/wrinkles/wrinkles80.png,kaggle_acne_wrinkle_spots,wrinkles,wrinkle,4ba88335b7b220ddd5dd7e5d4a28b5ddaeb65710ce00dd572106795d1583aeba,train,data/processed/train/wrinkle/4ba88335b7b220dd_00039.png
kaggle_acne_wrinkle_spots/wrinkles/wrinkles48.png,kaggle_acne_wrinkle_spots,wrinkles,wrinkle,e6eaa2153ed4a9e4110c0f15a05183242dc8cb435b86a47d8cc3285cbaa57cb8,train,data/processed/train/wrinkle/e6eaa2153ed4a9e4_00040.png
kaggle_acne_wrinkle_spots/wrinkles/wrinkles3.png,kaggle_acne_wrinkle_spots,wrinkles,wrinkle,930641d868d509cd4073905e34f35c4da47ab6bc275f2e93c78fe0c2b11d83f6,train,data/processed/train/wrinkle/930641d868d509cd_00041.png
kaggle_acne_wrinkle_spots/wrinkles/wrinkles121.png,kaggle_acne_wrinkle_spots,wrinkles,wrinkle,96d8fb3d6d2b72147f83a516a9c2912550eca1bdf7bfa77b3fbc70a7d0781f91,train,data/processed/train/wrinkle/96d8fb3d6d2b7214_00042.png
kaggle_acne_wrinkle_spots/wrinkles/wrinkles84.png,kaggle_acne_wrinkle_spots,wrinkles,wrinkle,81e5a04c61a1363cee0e75b616d41c0a2c2978a05c1ef016e2631508b0ea892a,train,data/processed/train/wrinkle/81e5a04c61a1363c_00043.png
roboflow_skin_problem_clean3/train/211_jpg.rf.6a20d215a23d87e59ea74737688305a1.jpg,roboflow_skin_problem_clean3,Wrinkles,wrinkle,376b9a90a2bc4082e30ba5f2da9bb75035770bd43b05c71585b7cf636406e149,train,data/processed/train/wrinkle/376b9a90a2bc4082_00044.jpg
roboflow_skin_problem_clean3/train/329_jpg.rf.66a6e2591375e2236ed55fa0e876cd2c.jpg,roboflow_skin_problem_clean3,Wrinkles,wrinkle,1ba4aac26456fa29c58d6e024668a30e06106f0db13a4406160d329bf681fc29,train,data/processed/train/wrinkle/1ba4aac26456fa29_00045.jpg
kaggle_acne_wrinkle_spots/wrinkles/wrinkles77.png,kaggle_acne_wrinkle_spots,wrinkles,wrinkle,c2593e2906f691de5170b4277b29ede3980917ec2e9bed51af561da00af333b4,train,data/processed/train/wrinkle/c2593e2906f691de_00046.png
roboflow_skin_problem_clean3/train/31_jpeg.rf.9269ac97ad87abdf37a06aa852bee73c.jpg,roboflow_skin_problem_clean3,Wrinkles,wrinkle,99a83ff68feee6a58499d0d07895f3b10c0a68e4243c1fdfd9001e99a6df5d4b,train,data/processed/train/wrinkle/99a83ff68feee6a5_00047.jpg
roboflow_skin_problem_clean3/train/226_jpg.rf.9e1cc53ec1fea11e92e94b8568380d53.jpg,roboflow_skin_problem_clean3,Wrinkles,wrinkle,f7d061ff835e448061526b41a02b34d000c52eecc9c48129cc19a6c62bd70709,train,data/processed/train/wrinkle/f7d061ff835e4480_00048.jpg
roboflow_skin_problem_clean3/train/27_jpeg.rf.cfc04d8c037c15673a7ca1c186d53909.jpg,roboflow_skin_problem_clean3,Wrinkles,wrinkle,9e1517712e6427443a0820c816c1fc82ffcf70b03afd5d80cc4406c7a6ef5133,train,data/processed/train/wrinkle/9e1517712e642744_00049.jpg
kaggle_acne_wrinkle_spots/wrinkles/wrinkle179.png,kaggle_acne_wrinkle_spots,wrinkles,wrinkle,25bdc42b77cc08d137839920c646a4d3b7d3a7802931b833e305eeb5538c89f2,train,data/processed/train/wrinkle/25bdc42b77cc08d1_00050.png
kaggle_acne_wrinkle_spots/wrinkles/wrinkles5.png,kaggle_acne_wrinkle_spots,wrinkles,wrinkle,1c73adc967a90103e38aafd8b3520c1dbe3b750e56658c733afc6d2b99891c9d,train,data/processed/train/wrinkle/1c73adc967a90103_00051.png
roboflow_skin_problem_clean3/train/174_jpg.rf.b6529a29cd3df8fb913215040307ba1e.jpg,roboflow_skin_problem_clean3,Wrinkles,wrinkle,fade4f1a1db7acf6c4e30d87acb55b1ddd7d26430b555d6df6ccfec49406ac23,train,data/processed/train/wrinkle/fade4f1a1db7acf6_00052.jpg
roboflow_skin_problem_clean3/train/215_jpg.rf.d886d8455bab2d47b03d5e91f6ac6f99.jpg,roboflow_skin_problem_clean3,Wrinkles,wrinkle,3b15bbba0341909d6726fd38987fd3ca03542ec0c60ca1999bdfb08594c679bb,train,data/processed/train/wrinkle/3b15bbba0341909d_00053.jpg
kaggle_acne_wrinkle_spots/wrinkles/wrinkles29.png,kaggle_acne_wrinkle_spots,wrinkles,wrinkle,94d19bcb932a44ad6f4681e1e45505bb586a450129b55c7110d8f3b4480dace4,train,data/processed/train/wrinkle/94d19bcb932a44ad_00054.png
kaggle_acne_wrinkle_spots/wrinkles/wrinkles35.png,kaggle_acne_wrinkle_spots,wrinkles,wrinkle,7c02b1ab2edbc984a6eff25dbc6945b4808aacb60eb4528b22ff8215df857c11,train,data/processed/train/wrinkle/7c02b1ab2edbc984_00055.png
kaggle_acne_wrinkle_spots/wrinkles/wrinkles114.png,kaggle_acne_wrinkle_spots,wrinkles,wrinkle,dacd6d746fc3b0481ba06dceb79d60fc59e0d7c212d45359e614c6951dde8c19,train,data/processed/train/wrinkle/dacd6d746fc3b048_00056.png
kaggle_acne_wrinkle_spots/wrinkles/wrinkles59.png,kaggle_acne_wrinkle_spots,wrinkles,wrinkle,3de859c1a098604ebb6bc6ce906c97dec141bf02aac8765464a8ac7f0291798d,train,data/processed/train/wrinkle/3de859c1a098604e_00057.jpg
kaggle_acne_wrinkle_spots/wrinkles/wrinkles142.png,kaggle_acne_wrinkle_spots,wrinkles,wrinkle,625f19fc67ad8e240c9336b47be5e009809f7847d164aeac3641e3256db55ce4,train,data/processed/train/wrinkle/625f19fc67ad8e24_00058.png
roboflow_skin_problem_clean3/train/74_jpg.rf.9d8dacafb7a2427e3ebbbf91615592a2.jpg,roboflow_skin_problem_clean3,Wrinkles,wrinkle,f31e093c4dcb79456ced74aba2845d0ed60f63841141d0892fd27f5a8db2c189,train,data/processed/train/wrinkle/f31e093c4dcb7945_00059.jpg
roboflow_skin_problem_clean3/train/19_jpeg.rf.6e9b9774889a631d825f40a389de96a4.jpg,roboflow_skin_problem_clean3,Wrinkles,wrinkle,293c20dc31681aba8be52c1eaf72075866ff0e07d530332d55b82295bdd1f080,train,data/processed/train/wrinkle/293c20dc31681aba_00060.jpg
kaggle_acne_wrinkle_spots/wrinkles/wrinkles147.png,kaggle_acne_wrinkle_spots,wrinkles,wrinkle,336b8ddd6d32c44e9b6071b4262abde967b8264b7c05da540dda1272ecda9725,train,data/processed/train/wrinkle/336b8ddd6d32c44e_00061.jpg
kaggle_acne_wrinkle_spots/wrinkles/wrinkles200.png,kaggle_acne_wrinkle_spots,wrinkles,wrinkle,c9e5c85c0b0832dd5491b6b4ea257ba6baf1662d289494241cb32f8280a9857f,train,data/processed/train/wrinkle/c9e5c85c0b0832dd_00062.png
roboflow_skin_problem_clean3/train/180_jpg.rf.e6b86ce9216ef67fe243039b6676d2da.jpg,roboflow_skin_problem_clean3,Wrinkles,wrinkle,786b1dd9e6be7b056b87b6a6c8aabcf782f2c3b0f46177df0a59c1b47927d3bb,train,data/processed/train/wrinkle/786b1dd9e6be7b05_00063.jpg
roboflow_skin_problem_clean3/train/343_jpg.rf.767572a4a1f2ceee4bb42c8f7f77972d.jpg,roboflow_skin_problem_clean3,Wrinkles,wrinkle,d3493d6bb4ec0df6442eb7e00be72a6965679a934bf625a77c5ecf1dace12410,train,data/processed/train/wrinkle/d3493d6bb4ec0df6_00064.jpg
roboflow_skin_problem_clean3/train/39_jpg.rf.4ee2e87e034583fe1608912ebb411f4c.jpg,roboflow_skin_problem_clean3,Wrinkles,wrinkle,284f433c8250f92f06af13732ab2cb1a839f37ecdd806651e1b170c149b44b37,train,data/processed/train/wrinkle/284f433c8250f92f_00065.jpg
roboflow_skin_problem_clean3/train/37_jpeg.rf.74d63afb27b975a7b2a78cdf6f29ac06.jpg,roboflow_skin_problem_clean3,Wrinkles,wrinkle,d20fbd83e31f1f87529497c7702f16132eb133ad8de509f45e68a01ac2be0b51,train,data/processed/train/wrinkle/d20fbd83e31f1f87_00066.jpg
kaggle_acne_wrinkle_spots/wrinkles/wrinkle165.png,kaggle_acne_wrinkle_spots,wrinkles,wrinkle,b411c4703cfee90e01ae8fe9a87032f7b7ab1b1de3aa59bc32870ab7b1c41b00,train,data/processed/train/wrinkle/b411c4703cfee90e_00067.jpg
kaggle_acne_wrinkle_spots/wrinkles/wrinkles150.png,kaggle_acne_wrinkle_spots,wrinkles,wrinkle,9345b38a167eb9ff56981b995a37e1ba11716328ecbfe5423333f7268d56c153,train,data/processed/train/wrinkle/9345b38a167eb9ff_00068.png
kaggle_acne_wrinkle_spots/wrinkles/wrinkles82.png,kaggle_acne_wrinkle_spots,wrinkles,wrinkle,8c7c7df7618c5fdd19c326531275f7ffb5a61e84b7d01022d6b58dffcb64b487,train,data/processed/train/wrinkle/8c7c7df7618c5fdd_00069.png
kaggle_acne_wrinkle_spots/wrinkles/wrinkles79.png,kaggle_acne_wrinkle_spots,wrinkles,wrinkle,7ec0db69ed7bf490dfdfee5a3c561747c7c4c107087c60d0d318f6afefe81cb5,train,data/processed/train/wrinkle/7ec0db69ed7bf490_00070.jpg
roboflow_skin_problem_clean3/train/65_jpg.rf.ce2af0f4224bd487217849c5f0fe52aa.jpg,roboflow_skin_problem_clean3,Wrinkles,wrinkle,a08c76c0e29d51956547eef4899239b4d334298322b3a34c7513754e600526bc,train,data/processed/train/wrinkle/a08c76c0e29d5195_00071.jpg
kaggle_acne_wrinkle_spots/wrinkles/wrinkles60.png,kaggle_acne_wrinkle_spots,wrinkles,wrinkle,c8b428d190b6dceb5a914f88f49cad506aa19c639def0453032986451724c27a,train,data/processed/train/wrinkle/c8b428d190b6dceb_00072.png
kaggle_acne_wrinkle_spots/wrinkles/wrinkles92.png,kaggle_acne_wrinkle_spots,wrinkles,wrinkle,cdb59eee62059df948f103c3b13d94e04b83dc45ff1957fcc7e31bd00bffd3c8,train,data/processed/train/wrinkle/cdb59eee62059df9_00073.png
kaggle_acne_wrinkle_spots/wrinkles/wrinkles45.png,kaggle_acne_wrinkle_spots,wrinkles,wrinkle,ba8f40b6ad303ce4ce50c3e40dc49cbe40e851c0e525993a95dd1f34c84b9ccc,train,data/processed/train/wrinkle/ba8f40b6ad303ce4_00074.png
kaggle_acne_wrinkle_spots/wrinkles/wrinkles199.png,kaggle_acne_wrinkle_spots,wrinkles,wrinkle,2bf5b3b51e91594a3276a4482c645bfa879c28d667ee09a94306aeefca1c64c8,train,data/processed/train/wrinkle/2bf5b3b51e91594a_00075.png
kaggle_acne_wrinkle_spots/wrinkles/wrinkles46.png,kaggle_acne_wrinkle_spots,wrinkles,wrinkle,f08998879688c9535ee666379725093b7d9c73be0508d4855ad78b88610df706,train,data/processed/train/wrinkle/f08998879688c953_00076.png
roboflow_skin_problem_clean3/train/93_jpg.rf.5e02edb1912b99b0b71be88e6b68faad.jpg,roboflow_skin_problem_clean3,Wrinkles,wrinkle,aad8b4f8602c74e2f190513c5dc35a2651d3a7c231a0211ee2bc706e83423ddb,train,data/processed/train/wrinkle/aad8b4f8602c74e2_00077.jpg
roboflow_skin_problem_clean3/train/342_jpg.rf.211008bc8a3f03ff4f17b354b8da498c.jpg,roboflow_skin_problem_clean3,Wrinkles,wrinkle,d527626e945b067d28d40e308e71cec5f4baff01fbdc188b73fbe863ad590eb6,train,data/processed/train/wrinkle/d527626e945b067d_00078.jpg
roboflow_skin_problem_clean3/train/42_jpeg.rf.c20e70e3a10fc2a98288731f77f285d7.jpg,roboflow_skin_problem_clean3,Wrinkles,wrinkle,a0871928043875f1e6fdcce308bf69cdf12bf090f7947c22960e2a313773f9cd,train,data/processed/train/wrinkle/a0871928043875f1_00079.jpg
roboflow_skin_problem_clean3/train/315_jpg.rf.13746ed3b45204db7741c558a2cbc507.jpg,roboflow_skin_problem_clean3,Wrinkles,wrinkle,3a40f4d39a038a0d6c66d32b39d26c48b5449c7bd3b18da8e14594d16985996e,train,data/processed/train/wrinkle/3a40f4d39a038a0d_00080.jpg
roboflow_skin_problem_clean3/train/316_jpg.rf.3320d35bb356e61dc63ea443fe76e931.jpg,roboflow_skin_problem_clean3,Wrinkles,wrinkle,6f355d42b20fe8053d467ff91c5fee9f3507e379fbb88a47fc9d3af9cf99a03f,train,data/processed/train/wrinkle/6f355d42b20fe805_00081.jpg
roboflow_skin_problem_clean3/train/229_jpg.rf.010fa05a4819d475508f5633dc083978.jpg,roboflow_skin_problem_clean3,Wrinkles,wrinkle,68ad3f2465c1284d96f52d3fa5194ffefe27ab9483a55f3f1d7353472d3ed2d5,train,data/processed/train/wrinkle/68ad3f2465c1284d_00082.jpg
roboflow_skin_problem_clean3/train/7_jpeg.rf.19a66f00157fd72959a4cf584907151c.jpg,roboflow_skin_problem_clean3,Wrinkles,wrinkle,78aa203c755abcb40fce5a224828e196a6a21895eced305b9e4eeb0fbcdbde8a,train,data/processed/train/wrinkle/78aa203c755abcb4_00083.jpg
kaggle_acne_wrinkle_spots/wrinkles/wrinkles132.png,kaggle_acne_wrinkle_spots,wrinkles,wrinkle,5e9e3dab925ca692d79b30064a61c184013035f2b925876a1f97b987e42f366e,train,data/processed/train/wrinkle/5e9e3dab925ca692_00084.png
kaggle_acne_wrinkle_spots/wrinkles/wrinkles141.png,kaggle_acne_wrinkle_spots,wrinkles,wrinkle,011468d30f66c17b10cb13084eb2c2c2df48f3979aa563bfada0ca8cf4ecf3a7,train,data/processed/train/wrinkle/011468d30f66c17b_00085.png
kaggle_acne_wrinkle_spots/wrinkles/wrinkles57.png,kaggle_acne_wrinkle_spots,wrinkles,wrinkle,7630f6bc16a098ffcbc66cb4ea9db87847aac5e179b0e5347cf57f94e4a408b2,train,data/processed/train/wrinkle/7630f6bc16a098ff_00086.png
roboflow_skin_problem_clean3/train/69_jpg.rf.b2c3f06a6a4907dd2598659409d67a8b.jpg,roboflow_skin_problem_clean3,Wrinkles,wrinkle,f38ac16d2564226723b0501b8be229d239c01028d9fd410acd6c7889c53b6e3f,train,data/processed/train/wrinkle/f38ac16d25642267_00087.jpg
kaggle_acne_wrinkle_spots/wrinkles/wrinkles210.png,kaggle_acne_wrinkle_spots,wrinkles,wrinkle,8160458f2cd67a6e51ecba5afda42b8820db68840363125deb86b16dc3d89b18,train,data/processed/train/wrinkle/8160458f2cd67a6e_00088.png
kaggle_acne_wrinkle_spots/wrinkles/wrinkles108.png,kaggle_acne_wrinkle_spots,wrinkles,wrinkle,2edf1e4d66eb7c785a1e482d98654845607a1f78ae03167fcc960c3df47bc6b2,train,data/processed/train/wrinkle/2edf1e4d66eb7c78_00089.jpg
kaggle_acne_wrinkle_spots/wrinkles/wrinkles53.png,kaggle_acne_wrinkle_spots,wrinkles,wrinkle,338f7dc17e5ccb232fac66fe3c73b05fc636ecd5ffa30d8588275205d9ffe550,train,data/processed/train/wrinkle/338f7dc17e5ccb23_00090.png
roboflow_skin_problem_clean3/train/75_jpg.rf.452733ee1aa7ba860f394d983e9f9709.jpg,roboflow_skin_problem_clean3,Wrinkles,wrinkle,7c646a636216f9f1998f6bdff395542f080eea3679c39182699b11ff065238fb,train,data/processed/train/wrinkle/7c646a636216f9f1_00091.jpg
kaggle_acne_wrinkle_spots/wrinkles/wrinkles143.png,kaggle_acne_wrinkle_spots,wrinkles,wrinkle,e5099e472e8aee963bcac457d78a10aed4c65ce87e30e4c7d891dcee4694ee4b,train,data/processed/train/wrinkle/e5099e472e8aee96_00092.png
roboflow_skin_problem_clean3/train/338_jpg.rf.46bb65a1cdfa7de3bb6253d1a95941f6.jpg,roboflow_skin_problem_clean3,Wrinkles,wrinkle,c2860902ef397a95f503e4eb1713f662c5a1d53ec8ab81c5afe7c1f8f60ea0ac,train,data/processed/train/wrinkle/c2860902ef397a95_00093.jpg
kaggle_acne_wrinkle_spots/wrinkles/wrinkles30.png,kaggle_acne_wrinkle_spots,wrinkles,wrinkle,893f975e207183becb7f0e3cf9665c9ed3374b4f11ee4f9eb2448fb16393feab,train,data/processed/train/wrinkle/893f975e207183be_00094.jpg
kaggle_acne_wrinkle_spots/wrinkles/wrinkles153.png,kaggle_acne_wrinkle_spots,wrinkles,wrinkle,9c313f552d724f77c1cd2d31b385cf9f52ad95d4f2d84bc4709ed494c637a3a0,train,data/processed/train/wrinkle/9c313f552d724f77_00095.png
kaggle_acne_wrinkle_spots/wrinkles/wrinkles130.png,kaggle_acne_wrinkle_spots,wrinkles,wrinkle,7ad8cc7ebee4a5e8e8a1f475234776d1f87ff3b59636b88119c4311dba0b7bcd,train,data/processed/train/wrinkle/7ad8cc7ebee4a5e8_00096.png
kaggle_acne_wrinkle_spots/wrinkles/wrinkle187.png,kaggle_acne_wrinkle_spots,wrinkles,wrinkle,373684f5c2ceaefded8971d01e76bcf8237dd30d0398aa8e498cb102369e6976,train,data/processed/train/wrinkle/373684f5c2ceaefd_00097.jpg
roboflow_skin_problem_clean3/train/97_jpg.rf.939bf74bb80952e45801e17c112ab6fc.jpg,roboflow_skin_problem_clean3,Wrinkles,wrinkle,c81d96e5677d28fb5b2d064a224769c20a66cd91571346132581fe15d22cd353,train,data/processed/train/wrinkle/c81d96e5677d28fb_00098.jpg
roboflow_skin_problem_clean3/train/303_jpg.rf.8636a655d73a8ab646d3f6431e714730.jpg,roboflow_skin_problem_clean3,Wrinkles,wrinkle,4478639ec42a766deeab5e4c8d3b368856763dd41bfb072ff522766d17a6392d,train,data/processed/train/wrinkle/4478639ec42a766d_00099.jpg
roboflow_skin_problem_clean3/train/339_jpg.rf.b3bb51a072d6e7d28aed0940bf6790d9.jpg,roboflow_skin_problem_clean3,Wrinkles,wrinkle,2607bd78a7e05cfa1bae9c281da8711db55dffc099c483e2cb800a99b631a9fe,train,data/processed/train/wrinkle/2607bd78a7e05cfa_00100.jpg
roboflow_skin_problem_clean3/train/345_jpg.rf.2ff6871a49c86be09813adf2ebdaf2eb.jpg,roboflow_skin_problem_clean3,Wrinkles,wrinkle,5d9e0530024c0cd3c31acf74950bd3ab66576eb126138da0013749adc47d3a1a,train,data/processed/train/wrinkle/5d9e0530024c0cd3_00101.jpg
kaggle_acne_wrinkle_spots/wrinkles/wrinkle177.png,kaggle_acne_wrinkle_spots,wrinkles,wrinkle,2d98fc2b3571f17dbe6aa7ad4a3876dbb2375aafb1279589120e1168a4e538d3,train,data/processed/train/wrinkle/2d98fc2b3571f17d_00102.png
kaggle_acne_wrinkle_spots/wrinkles/wrinkles113.png,kaggle_acne_wrinkle_spots,wrinkles,wrinkle,be517861af0766268de575da6efc69215e4f36c8dff7b8846ae4b7c9c5c57842,train,data/processed/train/wrinkle/be517861af076626_00103.png
roboflow_skin_problem_clean3/train/6_jpeg.rf.36b6e8857c473c24b5f921982358f2be.jpg,roboflow_skin_problem_clean3,Wrinkles,wrinkle,ea3d1766fc59648023b0def3b7d0ac3ab0d2a2e298397c5b776acde054ccd87b,train,data/processed/train/wrinkle/ea3d1766fc596480_00104.jpg
kaggle_acne_wrinkle_spots/wrinkles/wrinkles24.jpg,kaggle_acne_wrinkle_spots,wrinkles,wrinkle,996687b3228f35f071401478515714a0d977c6d9c0e6ac41bcb78acf7f1f4996,train,data/processed/train/wrinkle/996687b3228f35f0_00105.jpg
roboflow_skin_problem_clean3/train/323_jpg.rf.793f51352549b14c4928ef50cd33bd96.jpg,roboflow_skin_problem_clean3,Wrinkles,wrinkle,89b00855f3bdd0554cb4e72d70afaa81354ce70c54fa6cdf995ab48a2f275bd0,train,data/processed/train/wrinkle/89b00855f3bdd055_00106.jpg
roboflow_skin_problem_clean3/train/20_jpeg.rf.b1988ae2a345a4941482855f4a37f943.jpg,roboflow_skin_problem_clean3,Wrinkles,wrinkle,de5dde2db66468c8808e886efbc6d11b77c772eea57b1bfeefde7d449b8f2162,train,data/processed/train/wrinkle/de5dde2db66468c8_00107.jpg
roboflow_skin_problem_clean3/train/227_jpg.rf.a172cf8fa3f281b5df62127142281f09.jpg,roboflow_skin_problem_clean3,Wrinkles,wrinkle,59fd04157236cf4dd08b2f6d1c554876f331f17421b1c7cd394fbef2825b9931,train,data/processed/train/wrinkle/59fd04157236cf4d_00108.jpg
kaggle_acne_wrinkle_spots/wrinkles/wrinkles212.png,kaggle_acne_wrinkle_spots,wrinkles,wrinkle,0e9e7c44527ddc11f020a63ed5923adad4fd7568987bbb195f72070d9a8d197b,train,data/processed/train/wrinkle/0e9e7c44527ddc11_00109.png
roboflow_skin_problem_clean3/train/350_jpg.rf.7a381d66f91103ee208dca535f02f713.jpg,roboflow_skin_problem_clean3,Wrinkles,wrinkle,acd74bdbde42de55657171cb5b7f15ef76071f99e80b87b362d3096853e834e2,train,data/processed/train/wrinkle/acd74bdbde42de55_00110.jpg
kaggle_acne_wrinkle_spots/wrinkles/wrinkles193.png,kaggle_acne_wrinkle_spots,wrinkles,wrinkle,496a1e2458870b354079d65d93f53a7b088adcb7620469984dd4ac54af50c0d6,train,data/processed/train/wrinkle/496a1e2458870b35_00111.png
kaggle_acne_wrinkle_spots/wrinkles/wrinkles131.png,kaggle_acne_wrinkle_spots,wrinkles,wrinkle,af6e8af3abd9ce7d5b8b129447e3f9e03d551fd13b7c83dbe9d9d01e460bd2f3,train,data/processed/train/wrinkle/af6e8af3abd9ce7d_00112.png
kaggle_acne_wrinkle_spots/wrinkles/wrinkles101.png,kaggle_acne_wrinkle_spots,wrinkles,wrinkle,09da8cb711512686625525b1d909c5ef167e5943df91665af43397a9a94f731f,train,data/processed/train/wrinkle/09da8cb711512686_00113.jpg
kaggle_acne_wrinkle_spots/wrinkles/wrinkle170.png,kaggle_acne_wrinkle_spots,wrinkles,wrinkle,c524ba9661ac1a97ffcd3c6c7e10d770210d971ab8bb76145fda404cc6e969d8,train,data/processed/train/wrinkle/c524ba9661ac1a97_00114.png
kaggle_acne_wrinkle_spots/wrinkles/wrinkle163.png,kaggle_acne_wrinkle_spots,wrinkles,wrinkle,95f6b345a94e09eec7f41cd0a33fb57647978d3136cefe95929cc5088368028e,train,data/processed/train/wrinkle/95f6b345a94e09ee_00115.jpg
roboflow_skin_problem_clean3/train/18_jpeg.rf.60b949f559f013a2cb5e65f74d6837af.jpg,roboflow_skin_problem_clean3,Wrinkles,wrinkle,e13dabff2581799045681a3a60dbe9385872407e05b8c4b58ab5792df3fd0a50,train,data/processed/train/wrinkle/e13dabff25817990_00116.jpg
roboflow_skin_problem_clean3/train/266_jpeg.rf.941a7215de8f57190aca0c0e07d3a82a.jpg,roboflow_skin_problem_clean3,Wrinkles,wrinkle,cc088b6cb473ee9086bbb261596797b8360cf1033cd1a308e56d6cb56eb6757e,train,data/processed/train/wrinkle/cc088b6cb473ee90_00117.jpg
kaggle_acne_wrinkle_spots/wrinkles/wrinkles95.png,kaggle_acne_wrinkle_spots,wrinkles,wrinkle,bded34a480b2db14b0d94bf3b616e18f0bc6a1563a0cfda35fbcbc6b253c4312,train,data/processed/train/wrinkle/bded34a480b2db14_00118.png
kaggle_acne_wrinkle_spots/wrinkles/wrinkles67.png,kaggle_acne_wrinkle_spots,wrinkles,wrinkle,b20733acc868d69aeed0db373f7a59469833bc31734bc1e7ecf2aa0ef3962de9,train,data/processed/train/wrinkle/b20733acc868d69a_00119.png
roboflow_skin_problem_clean3/train/241_jpg.rf.5af8caf9a4deaec5adb7f357511528d8.jpg,roboflow_skin_problem_clean3,Wrinkles,wrinkle,595a27f510c045c4904be6b7c33ff76fb00e9cd5e192df7f6ae9f64b00da7a3f,train,data/processed/train/wrinkle/595a27f510c045c4_00120.jpg
roboflow_skin_problem_clean3/train/273_jpg.rf.525ffba59c2b6dd07139a87ba80bfd0b.jpg,roboflow_skin_problem_clean3,Wrinkles,wrinkle,e28e765eff9d5efce5ceddb356f4d48bb0ada1df38c7af83a74e8cad6c6cd0da,train,data/processed/train/wrinkle/e28e765eff9d5efc_00121.jpg
kaggle_acne_wrinkle_spots/wrinkles/wrinkles140.png,kaggle_acne_wrinkle_spots,wrinkles,wrinkle,39a5ed59fab648b2da7164145bed88b356000193f10360b75d691123df8686aa,train,data/processed/train/wrinkle/39a5ed59fab648b2_00122.png
kaggle_acne_wrinkle_spots/wrinkles/wrinkle176.png,kaggle_acne_wrinkle_spots,wrinkles,wrinkle,5566b5492ecf498fdb538b1953d559f4bf07ad6088706c0c208f16d1652c6e0d,train,data/processed/train/wrinkle/5566b5492ecf498f_00123.png
kaggle_acne_wrinkle_spots/wrinkles/wrinkles14.png,kaggle_acne_wrinkle_spots,wrinkles,wrinkle,307190908e95a0835e8a3d8995c8c003954d2cde5132e922ba11d2ada8593452,train,data/processed/train/wrinkle/307190908e95a083_00124.png
kaggle_acne_wrinkle_spots/wrinkles/wrinkles61.png,kaggle_acne_wrinkle_spots,wrinkles,wrinkle,25125cbc07709bafab1cde34220a4ffc640dfe4110a367cfb0c470951cd6b108,train,data/processed/train/wrinkle/25125cbc07709baf_00125.png
kaggle_acne_wrinkle_spots/wrinkles/wrinkles110.png,kaggle_acne_wrinkle_spots,wrinkles,wrinkle,ef1f7d031b9e1e3f545376407a8bf5fbe5f0036ebcbd71f63ff5e7311ed12193,train,data/processed/train/wrinkle/ef1f7d031b9e1e3f_00126.png
roboflow_skin_problem_clean3/train/302_jpg.rf.8c3ee47da660561943a473209e7d73d3.jpg,roboflow_skin_problem_clean3,Wrinkles,wrinkle,7a667eb5cf5c4548decb2c28fb7ec7afad4bbf9b9ceae4abbc366b0a6e2c35aa,train,data/processed/train/wrinkle/7a667eb5cf5c4548_00127.jpg
roboflow_skin_problem_clean3/train/77_jpg.rf.db5f96a519248922b33e8f1894bb5d1c.jpg,roboflow_skin_problem_clean3,Wrinkles,wrinkle,b38f69c8037c2f91cd56b8737964564df0a34706f9522adba0faefa7ba2a7f36,train,data/processed/train/wrinkle/b38f69c8037c2f91_00128.jpg
kaggle_acne_wrinkle_spots/wrinkles/wrinkles49.png,kaggle_acne_wrinkle_spots,wrinkles,wrinkle,78ff4451cb72d2a5e3e6a8bc2fd68fa2893a829a7c9a8dbbc4e739422be02396,train,data/processed/train/wrinkle/78ff4451cb72d2a5_00129.jpg
roboflow_skin_problem_clean3/train/88_jpg.rf.2e39ee222f86de397d8df8d9d5eaf6ed.jpg,roboflow_skin_problem_clean3,Wrinkles,wrinkle,25f5a614cd322271e56b447de8eebdd302e0fb9700feab6c46f6f5279c80e87e,train,data/processed/train/wrinkle/25f5a614cd322271_00130.jpg
kaggle_acne_wrinkle_spots/wrinkles/wrinkle161.png,kaggle_acne_wrinkle_spots,wrinkles,wrinkle,9ac85985263f822bbf24459f01971e5b6d20ec1f2d15931921109695969d6aa2,train,data/processed/train/wrinkle/9ac85985263f822b_00131.jpg
roboflow_skin_problem_clean3/train/363_jpg.rf.2005161743f65b157fa720f74fd8e6a2.jpg,roboflow_skin_problem_clean3,Wrinkles,wrinkle,479e236ab159abb52d06e04b3cc1e6ce4a3bdec6812028425e583140dbf3e879,train,data/processed/train/wrinkle/479e236ab159abb5_00132.jpg
roboflow_skin_problem_clean3/train/62_jpg.rf.44da9c24e708164cebf705f210b5425f.jpg,roboflow_skin_problem_clean3,Wrinkles,wrinkle,a07d57808f0887e5c98629c6bcdd6b565bf4822ef42b1331abc4b7baa4a08b85,train,data/processed/train/wrinkle/a07d57808f0887e5_00133.jpg
kaggle_acne_wrinkle_spots/wrinkles/wrinkles20.png,kaggle_acne_wrinkle_spots,wrinkles,wrinkle,23bb944d0e19c27e690f935b348265aa39652fd044b14ca2bac464ec6606bc7c,train,data/processed/train/wrinkle/23bb944d0e19c27e_00134.jpg
kaggle_acne_wrinkle_spots/wrinkles/wrinkles122.png,kaggle_acne_wrinkle_spots,wrinkles,wrinkle,b168eaa54275cd06dee3a2d42f7cc7be1250384554467e3959c74b245c446d08,train,data/processed/train/wrinkle/b168eaa54275cd06_00135.png
roboflow_skin_problem_clean3/train/246_jpg.rf.2020d2a27a304f47a5c5cd8b9a81c6fe.jpg,roboflow_skin_problem_clean3,Wrinkles,wrinkle,9a7c5bddc18b14d154374ea69629dd99b2efbd1377769702b234b807d919aff0,train,data/processed/train/wrinkle/9a7c5bddc18b14d1_00136.jpg
roboflow_skin_problem_clean3/train/355_jpg.rf.7369310e53e2053b373e62c79de62509.jpg,roboflow_skin_problem_clean3,Wrinkles,wrinkle,5266059c06c248258c1500f511702deaccff8edcb1067df41af5ca3a46c307b7,train,data/processed/train/wrinkle/5266059c06c24825_00137.jpg
roboflow_skin_problem_clean3/train/365_jpg.rf.01e2d90da692126997cd970467e93a8e.jpg,roboflow_skin_problem_clean3,Wrinkles,wrinkle,e33cf6aa732fc746311a4ffcb7a5a663765fc3f435a4fa8fb486acc1ee95b9d3,train,data/processed/train/wrinkle/e33cf6aa732fc746_00138.jpg
roboflow_skin_problem_clean3/train/324_jpg.rf.77f8dc92ab38c5ef7a620dee33e1fe87.jpg,roboflow_skin_problem_clean3,Wrinkles,wrinkle,4ae97d0ab88e32324e627d3e8647a1f318c32d4fbc4db93eb30e0b9ed5a41e2e,train,data/processed/train/wrinkle/4ae97d0ab88e3232_00139.jpg
kaggle_acne_wrinkle_spots/wrinkles/wrinkle159.png,kaggle_acne_wrinkle_spots,wrinkles,wrinkle,e14aa34bde832a3fc2bc74fedd27fbb56382a4f64d22c3af649d08eeb0c7134d,train,data/processed/train/wrinkle/e14aa34bde832a3f_00140.jpg
roboflow_skin_problem_clean3/train/95_jpg.rf.ad67301a031e1ef07cb4fb65047f2a0f.jpg,roboflow_skin_problem_clean3,Wrinkles,wrinkle,5886b78cf808e3f0526dd1377beab28208faef77553db425d4b76a503060e906,train,data/processed/train/wrinkle/5886b78cf808e3f0_00141.jpg
roboflow_skin_problem_clean3/train/60_jpg.rf.02fc2f5f81fa418ab27c4eb78f7d8dd6.jpg,roboflow_skin_problem_clean3,Wrinkles,wrinkle,203b42d152554d3d647934a9cddc1ba0c285ed2ad4bf44a06916d9b73f65ad85,train,data/processed/train/wrinkle/203b42d152554d3d_00142.jpg
kaggle_acne_wrinkle_spots/wrinkles/wrinkles203.png,kaggle_acne_wrinkle_spots,wrinkles,wrinkle,d3206a9f58ba671dbeceeb5ade4dffaeb415c9a9bbc523d35a550b51ae4df333,train,data/processed/train/wrinkle/d3206a9f58ba671d_00143.png
kaggle_acne_wrinkle_spots/wrinkles/wrinkles26.png,kaggle_acne_wrinkle_spots,wrinkles,wrinkle,66929c45c862af9e8ba9f46102984f38eaa433a50eb2f84eeb0936a5f2ab38f1,train,data/processed/train/wrinkle/66929c45c862af9e_00144.jpg
kaggle_acne_wrinkle_spots/wrinkles/wrinkles100.png,kaggle_acne_wrinkle_spots,wrinkles,wrinkle,0a1f91cca69d0a9f14be179dc145bce5bdfe3fbff81eae80699149002ef25147,train,data/processed/train/wrinkle/0a1f91cca69d0a9f_00145.png
kaggle_acne_wrinkle_spots/wrinkles/wrinkles9.png,kaggle_acne_wrinkle_spots,wrinkles,wrinkle,a598270696597de7fb7ffd0316e7df99eef93d3068b2b76bf9d2b7da58cb6fd8,train,data/processed/train/wrinkle/a598270696597de7_00146.png
kaggle_acne_wrinkle_spots/wrinkles/wrinkles139.png,kaggle_acne_wrinkle_spots,wrinkles,wrinkle,613505eda628f2ab0a5536282a5aadca71f2c5dcca287bfc0e007c0be3654bc3,train,data/processed/train/wrinkle/613505eda628f2ab_00147.png
kaggle_acne_wrinkle_spots/wrinkles/wrinkles89.png,kaggle_acne_wrinkle_spots,wrinkles,wrinkle,8d148f0ba40849453c38edf5730203ee8890a6adb7bddf295903cb53346bf843,train,data/processed/train/wrinkle/8d148f0ba4084945_00148.png
kaggle_acne_wrinkle_spots/wrinkles/wrinkles65.png,kaggle_acne_wrinkle_spots,wrinkles,wrinkle,bbb477ce366c9d5b0f420aa7ef8ca64df599bb750fee116d88de4a29bb692030,train,data/processed/train/wrinkle/bbb477ce366c9d5b_00149.png
kaggle_acne_wrinkle_spots/wrinkles/wrinkle189.png,kaggle_acne_wrinkle_spots,wrinkles,wrinkle,fe1b5113c1a9a7ce311334bc041a8161fb9b03eeda703de968b8c74d5f167764,train,data/processed/train/wrinkle/fe1b5113c1a9a7ce_00150.jpg
kaggle_acne_wrinkle_spots/wrinkles/wrinkles42.png,kaggle_acne_wrinkle_spots,wrinkles,wrinkle,7fb9004690f8dda0cf3c5bfd5600ebed46479e575d0f974f811cb80f275e627f,train,data/processed/train/wrinkle/7fb9004690f8dda0_00151.jpg
kaggle_acne_wrinkle_spots/wrinkles/wrinkles81.png,kaggle_acne_wrinkle_spots,wrinkles,wrinkle,8c18064404feae845499d93bee38396dce98f4e70fadafc546387fc25e894778,train,data/processed/train/wrinkle/8c18064404feae84_00152.jpg
kaggle_acne_wrinkle_spots/wrinkles/wrinkles43.png,kaggle_acne_wrinkle_spots,wrinkles,wrinkle,61b44f3d201c9c17f8004591c596fc8e9c34635beb60ef788b16ac5430b7dc21,train,data/processed/train/wrinkle/61b44f3d201c9c17_00153.png
roboflow_skin_problem_clean3/train/220_jpg.rf.93a2ae681a469d5d7c2acd89dbd95818.jpg,roboflow_skin_problem_clean3,Wrinkles,wrinkle,f12c1d8929b1da5ee38c68194424b660b775155adee92eae4f0440e48c415201,train,data/processed/train/wrinkle/f12c1d8929b1da5e_00154.jpg
kaggle_acne_wrinkle_spots/wrinkles/wrinkles78.png,kaggle_acne_wrinkle_spots,wrinkles,wrinkle,3864d96820db3c5f0d09e215a407455db044c2a197aefb4790c99e7eb9c736ef,train,data/processed/train/wrinkle/3864d96820db3c5f_00155.png
kaggle_acne_wrinkle_spots/wrinkles/wrinkle164.png,kaggle_acne_wrinkle_spots,wrinkles,wrinkle,0c0258d586a465fd80231a6cd09337cff09d18ec959ade8c679dc93fcf33439d,train,data/processed/train/wrinkle/0c0258d586a465fd_00156.png
kaggle_acne_wrinkle_spots/wrinkles/wrinkle185.png,kaggle_acne_wrinkle_spots,wrinkles,wrinkle,c88c84c909114d2eb19c9a57b9d1f5bf4493297ad27de79f70315c4d18930522,train,data/processed/train/wrinkle/c88c84c909114d2e_00157.png
kaggle_acne_wrinkle_spots/wrinkles/wrinkles83.png,kaggle_acne_wrinkle_spots,wrinkles,wrinkle,20153cbec3344483b3e9276de7c1b57c03b023f3c5481d357fde4b0c23ebb68a,train,data/processed/train/wrinkle/20153cbec3344483_00158.png
kaggle_acne_wrinkle_spots/wrinkles/wrinkles41.png,kaggle_acne_wrinkle_spots,wrinkles,wrinkle,ce4a202b7f1cf0372b7283d1001700fe0f2756497e12c103b59a176ce2da29ca,train,data/processed/train/wrinkle/ce4a202b7f1cf037_00159.png
kaggle_acne_wrinkle_spots/wrinkles/wrinkles29.jpg,kaggle_acne_wrinkle_spots,wrinkles,wrinkle,975fa9d5a42ce4e3d14001be20330cfd6067adb2bcb8ba9ba33a6a36e371faf6,train,data/processed/train/wrinkle/975fa9d5a42ce4e3_00160.jpg
kaggle_acne_wrinkle_spots/wrinkles/wrinkle174.png,kaggle_acne_wrinkle_spots,wrinkles,wrinkle,47251e7618e0f60f055fdc732c1cece0f845ed53fa8edbede685384561bb7871,train,data/processed/train/wrinkle/47251e7618e0f60f_00161.png
kaggle_acne_wrinkle_spots/wrinkles/wrinkles128.png,kaggle_acne_wrinkle_spots,wrinkles,wrinkle,7c3b49e72ef0104cb1d1d7567847b3ad2ed6cf9cd894698ea3d024855a2eb100,train,data/processed/train/wrinkle/7c3b49e72ef0104c_00162.png
kaggle_acne_wrinkle_spots/wrinkles/wrinkles202.png,kaggle_acne_wrinkle_spots,wrinkles,wrinkle,065047b06e18a643eafa78a1df72d590340997717e6e477057bb0a8d56cdfcd0,train,data/processed/train/wrinkle/065047b06e18a643_00163.png
roboflow_skin_problem_clean3/train/213_jpg.rf.d200d7e25aa06090369982eb200d2bbb.jpg,roboflow_skin_problem_clean3,Wrinkles,wrinkle,a1ae4d5af47313f32bff18aef3cb3e09dffb1cc61a44941d30a0cd04a4d0f5c9,train,data/processed/train/wrinkle/a1ae4d5af47313f3_00164.jpg
kaggle_acne_wrinkle_spots/wrinkles/wrinkles126.png,kaggle_acne_wrinkle_spots,wrinkles,wrinkle,a7ba24dd85c8756adb811f959271a37b8417c141ad64b1746d4dc5e58b65c644,train,data/processed/train/wrinkle/a7ba24dd85c8756a_00165.jpg
roboflow_skin_problem_clean3/train/356_jpg.rf.4c4e2331a83ea7538db9dc0504d6d633.jpg,roboflow_skin_problem_clean3,Wrinkles,wrinkle,7cf6ad831b7388e9ede9897d24adc58ebbd880f4ea934cc08083507246eb7483,train,data/processed/train/wrinkle/7cf6ad831b7388e9_00166.jpg
kaggle_acne_wrinkle_spots/wrinkles/wrinkles99.png,kaggle_acne_wrinkle_spots,wrinkles,wrinkle,b56a364e94f501ef1346f19995b23ebfb70a4cf575766fe96f31acc29c707667,train,data/processed/train/wrinkle/b56a364e94f501ef_00167.png
kaggle_acne_wrinkle_spots/wrinkles/wrinkles127.png,kaggle_acne_wrinkle_spots,wrinkles,wrinkle,fcc46c488cd72fbd76fc3f9c0221efb5205960c83e5f2a6f46ebda8c2ff59718,train,data/processed/train/wrinkle/fcc46c488cd72fbd_00168.png
roboflow_skin_problem_clean3/train/35_jpeg.rf.30bf8bd84ef67daf965a61e1b11ae496.jpg,roboflow_skin_problem_clean3,Wrinkles,wrinkle,a9f75dd6b2b3b20f8172f782590be170f14528679c9c16a30a3f6a8291b0628b,train,data/processed/train/wrinkle/a9f75dd6b2b3b20f_00169.jpg
kaggle_acne_wrinkle_spots/wrinkles/wrinkles13.png,kaggle_acne_wrinkle_spots,wrinkles,wrinkle,a7dc4e9b919e5dcb3df7d2f7afbe12f3af9b6e83ec1b64e116d6c7f4411b56dd,train,data/processed/train/wrinkle/a7dc4e9b919e5dcb_00170.png
roboflow_skin_problem_clean3/train/36_jpeg.rf.0ab01482b4f6b86e6343eb0fd3e87794.jpg,roboflow_skin_problem_clean3,Wrinkles,wrinkle,89dde0351a022c00479ccbdf95ebdf8414291ff789a8ad0972bcdbeabe610cc8,train,data/processed/train/wrinkle/89dde0351a022c00_00171.jpg
roboflow_skin_problem_clean3/train/15_jpeg.rf.fd49c11d295d262bf2824914dfaa0a71.jpg,roboflow_skin_problem_clean3,Wrinkles,wrinkle,17e2c217d8e5effd040f59d894b56725230792d4001244be81a5daf04aa22cb6,train,data/processed/train/wrinkle/17e2c217d8e5effd_00172.jpg
kaggle_acne_wrinkle_spots/wrinkles/wrinkles115.png,kaggle_acne_wrinkle_spots,wrinkles,wrinkle,1c416d802007893e689d6588f1f046739d4e86ec4c7985b4c13aa8a3ace414e7,train,data/processed/train/wrinkle/1c416d802007893e_00173.png
roboflow_skin_problem_clean3/train/250_jpg.rf.3ca9d119140aaf55fdafff55de312024.jpg,roboflow_skin_problem_clean3,Wrinkles,wrinkle,b4a76f8227f7f4b3c65abe27ca8861fa174164959758a867b72d329080334178,train,data/processed/train/wrinkle/b4a76f8227f7f4b3_00174.jpg
kaggle_acne_wrinkle_spots/wrinkles/wrinkles119.png,kaggle_acne_wrinkle_spots,wrinkles,wrinkle,bdc848f677e98258ab12ba6b5697caae2fdb98c278f5eb86cc4cdd0b581de4e5,train,data/processed/train/wrinkle/bdc848f677e98258_00175.jpg
kaggle_acne_wrinkle_spots/wrinkles/wrinkle172.png,kaggle_acne_wrinkle_spots,wrinkles,wrinkle,c6b77fb359e771a07bf4d63ab1fd995787685fc6a414d6db08daf6586d665d4d,train,data/processed/train/wrinkle/c6b77fb359e771a0_00176.jpg
kaggle_acne_wrinkle_spots/wrinkles/wrinkles181.png,kaggle_acne_wrinkle_spots,wrinkles,wrinkle,dcea03a4c8829880ad3098bb1048cf3478ec2f8553361f9bc568ee45fb67da0e,train,data/processed/train/wrinkle/dcea03a4c8829880_00177.png
kaggle_acne_wrinkle_spots/wrinkles/wrinkles206.png,kaggle_acne_wrinkle_spots,wrinkles,wrinkle,d6dead6312297a438a755aab6befacea6c8a28bb5ee70e3052c8c75612083258,train,data/processed/train/wrinkle/d6dead6312297a43_00178.jpg
kaggle_acne_wrinkle_spots/wrinkles/wrinkles155.png,kaggle_acne_wrinkle_spots,wrinkles,wrinkle,44956f45391f77f353b5cf8eea6c987d59faac7e5202b1a905df378de3be7f6d,train,data/processed/train/wrinkle/44956f45391f77f3_00179.png
kaggle_acne_wrinkle_spots/wrinkles/wrinkles209.png,kaggle_acne_wrinkle_spots,wrinkles,wrinkle,3ebc270020c04e719eb5581bcde0986f7d4d4750ff1b6ffee711d54aa0aa1218,train,data/processed/train/wrinkle/3ebc270020c04e71_00180.png
roboflow_skin_problem_clean3/train/32_jpeg.rf.79fc9b54283b8ea0df72bb2d51ed2e6b.jpg,roboflow_skin_problem_clean3,Wrinkles,wrinkle,246addf2bdc49bd7dd83e1ccaa0b2e74ec558c3cf1c77ac84371fc22af1e3327,train,data/processed/train/wrinkle/246addf2bdc49bd7_00181.jpg
kaggle_acne_wrinkle_spots/wrinkles/wrinkles72.png,kaggle_acne_wrinkle_spots,wrinkles,wrinkle,d873979a8d4e73e45f14119fb18d58895d7be76312af33f0c3eb9521049c0e52,train,data/processed/train/wrinkle/d873979a8d4e73e4_00182.png
roboflow_skin_problem_clean3/train/236_jpg.rf.390e0731f1b0b1615b57135ed00bff3b.jpg,roboflow_skin_problem_clean3,Wrinkles,wrinkle,e693ff2472ac9fba793ff750e76e9033dc8c1d8650cde82474d54963a8abfc61,train,data/processed/train/wrinkle/e693ff2472ac9fba_00183.jpg
roboflow_skin_problem_clean3/train/222_jpg.rf.6f74c9e2e564524d038577eb848c498e.jpg,roboflow_skin_problem_clean3,Wrinkles,wrinkle,a69968943ca2cf372245212afcc8aa3c61def38a91c74d95dbd2ced2867f2180,train,data/processed/train/wrinkle/a69968943ca2cf37_00184.jpg
kaggle_acne_wrinkle_spots/wrinkles/wrinkles64.png,kaggle_acne_wrinkle_spots,wrinkles,wrinkle,57545ed94fa02cb986c845c6248af7789b81ee5f4a5530498b40b184aa0eecf4,train,data/processed/train/wrinkle/57545ed94fa02cb9_00185.png
kaggle_acne_wrinkle_spots/wrinkles/wrinkles96.png,kaggle_acne_wrinkle_spots,wrinkles,wrinkle,accd38d2cba09f832a6034df9c6e1ddd4515e5e67e44c1d2e67fbb13eac541aa,train,data/processed/train/wrinkle/accd38d2cba09f83_00186.png
roboflow_skin_problem_clean3/train/12_jpeg.rf.a3bbfcbe4de8797e51c64e25a69468cd.jpg,roboflow_skin_problem_clean3,Wrinkles,wrinkle,b08721c506e953e5890a821f50f813fed5e5cef67d99f6ce69ead987d16b646f,train,data/processed/train/wrinkle/b08721c506e953e5_00187.jpg
kaggle_acne_wrinkle_spots/wrinkles/wrinkles208.png,kaggle_acne_wrinkle_spots,wrinkles,wrinkle,bed36c142641512b1df0b72efb939e4409be607660080300e280f187db144aa2,train,data/processed/train/wrinkle/bed36c142641512b_00188.png
kaggle_acne_wrinkle_spots/wrinkles/wrinkles93.png,kaggle_acne_wrinkle_spots,wrinkles,wrinkle,1783d8d9b03ed281d5e78666d4ac514a9ff3a8ff87339169d67b738a047c9732,train,data/processed/train/wrinkle/1783d8d9b03ed281_00189.png
roboflow_skin_problem_clean3/train/252_jpeg.rf.ff38e3574d721c1aff36732a793b5b2a.jpg,roboflow_skin_problem_clean3,Wrinkles,wrinkle,326b795d2aa2375bdfa3a11603f2c29431615b40a19a76c244c1c44f6c1589f9,train,data/processed/train/wrinkle/326b795d2aa2375b_00190.jpg
roboflow_skin_problem_clean3/train/340_jpg.rf.5db94854cf39a0e7d6fcefaea1e1b135.jpg,roboflow_skin_problem_clean3,Wrinkles,wrinkle,2d3c7291d50e563dba37e6d2cf4c9b3270780427e36fc1d818fc8c2f46a784f7,train,data/processed/train/wrinkle/2d3c7291d50e563d_00191.jpg
kaggle_acne_wrinkle_spots/wrinkles/wrinkle184.png,kaggle_acne_wrinkle_spots,wrinkles,wrinkle,42d6d9f7791a3fdc55c78475bd554d69cc96a4e1f86f348b79a7cbd67f99f32d,train,data/processed/train/wrinkle/42d6d9f7791a3fdc_00192.jpg
kaggle_acne_wrinkle_spots/wrinkles/wrinkle166.png,kaggle_acne_wrinkle_spots,wrinkles,wrinkle,fdbfd29e2cfaa45143ddd1ba1f4748149de8bad1699d489a4ab00160536ec71b,train,data/processed/train/wrinkle/fdbfd29e2cfaa451_00193.png
roboflow_skin_problem_clean3/train/238_jpg.rf.b5d6d3cc7fd19c17fbf7612b656213ad.jpg,roboflow_skin_problem_clean3,Wrinkles,wrinkle,89a8b064224a60540346da31b611bd484d2c3db6d49ac4b1aff1be28e13120a4,train,data/processed/train/wrinkle/89a8b064224a6054_00194.jpg
roboflow_skin_problem_clean3/train/261_jpg.rf.4813520ebc86e4aa755959182d6a2469.jpg,roboflow_skin_problem_clean3,Wrinkles,wrinkle,69a7d8352532eb9194b6f46e0a812ca98ee8947170b4dc850d5d187ae0c6209e,train,data/processed/train/wrinkle/69a7d8352532eb91_00195.jpg
kaggle_acne_wrinkle_spots/wrinkles/wrinkles201.png,kaggle_acne_wrinkle_spots,wrinkles,wrinkle,371020711d7af9cdf186c2f3ba94cc580cf3f741908eb7d7d4bf717d16fc3bd3,train,data/processed/train/wrinkle/371020711d7af9cd_00196.png
kaggle_acne_wrinkle_spots/wrinkles/wrinkles18.png,kaggle_acne_wrinkle_spots,wrinkles,wrinkle,cb113734e35416eaf3b235e762e2b24a2e7664aa4a6a7cf1983659451b2cc1cf,train,data/processed/train/wrinkle/cb113734e35416ea_00197.png
kaggle_acne_wrinkle_spots/wrinkles/wrinkles28.png,kaggle_acne_wrinkle_spots,wrinkles,wrinkle,2f4be19fc394d77ae9d659c364c229e615c03e59d909132c15e5f9641194f50a,train,data/processed/train/wrinkle/2f4be19fc394d77a_00198.png
roboflow_skin_problem_clean3/train/86_jpg.rf.b1eb85400c6489e45fda7bfd78b8479a.jpg,roboflow_skin_problem_clean3,Wrinkles,wrinkle,e0855ad1a64b103d512bc049b972632d4361d25830793cdb192cb7a8fb605fb0,train,data/processed/train/wrinkle/e0855ad1a64b103d_00199.jpg
roboflow_skin_problem_clean3/train/4_jpeg.rf.c53dc6405f30a6111d70603cfaaf89b4.jpg,roboflow_skin_problem_clean3,Wrinkles,wrinkle,871af6bdee35c8e2440b15b60b5c44cd06c2fb3105897efe7c526c6a31e07fc9,train,data/processed/train/wrinkle/871af6bdee35c8e2_00200.jpg
kaggle_acne_wrinkle_spots/wrinkles/wrinkles138.png,kaggle_acne_wrinkle_spots,wrinkles,wrinkle,b1ae15ba84d0ef2098c9e23dc7da336b674835dfc2d420ef19b1fbdddbf013c7,train,data/processed/train/wrinkle/b1ae15ba84d0ef20_00201.png
kaggle_acne_wrinkle_spots/wrinkles/wrinkles40.png,kaggle_acne_wrinkle_spots,wrinkles,wrinkle,93c547dcb0ddbd6bdd75a80431ced48d7db57f6e99cf2e5e8b3c22433854ec11,train,data/processed/train/wrinkle/93c547dcb0ddbd6b_00202.png
kaggle_acne_wrinkle_spots/wrinkles/wrinkles51.png,kaggle_acne_wrinkle_spots,wrinkles,wrinkle,e7cddad8b5b4ce4495a2ee1b2574c8aa67ac0fe4d06e61f3916b5bfaf85a6c2f,train,data/processed/train/wrinkle/e7cddad8b5b4ce44_00203.png
roboflow_skin_problem_clean3/train/317_jpg.rf.29fbbfc44733c98c46efc6c31b6d73ea.jpg,roboflow_skin_problem_clean3,Wrinkles,wrinkle,7b526c280a9da11f09e5ee1b0993cf3da07cffc18a1222501028bf4d72eb2977,train,data/processed/train/wrinkle/7b526c280a9da11f_00204.jpg
kaggle_acne_wrinkle_spots/wrinkles/wrinkle191.png,kaggle_acne_wrinkle_spots,wrinkles,wrinkle,0a5376abc29a97f958c03a6b4576a1649f434dc88e4e17a1202bbb6d77f3d0bd,train,data/processed/train/wrinkle/0a5376abc29a97f9_00205.png
kaggle_acne_wrinkle_spots/wrinkles/wrinkles17.png,kaggle_acne_wrinkle_spots,wrinkles,wrinkle,03c75088088a8a66560f4c29dbd86bf0d63c80c457e58b9b7e79798ea9bb3b0e,train,data/processed/train/wrinkle/03c75088088a8a66_00206.png
roboflow_skin_problem_clean3/train/28_jpeg.rf.2e98851a3f7e6010362a7863112e56dd.jpg,roboflow_skin_problem_clean3,Wrinkles,wrinkle,ec363ea34da47a2f19401fce058d01a2800abd34ad9c3617d1c1f95b52fdcb28,train,data/processed/train/wrinkle/ec363ea34da47a2f_00207.jpg
roboflow_skin_problem_clean3/train/11_jpeg.rf.d63b90634ff88f8124280b9be6d425b2.jpg,roboflow_skin_problem_clean3,Wrinkles,wrinkle,7b958106d1f50a8c795d66cc2d271bd395208d1b2665393834b1b98212244c17,train,data/processed/train/wrinkle/7b958106d1f50a8c_00208.jpg
kaggle_acne_wrinkle_spots/wrinkles/wrinkle162.png,kaggle_acne_wrinkle_spots,wrinkles,wrinkle,d1f34e6b0ba0e41ca158586e5211df869575081921595b080a8078642c7f6423,train,data/processed/train/wrinkle/d1f34e6b0ba0e41c_00209.jpg
roboflow_skin_problem_clean3/train/5_jpeg.rf.e9d63d9b3c12291407eb7746a744cce1.jpg,roboflow_skin_problem_clean3,Wrinkles,wrinkle,ae40fae56208d5c27204d0b24e8e5c9b680aeba90d317e27f96fc1901b9540d2,train,data/processed/train/wrinkle/ae40fae56208d5c2_00210.jpg
roboflow_skin_problem_clean3/train/3_jpg.rf.fffe9c8d38c7f7a29354e0cfb5184c56.jpg,roboflow_skin_problem_clean3,Wrinkles,wrinkle,083c7dd67a0d1f80ac19ad82684e04be49c2b9e0432dcc6d4afd2025ca94865b,train,data/processed/train/wrinkle/083c7dd67a0d1f80_00211.jpg
roboflow_skin_problem_clean3/train/305_jpg.rf.fed8393a8aba20c036754d3cc28f98f5.jpg,roboflow_skin_problem_clean3,Wrinkles,wrinkle,d8a90d6efa273603cbc69b676ff1d5238c828603aa3f11c2452685aabe2a23dd,train,data/processed/train/wrinkle/d8a90d6efa273603_00212.jpg
roboflow_skin_problem_clean3/train/50_jpg.rf.71d5af705dac7506c8c213bc5fd51574.jpg,roboflow_skin_problem_clean3,Wrinkles,wrinkle,fd268ea165beeba6549f5a153904983b202e0b491845357561fd7a37c2140793,train,data/processed/train/wrinkle/fd268ea165beeba6_00213.jpg
roboflow_skin_problem_clean3/train/90_jpg.rf.da719d7d4caaec3ebe5cf345fdb4c511.jpg,roboflow_skin_problem_clean3,Wrinkles,wrinkle,b0a636f30f7b13210de8d5ada4a51b955a95459a4d4844e61f2fbeb2a62b4a9e,train,data/processed/train/wrinkle/b0a636f30f7b1321_00214.jpg
roboflow_skin_problem_clean3/train/341_jpg.rf.fb4d5898984a444962f3340ca72a39df.jpg,roboflow_skin_problem_clean3,Wrinkles,wrinkle,4236174d9a9fc08de4f2638068490c488ae95171960ee6402f9c497cac0e457f,train,data/processed/train/wrinkle/4236174d9a9fc08d_00215.jpg
kaggle_acne_wrinkle_spots/wrinkles/wrinkle158.png,kaggle_acne_wrinkle_spots,wrinkles,wrinkle,e995bd8a6c32667846681a8e049a998dc24df0b249ef8a1a32f532eddc1a261b,train,data/processed/train/wrinkle/e995bd8a6c326678_00216.png
kaggle_acne_wrinkle_spots/wrinkles/wrinkles107.png,kaggle_acne_wrinkle_spots,wrinkles,wrinkle,dad0659ab536dc612e315cc920280d6b4793ef1edfd7fae6c69611946a1c35c4,train,data/processed/train/wrinkle/dad0659ab536dc61_00217.jpg
roboflow_skin_problem_clean3/train/9_jpeg.rf.45c868afbddabf7c70a2be219f52c54c.jpg,roboflow_skin_problem_clean3,Wrinkles,wrinkle,fb90a8dbe0c48a67f5905bbe09db2f1fa8642f6a9264c41f0bcbc183ab781110,train,data/processed/train/wrinkle/fb90a8dbe0c48a67_00218.jpg
kaggle_acne_wrinkle_spots/wrinkles/wrinkles7.png,kaggle_acne_wrinkle_spots,wrinkles,wrinkle,a525a4a5fb7e9fa79b37107e80b8735f513df6b83974af3ea06c6bf32bc53844,validation,data/processed/validation/wrinkle/a525a4a5fb7e9fa7_00000.jpg
kaggle_acne_wrinkle_spots/wrinkles/wrinkles25.png,kaggle_acne_wrinkle_spots,wrinkles,wrinkle,d50a0601591923ddd7647b22d75bbaf4ee9e2a363799718f57d1b4c4f4341103,validation,data/processed/validation/wrinkle/d50a0601591923dd_00001.png
kaggle_acne_wrinkle_spots/wrinkles/wrinkles213.png,kaggle_acne_wrinkle_spots,wrinkles,wrinkle,cc9cd4456990e49bf200b5e2f9f1d909efba2846cf4144ca558595dcb59c4143,validation,data/processed/validation/wrinkle/cc9cd4456990e49b_00002.jpg
roboflow_skin_problem_clean3/train/43_jpeg.rf.ee582e73905f7f26c581b737496d813d.jpg,roboflow_skin_problem_clean3,Wrinkles,wrinkle,ef9e3223eb6011fc57b083a20c428a4d9df475f0c430d255f2332a955afbfe61,validation,data/processed/validation/wrinkle/ef9e3223eb6011fc_00003.jpg
kaggle_acne_wrinkle_spots/wrinkles/wrinkles97.png,kaggle_acne_wrinkle_spots,wrinkles,wrinkle,80fa59aa0979667a4352c603aa14908fbb17e435cf0d031cc60a048d86a97d80,validation,data/processed/validation/wrinkle/80fa59aa0979667a_00004.jpg
kaggle_acne_wrinkle_spots/wrinkles/wrinkle188.png,kaggle_acne_wrinkle_spots,wrinkles,wrinkle,55df35a0e79fedbf79f0e6d1033bfcf0b1dfafd8bf8513d263d6aa9462eedf03,validation,data/processed/validation/wrinkle/55df35a0e79fedbf_00005.jpg
roboflow_skin_problem_clean3/train/336_jpg.rf.a60efe8cabc9501be769e0bcef58a23e.jpg,roboflow_skin_problem_clean3,Wrinkles,wrinkle,27de8df85b86385e2114315b410a6ab39c015245d6300b97bbe517d97f55e0b2,validation,data/processed/validation/wrinkle/27de8df85b86385e_00006.jpg
roboflow_skin_problem_clean3/train/256_jpg.rf.641dd0fa41654315bc99508abae776bc.jpg,roboflow_skin_problem_clean3,Wrinkles,wrinkle,33074739b63fc7b40d6c35be01c98e55b292446ecd337fce99ab2a9798395934,validation,data/processed/validation/wrinkle/33074739b63fc7b4_00007.jpg
roboflow_skin_problem_clean3/train/29_jpeg.rf.58441172e56db2257feb8378a07808c1.jpg,roboflow_skin_problem_clean3,Wrinkles,wrinkle,f0707348733d5a87b600ee9395b377ff5cc69c338c404129d095ff07de9e5794,validation,data/processed/validation/wrinkle/f0707348733d5a87_00008.jpg
roboflow_skin_problem_clean3/train/66_jpg.rf.85ef0d1c8d73a65df68260cb723a2f2c.jpg,roboflow_skin_problem_clean3,Wrinkles,wrinkle,59fe647eefe2bcc8470b0904359f95ca5621b0f162d611641759497817d7c6db,validation,data/processed/validation/wrinkle/59fe647eefe2bcc8_00009.jpg
roboflow_skin_problem_clean3/train/53_jpg.rf.bd590b2ccbbc9043cc83ccf2653ade0a.jpg,roboflow_skin_problem_clean3,Wrinkles,wrinkle,4f678d631e51eb222ba3ef058b5eac9e3351aa403b7c7fafc254405c8c5a399e,validation,data/processed/validation/wrinkle/4f678d631e51eb22_00010.jpg
kaggle_acne_wrinkle_spots/wrinkles/wrinkles91.png,kaggle_acne_wrinkle_spots,wrinkles,wrinkle,1387b9831f9239b991a1bcd10b6be1e524dbeefc259b5cd7f13121e551a0ba7f,validation,data/processed/validation/wrinkle/1387b9831f9239b9_00011.png
roboflow_skin_problem_clean3/train/25_jpeg.rf.80774aea7dc6be2dd58e27728a8a8864.jpg,roboflow_skin_problem_clean3,Wrinkles,wrinkle,401f357dd47c5631613aefa75cef4c6c512a9fe581b759fa651a3118cc8daafc,validation,data/processed/validation/wrinkle/401f357dd47c5631_00012.jpg
kaggle_acne_wrinkle_spots/wrinkles/wrinkle182.png,kaggle_acne_wrinkle_spots,wrinkles,wrinkle,f11c55d52a969959e557185be3cf098673744371f20a7ae9c3cad5142fdaad58,validation,data/processed/validation/wrinkle/f11c55d52a969959_00013.png
kaggle_acne_wrinkle_spots/wrinkles/wrinkles87.png,kaggle_acne_wrinkle_spots,wrinkles,wrinkle,5d0b8365b250c92cb7eb7bbf7e029ff41a2d13f9c1c64cd372f9f9653cbbee53,validation,data/processed/validation/wrinkle/5d0b8365b250c92c_00014.png
roboflow_skin_problem_clean3/train/251_jpeg.rf.3dc094949b51fef350bff1793c5d595c.jpg,roboflow_skin_problem_clean3,Wrinkles,wrinkle,753d6419fff6be5428341bb6b2335b920bf70cb91c8afe26adc5114995c37a15,validation,data/processed/validation/wrinkle/753d6419fff6be54_00015.jpg
kaggle_acne_wrinkle_spots/wrinkles/wrinkles195.png,kaggle_acne_wrinkle_spots,wrinkles,wrinkle,b8cd1b83f853e6a7f091fc7dda984316a8df4a45168a223b592eee8fa8d09d0a,validation,data/processed/validation/wrinkle/b8cd1b83f853e6a7_00016.png
kaggle_acne_wrinkle_spots/wrinkles/wrinkle180.png,kaggle_acne_wrinkle_spots,wrinkles,wrinkle,15ca661e797f851cf1774cbcd520b529a2ce1239bf19edfcc9b99d6a4efa7974,validation,data/processed/validation/wrinkle/15ca661e797f851c_00017.png
roboflow_skin_problem_clean3/train/64_jpg.rf.959fc6cc14c7721ca60ce128a2f52906.jpg,roboflow_skin_problem_clean3,Wrinkles,wrinkle,a5521df618b6d93ac65e506b5f83f77012fee33a165798dc5a3cb2316ba32d97,validation,data/processed/validation/wrinkle/a5521df618b6d93a_00018.jpg
kaggle_acne_wrinkle_spots/wrinkles/wrinkles76.png,kaggle_acne_wrinkle_spots,wrinkles,wrinkle,30e1d5ae3caab5b8d55c313be19e5c6ae4cf1a212fe05aebd9649e5dea285a89,validation,data/processed/validation/wrinkle/30e1d5ae3caab5b8_00019.png
kaggle_acne_wrinkle_spots/wrinkles/wrinkles211.png,kaggle_acne_wrinkle_spots,wrinkles,wrinkle,17c0ab386d8f99968439a6c65dbf07254094855bd48da3439b8056041aa28ebc,validation,data/processed/validation/wrinkle/17c0ab386d8f9996_00020.png
kaggle_acne_wrinkle_spots/wrinkles/wrinkles31.png,kaggle_acne_wrinkle_spots,wrinkles,wrinkle,9ca482132dfb40ad1bb363e3ede6eb7239f8b11a1ae5cc3671caf37fdd959674,validation,data/processed/validation/wrinkle/9ca482132dfb40ad_00021.png
kaggle_acne_wrinkle_spots/wrinkles/wrinkle168.png,kaggle_acne_wrinkle_spots,wrinkles,wrinkle,fb503a57f219b2537c950cbf55192aef11e48dfd49bf28bb661a57c7de9bac12,validation,data/processed/validation/wrinkle/fb503a57f219b253_00022.jpg
kaggle_acne_wrinkle_spots/wrinkles/wrinkles23.png,kaggle_acne_wrinkle_spots,wrinkles,wrinkle,dc81c4324b05abb595bb9c368060e866aedc23fe965c3c692677a3744e65f930,validation,data/processed/validation/wrinkle/dc81c4324b05abb5_00023.png
roboflow_skin_problem_clean3/train/334_jpg.rf.b59b76ed37e9dcb65caa5f57b46d9c33.jpg,roboflow_skin_problem_clean3,Wrinkles,wrinkle,3809759016093d147ed95d733e489049e196f9cd85a23f37198a6b17a87a888e,validation,data/processed/validation/wrinkle/3809759016093d14_00024.jpg
kaggle_acne_wrinkle_spots/wrinkles/wrinkles197.png,kaggle_acne_wrinkle_spots,wrinkles,wrinkle,0f38c8a6bf5a50275367c8a9e466537001e98619209ed03893abaf4bdeacc7ee,validation,data/processed/validation/wrinkle/0f38c8a6bf5a5027_00025.png
roboflow_skin_problem_clean3/train/183_jpg.rf.2b46f6ec729c223909a55cf62990211a.jpg,roboflow_skin_problem_clean3,Wrinkles,wrinkle,8a09bb27717b40c4cd4e4e835e27e5e671f057e343f4758d31b8996ba5630cc0,validation,data/processed/validation/wrinkle/8a09bb27717b40c4_00026.jpg
roboflow_skin_problem_clean3/train/162_jpg.rf.ba03e5895223e074c0c120755175a59d.jpg,roboflow_skin_problem_clean3,Wrinkles,wrinkle,29dcd070b2b97797e4e74ebefb73481863ca8363f29860a5e74f5d70055c8931,validation,data/processed/validation/wrinkle/29dcd070b2b97797_00027.jpg
roboflow_skin_problem_clean3/train/182_jpg.rf.d87a3e63b1003c0d5dd46e9f266e7060.jpg,roboflow_skin_problem_clean3,Wrinkles,wrinkle,670cb3ec0a161ec658ed57de3534aef5a9fcde51d9063d71512a12dc184a5497,validation,data/processed/validation/wrinkle/670cb3ec0a161ec6_00028.jpg
roboflow_skin_problem_clean3/train/346_jpg.rf.06c0ae464add775ed5dd43cb2ee91564.jpg,roboflow_skin_problem_clean3,Wrinkles,wrinkle,ea94896ccb075fae7bc0d287efddf26938540c512aef77c6207a1f0eaa0ac5d4,validation,data/processed/validation/wrinkle/ea94896ccb075fae_00029.jpg
kaggle_acne_wrinkle_spots/wrinkles/wrinkles39.png,kaggle_acne_wrinkle_spots,wrinkles,wrinkle,9f4f2c2e3dd4c56ae63f89bade8a5a70ff4dd67ee704d4e78d94e1c429c39ab0,validation,data/processed/validation/wrinkle/9f4f2c2e3dd4c56a_00030.jpg
kaggle_acne_wrinkle_spots/wrinkles/wrinkles148.png,kaggle_acne_wrinkle_spots,wrinkles,wrinkle,1eebd1f071e14daab28150de2bd10e8b70436fb44f7bca51036215532bec9389,validation,data/processed/validation/wrinkle/1eebd1f071e14daa_00031.jpg
roboflow_skin_problem_clean3/train/307_jpg.rf.44b9c9bc793285cf2202295acf5cc80d.jpg,roboflow_skin_problem_clean3,Wrinkles,wrinkle,9bcb41e2bd3f58cb94f9893cc02d3bedc3bad1cb7cc23a6ff7a83e9aac5f1269,validation,data/processed/validation/wrinkle/9bcb41e2bd3f58cb_00032.jpg
roboflow_skin_problem_clean3/train/1_jpeg.rf.fbf0f93d0790f0b43fb3f90a3c2013e5.jpg,roboflow_skin_problem_clean3,Wrinkles,wrinkle,8923fb564aff957e4867b5dc34ebfde2932280bd88ee75d587bae9846ad4bd69,validation,data/processed/validation/wrinkle/8923fb564aff957e_00033.jpg
kaggle_acne_wrinkle_spots/wrinkles/wrinkles56.png,kaggle_acne_wrinkle_spots,wrinkles,wrinkle,509dcd13cd7fde56f33610261d014a41f8ea59afbfe39072aaf2ef5c12343321,validation,data/processed/validation/wrinkle/509dcd13cd7fde56_00034.png
roboflow_skin_problem_clean3/train/207_jpg.rf.2ee46ba50291c9f5ae44e082fe1aa0e5.jpg,roboflow_skin_problem_clean3,Wrinkles,wrinkle,a4c3efb8fd98cf56a118912144b552e446120567c3dd85558621fa2c17bf7d41,validation,data/processed/validation/wrinkle/a4c3efb8fd98cf56_00035.jpg
kaggle_acne_wrinkle_spots/wrinkles/wrinkles106.png,kaggle_acne_wrinkle_spots,wrinkles,wrinkle,6c0e50094cd4ab6aa767c1d92c99ec94a659953fc2169c80df20ee2d1c8fd3e9,validation,data/processed/validation/wrinkle/6c0e50094cd4ab6a_00036.jpg
roboflow_skin_problem_clean3/train/362_jpg.rf.8df60454fb8ce2d4bf35f34e4df39c3c.jpg,roboflow_skin_problem_clean3,Wrinkles,wrinkle,fb03b03a0232b005b6e6ba42b63fa4495bb886db15d0eed07616f0403d349c57,validation,data/processed/validation/wrinkle/fb03b03a0232b005_00037.jpg
roboflow_skin_problem_clean3/train/30_jpeg.rf.bd4c93bc44a4230ab2e9611a4caf5ac9.jpg,roboflow_skin_problem_clean3,Wrinkles,wrinkle,18a8b234eccd3d8155384dd802236f0e6896d5daa64892399ac5c111dbe4572f,validation,data/processed/validation/wrinkle/18a8b234eccd3d81_00038.jpg
kaggle_acne_wrinkle_spots/wrinkles/wrinkles52.png,kaggle_acne_wrinkle_spots,wrinkles,wrinkle,08ce53edf74172158b7a14b70287ac205835d9a8fc52f59a06a0ef4569cea1e2,validation,data/processed/validation/wrinkle/08ce53edf7417215_00039.png
roboflow_skin_problem_clean3/train/327_jpg.rf.8f86d999291519ecc865c507787aed3e.jpg,roboflow_skin_problem_clean3,Wrinkles,wrinkle,75e61149111ade0cf755109e594022ca5150dba210ae5ef75f7797b84806e98d,validation,data/processed/validation/wrinkle/75e61149111ade0c_00040.jpg
kaggle_acne_wrinkle_spots/wrinkles/wrinkles85.png,kaggle_acne_wrinkle_spots,wrinkles,wrinkle,154fdd8f715821266e030c3065cf52a2609fbe3865afe9176e86e1018df00631,validation,data/processed/validation/wrinkle/154fdd8f71582126_00041.png
kaggle_acne_wrinkle_spots/wrinkles/wrinkles111.png,kaggle_acne_wrinkle_spots,wrinkles,wrinkle,d699e63b209e76ebc021e02a4ae1a4df3ad8a7af56e6f2793157459c833e19da,validation,data/processed/validation/wrinkle/d699e63b209e76eb_00042.png
kaggle_acne_wrinkle_spots/wrinkles/wrinkles136.png,kaggle_acne_wrinkle_spots,wrinkles,wrinkle,9a15f648c2496b47e5bb95e81ad62f1b66d6d3743bdf7afbf279f67a9a7aeee4,validation,data/processed/validation/wrinkle/9a15f648c2496b47_00043.png
kaggle_acne_wrinkle_spots/wrinkles/wrinkles16.png,kaggle_acne_wrinkle_spots,wrinkles,wrinkle,2c857bcd5a282e7e105e25e08ca3b0dbf67b2a08e44d099944b4939505a72a04,validation,data/processed/validation/wrinkle/2c857bcd5a282e7e_00044.png
roboflow_skin_problem_clean3/train/306_jpg.rf.81dccae0f989899fa4f1977dcccb26d3.jpg,roboflow_skin_problem_clean3,Wrinkles,wrinkle,2d07773feb992a947982fd5d4a63636439357d4f1083f556b64b9ed2494187ee,validation,data/processed/validation/wrinkle/2d07773feb992a94_00045.jpg
roboflow_skin_problem_clean3/train/94_jpg.rf.fc7b30de8e3e9f6ad8d9aa3332b8bff3.jpg,roboflow_skin_problem_clean3,Wrinkles,wrinkle,1cf43008b751d847ed50e8572b7fb4f094339b5fd56b33ecc6084439e242860f,validation,data/processed/validation/wrinkle/1cf43008b751d847_00046.jpg
kaggle_acne_wrinkle_spots/wrinkles/wrinkles90.png,kaggle_acne_wrinkle_spots,wrinkles,wrinkle,23d65a1ee05291f3a68b2410d5e9aed5b2f0b20d92c545846e98f1fe1598b57f,test,data/processed/test/wrinkle/23d65a1ee05291f3_00000.png
roboflow_skin_problem_clean3/train/2_jpg.rf.15dfeb912adaed6e5d5e89b31f677598.jpg,roboflow_skin_problem_clean3,Wrinkles,wrinkle,9d5ca753a43d33b2bd9c2a93067c4fe0ac13697fcdbb5304ea48046d50a1952f,test,data/processed/test/wrinkle/9d5ca753a43d33b2_00001.jpg
kaggle_acne_wrinkle_spots/wrinkles/wrinkles12.png,kaggle_acne_wrinkle_spots,wrinkles,wrinkle,386a1757d9e0c99ac6aa2eb69cf2e1d5c48a1c194527c21373ed85d6ceac7a23,test,data/processed/test/wrinkle/386a1757d9e0c99a_00002.png
roboflow_skin_problem_clean3/train/331_jpg.rf.8d64cd23228a43a99a2f7f0ebb71f176.jpg,roboflow_skin_problem_clean3,Wrinkles,wrinkle,5f5f0e8d0f2a4b9f85926e9a193796890f0f6050f9cf9b398999ec41030d285c,test,data/processed/test/wrinkle/5f5f0e8d0f2a4b9f_00003.jpg
kaggle_acne_wrinkle_spots/wrinkles/wrinkles123.png,kaggle_acne_wrinkle_spots,wrinkles,wrinkle,9c9ab29b43e2fd0eacd39cc1bcb69031e288be8945d88b7fa5d593a3ed516f53,test,data/processed/test/wrinkle/9c9ab29b43e2fd0e_00004.png
roboflow_skin_problem_clean3/train/321_jpg.rf.fd35d11d6aa5a19886532aa957c19496.jpg,roboflow_skin_problem_clean3,Wrinkles,wrinkle,b4b06dfc84f0172259158c3320997d402a239567297b186c9535ddc40995962c,test,data/processed/test/wrinkle/b4b06dfc84f01722_00005.jpg
kaggle_acne_wrinkle_spots/wrinkles/wrinkles109.png,kaggle_acne_wrinkle_spots,wrinkles,wrinkle,6d7d8cd471495d7e59e5fbc426f815bb03e4e225821015b95720bad6b203f87a,test,data/processed/test/wrinkle/6d7d8cd471495d7e_00006.png
kaggle_acne_wrinkle_spots/wrinkles/wrinkles55.png,kaggle_acne_wrinkle_spots,wrinkles,wrinkle,5e7781637263d93216a95f0fdd4ab9282dacc778aed362a46745acae57b563f6,test,data/processed/test/wrinkle/5e7781637263d932_00007.png
kaggle_acne_wrinkle_spots/wrinkles/wrinkles70.png,kaggle_acne_wrinkle_spots,wrinkles,wrinkle,297d1a7be63077823cc6cc63fbb4336f9454506239f27b166eb0706d9ca9d468,test,data/processed/test/wrinkle/297d1a7be6307782_00008.png
kaggle_acne_wrinkle_spots/wrinkles/wrinkles156.png,kaggle_acne_wrinkle_spots,wrinkles,wrinkle,8ffa3c1853fe388f8e2eb8032eed2282086d58fd80d745d0421d57dc8424a7b4,test,data/processed/test/wrinkle/8ffa3c1853fe388f_00009.png
roboflow_skin_problem_clean3/train/34_jpeg.rf.8f3a32e4c5d882e0a7be13f6300c215c.jpg,roboflow_skin_problem_clean3,Wrinkles,wrinkle,edd79415f41430fcad7f104cdd2097a99503e1349af155d622339d1e2fecd695,test,data/processed/test/wrinkle/edd79415f41430fc_00010.jpg
kaggle_acne_wrinkle_spots/wrinkles/wrinkles2.png,kaggle_acne_wrinkle_spots,wrinkles,wrinkle,ca5534469939f59a9c67fdbe98c801828066e7dac69700c618bc3dec2a787b3d,test,data/processed/test/wrinkle/ca5534469939f59a_00011.png
kaggle_acne_wrinkle_spots/wrinkles/wrinkle192.png,kaggle_acne_wrinkle_spots,wrinkles,wrinkle,c1c77ebede3738d9fbee3737b8c18c066f75095f608774e0fec6b46856cc6476,test,data/processed/test/wrinkle/c1c77ebede3738d9_00012.jpg
kaggle_acne_wrinkle_spots/wrinkles/wrinkle186.png,kaggle_acne_wrinkle_spots,wrinkles,wrinkle,e46286beddbbe2277b97cf8f5a764619046d85911747b6b714fefbdb551a995d,test,data/processed/test/wrinkle/e46286beddbbe227_00013.jpg
kaggle_acne_wrinkle_spots/wrinkles/wrinkles10.png,kaggle_acne_wrinkle_spots,wrinkles,wrinkle,a7c4219c15abd89fbe1c2161eaa2443b3700b7c61baf6a1f4764a8ae8e8ddb0d,test,data/processed/test/wrinkle/a7c4219c15abd89f_00014.png
roboflow_skin_problem_clean3/train/322_jpg.rf.a6d4574249b894a4dac0da8b33b88a33.jpg,roboflow_skin_problem_clean3,Wrinkles,wrinkle,d07c28acce9916e42286c1ee0dc3556e7ccd171524d0cf60b7cb48741cacb48e,test,data/processed/test/wrinkle/d07c28acce9916e4_00015.jpg
kaggle_acne_wrinkle_spots/wrinkles/wrinkles198.png,kaggle_acne_wrinkle_spots,wrinkles,wrinkle,8a2fb082cf93f710a9077fb300f8b19eb22b08c7fff90a7da4b10820b998d37f,test,data/processed/test/wrinkle/8a2fb082cf93f710_00016.png
kaggle_acne_wrinkle_spots/wrinkles/wrinkles54.png,kaggle_acne_wrinkle_spots,wrinkles,wrinkle,a302d6ef8f4703207e088805336453dff65d7f61f6376c155ac32348552da77f,test,data/processed/test/wrinkle/a302d6ef8f470320_00017.png
roboflow_skin_problem_clean3/train/352_jpg.rf.ee790fd89227bd57b65de858ec8015df.jpg,roboflow_skin_problem_clean3,Wrinkles,wrinkle,2e9135289d3d729a38daa026b3362b0240326ec9cbbc5b83238d0ce14a13096c,test,data/processed/test/wrinkle/2e9135289d3d729a_00018.jpg
roboflow_skin_problem_clean3/train/267_jpeg.rf.d79767091eb963362df139ecf5e9499e.jpg,roboflow_skin_problem_clean3,Wrinkles,wrinkle,c9f11abc313d5c92cb271608ca28fe793d0e9b6af95840aa05dd21e229b52fbb,test,data/processed/test/wrinkle/c9f11abc313d5c92_00019.jpg
kaggle_acne_wrinkle_spots/wrinkles/wrinkles137.png,kaggle_acne_wrinkle_spots,wrinkles,wrinkle,8432644f8e2a313dddc9b220d4a12869e06580f154978fa4aa77cd8094cb29c5,test,data/processed/test/wrinkle/8432644f8e2a313d_00020.png
roboflow_skin_problem_clean3/train/301_jpg.rf.e6a60dc250bccd8643e4d6d87f90e890.jpg,roboflow_skin_problem_clean3,Wrinkles,wrinkle,86a86910b138f344c69f5e131f2413abdbe6286921d4ac7db6787119ef5caf19,test,data/processed/test/wrinkle/86a86910b138f344_00021.jpg
roboflow_skin_problem_clean3/train/312_jpg.rf.f66306f69b1b5d600e6d3f97714f32f5.jpg,roboflow_skin_problem_clean3,Wrinkles,wrinkle,bb5101b6b22de670290f6642fff59f3726374d52c6a7199cdf51999970974070,test,data/processed/test/wrinkle/bb5101b6b22de670_00022.jpg
kaggle_acne_wrinkle_spots/wrinkles/wrinkles154.png,kaggle_acne_wrinkle_spots,wrinkles,wrinkle,ee88e4d88083cec8ab2b8dd7c81c1a75e9311b342048e084899c0adb4d0d09e3,test,data/processed/test/wrinkle/ee88e4d88083cec8_00023.png
roboflow_skin_problem_clean3/train/89_jpg.rf.492679605078fe6d984a4de2d6d1d1fc.jpg,roboflow_skin_problem_clean3,Wrinkles,wrinkle,67d330192054c7d4de4a3de96f73807e106a51869164769fe2819e972c72dcb2,test,data/processed/test/wrinkle/67d330192054c7d4_00024.jpg
kaggle_acne_wrinkle_spots/wrinkles/wrinkles15.png,kaggle_acne_wrinkle_spots,wrinkles,wrinkle,fda249ee94e182129dc6fc21f52446942445dbf1a1f45cca9039aa0230ec53b9,test,data/processed/test/wrinkle/fda249ee94e18212_00025.png
roboflow_skin_problem_clean3/train/10_jpeg.rf.c244e5ed73df765be92368bae2e789ce.jpg,roboflow_skin_problem_clean3,Wrinkles,wrinkle,2d2819342c89fb5f9dfa0ae76fed605b25eb59f72ee7b530e0cb365911334aff,test,data/processed/test/wrinkle/2d2819342c89fb5f_00026.jpg
kaggle_acne_wrinkle_spots/wrinkles/wrinkles133.png,kaggle_acne_wrinkle_spots,wrinkles,wrinkle,f7e9d3a9faa5263737012390ddf12ce4df45f074bf0bcfe4ee713ea734ad1670,test,data/processed/test/wrinkle/f7e9d3a9faa52637_00027.png
kaggle_acne_wrinkle_spots/wrinkles/wrinkles125.png,kaggle_acne_wrinkle_spots,wrinkles,wrinkle,93a4487b55d1a15fbb5bea84e8584c68bc772289e379f0f22de710e12633db63,test,data/processed/test/wrinkle/93a4487b55d1a15f_00028.jpg
kaggle_acne_wrinkle_spots/wrinkles/wrinkle190.png,kaggle_acne_wrinkle_spots,wrinkles,wrinkle,7ca7c0358d453f6832a97cbd43baf6697df568137bd10deaf798aa9b376545b5,test,data/processed/test/wrinkle/7ca7c0358d453f68_00029.png
kaggle_acne_wrinkle_spots/wrinkles/wrinkles194.png,kaggle_acne_wrinkle_spots,wrinkles,wrinkle,3398272b2dad6d1e7876cb2af353e56ca77bc3756c599abf5bfe167927bcfdbf,test,data/processed/test/wrinkle/3398272b2dad6d1e_00030.png
roboflow_skin_problem_clean3/train/672_jpg.rf.d9c4d58d01f8d56270c080c0a4284640.jpg,roboflow_skin_problem_clean3,Wrinkles,wrinkle,e7180d4aea4e312db6e2c97ac827e5b30817436a888f4c58f0c44b9c1726e72c,test,data/processed/test/wrinkle/e7180d4aea4e312d_00031.jpg
roboflow_skin_problem_clean3/train/311_jpg.rf.8056fe5a47524edf42f53fe739446028.jpg,roboflow_skin_problem_clean3,Wrinkles,wrinkle,820f3ae5fea44d16bd0ad4af49cffd8d8259f2cd831492eb259d3d71c5c2ca25,test,data/processed/test/wrinkle/820f3ae5fea44d16_00032.jpg
roboflow_skin_problem_clean3/train/310_jpg.rf.91efdd1ff27e083883c1c48f38885fc5.jpg,roboflow_skin_problem_clean3,Wrinkles,wrinkle,79843c82de1b63ecd16bd35cc104012bcc63f77794818d09b823ab8ca6d30bd2,test,data/processed/test/wrinkle/79843c82de1b63ec_00033.jpg
roboflow_skin_problem_clean3/train/364_jpg.rf.bf11ee7589dba0c6931f670a2da79c47.jpg,roboflow_skin_problem_clean3,Wrinkles,wrinkle,9b5f36e17c3516b555ea7428d5a14ce98d84c49358aff10f34e6075a49cb5bed,test,data/processed/test/wrinkle/9b5f36e17c3516b5_00034.jpg
roboflow_skin_problem_clean3/train/242_jpg.rf.33d33424a50a3bce6bc061e2dd4092c7.jpg,roboflow_skin_problem_clean3,Wrinkles,wrinkle,4e6ce78003c8da7241ccb0113bffe3544adfc49c2018f31d308fc4ea7bbcb1da,test,data/processed/test/wrinkle/4e6ce78003c8da72_00035.jpg
roboflow_skin_problem_clean3/train/269_jpg.rf.7ceddc4b4c71a7a1d30fdda15eeb8fd9.jpg,roboflow_skin_problem_clean3,Wrinkles,wrinkle,5d778f420098c0cfa52bf20fdbfa766aef3f60b1ade4e8094d40046e8a3fc991,test,data/processed/test/wrinkle/5d778f420098c0cf_00036.jpg
roboflow_skin_problem_clean3/train/332_jpg.rf.f6a6eafee4f048355a2259ea1b317d43.jpg,roboflow_skin_problem_clean3,Wrinkles,wrinkle,609bffaf2a0f9b8d4cea92ce38cb041db161f6eb9df232198e1cc56159b38453,test,data/processed/test/wrinkle/609bffaf2a0f9b8d_00037.jpg
kaggle_acne_wrinkle_spots/wrinkles/wrinkle167.png,kaggle_acne_wrinkle_spots,wrinkles,wrinkle,9220bcca217548aee5a966bb59f7d27ae1ce23e557e9ef31ee91ae4a515765e6,test,data/processed/test/wrinkle/9220bcca217548ae_00038.png
roboflow_skin_problem_clean3/train/271_jpg.rf.e799fba8c08f42912ff9b5ef932e6d1c.jpg,roboflow_skin_problem_clean3,Wrinkles,wrinkle,89d56889bcb675550204eddb8533ce2b8d22d292f1ee302e2363b907a40f23ff,test,data/processed/test/wrinkle/89d56889bcb67555_00039.jpg
roboflow_skin_problem_clean3/train/185_jpg.rf.4673ad2d14eb930dad356ddf92dd7e31.jpg,roboflow_skin_problem_clean3,Wrinkles,wrinkle,ec5e11d9a921ed2da9dc9bd85e5ecaaf88d3036c261af094346f5d2fcadab648,test,data/processed/test/wrinkle/ec5e11d9a921ed2d_00040.jpg
roboflow_skin_problem_clean3/train/16_jpeg.rf.0f36d849d1b1fe6383cc32d926ac4c4b.jpg,roboflow_skin_problem_clean3,Wrinkles,wrinkle,7858f5b6655d3de414ee8103560fd824170137f8d4b0fba0090cc970b0fc74ac,test,data/processed/test/wrinkle/7858f5b6655d3de4_00041.jpg
kaggle_acne_wrinkle_spots/wrinkles/wrinkles120.png,kaggle_acne_wrinkle_spots,wrinkles,wrinkle,1b9a425d8edb7773bc06a9f8cb68a862fd3b269544c1a759d0442d7ce2a6dcfb,test,data/processed/test/wrinkle/1b9a425d8edb7773_00042.png
roboflow_skin_problem_clean3/train/357_jpg.rf.be2be536d4840b19197a3fee8012e7b0.jpg,roboflow_skin_problem_clean3,Wrinkles,wrinkle,1aa5292d0333124f4de6225dbe94784ea415c56bcc9ee3641704fa56fdd644a2,test,data/processed/test/wrinkle/1aa5292d0333124f_00043.jpg
roboflow_skin_problem_clean3/train/265_jpeg.rf.1a1b5742817923bc2de62143b0ac5b71.jpg,roboflow_skin_problem_clean3,Wrinkles,wrinkle,76756b7ed74fb3cd1d78d8627580f1c44dd3d37c9329f5092ff7dd48c18fca6c,test,data/processed/test/wrinkle/76756b7ed74fb3cd_00044.jpg
kaggle_acne_wrinkle_spots/wrinkles/wrinkles145.png,kaggle_acne_wrinkle_spots,wrinkles,wrinkle,3262100d1e7b373946b90032bfe09983375744b3edae353beed19599e6c33d4f,test,data/processed/test/wrinkle/3262100d1e7b3739_00045.png
kaggle_acne_wrinkle_spots/wrinkles/wrinkles62.png,kaggle_acne_wrinkle_spots,wrinkles,wrinkle,cbd0ba9f1afd749e602ebdda26b3dd8460c025935304f78d53050d6a000791fd,test,data/processed/test/wrinkle/cbd0ba9f1afd749e_00046.png
kaggle_acne_wrinkle_spots/wrinkles/wrinkle178.png,kaggle_acne_wrinkle_spots,wrinkles,wrinkle,6bb70bf4d8b5f8b56c2f5b3e23d473d1894a44425dea4ae03e1a1429689e3f27,test,data/processed/test/wrinkle/6bb70bf4d8b5f8b5_00047.png
kaggle_acne_wrinkle_spots/acne/acne198.png,kaggle_acne_wrinkle_spots,acne,acne,7fb94da846c0807725ef5df539a24c7c334a2155d1eb6d03ce44151fa10c0eca,train,data/processed/train/acne/7fb94da846c08077_00000.jpg
roboflow_skin_problem_clean3/test/207_jpg.rf.b21da002bd9c700fdac98aff8634a0a9.jpg,roboflow_skin_problem_clean3,Acne,acne,443d69eca3fde0fb635e8f330ffb6528611151307cc7108163df417afc1efa0b,train,data/processed/train/acne/443d69eca3fde0fb_00001.jpg
roboflow_skin_problem_clean3/valid/Image_14-2-_jpg.rf.af0c7b50dbba6e4630842252c468860f.jpg,roboflow_skin_problem_clean3,Acne,acne,dc40ff6d31d3a64a19dab8e6b2229b84ed56a77f04ec784478b67839529c2ac8,train,data/processed/train/acne/dc40ff6d31d3a64a_00002.jpg
roboflow_skin_problem_clean3/train/315_jpg.rf.513f166e47387bc5cf61658c82df5575.jpg,roboflow_skin_problem_clean3,Acne,acne,05210d84e73dd21a7bf5407dcfd0acea3ae7fa059737e141d87da666ce3a4c9f,train,data/processed/train/acne/05210d84e73dd21a_00003.jpg
roboflow_skin_problem_clean3/train/165_jpg.rf.2e1f5e9627a32b8f6a3169711d5c3fef.jpg,roboflow_skin_problem_clean3,Acne,acne,60f6db40a6de69b0e725cd970dabd4b5ddeed8603f3ea1507e84bd004c9d7280,train,data/processed/train/acne/60f6db40a6de69b0_00004.jpg
roboflow_skin_problem_clean3/valid/acne-39-_png.rf.50b689d4b8e4b53c62a57e051103e7a3.jpg,roboflow_skin_problem_clean3,Acne,acne,79230a38f3e6cab94773fa077025102610804f2e551297a6e0906ffa38ff7774,train,data/processed/train/acne/79230a38f3e6cab9_00005.jpg
kaggle_acne_wrinkle_spots/acne/acne169.png,kaggle_acne_wrinkle_spots,acne,acne,2c28a292b1fcbad6e08d90495c71cd1ae97af52f5fa683faf369f040c274b97d,train,data/processed/train/acne/2c28a292b1fcbad6_00006.jpg
roboflow_skin_problem_clean3/valid/acne-26-_png.rf.120de04d73d66bb566a5fbd45770150e.jpg,roboflow_skin_problem_clean3,Acne,acne,da7d42bc7e8b0f83315e13e2fe4a6b52df675d37604b9b736a56d794312feae1,train,data/processed/train/acne/da7d42bc7e8b0f83_00007.jpg
roboflow_skin_problem_clean3/test/acne-46-_png.rf.02a98f0361cf105d62a05532a168112a.jpg,roboflow_skin_problem_clean3,Acne,acne,7c254db8706df56351433e7b336a8da4cebf0596d2ee55a7de98b83a61c55c09,train,data/processed/train/acne/7c254db8706df563_00008.jpg
roboflow_skin_problem_clean3/train/Image_61_jpg.rf.01f445ddec2655aa3f56b3b8236b155c.jpg,roboflow_skin_problem_clean3,Acne,acne,52347fa876cf405261aa262a7036a2e3e6beca8e5e679c5ec2f62eff83839e3f,train,data/processed/train/acne/52347fa876cf4052_00009.jpg
roboflow_skin_problem_clean3/train/levle2_109_jpg.rf.b6da0c4ae4dddb8af42faaff33800909.jpg,roboflow_skin_problem_clean3,Acne,acne,343ae01578939e0b318080c27bb733e7918827ae1965b8c6711d6fa6baae1ebb,train,data/processed/train/acne/343ae01578939e0b_00010.jpg
roboflow_skin_problem_clean3/train/oily-272-_jpg.rf.c2004519de5ef8fc5c4c3887d398144f.jpg,roboflow_skin_problem_clean3,Acne,acne,d3b1c132ed2c6acbb79ea1b933c642f0e8a7145c4da6be6c1d8760fa891df256,train,data/processed/train/acne/d3b1c132ed2c6acb_00011.jpg
kaggle_acne_wrinkle_spots/acne/acne129.png,kaggle_acne_wrinkle_spots,acne,acne,edc41134c34a0dbd48974df3cc1ad304e6bdf721268256d698f5b5655f6982d3,train,data/processed/train/acne/edc41134c34a0dbd_00012.png
kaggle_acne_wrinkle_spots/acne/acne23.png,kaggle_acne_wrinkle_spots,acne,acne,2a7a0a677ce7016a8631a23737735fa6368ac6ed363ae52ae7f00e45a28ab0fe,train,data/processed/train/acne/2a7a0a677ce7016a_00013.png
roboflow_skin_problem_clean3/train/acne-128-_jpg.rf.ad320f60880f193c7edf4219ea72d415.jpg,roboflow_skin_problem_clean3,Acne,acne,483d4d2d32dcbcffc3bf393903d0045cbae7f41ae1f8711a5cb741ed17ec846f,train,data/processed/train/acne/483d4d2d32dcbcff_00014.jpg
roboflow_skin_problem_clean3/test/Image_70_jpg.rf.ae3cb5e26d34d4bbb433b98793937688.jpg,roboflow_skin_problem_clean3,Acne,acne,bcc05a20353e2cfa661f4028842f19db6ec5b99fab353493ea024a279cd5c611,train,data/processed/train/acne/bcc05a20353e2cfa_00015.jpg
roboflow_skin_problem_clean3/train/236_jpg.rf.6ca8a1e9c9d17edc92cca4845c2f6885.jpg,roboflow_skin_problem_clean3,Acne,acne,bf7b40cc47a627a34d44d841c1406e3cfa1dac1a37298dbd9caa3c0cd0c23037,train,data/processed/train/acne/bf7b40cc47a627a3_00016.jpg
roboflow_skin_problem_clean3/train/acne-42-_jpg.rf.f9dad76b0c15078e72616d27d02d1dc8.jpg,roboflow_skin_problem_clean3,Acne,acne,26ee7d95357a1b3d19775e6eb8159661be472d6119451fdf8319c4ca148b76cb,train,data/processed/train/acne/26ee7d95357a1b3d_00017.jpg
kaggle_acne_wrinkle_spots/acne/acne66.png,kaggle_acne_wrinkle_spots,acne,acne,c217cd4e4b25bc323b8f31acf6ae6b999de26a1f25186de16adb6ebb76623c00,train,data/processed/train/acne/c217cd4e4b25bc32_00018.png
roboflow_skin_problem_clean3/test/acne-10-_jpg.rf.07c4538aafe410693dab8d40df37862b.jpg,roboflow_skin_problem_clean3,Acne,acne,459ae8a74d6c7472bad419c16b94e4f1e80090ab3ab31f86935ee2bc2091517a,train,data/processed/train/acne/459ae8a74d6c7472_00019.jpg
roboflow_skin_problem_clean3/train/457_jpg.rf.e546664a0d5314981652f3330d439b95.jpg,roboflow_skin_problem_clean3,Acne,acne,23dd28a08ddbe739da6a0c79e386775aace86630f1d423846eefe28894f3b2c3,train,data/processed/train/acne/23dd28a08ddbe739_00020.jpg
roboflow_skin_problem_clean3/test/130_jpg.rf.dec15bdf6143e442f5264cd87d27277c.jpg,roboflow_skin_problem_clean3,Acne,acne,83b4aabc27d10dd5f9fef7914c37c6b9229287225d45f8ab9e458813b38fda92,train,data/processed/train/acne/83b4aabc27d10dd5_00021.jpg
roboflow_skin_problem_clean3/train/Image_69_jpg.rf.1793fd1715aca7878e483c0b9c1fedb1.jpg,roboflow_skin_problem_clean3,Acne,acne,8ec29a44c55f51e195a1c18117eae3e34c87df52f9d92ae6b8a884e1546caa4e,train,data/processed/train/acne/8ec29a44c55f51e1_00022.jpg
roboflow_skin_problem_clean3/train/274_jpg.rf.a204abd0daa4c40a9c2d84566bd8f0ea.jpg,roboflow_skin_problem_clean3,Acne,acne,05a46d3400acb2b64a2b9febe58cc8af768f7fa282056a38dad1ae232f02bda4,train,data/processed/train/acne/05a46d3400acb2b6_00023.jpg
roboflow_skin_problem_clean3/valid/oily-247-_jpg.rf.219ad24b40ed7d52924b600b7ebd5717.jpg,roboflow_skin_problem_clean3,Acne,acne,ce2908283fee328539dc03478094b1a7fe61e8d0870ad5fc2ded249dbf535178,train,data/processed/train/acne/ce2908283fee3285_00024.jpg
roboflow_skin_problem_clean3/train/levle1_29_jpg.rf.5271eac022775e1444d4e707f8ab1329.jpg,roboflow_skin_problem_clean3,Acne,acne,80bb6ddccdbc4c4c4420ae07a2fd37998071af6551dbad00a9fb7ebcd06adf55,train,data/processed/train/acne/80bb6ddccdbc4c4c_00025.jpg
roboflow_skin_problem_clean3/train/acne-204-_jpeg.rf.5b448b2b6f561dc1495d3ffaf2178712.jpg,roboflow_skin_problem_clean3,Acne,acne,557e5bc13bad4214edb078398b04d2b46c021f0aa43b915e1d40790b793dec8e,train,data/processed/train/acne/557e5bc13bad4214_00026.jpg
kaggle_acne_wrinkle_spots/acne/acne137.png,kaggle_acne_wrinkle_spots,acne,acne,ef7c4fdaa4ffa721876c9e406cdb114adfe63bd4a50954d9ced9b24d4a732c42,train,data/processed/train/acne/ef7c4fdaa4ffa721_00027.png
roboflow_skin_problem_clean3/train/334_jpg.rf.0bc610384804a9f9c0e9e262a9db5de2.jpg,roboflow_skin_problem_clean3,Acne,acne,b4c5652c5571088e02d530ca4298c3a6d7cf0b90c746a6052489a1ad46aa07fb,train,data/processed/train/acne/b4c5652c5571088e_00028.jpg
roboflow_skin_problem_clean3/train/levle1_176_jpg.rf.e1f8a5b4367a624f7e167a3a518cf97d.jpg,roboflow_skin_problem_clean3,Acne,acne,d75a16a96ba6accefc3ddfe8bb574712d46925ec50379cd04edf08654764c10c,train,data/processed/train/acne/d75a16a96ba6acce_00029.jpg
roboflow_skin_problem_clean3/train/levle1_247_jpg.rf.fa191576161bfa895171251ae3b535c2.jpg,roboflow_skin_problem_clean3,Acne,acne,e8d38a7e13288f4b219f726dd7454d83f166e34c035c68e79221be331f9a1625,train,data/processed/train/acne/e8d38a7e13288f4b_00030.jpg
roboflow_skin_problem_clean3/valid/Image_105_jpg.rf.bdfc9fc44748acacd48a278c8630c9c5.jpg,roboflow_skin_problem_clean3,Acne,acne,25f3c9f92cda0bdcaf76bca270e3991de0333dc7168a1e550aed177f64a9388e,train,data/processed/train/acne/25f3c9f92cda0bdc_00031.jpg
kaggle_acne_wrinkle_spots/acne/acne186.png,kaggle_acne_wrinkle_spots,acne,acne,3c048981965cd457f4bb674ed4367315db0b6abd5b8fa5a741f8f176a8a346bf,train,data/processed/train/acne/3c048981965cd457_00032.png
roboflow_skin_problem_clean3/train/ac1_jpg.rf.93995d0a5d1c23caf8058628004e2284.jpg,roboflow_skin_problem_clean3,Acne,acne,973e9377b93b0dea38b1b2cc1ff0002f86776ca44f0f7e34fc0bf5867f066f14,train,data/processed/train/acne/973e9377b93b0dea_00033.jpg
roboflow_skin_problem_clean3/valid/acne-30-_jpeg.rf.c7f2fe0d18daf2b53035826023663304.jpg,roboflow_skin_problem_clean3,Acne,acne,47264380c6db832e8338c8a5aac12c9f4b14fc5384133630f9b84dc69b9aa960,train,data/processed/train/acne/47264380c6db832e_00034.jpg
roboflow_skin_problem_clean3/valid/Image_5_jpg.rf.9df65a78633d322ae8f9611d02f287a5.jpg,roboflow_skin_problem_clean3,Acne,acne,3f117fe16932ea9ba75056d454240037775115d9b263832c72cbc2fce19983dc,train,data/processed/train/acne/3f117fe16932ea9b_00035.jpg
roboflow_skin_problem_clean3/test/261_jpg.rf.55a99574958f5c5cbe0a2561067263f7.jpg,roboflow_skin_problem_clean3,Acne,acne,fba3c551eba3c202177b16f4f5d736dd945d77258c70ab4ec6cb06b6257a60b6,train,data/processed/train/acne/fba3c551eba3c202_00036.jpg
roboflow_skin_problem_clean3/train/503_jpg.rf.9caa5b0ffed18986309bc70141d69d7f.jpg,roboflow_skin_problem_clean3,Acne,acne,a826f7d62a5344f1cc2b700797306526509b8e74ff1019d3cab4da3d9407dbda,train,data/processed/train/acne/a826f7d62a5344f1_00037.jpg
kaggle_acne_wrinkle_spots/acne/acne124.png,kaggle_acne_wrinkle_spots,acne,acne,c960a3cfd4947c28116c8f06088c1209065ff7f3cfbe7c4eee3c989993e3aaa7,train,data/processed/train/acne/c960a3cfd4947c28_00038.jpg
roboflow_skin_problem_clean3/train/291_jpg.rf.68773e3a6128059d6d78c349ebbb33ec.jpg,roboflow_skin_problem_clean3,Acne,acne,dc64aede6c27099608a40f003bff6cf3b86e30e0d847229c16c699eb3fc2ab14,train,data/processed/train/acne/dc64aede6c270996_00039.jpg
roboflow_skin_problem_clean3/valid/acne-3-_jpg.rf.61d54eb6317589c82e2960baa0e6c00c.jpg,roboflow_skin_problem_clean3,Acne,acne,903636f742142a0ad32718beb5f3b76a66a8241169ec6a4bb4c62b7b1f6a9c82,train,data/processed/train/acne/903636f742142a0a_00040.jpg
roboflow_skin_problem_clean3/train/acne-30-_png.rf.cfd5bd517e992a90968e0fdc992798ef.jpg,roboflow_skin_problem_clean3,Acne,acne,e1506c4e717f52b2daca025f8ac9a5c0e9693704f78b23ddb85ddca173d28be2,train,data/processed/train/acne/e1506c4e717f52b2_00041.jpg
roboflow_skin_problem_clean3/test/417_jpg.rf.798e653186e9b32dfb9a21b4aaab3e05.jpg,roboflow_skin_problem_clean3,Acne,acne,0361ecc10b29bd6c00b3c2d1080617db7b8cc24a2c50d903495bd4baeff46c2d,train,data/processed/train/acne/0361ecc10b29bd6c_00042.jpg
roboflow_skin_problem_clean3/valid/acne-10-_png.rf.934edf44b6c72002fb81f2e5f59c0391.jpg,roboflow_skin_problem_clean3,Acne,acne,48b2e6061783e35e24a921dfbf870f459c845f7630fcb79ca2ba0d2f5e4faf4e,train,data/processed/train/acne/48b2e6061783e35e_00043.jpg
roboflow_skin_problem_clean3/valid/acne-165-_jpg.rf.1aa0a41932076ec04d2fb7736f1c158c.jpg,roboflow_skin_problem_clean3,Acne,acne,527b2ad6de935a7a6eebac8e6794b473261c728834c1fb99126892ca64e4bcbf,train,data/processed/train/acne/527b2ad6de935a7a_00044.jpg
roboflow_skin_problem_clean3/train/326_jpg.rf.07bbfcca492fddc526340b496cdcdd37.jpg,roboflow_skin_problem_clean3,Acne,acne,105d9faf782b9341454ac2a114bb0b1933589fc3a072bc97e4ef1d6448d4ab2c,train,data/processed/train/acne/105d9faf782b9341_00045.jpg
roboflow_skin_problem_clean3/train/Image_10_jpg.rf.5b104107a5a8cbbcf17d554ad00dfcbd.jpg,roboflow_skin_problem_clean3,Acne,acne,47e7a642c339c45f8c6a77a0c72c4f50ebd8be8b6a3558bfc83b912df0cb7878,train,data/processed/train/acne/47e7a642c339c45f_00046.jpg
roboflow_skin_problem_clean3/valid/24_jpg.rf.885deb91d687924189d608d68d1c5e98.jpg,roboflow_skin_problem_clean3,Acne,acne,daa90b01d65774610eadc53d5cdc51a77fab14a0ff90647b1fb6c8cf4d4470b9,train,data/processed/train/acne/daa90b01d6577461_00047.jpg
roboflow_skin_problem_clean3/train/acne-prone-skin_134_jpeg.rf.bd1ec5c68dc070bd55a06a75de3ecc31.jpg,roboflow_skin_problem_clean3,Acne,acne,a7ba13da877def93723575cf0b872bd1123c584df7c3ac9deb3ecafd1c5ca7a4,train,data/processed/train/acne/a7ba13da877def93_00048.jpg
kaggle_acne_wrinkle_spots/acne/acne196.png,kaggle_acne_wrinkle_spots,acne,acne,5251c459aa49414ddeda9c2cf36617652b3c3fee7f9ab55ced320ab894e90521,train,data/processed/train/acne/5251c459aa49414d_00049.jpg
kaggle_acne_wrinkle_spots/acne/acne15.png,kaggle_acne_wrinkle_spots,acne,acne,1664d9adc7bed99f91e37f9792fdb04c881ce5ead90ea8331f0f274139982757,train,data/processed/train/acne/1664d9adc7bed99f_00050.png
roboflow_skin_problem_clean3/train/Image_82_jpg.rf.5a2fa723a1de28647c93eefcd655c260.jpg,roboflow_skin_problem_clean3,Acne,acne,25f80f0dc66b1a4924708d9a67e526df20933380b2574a34b53b437ee5fcb52d,train,data/processed/train/acne/25f80f0dc66b1a49_00051.jpg
roboflow_skin_problem_clean3/train/levle1_256_jpg.rf.bbebe43733e92065dd3f9116baa42e4d.jpg,roboflow_skin_problem_clean3,Acne,acne,ca2286963d2a8fb5c39e69520b1c521a1e64cf7dcd4577127dd456a1f1622cff,train,data/processed/train/acne/ca2286963d2a8fb5_00052.jpg
roboflow_skin_problem_clean3/train/levle2_61_jpg.rf.34a6d0ccf6a9776486710545ef82df4a.jpg,roboflow_skin_problem_clean3,Acne,acne,9baa047bf5ee64c27e642c62d693b46349ada77247bb0c3f676139a0765c8e14,train,data/processed/train/acne/9baa047bf5ee64c2_00053.jpg
roboflow_skin_problem_clean3/train/levle1_492_jpg.rf.0c760b5c159ccea4122d43613c70f965.jpg,roboflow_skin_problem_clean3,Acne,acne,655769cba0ef604c75e7c3b5175412e755246a4a6a101b1ec5e1fe939bd7897b,train,data/processed/train/acne/655769cba0ef604c_00054.jpg
roboflow_skin_problem_clean3/train/acne-6-_png.rf.19e5acb80e4c8f551154a9c8fbaf50cc.jpg,roboflow_skin_problem_clean3,Acne,acne,caa67557a6fe70b6fc75bb9f504e09019d3c3401e80dc4385e2e7b436f212584,train,data/processed/train/acne/caa67557a6fe70b6_00055.jpg
roboflow_skin_problem_clean3/train/acne-20-_jpg.rf.af19c202c3777eaf3eb227ea37e2a03c.jpg,roboflow_skin_problem_clean3,Acne,acne,c8c309c99abf2c9a297859cb8a41e52290adbaab53db275205b36093290ab745,train,data/processed/train/acne/c8c309c99abf2c9a_00056.jpg
roboflow_skin_problem_clean3/train/221_jpg.rf.57f77df4f4b7360037f49918f9f10c05.jpg,roboflow_skin_problem_clean3,Acne,acne,fabc58734739f6e62348d4562b205f81447a5b1bdc6f13a172ed3996bc9dbafe,train,data/processed/train/acne/fabc58734739f6e6_00057.jpg
roboflow_skin_problem_clean3/train/acne-1-_jpg.rf.82a8441a30e1623ef5d576763afa44ab.jpg,roboflow_skin_problem_clean3,Acne,acne,5c6464438e1160eaae2d6787419fb32aba37f7c24cb5d0e972d4b9344e3e50e8,train,data/processed/train/acne/5c6464438e1160ea_00058.jpg
roboflow_skin_problem_clean3/train/acne-44-_jpeg.rf.6389ffa2e383b12849534b6d3ef26d12.jpg,roboflow_skin_problem_clean3,Acne,acne,22bec91c0f75d4ebc9d4ec9a4a9759416fc25cd786f0659ab64eef32198c32f0,train,data/processed/train/acne/22bec91c0f75d4eb_00059.jpg
roboflow_skin_problem_clean3/train/levle0_375_jpg.rf.9d5515a719b52bc6bc63446f16a85ab9.jpg,roboflow_skin_problem_clean3,Acne,acne,cc7fd26cdaafe8f88fbd1817d1bdb9ed355e3f7a7261d93b62b222168eeada35,train,data/processed/train/acne/cc7fd26cdaafe8f8_00060.jpg
roboflow_skin_problem_clean3/train/335_jpg.rf.8873a839dddc7130497f82f9ded4bc2c.jpg,roboflow_skin_problem_clean3,Acne,acne,8f5b3742c951fa10f6afaec9bc09ecd30a86c602440d32f442fb7e5d25146246,train,data/processed/train/acne/8f5b3742c951fa10_00061.jpg
roboflow_skin_problem_clean3/train/Ance-Scars_jpg.rf.2cb09c46d21579a9a698d0296bff2fee.jpg,roboflow_skin_problem_clean3,Acne,acne,e45b110636f7cc8dc7078ffa72865565c64bacd88642b74dd010e4f9dfc100db,train,data/processed/train/acne/e45b110636f7cc8d_00062.jpg
roboflow_skin_problem_clean3/test/Image_45_jpg.rf.2675f98c10d5d1300502d24a45d8e8dd.jpg,roboflow_skin_problem_clean3,Acne,acne,0a3ee0ea511b1d1fddcd304cefd248709c5ffe15c36a33a6794182a186f7b0bc,train,data/processed/train/acne/0a3ee0ea511b1d1f_00063.jpg
kaggle_acne_wrinkle_spots/acne/acne53.png,kaggle_acne_wrinkle_spots,acne,acne,85dab223e020598bd9dbe74e93e49a4e819c336d8974bb3461ed0e9b1eb444b6,train,data/processed/train/acne/85dab223e020598b_00064.png
roboflow_skin_problem_clean3/test/9_jpg.rf.736b457dfffb679c8888485ad95783c9.jpg,roboflow_skin_problem_clean3,Acne,acne,e8dcb6a80d2bb28e96537a441af3ef11efaa45b2692e560e5bc546dceb372730,train,data/processed/train/acne/e8dcb6a80d2bb28e_00065.jpg
roboflow_skin_problem_clean3/test/oily-34-_jpg.rf.bddd2b50ac292307ee15736675f64c7d.jpg,roboflow_skin_problem_clean3,Acne,acne,1f3273ac0a2e396b4c9a12696d488ec5f04989826c8f92832929840f1fa9e8f9,train,data/processed/train/acne/1f3273ac0a2e396b_00066.jpg
roboflow_skin_problem_clean3/test/Image_39_jpg.rf.7ee9fba2c5afbc9c7c784c17ecebc728.jpg,roboflow_skin_problem_clean3,Acne,acne,88540947b4c1c0554efa3845f91963f96fb00a58a7f1b118f22077706946ccb6,train,data/processed/train/acne/88540947b4c1c055_00067.jpg
roboflow_skin_problem_clean3/train/158_jpg.rf.6c7eba4631f05bab96bcf2f9369072c7.jpg,roboflow_skin_problem_clean3,Acne,acne,00b29ef5d65647a9dbe537b66930247f9ecfb7ec2e792d87f56d6192a6247a98,train,data/processed/train/acne/00b29ef5d65647a9_00068.jpg
kaggle_acne_wrinkle_spots/acne/acne153.png,kaggle_acne_wrinkle_spots,acne,acne,b957aebddcaabbdb87688cce407f29c812bd0947a285a4873faefe8e8911e8a4,train,data/processed/train/acne/b957aebddcaabbdb_00069.png
roboflow_skin_problem_clean3/valid/acne-43-_png.rf.ea836f4c82a1bfe95bb64b2d9316b2b1.jpg,roboflow_skin_problem_clean3,Acne,acne,060515fa7e418abd466250424a126c4ec1333c7700a6f5c95b5b9b2cb3518cda,train,data/processed/train/acne/060515fa7e418abd_00070.jpg
kaggle_acne_wrinkle_spots/acne/acne150.png,kaggle_acne_wrinkle_spots,acne,acne,3ea32199e9f6c30ee79311e49d91d03bd6d057407b984144a571ce22de396fb6,train,data/processed/train/acne/3ea32199e9f6c30e_00071.png
roboflow_skin_problem_clean3/train/acne-5-_png.rf.89353bb3dcff864f6ce4bfe54cf98b5f.jpg,roboflow_skin_problem_clean3,Acne,acne,69eca2daad30aab671de3e597c8a7eac42a639c9fd72a21c4baf20edb644222b,train,data/processed/train/acne/69eca2daad30aab6_00072.jpg
roboflow_skin_problem_clean3/train/acne-15-_png.rf.878d9d2fcce1a963924ce2be2adac3f9.jpg,roboflow_skin_problem_clean3,Acne,acne,2a8955a26e27514700b61071262ecf299f12de575a94017a2106e3738884f25d,train,data/processed/train/acne/2a8955a26e275147_00073.jpg
kaggle_acne_wrinkle_spots/acne/acne187.png,kaggle_acne_wrinkle_spots,acne,acne,78de6419ec801b66fe4bc4ba9e8a7eaaa27806ee4c7f2ad69b608811e10ad24f,train,data/processed/train/acne/78de6419ec801b66_00074.png
roboflow_skin_problem_clean3/train/Image_58_jpeg.rf.1c7e41e3244999112ee912c2bb90fe81.jpg,roboflow_skin_problem_clean3,Acne,acne,19dd601b2251b19614cf6d2f9c41972f673b995877303a0361f0aad0f48a7aee,train,data/processed/train/acne/19dd601b2251b196_00075.jpg
roboflow_skin_problem_clean3/train/391_jpg.rf.70ca50080a206d6142fff1d215448454.jpg,roboflow_skin_problem_clean3,Acne,acne,365ac6615ad4e3373ae370e9fa648d0d975ae9aa30c79c9d36c99c2de61a5693,train,data/processed/train/acne/365ac6615ad4e337_00076.jpg
kaggle_acne_wrinkle_spots/acne/acne184.png,kaggle_acne_wrinkle_spots,acne,acne,2ffbabab1a162e48837ce752b8ce3649498107046f70e0ad03b3b5a789d72498,train,data/processed/train/acne/2ffbabab1a162e48_00077.png
kaggle_acne_wrinkle_spots/acne/acne16.png,kaggle_acne_wrinkle_spots,acne,acne,5ce911c4bed543aead13cc73a268b57606be013f88b2b1c7d60eab1a6e1f9749,train,data/processed/train/acne/5ce911c4bed543ae_00078.jpg
roboflow_skin_problem_clean3/train/acne-15-_jpeg.rf.a57e49e1187f25d5a0e392f4693edc37.jpg,roboflow_skin_problem_clean3,Acne,acne,b33c69839e4862336062c21ab9cefe56e17c36143f3b1ba8ede45ccc89949025,train,data/processed/train/acne/b33c69839e486233_00079.jpg
roboflow_skin_problem_clean3/train/acne-29-_jpeg.rf.c867c3783b29cae4eac9bc9441a81a29.jpg,roboflow_skin_problem_clean3,Acne,acne,78d511ea013b2e6033008939fe9a6746db266d6de5538f2d963e93bdbea5dc91,train,data/processed/train/acne/78d511ea013b2e60_00080.jpg
kaggle_acne_wrinkle_spots/acne/acne33.png,kaggle_acne_wrinkle_spots,acne,acne,be4e1a7f4345372688d7f3657d52f9c7709311ac60448344be2024212d2a2ecd,train,data/processed/train/acne/be4e1a7f43453726_00081.jpg
roboflow_skin_problem_clean3/train/527_jpg.rf.71c81203c26b05332679a78f3b684529.jpg,roboflow_skin_problem_clean3,Acne,acne,d7ec649af2390d4d15a94b4dc7732f858ae3cbdfbef7cc5d11ae0f683ddca737,train,data/processed/train/acne/d7ec649af2390d4d_00082.jpg
roboflow_skin_problem_clean3/train/acne-88-_jpeg.rf.2ef65e51a70140d7085519d78b282d1a.jpg,roboflow_skin_problem_clean3,Acne,acne,7a98b762823608a1a7f586e643d1fea8ba5dd69dbeb0a616bab6f734bd87415a,train,data/processed/train/acne/7a98b762823608a1_00083.jpg
roboflow_skin_problem_clean3/train/acne-9-_png.rf.634655da5b76e50c959a1ada5420ed73.jpg,roboflow_skin_problem_clean3,Acne,acne,04c91159dd3d71d4c5f750d5fafe61afb2a7991e89c171e6cf159c049e41f53c,train,data/processed/train/acne/04c91159dd3d71d4_00084.jpg
roboflow_skin_problem_clean3/test/581_jpg.rf.d57739e4fc0b7000c1e0c5717e15dc38.jpg,roboflow_skin_problem_clean3,Acne,acne,4c37cd597a24577baa1ef64466bc5fd97985bd81d3d4643eacbc711c130732ba,train,data/processed/train/acne/4c37cd597a24577b_00085.jpg
roboflow_skin_problem_clean3/train/96_jpg.rf.2a3155f6f48a4694eb07b7c8ada62062.jpg,roboflow_skin_problem_clean3,Acne,acne,8103b88e528d5f842756c67b524697265970d01bf1ce1b645c3b84c8bac1fa1c,train,data/processed/train/acne/8103b88e528d5f84_00086.jpg
roboflow_skin_problem_clean3/test/339_jpg.rf.2c1f82fef7ea7c7a8c9db2636713d769.jpg,roboflow_skin_problem_clean3,Acne,acne,d3811c5fbb0a8681eb531dc9c7c66107613acf27daf32c2d34091ab909110398,train,data/processed/train/acne/d3811c5fbb0a8681_00087.jpg
kaggle_acne_wrinkle_spots/acne/acne32.png,kaggle_acne_wrinkle_spots,acne,acne,99c4aa4171e60da79b345a9f36b5bfbacce365f7b43fb5388ab7ca43fd1c1370,train,data/processed/train/acne/99c4aa4171e60da7_00088.png
kaggle_acne_wrinkle_spots/acne/acne77.png,kaggle_acne_wrinkle_spots,acne,acne,bc57974bec0df4fd0b17d30ed692c0a8a64d18b96385362030df1a8845dac204,train,data/processed/train/acne/bc57974bec0df4fd_00089.png
kaggle_acne_wrinkle_spots/acne/acne57.png,kaggle_acne_wrinkle_spots,acne,acne,f2bd76d79d1c667c91752049596cccbad6def5e6cd8a3fe053ecdbffc8a19a90,train,data/processed/train/acne/f2bd76d79d1c667c_00090.jpg
kaggle_acne_wrinkle_spots/acne/acne94.png,kaggle_acne_wrinkle_spots,acne,acne,40c9f2b3dcb7ef994e26ba5ef9a220db7c85d41a3df4cb18722b96f25ad19cb1,train,data/processed/train/acne/40c9f2b3dcb7ef99_00091.png
kaggle_acne_wrinkle_spots/acne/acne152.png,kaggle_acne_wrinkle_spots,acne,acne,43b4a494256c37e2e06c1d91ff13eeae429ce4b5de0ef0a9ecd9a59bfea4b94d,train,data/processed/train/acne/43b4a494256c37e2_00092.jpg
roboflow_skin_problem_clean3/train/acne-10-_jpeg.rf.0e312c4a85171e98572b6bde12402b71.jpg,roboflow_skin_problem_clean3,Acne,acne,b595dc54dc4e8016d98281f9ac9bedd805e49492f6cd86ee433ba404b166280a,train,data/processed/train/acne/b595dc54dc4e8016_00093.jpg
roboflow_skin_problem_clean3/train/330_jpg.rf.a1364362ed15a36c9599c38e6e7126b1.jpg,roboflow_skin_problem_clean3,Acne,acne,8f4166d7a50f4f7894d777c1a70dc8666fef25c319972863e260a3140581f963,train,data/processed/train/acne/8f4166d7a50f4f78_00094.jpg
roboflow_skin_problem_clean3/train/levle1_476_jpg.rf.fbf5070fddd347321b5f0af0d0c69247.jpg,roboflow_skin_problem_clean3,Acne,acne,b16ab20edeb541eb9b9df971085cb9f021bbcb8e1eb5bfb9fdfdcd9b2619074f,train,data/processed/train/acne/b16ab20edeb541eb_00095.jpg
roboflow_skin_problem_clean3/train/Image_60_jpg.rf.d350b000d7be5e84f12b8823f1e13e13.jpg,roboflow_skin_problem_clean3,Acne,acne,68aa4f42b47b6ce4d34d72570fba767bcc0933e36fdb182d0916b268ea3789f2,train,data/processed/train/acne/68aa4f42b47b6ce4_00096.jpg
roboflow_skin_problem_clean3/train/oily-63-_jpg.rf.6e809dac0a71e1f88adbd7c691e16945.jpg,roboflow_skin_problem_clean3,Acne,acne,f6f8b7dd8f9ca05e4a8acc0d336f41768ed5e38799c455f0c5aceccabb906bd9,train,data/processed/train/acne/f6f8b7dd8f9ca05e_00097.jpg
kaggle_acne_wrinkle_spots/acne/acne43.png,kaggle_acne_wrinkle_spots,acne,acne,68ab363e11692aba10ffb33f791913e27b8b04be45acf9b622c2c716195fdfc4,train,data/processed/train/acne/68ab363e11692aba_00098.jpg
roboflow_skin_problem_clean3/train/levle2_67_jpg.rf.e62a125becab0fd587f3060f65920dbb.jpg,roboflow_skin_problem_clean3,Acne,acne,2763cfc15a66bd870e0f6d5070f80c89b1aa03b6911d25d376288fb2eecdaf13,train,data/processed/train/acne/2763cfc15a66bd87_00099.jpg
roboflow_skin_problem_clean3/train/levle2_189_png.rf.1ecac6c21e6c2454eb5e1b8eefa58674.jpg,roboflow_skin_problem_clean3,Acne,acne,94399b8bf1c4774232d461647e53309c43de96626975aaea54741077a84ec7e0,train,data/processed/train/acne/94399b8bf1c47742_00100.jpg
roboflow_skin_problem_clean3/train/Image_45_jpg.rf.db366c2ccf88880533dd7f72bc292ef9.jpg,roboflow_skin_problem_clean3,Acne,acne,28b12967cd141f254785134441d217b4292833640f2a1fdc34dba3556c222edc,train,data/processed/train/acne/28b12967cd141f25_00101.jpg
roboflow_skin_problem_clean3/train/371_jpg.rf.d89c32b8473d467d3843ff115b7c6407.jpg,roboflow_skin_problem_clean3,Acne,acne,1836cf185715eb6b391b843e9a38a8b1bc866d54f756566e47c2e02cfc1a4317,train,data/processed/train/acne/1836cf185715eb6b_00102.jpg
roboflow_skin_problem_clean3/train/504_jpg.rf.b5c379a0f5cdfec733265cbc36beb561.jpg,roboflow_skin_problem_clean3,Acne,acne,2f68df52e5b5b5185fde6f5fd117c43b53d7c5d138af2d9a641237f243c0ce1f,train,data/processed/train/acne/2f68df52e5b5b518_00103.jpg
roboflow_skin_problem_clean3/valid/acne-17-_jpg.rf.79f339977fb06a307fac1fac941b91f7.jpg,roboflow_skin_problem_clean3,Acne,acne,a8218c59f3c81d112099f2e718857af846d54c842f57158088de177f892fc7ae,train,data/processed/train/acne/a8218c59f3c81d11_00104.jpg
kaggle_acne_wrinkle_spots/acne/acne128.png,kaggle_acne_wrinkle_spots,acne,acne,ccc99d999aa20de7aed5fe01889f719cf3246a5b9abfaca7a4ab402c02585d9e,train,data/processed/train/acne/ccc99d999aa20de7_00105.jpg
roboflow_skin_problem_clean3/valid/Image_144_jpg.rf.9ff47f8e273276b3ac8cae5212aaa511.jpg,roboflow_skin_problem_clean3,Acne,acne,be5c064c2920e850014c51e497388918dbcceb3e7672143fb75aed3999660dfd,train,data/processed/train/acne/be5c064c2920e850_00106.jpg
roboflow_skin_problem_clean3/train/levle0_167_jpg.rf.290a9edfac9215dbd11a481982b04616.jpg,roboflow_skin_problem_clean3,Acne,acne,da42b776f18ebac92dc2ac317e2f18ec57bb9ffb6b351fa9c4d5fc921bf0344f,train,data/processed/train/acne/da42b776f18ebac9_00107.jpg
kaggle_acne_wrinkle_spots/acne/acne12.png,kaggle_acne_wrinkle_spots,acne,acne,ebd04c417206ca03bcc0237d391fddfe9bc47d6d95afea8723d0bd79057f724a,train,data/processed/train/acne/ebd04c417206ca03_00108.png
roboflow_skin_problem_clean3/train/acne-8-_jpeg.rf.e4aecf9eed9b456eed5faeb465fa1962.jpg,roboflow_skin_problem_clean3,Acne,acne,2e033f8962801cf14b9095e59b9bfd27888f3cc0bb1adbcce67c7d8b61829b3b,train,data/processed/train/acne/2e033f8962801cf1_00109.jpg
roboflow_skin_problem_clean3/test/Image_100_jpg.rf.72bbd4bccffe3ecc5d29cd4d0163662b.jpg,roboflow_skin_problem_clean3,Acne,acne,45a97ff60c4e131692e5623e5629712a568f6a6e440452aa34fcdc8357d66fcf,train,data/processed/train/acne/45a97ff60c4e1316_00110.jpg
roboflow_skin_problem_clean3/train/185_jpg.rf.ead06bbaef0d30652e007d3adeb82b81.jpg,roboflow_skin_problem_clean3,Acne,acne,d949006d824b1ca7839218f1d35d365eb8a71fb96ebca1ad3066a519c5e46a20,train,data/processed/train/acne/d949006d824b1ca7_00111.jpg
kaggle_acne_wrinkle_spots/acne/acne28.png,kaggle_acne_wrinkle_spots,acne,acne,51feff087f50473d88699963faeaf257c02c343d6f3bec748f47f0d8c1295dac,train,data/processed/train/acne/51feff087f50473d_00112.jpg
roboflow_skin_problem_clean3/test/Image_53_png.rf.870501844ada1750de32496f832ff11b.jpg,roboflow_skin_problem_clean3,Acne,acne,f3105d942da90e4b8df308a87c507c311e8857c7aa01759b5b2fad68bf8cbf94,train,data/processed/train/acne/f3105d942da90e4b_00113.jpg
roboflow_skin_problem_clean3/train/acne-27-_jpeg.rf.79ff28d7f5531361ad80b37948a0b5c0.jpg,roboflow_skin_problem_clean3,Acne,acne,95d20668ef54cc7a0a61e457a7ed7ef6071f978a71afbc7b7a7fbdc5ecbca8d1,train,data/processed/train/acne/95d20668ef54cc7a_00114.jpg
kaggle_acne_wrinkle_spots/acne/acne115.png,kaggle_acne_wrinkle_spots,acne,acne,b7a48fc9e45b9d76f55076a4880d6a07084b5b1a26c22000e2200f0c19268d97,train,data/processed/train/acne/b7a48fc9e45b9d76_00115.jpg
roboflow_skin_problem_clean3/train/acne-9-_jpg.rf.3e14d2d249f79f0441e76b22567bd35a.jpg,roboflow_skin_problem_clean3,Acne,acne,106d08f91dafdb604a8570d090f2ed9faa452461b5728ecf1f5b60681888c2b9,train,data/processed/train/acne/106d08f91dafdb60_00116.jpg
roboflow_skin_problem_clean3/train/oily-33-_jpg.rf.a2a778ee2404d9418c6911e9bcda54ba.jpg,roboflow_skin_problem_clean3,Acne,acne,d7a8edc14ffaff1ae8265fc546205fd86aa3199bb0aae7ae9ce39b887775f04b,train,data/processed/train/acne/d7a8edc14ffaff1a_00117.jpg
roboflow_skin_problem_clean3/train/acne-16-_jpeg.rf.917a997f7d40e5e4f8afbafa0c4da899.jpg,roboflow_skin_problem_clean3,Acne,acne,59fb21153b5bec01901bb869b6fe003b4d08e9f319e180276ab88f84ab29a959,train,data/processed/train/acne/59fb21153b5bec01_00118.jpg
roboflow_skin_problem_clean3/valid/oily-65-_jpg.rf.44b0678bdd425e27e752d59a7771bfba.jpg,roboflow_skin_problem_clean3,Acne,acne,c9c55be426ff9e3e60fd97353ee1e0d3b497822efcf3b5249677a14b6f4f794a,train,data/processed/train/acne/c9c55be426ff9e3e_00119.jpg
roboflow_skin_problem_clean3/train/acne-2-_png.rf.ee3f6186810cd890566ec32f4c0c44a6.jpg,roboflow_skin_problem_clean3,Acne,acne,f9d491743d8613f7e7ad2113763b21583d91f17a6b38b31cd81e46412b1b1772,train,data/processed/train/acne/f9d491743d8613f7_00120.jpg
roboflow_skin_problem_clean3/train/acne-34-_jpeg.rf.57c3ff7e62e6146c58cc79e6580ca307.jpg,roboflow_skin_problem_clean3,Acne,acne,04a5195b460185f6939e639485041e5db2fbdda8c56ab5a51da491e873dd5ffb,train,data/processed/train/acne/04a5195b460185f6_00121.jpg
roboflow_skin_problem_clean3/train/acne-33-_jpeg.rf.0f05a83e99ad4f2d88c020eac9a965be.jpg,roboflow_skin_problem_clean3,Acne,acne,846f2083b05056e8a1930c5024d90d0dffe21300df9ee9f0becc7c26716bc1ff,train,data/processed/train/acne/846f2083b05056e8_00122.jpg
roboflow_skin_problem_clean3/train/586_jpg.rf.15a434de5bf6106b009db4d4b1cc7c1f.jpg,roboflow_skin_problem_clean3,Acne,acne,1ddbb17b313bebe590703360b70a449373d6a4290a2df5b721369db08689c1d5,train,data/processed/train/acne/1ddbb17b313bebe5_00123.jpg
roboflow_skin_problem_clean3/train/Image_11_jpg.rf.99f26858165cb4995b5bb676bc3a8901.jpg,roboflow_skin_problem_clean3,Acne,acne,ce77a665bba966f57dc78eca3b25fa8c9e93e0893d6ec0f2928ff46e168b68e2,train,data/processed/train/acne/ce77a665bba966f5_00124.jpg
roboflow_skin_problem_clean3/train/acne-147-_jpg.rf.37609a10739d58929e7fafa3f33172ed.jpg,roboflow_skin_problem_clean3,Acne,acne,a6ca33bc2aae2ba9c869d1d7aead9984d2b846043cf0df06f1564d78de0a58a5,train,data/processed/train/acne/a6ca33bc2aae2ba9_00125.jpg
roboflow_skin_problem_clean3/train/232_jpg.rf.7c73aa3e6274af6c75270e0314f7ec89.jpg,roboflow_skin_problem_clean3,Acne,acne,e30e4b10b08b2d7487ab8eaa75cc26f5e44d655cc25a3ee337e1b5c4ce0fb246,train,data/processed/train/acne/e30e4b10b08b2d74_00126.jpg
roboflow_skin_problem_clean3/valid/Image_41_jpeg.rf.335c2217c880d92de73cb87e5e89e760.jpg,roboflow_skin_problem_clean3,Acne,acne,c43539cf1ae2750886f8e4863b518b1e2756bbb54df230caa8971c0d2204759e,train,data/processed/train/acne/c43539cf1ae27508_00127.jpg
kaggle_acne_wrinkle_spots/acne/acne181.png,kaggle_acne_wrinkle_spots,acne,acne,b769e262d5cda6efdea775b5937435b897cf390946b427d7ebc7fe878d5ebfb3,train,data/processed/train/acne/b769e262d5cda6ef_00128.png
kaggle_acne_wrinkle_spots/acne/acne121.png,kaggle_acne_wrinkle_spots,acne,acne,9a67a7937275fab9e65cee338c2749e1130c4dd31229f25153846684878e3013,train,data/processed/train/acne/9a67a7937275fab9_00129.jpg
roboflow_skin_problem_clean3/valid/14_jpg.rf.20e16cd6ad1ea9dc0395d349795d0670.jpg,roboflow_skin_problem_clean3,Acne,acne,8b4b969ed854fec0300acbb621c222ea941dab4bf4805cea592c92a7f4e96f01,train,data/processed/train/acne/8b4b969ed854fec0_00130.jpg
kaggle_acne_wrinkle_spots/acne/acne46.png,kaggle_acne_wrinkle_spots,acne,acne,3a86da45e9cdc8ebe521521968f429e26f3563da6cb8975100f96427fdd0bbcc,train,data/processed/train/acne/3a86da45e9cdc8eb_00131.png
roboflow_skin_problem_clean3/train/Image_23_jpg.rf.351b562927eec85f38d8004cef0d0b4a.jpg,roboflow_skin_problem_clean3,Acne,acne,d9038424c89112298f91a5b3fe8d35320c9ea0c39f5214b1fcc4ada6bbb35b5e,train,data/processed/train/acne/d9038424c8911229_00132.jpg
roboflow_skin_problem_clean3/test/Image_18_jpg.rf.4d53a704c3a92d534352c886fe497370.jpg,roboflow_skin_problem_clean3,Acne,acne,3fbbd75835c6e735575d9edc80a0792e69526dbda0a09c0800fa6df8cc262d09,train,data/processed/train/acne/3fbbd75835c6e735_00133.jpg
roboflow_skin_problem_clean3/train/acne-47-_png.rf.d9551750ba9c085491ccf6d6a52525e8.jpg,roboflow_skin_problem_clean3,Acne,acne,a58458f08601c6e15a7f1ac19a7a4b78cd446ebbeae67e74ca0884f185b81e05,train,data/processed/train/acne/a58458f08601c6e1_00134.jpg
roboflow_skin_problem_clean3/train/acne-63-_jpg.rf.dddf4ed87c45f2f4d3e044635d38880b.jpg,roboflow_skin_problem_clean3,Acne,acne,e0cd7fc56a0a9d5fbe8943284a04e2017ee8dd76a910017493df2738d1c47503,train,data/processed/train/acne/e0cd7fc56a0a9d5f_00135.jpg
kaggle_acne_wrinkle_spots/acne/acne11.png,kaggle_acne_wrinkle_spots,acne,acne,575b7c10a2bd1f71a8dd090755df59e3b5f7d7cd5b5c8befda67d462a9c19ef6,train,data/processed/train/acne/575b7c10a2bd1f71_00136.jpg
roboflow_skin_problem_clean3/train/acne-159-_jpg.rf.b6f43e68837eddf2e72a4fb96c052333.jpg,roboflow_skin_problem_clean3,Acne,acne,3a5f86abe89a930e81731410fdf5134b92fe2586a0e49608aaf54cffaa509328,train,data/processed/train/acne/3a5f86abe89a930e_00137.jpg
roboflow_skin_problem_clean3/valid/Image_49_jpg.rf.3beb0f8ba489b72c88143584eb0a6321.jpg,roboflow_skin_problem_clean3,Acne,acne,37412b7fb8fcf548d89aa35c27aaad309e1f8182bf7c0dae9c7d55f2f7f351be,train,data/processed/train/acne/37412b7fb8fcf548_00138.jpg
roboflow_skin_problem_clean3/valid/Image_83_jpg.rf.ba8f69a5c655b8f81cfcde4e3146d30c.jpg,roboflow_skin_problem_clean3,Acne,acne,a904c8a6f155e641d7bf51f6746d9baff63ca1b36e84348742ba939cf515c0c6,train,data/processed/train/acne/a904c8a6f155e641_00139.jpg
roboflow_skin_problem_clean3/train/553_jpg.rf.be3c14190dd62e2503bd9ba6d626e6ba.jpg,roboflow_skin_problem_clean3,Acne,acne,f39a1a9063d6d7b8ea098bba383e814e8bb58527fa7530ae91c93d1836e44990,train,data/processed/train/acne/f39a1a9063d6d7b8_00140.jpg
roboflow_skin_problem_clean3/train/584_jpg.rf.01f84de5d6f97882416baeab112a076f.jpg,roboflow_skin_problem_clean3,Acne,acne,d5037b396e63b4dacd9d4942d29d798e7fcda98897f210be3930442a99f12174,train,data/processed/train/acne/d5037b396e63b4da_00141.jpg
kaggle_acne_wrinkle_spots/acne/acne98.png,kaggle_acne_wrinkle_spots,acne,acne,0b1c098db1ba461740b8515c2b1ea5d478e1da2f62d7c1d6957f8a8bfbf6d3ea,train,data/processed/train/acne/0b1c098db1ba4617_00142.jpg
roboflow_skin_problem_clean3/valid/acne-24-_jpeg.rf.c4557ed2a3ef5331f253f1cb9bce3cc2.jpg,roboflow_skin_problem_clean3,Acne,acne,e2e8906f48875fdbe297c92e5d6d8fbd479efb20dbc8222b0fa43ddb2d81672d,train,data/processed/train/acne/e2e8906f48875fdb_00143.jpg
roboflow_skin_problem_clean3/valid/Image_37_jpg.rf.0d83eb147af2cef1b358d7086952d160.jpg,roboflow_skin_problem_clean3,Acne,acne,5758a05840155cf38a198a67e52c28afc26a0dd4ca2be32f459f633d62db76c8,train,data/processed/train/acne/5758a05840155cf3_00144.jpg
roboflow_skin_problem_clean3/train/415_jpg.rf.e5abf510dbc9a06cb196130a71c0aaaa.jpg,roboflow_skin_problem_clean3,Acne,acne,7c037239bc4a1fe0dd01da5927b40bbcc778444454ee404e0c7741968c48945b,train,data/processed/train/acne/7c037239bc4a1fe0_00145.jpg
roboflow_skin_problem_clean3/test/acne-94-_jpg.rf.d5e24c652ce776101ffe48277f9de966.jpg,roboflow_skin_problem_clean3,Acne,acne,d00ec7b3f686229c4d0d5c5287d09f3ba0eb5edfc42e116830c55a9363d30cce,train,data/processed/train/acne/d00ec7b3f686229c_00146.jpg
roboflow_skin_problem_clean3/train/Image_49-1-_jpg.rf.c78485c5fbc5318f2a77869f5f15d9fe.jpg,roboflow_skin_problem_clean3,Acne,acne,70ceba1ecbd5ac83072bec3156b2c10b08a480eaafa359f612a48c6516fd9dc6,train,data/processed/train/acne/70ceba1ecbd5ac83_00147.jpg
roboflow_skin_problem_clean3/train/447_jpg.rf.2653904b6d4d45b6d379b8aa0570ad9a.jpg,roboflow_skin_problem_clean3,Acne,acne,cfc2d79fb67770e525f6e656f10edb90a88eb03b50d2c7639ef4627cedcb7338,train,data/processed/train/acne/cfc2d79fb67770e5_00148.jpg
roboflow_skin_problem_clean3/valid/acne-35-_jpg.rf.d3181c3dbb9711d92e5d514f780f6b6b.jpg,roboflow_skin_problem_clean3,Acne,acne,728974182da890908c0aba41d76480f020950ba27badc3bf3bcc3beec6ebbea3,train,data/processed/train/acne/728974182da89090_00149.jpg
roboflow_skin_problem_clean3/train/370_jpg.rf.86f0d8aea576ad4057fb4560cb93a793.jpg,roboflow_skin_problem_clean3,Acne,acne,fc382a07ea9cdd906d3315fac1d0216696d316e5a21d596a5353d60577a98fc0,train,data/processed/train/acne/fc382a07ea9cdd90_00150.jpg
roboflow_skin_problem_clean3/valid/acne-27-_png.rf.c0a4260d319042684c08431999885c7e.jpg,roboflow_skin_problem_clean3,Acne,acne,5a465e56730502b51135d2a5eeda355369a44acd3d4210396153e7d4d8ea2f44,train,data/processed/train/acne/5a465e56730502b5_00151.jpg
kaggle_acne_wrinkle_spots/acne/acne190.png,kaggle_acne_wrinkle_spots,acne,acne,1203d781734db2c13df6d56477424f50ebfcebd07a52983b5a28a64327e064b0,train,data/processed/train/acne/1203d781734db2c1_00152.jpg
roboflow_skin_problem_clean3/valid/acne-prone-skin_153_jpeg.rf.d47dd39f268c704518f84d660007c47b.jpg,roboflow_skin_problem_clean3,Acne,acne,82e629876120f66c7066cdc67122f9acd98ea1a499d140462c6e86cd3a03ddf2,train,data/processed/train/acne/82e629876120f66c_00153.jpg
roboflow_skin_problem_clean3/valid/Image_67_jpg.rf.d97aef15a0c15f7dfbea3dec47af88f0.jpg,roboflow_skin_problem_clean3,Acne,acne,e3612f83c430e38f2521058037bdf1d651fedb11e979f373e56494f433ae86f9,train,data/processed/train/acne/e3612f83c430e38f_00154.jpg
roboflow_skin_problem_clean3/valid/Image_100_jpg.rf.79be79d48eaccfa8cc44493cf6b9bbb2.jpg,roboflow_skin_problem_clean3,Acne,acne,97b725bb058714b45b864e8ec1efb060c0c279957ceccaec9ffc479d334d23f0,train,data/processed/train/acne/97b725bb058714b4_00155.jpg
roboflow_skin_problem_clean3/train/594_jpg.rf.fc3b29e5995fd77c98df8efd41706c3f.jpg,roboflow_skin_problem_clean3,Acne,acne,6c66ed7396d0ba617fdd157d39cb01da6154e7c81dc93dd56bb200679dc01f49,train,data/processed/train/acne/6c66ed7396d0ba61_00156.jpg
kaggle_acne_wrinkle_spots/acne/acne101.png,kaggle_acne_wrinkle_spots,acne,acne,b615db6b964bfdacfe371f303077f67a7e9f5e5de3204466c3d80bf71a329b52,train,data/processed/train/acne/b615db6b964bfdac_00157.png
roboflow_skin_problem_clean3/train/Image_65_png.rf.ee384bb86d9a78599fa460b98c33f0fe.jpg,roboflow_skin_problem_clean3,Acne,acne,9e07e729db41910aaa2f914f7cacc131cc639a54a28b6c68e8ca518d5daf78d2,train,data/processed/train/acne/9e07e729db41910a_00158.jpg
roboflow_skin_problem_clean3/train/262_jpg.rf.540b2ea57bd08b2180769e8f7f7cca40.jpg,roboflow_skin_problem_clean3,Acne,acne,29de1c7a22ffc023f2be138e151e83cbbc6ca6f138b8cdffa518f5c44f6d46e1,train,data/processed/train/acne/29de1c7a22ffc023_00159.jpg
roboflow_skin_problem_clean3/train/acne-12-_jpg.rf.edbfce647261536c6de743f6f7afa89f.jpg,roboflow_skin_problem_clean3,Acne,acne,a928a832ef5ee0af1380dd21407ef84afe867862beb451e5bc7ff49fc55acd53,train,data/processed/train/acne/a928a832ef5ee0af_00160.jpg
roboflow_skin_problem_clean3/train/acne-14-_jpeg.rf.150c8eec1df5b852c757dc714d96f8fa.jpg,roboflow_skin_problem_clean3,Acne,acne,6d565a679fab2349eab08399fb06969368da4a2dfed906c5fdf17c03e10d19eb,train,data/processed/train/acne/6d565a679fab2349_00161.jpg
kaggle_acne_wrinkle_spots/acne/acne168.png,kaggle_acne_wrinkle_spots,acne,acne,002d9a58bb36051eb91d880ce8a0b693f4dcb7627df6f9d8d2617456d20e1e01,train,data/processed/train/acne/002d9a58bb36051e_00162.png
roboflow_skin_problem_clean3/train/acne-prone-skin_165_jpeg.rf.bd656f67f2ba086e7902e1338cba3bff.jpg,roboflow_skin_problem_clean3,Acne,acne,560f8ab89558417fc4076c94d427db0db3bf3e7a2eacaaa86f33e522b6bfb22f,train,data/processed/train/acne/560f8ab89558417f_00163.jpg
roboflow_skin_problem_clean3/valid/acne-71-_jpg.rf.9578e958e95f4670f286dbeee2dbfd11.jpg,roboflow_skin_problem_clean3,Acne,acne,3b480e4427e63063a2950a642ab055593157bcfccab57a34af24108530bb08e6,train,data/processed/train/acne/3b480e4427e63063_00164.jpg
roboflow_skin_problem_clean3/train/acne-177-_jpeg.rf.05f925d4b45a03170fc35146ecfbefb3.jpg,roboflow_skin_problem_clean3,Acne,acne,5a2e9a8a320e05d285ee888ab914b3d3e7a088fb327f57cbf39c85c847e95e46,train,data/processed/train/acne/5a2e9a8a320e05d2_00165.jpg
kaggle_acne_wrinkle_spots/acne/acne141.png,kaggle_acne_wrinkle_spots,acne,acne,eb90b48cb30621a2bc60b45b7a3976d840fc7170bfbf217353b10c9f537c5459,train,data/processed/train/acne/eb90b48cb30621a2_00166.jpg
roboflow_skin_problem_clean3/test/Kering-33-_jpeg.rf.298f9c8b73dc280132a51e77c55727d6.jpg,roboflow_skin_problem_clean3,Acne,acne,b6e89693606da94bdbe9c0b7a6d6056446b3e1ca87230ab99c23d82a8dd6c3b0,train,data/processed/train/acne/b6e89693606da94b_00167.jpg
roboflow_skin_problem_clean3/valid/acne-1-_png.rf.567f8b96662e7059e9d27b2f170563ca.jpg,roboflow_skin_problem_clean3,Acne,acne,cb586ef1b3511a734ea4864d0749fd9fe1bdee698ee5efb5875050b8b34b2f41,train,data/processed/train/acne/cb586ef1b3511a73_00168.jpg
kaggle_acne_wrinkle_spots/acne/acne173.png,kaggle_acne_wrinkle_spots,acne,acne,3ba3c50f91b8c5e837274e31233e5f6bf6dabc25a4ebba4ddf5029bba85f4d50,train,data/processed/train/acne/3ba3c50f91b8c5e8_00169.png
roboflow_skin_problem_clean3/train/62_jpg.rf.62640a63d9c35882cf21393b532e1f00.jpg,roboflow_skin_problem_clean3,Acne,acne,7a9a8a6405412158c6aca5a7363d9b8342be69def07e672e7e6afc9c9410ee3a,train,data/processed/train/acne/7a9a8a6405412158_00170.jpg
roboflow_skin_problem_clean3/valid/11_jpg.rf.43df7b049b4652a6a4df01b6966da8da.jpg,roboflow_skin_problem_clean3,Acne,acne,daaae9a625583c8226e0db1fbc19a11bfb1f0d7051eba125a2a0caa54d88f30f,train,data/processed/train/acne/daaae9a625583c82_00171.jpg
roboflow_skin_problem_clean3/train/170_jpg.rf.9e220aebfdcf66ed6f4c6132a80bfe16.jpg,roboflow_skin_problem_clean3,Acne,acne,55a551441e3c87ead4bb4827724932f5950bb402eb21cc66d0f167f9e214b93c,train,data/processed/train/acne/55a551441e3c87ea_00172.jpg
roboflow_skin_problem_clean3/valid/Image_62_jpg.rf.c3d2919be72caee343dbfc5728bdbe8a.jpg,roboflow_skin_problem_clean3,Acne,acne,ff79ff6141be743f8f30a67ab05f0c0c32b2fe39990c1d86ab7abb422661616c,train,data/processed/train/acne/ff79ff6141be743f_00173.jpg
kaggle_acne_wrinkle_spots/acne/acne96.png,kaggle_acne_wrinkle_spots,acne,acne,59d30f5db195b72243edc8cb832a51bbac703753fbbccf57acbe5f24ef79a49d,train,data/processed/train/acne/59d30f5db195b722_00174.png
roboflow_skin_problem_clean3/train/acne-13-_png.rf.81b941acbb1807825902dbb8f4c74716.jpg,roboflow_skin_problem_clean3,Acne,acne,9a8302806d5b7aaa04157798a48d50c18b7e6db6096349e015ef53161c620a2a,train,data/processed/train/acne/9a8302806d5b7aaa_00175.jpg
kaggle_acne_wrinkle_spots/acne/acne144.png,kaggle_acne_wrinkle_spots,acne,acne,d1ded8f1226b9170c3fb366e2cf054d6322e96f8eac61a21f2b3d1cccc10ab9f,train,data/processed/train/acne/d1ded8f1226b9170_00176.png
roboflow_skin_problem_clean3/train/acne-78-_jpg.rf.dbd7c955d9cb156aedd6727ec8d46e1e.jpg,roboflow_skin_problem_clean3,Acne,acne,bbf0598d18027e65715715f387682170f29a80e437561369adbd1889ab37c5e7,train,data/processed/train/acne/bbf0598d18027e65_00177.jpg
roboflow_skin_problem_clean3/train/Image_14_JPG.rf.a8e6f47e10bb98092d2ee06a2ea0dcea.jpg,roboflow_skin_problem_clean3,Acne,acne,f68994078a996ec4e2cf9854a47b51eb601fbf94d5fe35edfbe80a9876381d3a,train,data/processed/train/acne/f68994078a996ec4_00178.jpg
roboflow_skin_problem_clean3/train/levle1_330_jpg.rf.5a08697975a3ed8cf71d50603bf48879.jpg,roboflow_skin_problem_clean3,Acne,acne,dcdc4474f0e760a6692f496c708368c6b6c68ab635a79a41b8a49bfe1e882f57,train,data/processed/train/acne/dcdc4474f0e760a6_00179.jpg
roboflow_skin_problem_clean3/train/acne-4-_jpg.rf.8cec404734f78288e0c2a803315b5d8f.jpg,roboflow_skin_problem_clean3,Acne,acne,dab16f87a21cc33e0357ff6ed2d49a320aa2b5577df1aabba61ffa8668c48086,train,data/processed/train/acne/dab16f87a21cc33e_00180.jpg
roboflow_skin_problem_clean3/train/Image_96_jpg.rf.f4ce1b40febeb90063126858b3fa926d.jpg,roboflow_skin_problem_clean3,Acne,acne,3bd627bdbbe3bba97b29561ff67b363b66cf8f172f5b357041622ce24bf85e29,train,data/processed/train/acne/3bd627bdbbe3bba9_00181.jpg
kaggle_acne_wrinkle_spots/acne/acne1.png,kaggle_acne_wrinkle_spots,acne,acne,6ee1b902af5d29c33260e9cd240f3486540ebfb1b3c80cfafb41a8a515798f1d,train,data/processed/train/acne/6ee1b902af5d29c3_00182.jpg
roboflow_skin_problem_clean3/train/257_jpg.rf.fc3699c5731fcb5754db9c33a115b8d9.jpg,roboflow_skin_problem_clean3,Acne,acne,bd87744a20a6472c7ffe91fc8fac11a0d30b6584c390ded061ac1e39eee03769,train,data/processed/train/acne/bd87744a20a6472c_00183.jpg
roboflow_skin_problem_clean3/train/levle1_362_jpg.rf.e1fe23573a8c9d39b5115e81d4e5936f.jpg,roboflow_skin_problem_clean3,Acne,acne,c126194a2784ad432211285496c77f59333135c11d239d5a5885d8e74c0dc626,train,data/processed/train/acne/c126194a2784ad43_00184.jpg
kaggle_acne_wrinkle_spots/acne/acne163.png,kaggle_acne_wrinkle_spots,acne,acne,dcea1fa6fb705c105dd1077bf6018d08757709908cdcc70c433e5aae1222309c,train,data/processed/train/acne/dcea1fa6fb705c10_00185.png
roboflow_skin_problem_clean3/train/280_jpg.rf.71d2e9ca65ec3c22b6ce8116d5d22a22.jpg,roboflow_skin_problem_clean3,Acne,acne,e8e7e594bbb2affe7c230179519897040001c0a0fedc828adce0146f0e4901fb,train,data/processed/train/acne/e8e7e594bbb2affe_00186.jpg
roboflow_skin_problem_clean3/test/Image_124_jpg.rf.eef5751ec7760e7738fcb0574f251331.jpg,roboflow_skin_problem_clean3,Acne,acne,75442deca67af97343987dc9fb369171a6ad4bd76c8b3c95c31b0a0abe2d2b54,train,data/processed/train/acne/75442deca67af973_00187.jpg
kaggle_acne_wrinkle_spots/acne/acne82.png,kaggle_acne_wrinkle_spots,acne,acne,1eb845d261f51e6c6c52f24a0a24f3877b0174890583da43e1c59b7fdc725b17,train,data/processed/train/acne/1eb845d261f51e6c_00188.png
roboflow_skin_problem_clean3/train/acne-88-_jpg.rf.294edcf9befe8846f39572d9a8a06b94.jpg,roboflow_skin_problem_clean3,Acne,acne,424fdd8d2269ed05a39a6162ae41fbdca179087afeab3566d8d40bcdf99cceed,train,data/processed/train/acne/424fdd8d2269ed05_00189.jpg
roboflow_skin_problem_clean3/train/levle0_526_jpg.rf.5ac8efc7d97fd6954d7341f8225048fe.jpg,roboflow_skin_problem_clean3,Acne,acne,e1ea308ff37333b3a133bd6c23cd2149d0fb364038bc10abe91d35ef98b29840,train,data/processed/train/acne/e1ea308ff37333b3_00190.jpg
roboflow_skin_problem_clean3/train/Image_7_jpeg.rf.48a24606381104a2237faa3ce8dd8546.jpg,roboflow_skin_problem_clean3,Acne,acne,b0fc4afef6487640676a43d773157ba61dda9e8a8c6c43b0f46815032835d2af,train,data/processed/train/acne/b0fc4afef6487640_00191.jpg
roboflow_skin_problem_clean3/train/acne-12-_png.rf.1c3b60c5c93fde90e6cd0321ca22689a.jpg,roboflow_skin_problem_clean3,Acne,acne,cbc9cc0d69f2ec7b606dddb58dd759fa16921e016db521c4ba041551b92bc297,train,data/processed/train/acne/cbc9cc0d69f2ec7b_00192.jpg
roboflow_skin_problem_clean3/train/oily-214-_jpg.rf.1b967fa33f8bae54e0d766c551306365.jpg,roboflow_skin_problem_clean3,Acne,acne,5efeb2e2715815afc9fde1b867a9e1f99323caac4679eb0cfef280f41a27a01f,train,data/processed/train/acne/5efeb2e2715815af_00193.jpg
roboflow_skin_problem_clean3/train/acne-18-_jpg.rf.dc61b81623586ecfede505c4140ac753.jpg,roboflow_skin_problem_clean3,Acne,acne,0cdef675d85eafc174f79957c9d3b4a578ce9ce21364c258091a90df34cda4cd,train,data/processed/train/acne/0cdef675d85eafc1_00194.jpg
roboflow_skin_problem_clean3/train/acne-135-_jpg.rf.7d7a44a69caf33000ad47e036473f9f0.jpg,roboflow_skin_problem_clean3,Acne,acne,681cec4be7725fbaa2c5e3ffc97df4e49c66b24bd38f647dd381b897f864f7f6,train,data/processed/train/acne/681cec4be7725fba_00195.jpg
roboflow_skin_problem_clean3/test/320_jpg.rf.5f5f44d8ca671a6201e8d42273d33650.jpg,roboflow_skin_problem_clean3,Acne,acne,b919e942853f336500644969eff9f50225d2358b04b30db9f467c9269a7850f7,train,data/processed/train/acne/b919e942853f3365_00196.jpg
roboflow_skin_problem_clean3/train/596_jpg.rf.3ac74a2d44a2d6ae34b0c32847259d8f.jpg,roboflow_skin_problem_clean3,Acne,acne,e76136e47c61588592764ab8b3d87cf1d3261a4ad848e6cba07c5a9a8871847c,train,data/processed/train/acne/e76136e47c615885_00197.jpg
roboflow_skin_problem_clean3/test/Image_73_jpg.rf.7150b40640e9fb349028d70240245723.jpg,roboflow_skin_problem_clean3,Acne,acne,9ba91280309fa8019880c0dbb6f241395b2f0977d17d4f4888d5add0810c2e2d,train,data/processed/train/acne/9ba91280309fa801_00198.jpg
roboflow_skin_problem_clean3/train/acne-prone-skin_12_jpeg.rf.29203079c31eeb7ca212b93a8cc985fb.jpg,roboflow_skin_problem_clean3,Acne,acne,55f7bf0cd6871df5774117e66e8660a6f9ba31f01f37a8e86987b802f821f892,train,data/processed/train/acne/55f7bf0cd6871df5_00199.jpg
roboflow_skin_problem_clean3/train/538_jpg.rf.8eb560b0d60eb92bda0766ff8c3c8cab.jpg,roboflow_skin_problem_clean3,Acne,acne,d7ffe7cfecb6f3ec7133bb4dec8febfb5549bae215c2e2afc7d7c5f9f2996ee9,train,data/processed/train/acne/d7ffe7cfecb6f3ec_00200.jpg
roboflow_skin_problem_clean3/train/Image_4_jpg.rf.9b054c802ba3509323f3d834671acbba.jpg,roboflow_skin_problem_clean3,Acne,acne,fa4f176aab48359442850e12cb125d883040b5185c473ff6331984712c3f5c47,train,data/processed/train/acne/fa4f176aab483594_00201.jpg
roboflow_skin_problem_clean3/test/Image_15_jpg.rf.31fc8bb6b98e5ba20bc9a44d255f5b7b.jpg,roboflow_skin_problem_clean3,Acne,acne,5bd0e1538fc427f43b6abc7f16211abe83f2d0fcccf46793d0ee2bfb4f97e56f,train,data/processed/train/acne/5bd0e1538fc427f4_00202.jpg
roboflow_skin_problem_clean3/train/72_jpg.rf.b0db281bdcf6e3a83c86826d7cd66f8c.jpg,roboflow_skin_problem_clean3,Acne,acne,746ed8e9249504a45c05a8aeccdd47017a14e5ef183dbc6fc108b05a662ed02e,train,data/processed/train/acne/746ed8e9249504a4_00203.jpg
roboflow_skin_problem_clean3/test/Image_43_jpg.rf.8e512ddfc82df46c66f1849df446d58c.jpg,roboflow_skin_problem_clean3,Acne,acne,07615a8ebbfa52052f0a2912bfdbc3ab1e5df338c4c1927e908d04299934f23f,train,data/processed/train/acne/07615a8ebbfa5205_00204.jpg
roboflow_skin_problem_clean3/valid/Image_52_jpg.rf.0eaddbfce74011af5f322d1a4b4b19cb.jpg,roboflow_skin_problem_clean3,Acne,acne,e832af56e47a2e724033dcf796260dc786610c5beaf1fcecf010a10489861048,train,data/processed/train/acne/e832af56e47a2e72_00205.jpg
roboflow_skin_problem_clean3/train/220_jpg.rf.cf48bb246f1a60fe3b0e9d3a37e4d577.jpg,roboflow_skin_problem_clean3,Acne,acne,bdfd04593698f62f1883698b792ce56cf7df269d14f24ca9d68aca6654d3339f,train,data/processed/train/acne/bdfd04593698f62f_00206.jpg
roboflow_skin_problem_clean3/train/acne-162-_jpg.rf.445394cc5cb2898aa9c2a106755a9e2e.jpg,roboflow_skin_problem_clean3,Acne,acne,f6a09635fe67b1cb9d771c2dfa1bf926d3072c3d28ba6104725b07253c8477a6,train,data/processed/train/acne/f6a09635fe67b1cb_00207.jpg
roboflow_skin_problem_clean3/test/410_jpg.rf.df5e778d419c71e687e5cf148a7dfa60.jpg,roboflow_skin_problem_clean3,Acne,acne,37ad70b02fef4de87cdca2143073f3eed2d5f00e6aebb3f0b99afc8195ff48aa,train,data/processed/train/acne/37ad70b02fef4de8_00208.jpg
kaggle_acne_wrinkle_spots/acne/acne109.png,kaggle_acne_wrinkle_spots,acne,acne,e1965db1d576a620f3f45100ed59db92ee9b14c50da707aa9925a285ea412177,train,data/processed/train/acne/e1965db1d576a620_00209.jpg
kaggle_acne_wrinkle_spots/acne/acne116.png,kaggle_acne_wrinkle_spots,acne,acne,3fd233bbf75945187f7339d6c543be8c3d72a6f5f822ecb1bf8c1655815fa02e,train,data/processed/train/acne/3fd233bbf7594518_00210.jpg
kaggle_acne_wrinkle_spots/acne/acne165.png,kaggle_acne_wrinkle_spots,acne,acne,44e0f96570093cfdf07ee57b000cc4b7f2c3d1f1c355c3d58ec871df13165f25,train,data/processed/train/acne/44e0f96570093cfd_00211.png
kaggle_acne_wrinkle_spots/acne/acne189.png,kaggle_acne_wrinkle_spots,acne,acne,49aaa5d386248c33901620c0bed27d2195cbcfb3ddff060e367bea09f60fcf70,train,data/processed/train/acne/49aaa5d386248c33_00212.png
kaggle_acne_wrinkle_spots/acne/acne108.png,kaggle_acne_wrinkle_spots,acne,acne,3c8467461a29b4db772a7bb0a14aa166b51c8b837aa4091bd12525736fe67974,train,data/processed/train/acne/3c8467461a29b4db_00213.jpg
roboflow_skin_problem_clean3/train/613_jpg.rf.324ac508102f89aa61f2e9157d7bb121.jpg,roboflow_skin_problem_clean3,Acne,acne,faf26ecc1aab03c79d32d82ceb67fc3d5df54c59b034c94cf649362b804a3c6d,train,data/processed/train/acne/faf26ecc1aab03c7_00214.jpg
kaggle_acne_wrinkle_spots/acne/acne188.png,kaggle_acne_wrinkle_spots,acne,acne,4978510f982efef255da665f8ffb785304ccaf2cad5c158f0b35f46103d01cd1,train,data/processed/train/acne/4978510f982efef2_00215.png
roboflow_skin_problem_clean3/valid/Image_1_jpg.rf.d16f47892344da5676008aca3af7027f.jpg,roboflow_skin_problem_clean3,Acne,acne,bc141ad9e171c1c386f9a5510e3f78634017ee33fb1f31e7e1732004266b5d05,train,data/processed/train/acne/bc141ad9e171c1c3_00216.jpg
roboflow_skin_problem_clean3/train/Image_60-1-_jpg.rf.8f16ede5e972bcf370205af3b3170a1c.jpg,roboflow_skin_problem_clean3,Acne,acne,07979994963cab85e40ece8cc5ca91ef18306cc2e85e498b1cd49ccccfd172ce,train,data/processed/train/acne/07979994963cab85_00217.jpg
roboflow_skin_problem_clean3/train/259_jpg.rf.6a0000f66d9de7b52cedbff3107a4f19.jpg,roboflow_skin_problem_clean3,Acne,acne,281ebbc8206ef976263f7c452573c4c2f253d753b4e7e7eef57c883bebb6eb12,train,data/processed/train/acne/281ebbc8206ef976_00218.jpg
roboflow_skin_problem_clean3/valid/acne-73-_jpg.rf.b01da41f262d967ef40bfc4ab87735ab.jpg,roboflow_skin_problem_clean3,Acne,acne,a9f6fc87005c55d6a46657a2ea192060ac3d4f8526b915a33c0219eee0139e22,train,data/processed/train/acne/a9f6fc87005c55d6_00219.jpg
roboflow_skin_problem_clean3/train/Image_34_jpg.rf.3fb6264a2e392de88bdbbd9f07010912.jpg,roboflow_skin_problem_clean3,Acne,acne,1cda925b595cf57ad098064e921fae46fbc86a2c53bafbbec3093d3390ba4cfa,train,data/processed/train/acne/1cda925b595cf57a_00220.jpg
kaggle_acne_wrinkle_spots/acne/acne194.png,kaggle_acne_wrinkle_spots,acne,acne,4c8392882f449ba5ce841ef9250419bcf9311a57263894a8349743baf5bfa41a,train,data/processed/train/acne/4c8392882f449ba5_00221.png
kaggle_acne_wrinkle_spots/acne/acne132.png,kaggle_acne_wrinkle_spots,acne,acne,4998085e44d4fb480d715abf7d6463db563772b61e9ed8da0cfbbdf1e75c34a9,train,data/processed/train/acne/4998085e44d4fb48_00222.jpg
roboflow_skin_problem_clean3/train/219_jpg.rf.c65a706b94a4b12193d19fb4ee5ad82b.jpg,roboflow_skin_problem_clean3,Acne,acne,ab77272a5e0f8d9b2f149eb3649b5e6822f4ed4609b68dbe4d6d39779a1f18d0,train,data/processed/train/acne/ab77272a5e0f8d9b_00223.jpg
roboflow_skin_problem_clean3/train/acne-33-_png.rf.e5d0eb78a813aec4e667a407f9347872.jpg,roboflow_skin_problem_clean3,Acne,acne,d62f7f41a633968a121d73a582eaddc7accad3ad3e84cc422635a126106b58b7,train,data/processed/train/acne/d62f7f41a633968a_00224.jpg
kaggle_acne_wrinkle_spots/acne/acne172.png,kaggle_acne_wrinkle_spots,acne,acne,55cdaf726535a120ed1212aec5d93271d715680ced2dbd550d1490baaf07a839,train,data/processed/train/acne/55cdaf726535a120_00225.png
kaggle_acne_wrinkle_spots/acne/acne35.png,kaggle_acne_wrinkle_spots,acne,acne,0f926bb7e750fcd159fb32488fccef8027615125dc753256dd3e65f00697f2fe,train,data/processed/train/acne/0f926bb7e750fcd1_00226.jpg
kaggle_acne_wrinkle_spots/acne/acne149.png,kaggle_acne_wrinkle_spots,acne,acne,82dd485f45b091d6dd99783890459da4a61137357a9cb5ac0e201c3d30b71aeb,train,data/processed/train/acne/82dd485f45b091d6_00227.png
roboflow_skin_problem_clean3/train/levle2_129_jpg.rf.26ec0d9699d669c53dc59716ab03b95f.jpg,roboflow_skin_problem_clean3,Acne,acne,fa4a7c2479274490400d072d4140cfeb5cd2b27c0181cde6f9f8fb3be9d1640a,train,data/processed/train/acne/fa4a7c2479274490_00228.jpg
roboflow_skin_problem_clean3/train/482_jpg.rf.378abcf17f077a95560c5630a33d1a42.jpg,roboflow_skin_problem_clean3,Acne,acne,251a5003bd2162620140a1809ad730754e6d9e6cc8f8e9a9ebfe2e7fe4464fc7,train,data/processed/train/acne/251a5003bd216262_00229.jpg
roboflow_skin_problem_clean3/valid/Image_33_jpg.rf.e81990f1191ca64b030d5a2ce9ed65c0.jpg,roboflow_skin_problem_clean3,Acne,acne,80d77245f67103955de217e35e0795a5c40f829111e047a0adec0aaf7befe51e,train,data/processed/train/acne/80d77245f6710395_00230.jpg
roboflow_skin_problem_clean3/train/acne-50-_png.rf.f93b99f73b8a804c04cf5ec87b045895.jpg,roboflow_skin_problem_clean3,Acne,acne,363dfcecc16e1b8cbc0879423ee5dcfd57a0ef8ceceb07817a0dd0412cf0cce9,train,data/processed/train/acne/363dfcecc16e1b8c_00231.jpg
roboflow_skin_problem_clean3/train/acne-130-_jpg.rf.855a055a6b311dce71f2224cfbe62d65.jpg,roboflow_skin_problem_clean3,Acne,acne,0954ffa5f0306dd8c5e7a0e81928ddfd31ade5762f0d8221e37a6733013687cb,train,data/processed/train/acne/0954ffa5f0306dd8_00232.jpg
kaggle_acne_wrinkle_spots/acne/acne71.png,kaggle_acne_wrinkle_spots,acne,acne,84ce578b4c12555b47cf48bd5da29a6ca389aee03c16f760cce901d0332d0ed9,train,data/processed/train/acne/84ce578b4c12555b_00233.jpg
roboflow_skin_problem_clean3/valid/10_jpg.rf.79a2ea849fd11f374fe0664260798ea4.jpg,roboflow_skin_problem_clean3,Acne,acne,2783926d9bcf735770e5e521855f35d0463a01c808141241d22cde6ee45c27d3,train,data/processed/train/acne/2783926d9bcf7357_00234.jpg
roboflow_skin_problem_clean3/train/583_jpg.rf.c0b02b71acc60b4f17a9a4d713dda6c3.jpg,roboflow_skin_problem_clean3,Acne,acne,31dfb8f3c83d8e9750ed49ac49bd9aff0e5d3c11e3c0f3a61b4e8f8fbbb5930f,train,data/processed/train/acne/31dfb8f3c83d8e97_00235.jpg
roboflow_skin_problem_clean3/train/260_jpg.rf.6ae768ad215c660e5f3ac7603bc1d896.jpg,roboflow_skin_problem_clean3,Acne,acne,8d76f9a1e9900334323e9238dc20405cc4c0f8ac8ffb06d79e0bd48692c3eecf,train,data/processed/train/acne/8d76f9a1e9900334_00236.jpg
roboflow_skin_problem_clean3/train/63_jpg.rf.a5c4639ee883c471d7c469519a854674.jpg,roboflow_skin_problem_clean3,Acne,acne,c07c6abea9be0207ecb0304ecd8fcad6f714ee756f30495f53b9abce7ceacc14,train,data/processed/train/acne/c07c6abea9be0207_00237.jpg
roboflow_skin_problem_clean3/train/358_jpg.rf.4e632fec0e72fef9dee718cc862953f8.jpg,roboflow_skin_problem_clean3,Acne,acne,de7b3d0fc72a78daddca34f909ccecdb9b311b6ed1d167fa5119ac52400d423a,train,data/processed/train/acne/de7b3d0fc72a78da_00238.jpg
kaggle_acne_wrinkle_spots/acne/acne31.png,kaggle_acne_wrinkle_spots,acne,acne,8a2d3e9d13b0c4355118e97077c1296950fd806222a535b7a135ba22395044fc,train,data/processed/train/acne/8a2d3e9d13b0c435_00239.jpg
roboflow_skin_problem_clean3/train/levle1_525_jpg.rf.6309c6b9c2ef510044cfa20f492eaf07.jpg,roboflow_skin_problem_clean3,Acne,acne,6e22128cf24c704111435503466671503d2f314cf8ab039bb6a7ab95d6ba38fd,train,data/processed/train/acne/6e22128cf24c7041_00240.jpg
roboflow_skin_problem_clean3/train/409_jpg.rf.a4170a716ba469e59017534e2dc8e47c.jpg,roboflow_skin_problem_clean3,Acne,acne,f2efbca660c1c774148e5f6e4780a6f4b823b8e1fa6dd5f0d1963d8fc1247b5f,train,data/processed/train/acne/f2efbca660c1c774_00241.jpg
kaggle_acne_wrinkle_spots/acne/acne52.png,kaggle_acne_wrinkle_spots,acne,acne,3ded3e05e1819139e37ee2b1341929c7b1686ee736d8312651cbb1aaed0d9512,train,data/processed/train/acne/3ded3e05e1819139_00242.png
roboflow_skin_problem_clean3/train/540_jpg.rf.723221352933d288102bc764a58ab595.jpg,roboflow_skin_problem_clean3,Acne,acne,3a1d43cac3d1e807e8b6bb2edc62a67bff30b0b996cba4152c65346955245054,train,data/processed/train/acne/3a1d43cac3d1e807_00243.jpg
kaggle_acne_wrinkle_spots/acne/acne10.png,kaggle_acne_wrinkle_spots,acne,acne,ead9226a84fd45f912702e1e311ba7e471072fd66836f35cc3b9bff250ce2d2b,train,data/processed/train/acne/ead9226a84fd45f9_00244.jpg
roboflow_skin_problem_clean3/train/Image_111_jpg.rf.4e995d5e5679cd828b9de31a11a6f586.jpg,roboflow_skin_problem_clean3,Acne,acne,320205fc473052295106ed546b258372d7ef5c2fff0dc3b78a7f5968560b2cdd,train,data/processed/train/acne/320205fc47305229_00245.jpg
kaggle_acne_wrinkle_spots/acne/acne136.png,kaggle_acne_wrinkle_spots,acne,acne,0cb228b131df5f5d0f745d7a0f68ef13971241875ac6ac3023db07f25cf72c7a,train,data/processed/train/acne/0cb228b131df5f5d_00246.jpg
roboflow_skin_problem_clean3/train/336_jpg.rf.03087a9bd366068c9fd463aa055e87a8.jpg,roboflow_skin_problem_clean3,Acne,acne,42fa254913e985025df782fa3ed05f0b37c2c802e7cf96959c239f5577726f53,train,data/processed/train/acne/42fa254913e98502_00247.jpg
kaggle_acne_wrinkle_spots/acne/acne155.png,kaggle_acne_wrinkle_spots,acne,acne,6fe58a5bc8a5afc7731fc389583db96f3745842eadd6d70c35321b6189a11ade,train,data/processed/train/acne/6fe58a5bc8a5afc7_00248.png
kaggle_acne_wrinkle_spots/acne/acne89.png,kaggle_acne_wrinkle_spots,acne,acne,1f10b378224596f72acce3c23d56ed128dae370b0af6beb503a2e0e226b2f721,train,data/processed/train/acne/1f10b378224596f7_00249.png
roboflow_skin_problem_clean3/train/acne-47-_jpeg.rf.9ee44d6d1be1d505f1100664b23722ac.jpg,roboflow_skin_problem_clean3,Acne,acne,e5727c59e022740975ee1aa617b4b9b6b3842c262462688a3749e88fe5544b26,train,data/processed/train/acne/e5727c59e0227409_00250.jpg
roboflow_skin_problem_clean3/valid/8_jpg.rf.1029b237db9b652c106c0b3eeb475da8.jpg,roboflow_skin_problem_clean3,Acne,acne,33330880f9b569b84c27b76f8e8461035a300a8c458afbdd5a917a3df77affe2,train,data/processed/train/acne/33330880f9b569b8_00251.jpg
roboflow_skin_problem_clean3/train/acne-74-_jpg.rf.4a005e9a3be17be65e8889457e8a5167.jpg,roboflow_skin_problem_clean3,Acne,acne,4d2a2cefaac0097ac8fdf28c401cf9a7e13a109775dc38739e0a8780cadc921b,train,data/processed/train/acne/4d2a2cefaac0097a_00252.jpg
roboflow_skin_problem_clean3/train/levle1_510_jpg.rf.2683addf8fba6a7040d40153a72a0b24.jpg,roboflow_skin_problem_clean3,Acne,acne,33f3495d95a0945f49ba78d0dedaa99b44c92d47c4e3f8e479fbd97241ca2d92,train,data/processed/train/acne/33f3495d95a0945f_00253.jpg
kaggle_acne_wrinkle_spots/acne/acne174.png,kaggle_acne_wrinkle_spots,acne,acne,ac866826759e62dfd87ee2ef527b95ef1a10fcd83a356c8de59267759bbba223,train,data/processed/train/acne/ac866826759e62df_00254.jpg
roboflow_skin_problem_clean3/train/233_jpg.rf.69c9a8811fc7ed5b39c21bd10c34353f.jpg,roboflow_skin_problem_clean3,Acne,acne,32d686a45b1451667c66e35c18bb9f4b6a9566cb61137296fbcc7ac33990860c,train,data/processed/train/acne/32d686a45b145166_00255.jpg
roboflow_skin_problem_clean3/train/levle1_573_jpg.rf.98b48a0f4aacb8fa8a96df4eb8fc3c99.jpg,roboflow_skin_problem_clean3,Acne,acne,c34a07100d3efa597191b4a2dd3ea7384310a88d536bc3071d56986ee7158518,train,data/processed/train/acne/c34a07100d3efa59_00256.jpg
kaggle_acne_wrinkle_spots/acne/acne138.png,kaggle_acne_wrinkle_spots,acne,acne,a5b1f855d31363574a3bb3e65ccdb8cd7595732e7a729178405684f873016cdb,train,data/processed/train/acne/a5b1f855d3136357_00257.png
roboflow_skin_problem_clean3/train/Image_79_jpg.rf.5601c1e3d219746b2d94063f574d98c2.jpg,roboflow_skin_problem_clean3,Acne,acne,0a65b8a6b10db04e91a96d067fd776d6c5c790c220374eb7eaf1352df936b6bc,train,data/processed/train/acne/0a65b8a6b10db04e_00258.jpg
roboflow_skin_problem_clean3/test/acne-6-_jpg.rf.dac36c1aa6b381945d531fd77dc2ac66.jpg,roboflow_skin_problem_clean3,Acne,acne,ab690e7996a347a88adac67fcc5f1e6591e79230802a2b57734b3ed2462675b6,train,data/processed/train/acne/ab690e7996a347a8_00259.jpg
kaggle_acne_wrinkle_spots/acne/acne200.png,kaggle_acne_wrinkle_spots,acne,acne,075ade32a4b1a146eb43b356966eefd84dd66434c84d3d6b2ba014ad9d96d571,train,data/processed/train/acne/075ade32a4b1a146_00260.png
roboflow_skin_problem_clean3/train/acne-prone-skin_11_jpeg.rf.fc9cd79ab85e08ade998da7f2434444a.jpg,roboflow_skin_problem_clean3,Acne,acne,3f1a24369e60d8358ccd738dcfc73a7693cc410ea9456a1ae064a519eb3a20fb,train,data/processed/train/acne/3f1a24369e60d835_00261.jpg
kaggle_acne_wrinkle_spots/acne/acne34.png,kaggle_acne_wrinkle_spots,acne,acne,d38f57b6d54ba998132b23222807a689ec25f959f38df8261ceecf82195a1be0,train,data/processed/train/acne/d38f57b6d54ba998_00262.png
roboflow_skin_problem_clean3/valid/acne-prone-skin_138_jpeg.rf.1189dc6a48599bbad305f5588dce1f2a.jpg,roboflow_skin_problem_clean3,Acne,acne,5ed843717b4be332a66902f1aee6aa2acbec9bec7a6c8c753d82a39ad86da0de,train,data/processed/train/acne/5ed843717b4be332_00263.jpg
roboflow_skin_problem_clean3/train/491_jpg.rf.5c9984318aed2e761f0196d96d83bc7e.jpg,roboflow_skin_problem_clean3,Acne,acne,20dfb01aad998af5796ab01071fef9b0ad0f0160b2e89e845cddde01004c1a06,train,data/processed/train/acne/20dfb01aad998af5_00264.jpg
kaggle_acne_wrinkle_spots/acne/acne151.png,kaggle_acne_wrinkle_spots,acne,acne,d28547e2e3592806f989afcd418a9ffaa79f369d2e1cc7dafd0654b81d6f6629,train,data/processed/train/acne/d28547e2e3592806_00265.jpg
roboflow_skin_problem_clean3/train/102_jpg.rf.b3958751e4465747582631651ca73a98.jpg,roboflow_skin_problem_clean3,Acne,acne,8da563f15ce8f40402dbf29bc8fbe6b5d659d745ee41edd96a1ffb18b2af0863,train,data/processed/train/acne/8da563f15ce8f404_00266.jpg
roboflow_skin_problem_clean3/train/acne-17-_png.rf.6ad09d804de6cec6561c9cf8aa7d41d1.jpg,roboflow_skin_problem_clean3,Acne,acne,8ddde28a6c7eb05f41e2f419eaad46a79e5dc42b39e398d6830aafb00c12040a,train,data/processed/train/acne/8ddde28a6c7eb05f_00267.jpg
roboflow_skin_problem_clean3/train/acne-99-_jpg.rf.aab42dcb5b53f6a0846cb706a97ed982.jpg,roboflow_skin_problem_clean3,Acne,acne,bfc7c0a91f8d452cda14f3a031c40e755ebcc70d929cc137efb997bbe3603ca0,train,data/processed/train/acne/bfc7c0a91f8d452c_00268.jpg
kaggle_acne_wrinkle_spots/acne/acne176.png,kaggle_acne_wrinkle_spots,acne,acne,78f233a770c651860e61926e7ee34b64574f10b2865e501c7286837d1b07039f,train,data/processed/train/acne/78f233a770c65186_00269.png
roboflow_skin_problem_clean3/test/529_jpg.rf.1e033df5d982b3c36f47f62e01a57573.jpg,roboflow_skin_problem_clean3,Acne,acne,f4305e4425cf39e79f631c204bd05192d255761a9319c4dd4437d2d9b0ac50a1,train,data/processed/train/acne/f4305e4425cf39e7_00270.jpg
roboflow_skin_problem_clean3/valid/81_jpg.rf.7a151f6a23270be14c9474ec03b58355.jpg,roboflow_skin_problem_clean3,Acne,acne,c8a94ae0058ed9d093ae96115dd0979682d0e0e71d72bd7069b4408222049fa6,train,data/processed/train/acne/c8a94ae0058ed9d0_00271.jpg
roboflow_skin_problem_clean3/train/46_jpg.rf.ae4bf0382684a0316da3f643c08b1305.jpg,roboflow_skin_problem_clean3,Acne,acne,2d33af90f8fef37ceb114ebbf49b1c93299ee02f1e52ed8769f03358aba899cf,train,data/processed/train/acne/2d33af90f8fef37c_00272.jpg
kaggle_acne_wrinkle_spots/acne/acne84.png,kaggle_acne_wrinkle_spots,acne,acne,212cf09bfa60295f8cf3162c529fd333b92223b2f22882c60cceb34b3e2b91ba,train,data/processed/train/acne/212cf09bfa60295f_00273.png
roboflow_skin_problem_clean3/train/598_jpg.rf.71d63d1db0ce3b3cc75d17c9b906e665.jpg,roboflow_skin_problem_clean3,Acne,acne,9b2fbf48118f060c7b0a71d8c0461f29e7689f94c589f1bdd9f962170513b7e0,train,data/processed/train/acne/9b2fbf48118f060c_00274.jpg
kaggle_acne_wrinkle_spots/acne/acne117.png,kaggle_acne_wrinkle_spots,acne,acne,c87b2e12929cc8c30052ffcecb6a634536a60d87cf35c40cb0fa27c0c5ede798,train,data/processed/train/acne/c87b2e12929cc8c3_00275.png
kaggle_acne_wrinkle_spots/acne/acne85.png,kaggle_acne_wrinkle_spots,acne,acne,6399a21a721320e55290e27fd30b3b75f69b692f0bcb0b0c38f97b83a5c30561,train,data/processed/train/acne/6399a21a721320e5_00276.png
roboflow_skin_problem_clean3/train/Image_58_jpg.rf.470c1a5da6c46b93fefa668149db66d9.jpg,roboflow_skin_problem_clean3,Acne,acne,18ff536f17c76f01b0ac5e357e3ec01951e5646e5be6fbffb562ade7520e1fac,train,data/processed/train/acne/18ff536f17c76f01_00277.jpg
kaggle_acne_wrinkle_spots/acne/acne88.png,kaggle_acne_wrinkle_spots,acne,acne,b729129b363bdcd399518ef36cf220edf22afe738ff5b8741480a026efbca6c6,train,data/processed/train/acne/b729129b363bdcd3_00278.png
roboflow_skin_problem_clean3/test/Image_12_jpg.rf.a41fe3694f464e90f736dc2bbcfa1f66.jpg,roboflow_skin_problem_clean3,Acne,acne,4341fe77320f256b618631a53fecd1628d5cb3c2c6ecab33e36d88be238e6a4b,train,data/processed/train/acne/4341fe77320f256b_00279.jpg
roboflow_skin_problem_clean3/train/265_jpg.rf.85c8c9108900e9659c9ca99a58c83c0c.jpg,roboflow_skin_problem_clean3,Acne,acne,e9b6b00dd771a24d540168124dd1d6cbd259db4b2c3d0f43d71bc5f4c5931551,train,data/processed/train/acne/e9b6b00dd771a24d_00280.jpg
roboflow_skin_problem_clean3/train/01F3MMYV5NBAMXWHPA6EKMF3SP_jpeg_jpg.rf.fd6b3ca67ea79ec4eb1099f087563f95.jpg,roboflow_skin_problem_clean3,Acne,acne,0d2378b4ac19c0e20651e29e2e822da0f28917c28d6093532b0de648342f7e23,train,data/processed/train/acne/0d2378b4ac19c0e2_00281.jpg
roboflow_skin_problem_clean3/train/levle1_247_png.rf.d78f636da61171b6fd36e7ec04869ae4.jpg,roboflow_skin_problem_clean3,Acne,acne,77c9887d84a027479cc71d2b9225f1fb048b5da34f358fb1b2dec41e7d05cda3,train,data/processed/train/acne/77c9887d84a02747_00282.jpg
kaggle_acne_wrinkle_spots/acne/acne38.png,kaggle_acne_wrinkle_spots,acne,acne,5ade942179c5dd68151d54dd63ef2c2c33db6597845bee61c9e3d87660546716,train,data/processed/train/acne/5ade942179c5dd68_00283.png
roboflow_skin_problem_clean3/test/acne-18-_png.rf.5a8b36daad81d44a4c480bcb80c1edbb.jpg,roboflow_skin_problem_clean3,Acne,acne,c38e67c5a572daca8f613938131f610fab1a53b75a85db64e2a9aac6eb12145f,train,data/processed/train/acne/c38e67c5a572daca_00284.jpg
roboflow_skin_problem_clean3/train/acne-37-_png.rf.1559d996ea43be496be293aea53c3ee6.jpg,roboflow_skin_problem_clean3,Acne,acne,f2f46c96fe574c035359f558006ca63216b1bfbfdd7921e5c75c3b3ec9852774,train,data/processed/train/acne/f2f46c96fe574c03_00285.jpg
kaggle_acne_wrinkle_spots/acne/acne166.png,kaggle_acne_wrinkle_spots,acne,acne,4a6adddd21b9d3734dd375498fca9447e288eb3029c615cfe4dae19681e389e4,train,data/processed/train/acne/4a6adddd21b9d373_00286.png
roboflow_skin_problem_clean3/test/Image_67_jpg.rf.5dff7627070050bc8eddac9aa0addfbe.jpg,roboflow_skin_problem_clean3,Acne,acne,112ccc6709202ae26f8dc809cef78419131b9e9cb737dd55d0509f0fd06ea64b,train,data/processed/train/acne/112ccc6709202ae2_00287.jpg
roboflow_skin_problem_clean3/train/530_jpg.rf.796a052090befa8aa3987eff4fb43479.jpg,roboflow_skin_problem_clean3,Acne,acne,643ad08d4e6dc75bbef093a64e1a1e0e0ec8ef25092241e20c6616fcf1e6c73a,train,data/processed/train/acne/643ad08d4e6dc75b_00288.jpg
kaggle_acne_wrinkle_spots/acne/acne105.png,kaggle_acne_wrinkle_spots,acne,acne,00729e0cbac87950d10f90224008aad8dddd9b2f34f22e88f279698cd7d8d3b3,train,data/processed/train/acne/00729e0cbac87950_00289.png
roboflow_skin_problem_clean3/test/Image_24_jpeg.rf.9375e29c910bbbaf73c3afccac19d3c8.jpg,roboflow_skin_problem_clean3,Acne,acne,5fb200236be2987d80ca1802ff6bff4b403eacd55f807e8ae1f96363f1350a9a,train,data/processed/train/acne/5fb200236be2987d_00290.jpg
kaggle_acne_wrinkle_spots/acne/acne193.png,kaggle_acne_wrinkle_spots,acne,acne,c7b754d5b38758b9cfed34b45614924544cfbad19576a5a1152af8d97484a3ca,train,data/processed/train/acne/c7b754d5b38758b9_00291.png
kaggle_acne_wrinkle_spots/acne/acne87.png,kaggle_acne_wrinkle_spots,acne,acne,ae269370f656efbcf10f2c8f1304b6752f9d147b0f4adcf72c215717b1863671,train,data/processed/train/acne/ae269370f656efbc_00292.png
roboflow_skin_problem_clean3/train/Image_145_jpg.rf.e11402d7b3a98bbe4a46e43fca06ba3e.jpg,roboflow_skin_problem_clean3,Acne,acne,34f935549aee3e3c6c05109ed56de9d2fa7e2f1d9a72ead0d6c0b5e93b675647,train,data/processed/train/acne/34f935549aee3e3c_00293.jpg
roboflow_skin_problem_clean3/train/acne-24-_png.rf.37aeee358f2233c0e364123062ac26fb.jpg,roboflow_skin_problem_clean3,Acne,acne,481caa7ed730775ef21de0e918d5dd9d51fea73da29d44ccd20deee4bb26c8ab,train,data/processed/train/acne/481caa7ed730775e_00294.jpg
roboflow_skin_problem_clean3/valid/Image_147_png.rf.7d24c3ee951f9322f149f5a7333244bc.jpg,roboflow_skin_problem_clean3,Acne,acne,2d8cef9537cee6ecde42afe3975da5bc817079eb513399e2bb5df93e908b679a,train,data/processed/train/acne/2d8cef9537cee6ec_00295.jpg
roboflow_skin_problem_clean3/train/acne-7-_png.rf.be4325a2546ed7e0127f40a517732d24.jpg,roboflow_skin_problem_clean3,Acne,acne,fb7d1d60ecc5fcaf5a38540dd561014278221a7fdf5b7701b576a555c0d3b7ba,train,data/processed/train/acne/fb7d1d60ecc5fcaf_00296.jpg
kaggle_acne_wrinkle_spots/acne/acne139.png,kaggle_acne_wrinkle_spots,acne,acne,5a720795ed127944cbf57397013db6658e3b5b68a3782b223829034f1db2dcaf,train,data/processed/train/acne/5a720795ed127944_00297.png
kaggle_acne_wrinkle_spots/acne/acne92.png,kaggle_acne_wrinkle_spots,acne,acne,4263c195dbdc4e3e018d7338f8093fd160c60abac9dcd91ca6439922139aae51,train,data/processed/train/acne/4263c195dbdc4e3e_00298.png
roboflow_skin_problem_clean3/train/acne-8-_jpg.rf.ca84294fd328d2ebb1fa36ddbdcbf0cd.jpg,roboflow_skin_problem_clean3,Acne,acne,d2029f9ee3f9cbeba08e6cae2b276d38189dceb21939555968034b9002676ed1,train,data/processed/train/acne/d2029f9ee3f9cbeb_00299.jpg
roboflow_skin_problem_clean3/train/Image_101_jpg.rf.1d2d54a412a96d98cd81224eb42217ee.jpg,roboflow_skin_problem_clean3,Acne,acne,8631e2cf9080a8fde77b635caad39ce94e863b4db8198b35621f5ca7ccae78f8,train,data/processed/train/acne/8631e2cf9080a8fd_00300.jpg
roboflow_skin_problem_clean3/train/acne-129-_jpg.rf.3159486324be0a28e6df9041cd404e55.jpg,roboflow_skin_problem_clean3,Acne,acne,323bd1d301cef97bb09cf9af83223e6181c1dc43eabfbcb349ecbe5884a2eb72,train,data/processed/train/acne/323bd1d301cef97b_00301.jpg
roboflow_skin_problem_clean3/train/132_jpg.rf.eec3bf4f89d1d6d0ee4c7960567124fc.jpg,roboflow_skin_problem_clean3,Acne,acne,43ea1811abf5b6dd3854dd22179dab1d40825cf2deee90de082dfd395c70cc71,train,data/processed/train/acne/43ea1811abf5b6dd_00302.jpg
kaggle_acne_wrinkle_spots/acne/acne45.png,kaggle_acne_wrinkle_spots,acne,acne,f6973550cdf077b06f7264d57ce5c0acbca1b89d09d2acc68aaebe2b43452247,train,data/processed/train/acne/f6973550cdf077b0_00303.png
roboflow_skin_problem_clean3/train/levle0_63_jpg.rf.94ec911fcf9a3fbdabe43cab8e7aec4b.jpg,roboflow_skin_problem_clean3,Acne,acne,56dbd9af2db09c04283f83a005eccfc697259acc9a8e5777bdaf9655c5458b32,train,data/processed/train/acne/56dbd9af2db09c04_00304.jpg
kaggle_acne_wrinkle_spots/acne/acne2.png,kaggle_acne_wrinkle_spots,acne,acne,9f094707e71ff7ce5c656468abc6b662b19f5f41cbd8766a18435ff64267e359,train,data/processed/train/acne/9f094707e71ff7ce_00305.jpg
kaggle_acne_wrinkle_spots/acne/acne164.png,kaggle_acne_wrinkle_spots,acne,acne,a87afed4ee89ab1b00fab2a13bb31961ee34baef428abd4cb9dafc38b28b7e54,train,data/processed/train/acne/a87afed4ee89ab1b_00306.png
roboflow_skin_problem_clean3/train/acne-81-_jpg.rf.4e8f9566a40c108ca572af8b7748a991.jpg,roboflow_skin_problem_clean3,Acne,acne,21492fa13445d3a8810e07f1058d89534cc6f4048c93c5edc4be6d865f679e97,train,data/processed/train/acne/21492fa13445d3a8_00307.jpg
roboflow_skin_problem_clean3/valid/13_jpg.rf.08b02e7677d6f05d19f621e8bba84a80.jpg,roboflow_skin_problem_clean3,Acne,acne,68c54eb9ec9e543bc528d5def8fd0b67064c06d41a17c3c79d32965a84bca17e,train,data/processed/train/acne/68c54eb9ec9e543b_00308.jpg
roboflow_skin_problem_clean3/test/oily-31-_jpg.rf.3c3b517d628030393d83ab19f5cb803d.jpg,roboflow_skin_problem_clean3,Acne,acne,a7fb3c9f8f80950dca8fc61cc7550c8752568e2e829904728c0bd4cbd4768e77,train,data/processed/train/acne/a7fb3c9f8f80950d_00309.jpg
roboflow_skin_problem_clean3/train/acne-89-_jpg.rf.c90ae881120aada2e149a49e2f2320ac.jpg,roboflow_skin_problem_clean3,Acne,acne,2fcb949a40f9a7c9e7735a1bcdbf05ce53677ec5e0255cdd9d219a409effdfb2,train,data/processed/train/acne/2fcb949a40f9a7c9_00310.jpg
roboflow_skin_problem_clean3/train/484_jpg.rf.826de5e7e5c0833c1284eaa376de4abc.jpg,roboflow_skin_problem_clean3,Acne,acne,fbf10bc9d99a5b686b605b0ff1b6608c31d44684b242b4a010f7ab1d898610bb,train,data/processed/train/acne/fbf10bc9d99a5b68_00311.jpg
kaggle_acne_wrinkle_spots/acne/acne21.png,kaggle_acne_wrinkle_spots,acne,acne,2d2d89ab95da05b4cf7d6beef4c57997457e565e113e837da8c24392339e6138,train,data/processed/train/acne/2d2d89ab95da05b4_00312.png
roboflow_skin_problem_clean3/train/663_jpg.rf.c497e2e4437b0fb86c77abafe86fe317.jpg,roboflow_skin_problem_clean3,Acne,acne,1fd23954e696dfddc51db9a5ac55d1df21874dcd917ae71276b984fe4563cf28,train,data/processed/train/acne/1fd23954e696dfdd_00313.jpg
roboflow_skin_problem_clean3/train/levle2_125_jpg.rf.19c33aec3449f1a4492ce5cb0cc1a6ee.jpg,roboflow_skin_problem_clean3,Acne,acne,ed604814719ef096795da6408fd1ce14280670b2099eeb45b48544ed1eb950d7,train,data/processed/train/acne/ed604814719ef096_00314.jpg
roboflow_skin_problem_clean3/train/587_jpg.rf.b1fddb0575fa7268710eabee72dcac44.jpg,roboflow_skin_problem_clean3,Acne,acne,b01741ed416f69636bb5ef65d0fa612d3809565c86e2d5e255418dc034c50fa1,train,data/processed/train/acne/b01741ed416f6963_00315.jpg
roboflow_skin_problem_clean3/test/acne-5-_jpg.rf.4f1cf7b386c1b7a1c91ff9a9133f87c2.jpg,roboflow_skin_problem_clean3,Acne,acne,a8a143faf3e59ea5ee5184d287a500e00e0d31233b7f224862403cb8c95d79c4,train,data/processed/train/acne/a8a143faf3e59ea5_00316.jpg
roboflow_skin_problem_clean3/valid/dry28_jpg.rf.01eabbb4538197b4c0c2845be2bdc7a0.jpg,roboflow_skin_problem_clean3,Acne,acne,8e264e5210e818b716daeb35edc5f7be5c65dc30f6935c6a5233e0b501463ddc,train,data/processed/train/acne/8e264e5210e818b7_00317.jpg
roboflow_skin_problem_clean3/train/Image_7_jpg.rf.71d01be42d2a391ffb350d5ab00c26bc.jpg,roboflow_skin_problem_clean3,Acne,acne,d8565739e48a77123698fff040c2f7ad9780961d57077a767745c03eb641f5d1,train,data/processed/train/acne/d8565739e48a7712_00318.jpg
roboflow_skin_problem_clean3/test/acne-77-_jpg.rf.b21390e0f7e9039fa7d7bf5db276af6c.jpg,roboflow_skin_problem_clean3,Acne,acne,6e7cbc64254b73f7f8edeca1c77b4862926aba3cd0400564482c1824a68f8cef,train,data/processed/train/acne/6e7cbc64254b73f7_00319.jpg
roboflow_skin_problem_clean3/train/Image_38_jpg.rf.1e318d663150bbae4a203de3b41c54de.jpg,roboflow_skin_problem_clean3,Acne,acne,2a1b876d87225e7a378915ad5717a4170264363ba21d4446f22a600a6eda55da,train,data/processed/train/acne/2a1b876d87225e7a_00320.jpg
roboflow_skin_problem_clean3/train/acne-744-_jpg.rf.e0ec767282332e13cc75bcf0bb9cc4cd.jpg,roboflow_skin_problem_clean3,Acne,acne,4687bd1d981bc7903ba7d20778be4ee582c781029496ece9d7e8b5393822d0a9,train,data/processed/train/acne/4687bd1d981bc790_00321.jpg
roboflow_skin_problem_clean3/train/acne-20-_jpeg.rf.695943127df1a4981feec6a27440eff6.jpg,roboflow_skin_problem_clean3,Acne,acne,862f992433bda93295b20ed77598ca679a0536cb068d3ef5a5ef74af6a44389b,train,data/processed/train/acne/862f992433bda932_00322.jpg
roboflow_skin_problem_clean3/train/acne-32-_png.rf.8b26492bab5cfb64c33b9b4d7a0167eb.jpg,roboflow_skin_problem_clean3,Acne,acne,43cd171966f36013e1c17ceb61fa1d5773c5dc6e36a7b410950eeea56e0f7eee,train,data/processed/train/acne/43cd171966f36013_00323.jpg
kaggle_acne_wrinkle_spots/acne/acne24.png,kaggle_acne_wrinkle_spots,acne,acne,468694104e395b7e16307da41093e22f1e09a46245d05caa97636be1dc26954e,train,data/processed/train/acne/468694104e395b7e_00324.png
roboflow_skin_problem_clean3/train/oily-62-_jpg.rf.428456c92de6b2cd2a926c6d76b44acb.jpg,roboflow_skin_problem_clean3,Acne,acne,7b1536a3b886217dc480031f8a72a5969b7d343a71a9620ac078b79ed76253aa,train,data/processed/train/acne/7b1536a3b886217d_00325.jpg
roboflow_skin_problem_clean3/train/Image_44_jpg.rf.118d32c8bf9a560e6c16082e2f4417c0.jpg,roboflow_skin_problem_clean3,Acne,acne,3eed20ef25310e5037960f724d93679d0d45b5739d2667f1723c72f196b852a7,train,data/processed/train/acne/3eed20ef25310e50_00326.jpg
kaggle_acne_wrinkle_spots/acne/acne142.png,kaggle_acne_wrinkle_spots,acne,acne,6190c4f206a01862544816feef23d284ad87fbd4802d3a1042c79e686a02c3fb,train,data/processed/train/acne/6190c4f206a01862_00327.png
roboflow_skin_problem_clean3/train/acne-19-_png.rf.1f8eea6c490d857635d5ad9f009f8dee.jpg,roboflow_skin_problem_clean3,Acne,acne,7ad09cdae977edc4af0c20a4744e19313c285c11577d08cf6f6c37ad25d3f94b,train,data/processed/train/acne/7ad09cdae977edc4_00328.jpg
roboflow_skin_problem_clean3/train/476_jpg.rf.7e5b029a29277d0e27ae63798fe7d8d6.jpg,roboflow_skin_problem_clean3,Acne,acne,413617ff4c877e55cad61f23e6af9c9c5e3ccb926be16bcd6ef95937ca43cbde,train,data/processed/train/acne/413617ff4c877e55_00329.jpg
roboflow_skin_problem_clean3/train/Image_38_jpg.rf.fb097f58e3d6384461ec9d1b67a37992.jpg,roboflow_skin_problem_clean3,Acne,acne,364b6eaa2fcc5d67edb252554f3e6eb021367db3806320e3b6e6abe37efe1699,train,data/processed/train/acne/364b6eaa2fcc5d67_00330.jpg
roboflow_skin_problem_clean3/train/314_jpg.rf.94ed7b293fc25f50c5cc78d1ec04a4fc.jpg,roboflow_skin_problem_clean3,Acne,acne,860feb073c6dbdd5e434750b9cb2f5397ae51529de88e1d6b8a912447a92548b,train,data/processed/train/acne/860feb073c6dbdd5_00331.jpg
roboflow_skin_problem_clean3/train/582_jpg.rf.ac556cb3f6e0ee1a98875d3f9d87e7e4.jpg,roboflow_skin_problem_clean3,Acne,acne,3cadfc28aa5cdde1fc5be2352273a21cbc3de8e25919a37de64eacfd9272384e,train,data/processed/train/acne/3cadfc28aa5cdde1_00332.jpg
kaggle_acne_wrinkle_spots/acne/acne119.png,kaggle_acne_wrinkle_spots,acne,acne,4322795dbb928541480f08e1768ab70e0a140941c280a07f7cdaa2f6bb1f75e0,train,data/processed/train/acne/4322795dbb928541_00333.png
kaggle_acne_wrinkle_spots/acne/acne112.png,kaggle_acne_wrinkle_spots,acne,acne,b858a3831a2c502954f000d1d96e52f68b4ea7b94f568f250d8fae2b28838407,train,data/processed/train/acne/b858a3831a2c5029_00334.png
roboflow_skin_problem_clean3/train/levle1_468_jpg.rf.e5614e7083a6e7fcf067759f38e8c2a1.jpg,roboflow_skin_problem_clean3,Acne,acne,e80bb9ba5ae8b4a36037cd8c4ea9b374cbfcfa8f94b10d626a1668b5b8ea7291,train,data/processed/train/acne/e80bb9ba5ae8b4a3_00335.jpg
roboflow_skin_problem_clean3/train/Image_96_png.rf.451803db260ca0604f9d9a2007911b73.jpg,roboflow_skin_problem_clean3,Acne,acne,9dd6d910097cdaa1171d20e8c064bad0d685d14c6fd15407977b3ee6c41f231a,train,data/processed/train/acne/9dd6d910097cdaa1_00336.jpg
roboflow_skin_problem_clean3/train/344_jpg.rf.22fe7f7b576f771c200c330e3abd1937.jpg,roboflow_skin_problem_clean3,Acne,acne,ccf5ac13e4a73365bbcb503fba3b95d9b8b8172345acd840f75d8b8aeaf38094,train,data/processed/train/acne/ccf5ac13e4a73365_00337.jpg
roboflow_skin_problem_clean3/valid/oily-60-_jpg.rf.05c108c2984e87fe10c264bc81f1145d.jpg,roboflow_skin_problem_clean3,Acne,acne,f993c5d15d370019fe8ced8c6cf033ff495a1878e0045b0caaabb7ff8f1804af,train,data/processed/train/acne/f993c5d15d370019_00338.jpg
kaggle_acne_wrinkle_spots/acne/acne86.png,kaggle_acne_wrinkle_spots,acne,acne,3cef19d53021488e4eb494fab6ec94e9d48913cd3b9bce837b912beb15897a49,train,data/processed/train/acne/3cef19d53021488e_00339.png
roboflow_skin_problem_clean3/valid/acne-38-_jpg.rf.9d154db9e18597edbb56004df33a8b40.jpg,roboflow_skin_problem_clean3,Acne,acne,a534d1437f42f498ccd16ff0080196eb548322f2eff59bb95d06492b1a11cc5c,train,data/processed/train/acne/a534d1437f42f498_00340.jpg
roboflow_skin_problem_clean3/train/Image_137_jpg.rf.f204f4ecf3613c5a11ac16b93087ef16.jpg,roboflow_skin_problem_clean3,Acne,acne,5c3271d059f9119bfa4b6d8b7425abc290c60449cbfeda0aa31aa579e7327944,train,data/processed/train/acne/5c3271d059f9119b_00341.jpg
roboflow_skin_problem_clean3/train/159_jpg.rf.1bbbfbc8645d921aa4636d4686e94a8e.jpg,roboflow_skin_problem_clean3,Acne,acne,f1fdc4898d0c703eb970802d7c4a5c592389ee990b0d700c57968e755fc5d275,train,data/processed/train/acne/f1fdc4898d0c703e_00342.jpg
roboflow_skin_problem_clean3/train/acne-8-_png.rf.789734a4e3bbd8d41e679801eee9ddc7.jpg,roboflow_skin_problem_clean3,Acne,acne,1b530bfa4239a59a9ad71670d6e005f2c5fe46fb77672e69e787877143a7775a,train,data/processed/train/acne/1b530bfa4239a59a_00343.jpg
roboflow_skin_problem_clean3/train/597_jpg.rf.1c4f9965e8d8f207b5a6c7c96e338fc1.jpg,roboflow_skin_problem_clean3,Acne,acne,5003b0c0f00763b18b6eddd3ab4478023176121a093d3cee87e957c98a2e0893,train,data/processed/train/acne/5003b0c0f00763b1_00344.jpg
roboflow_skin_problem_clean3/train/levle1_42_jpg.rf.3758e0069ba1db4f10bd232e97982364.jpg,roboflow_skin_problem_clean3,Acne,acne,ea659b67be09d5e93d8f99fb9d118140e46c8b89c317830b9bcffc0b3544af1f,train,data/processed/train/acne/ea659b67be09d5e9_00345.jpg
roboflow_skin_problem_clean3/train/289_jpg.rf.d0f53a69f5c866b6bd4dbde613e59086.jpg,roboflow_skin_problem_clean3,Acne,acne,7132a3ff7d9eb33f316892c5c6912adf11065040c5401243c86d54414f35b77c,train,data/processed/train/acne/7132a3ff7d9eb33f_00346.jpg
roboflow_skin_problem_clean3/train/acne-prone-skin_115_jpeg.rf.20a1666044d6e33b12721f8e1b573c3e.jpg,roboflow_skin_problem_clean3,Acne,acne,451a60bc31111fdaab41dda7114a6338309d7ea5f44505238ece80b9d26373c6,train,data/processed/train/acne/451a60bc31111fda_00347.jpg
kaggle_acne_wrinkle_spots/acne/acne123.png,kaggle_acne_wrinkle_spots,acne,acne,9394518739defe0fdee659339562f9b9cb3fc03865c047b7bcbfdfc15cc5697b,train,data/processed/train/acne/9394518739defe0f_00348.png
roboflow_skin_problem_clean3/train/levle1_140_jpg.rf.933fe472967703d079d7c8c0093d2e69.jpg,roboflow_skin_problem_clean3,Acne,acne,c3cb03328f52a63659c12d719385eaba34e9b61d497890d207d891a6c655591d,train,data/processed/train/acne/c3cb03328f52a636_00349.jpg
roboflow_skin_problem_clean3/train/75_jpg.rf.9609fd95bd19b9c05f1691cf08a46c78.jpg,roboflow_skin_problem_clean3,Acne,acne,8aa91414bf22f398c519f153925f75a884b31b10738aada8428d2dd965577862,train,data/processed/train/acne/8aa91414bf22f398_00350.jpg
roboflow_skin_problem_clean3/train/01F3MMVH87B4G7M1NH7963VX3M_jpeg_jpg.rf.57762fcd4a2b1e8cc33116b60bd2fbe7.jpg,roboflow_skin_problem_clean3,Acne,acne,503db9d0fd2083718341cd4d518ba941f01823e3da53fe0e91839e81fbb5dfe1,train,data/processed/train/acne/503db9d0fd208371_00351.jpg
kaggle_acne_wrinkle_spots/acne/acne110.png,kaggle_acne_wrinkle_spots,acne,acne,db5b196ca8b5eea2efd7c4dbd4d53545dc7b94ab1022fc149285372d52431814,train,data/processed/train/acne/db5b196ca8b5eea2_00352.jpg
roboflow_skin_problem_clean3/train/acne-prone-skin_116_jpeg.rf.c88e79ffcb3facb3ccd5c1af5261af58.jpg,roboflow_skin_problem_clean3,Acne,acne,c0883de3107195e169dd3a7bdce5fe0ba13812e619b46c7f605bc1c4e9544e16,train,data/processed/train/acne/c0883de3107195e1_00353.jpg
kaggle_acne_wrinkle_spots/acne/acne3.png,kaggle_acne_wrinkle_spots,acne,acne,fda3b32366a76ad2bc78cc8e68b0a17a0b82452e832bff00a5bc06489322485f,train,data/processed/train/acne/fda3b32366a76ad2_00354.png
kaggle_acne_wrinkle_spots/acne/acne127.png,kaggle_acne_wrinkle_spots,acne,acne,a07071c5e1f24e3677a5636662e6a2b4ab2507d0c078feadaff73635041e4c07,train,data/processed/train/acne/a07071c5e1f24e36_00355.png
roboflow_skin_problem_clean3/train/372_jpg.rf.9a28f3745dbab9ee386780b09bc7aad9.jpg,roboflow_skin_problem_clean3,Acne,acne,c5eedcf87cc84a0695d3d4a377fa2be428a31c65bb61fb6ae2a1c5755ec9741e,train,data/processed/train/acne/c5eedcf87cc84a06_00356.jpg
roboflow_skin_problem_clean3/train/levle2_50_jpg.rf.9eff790fee1d572c19c8bd2b7bd837d5.jpg,roboflow_skin_problem_clean3,Acne,acne,fe4d49abbc6e7f84909e3b1bc194395e1b8ffad242ee71f657c80d731642ce61,train,data/processed/train/acne/fe4d49abbc6e7f84_00357.jpg
roboflow_skin_problem_clean3/train/acne-21-_jpg.rf.e9b33e7a218cfa7875d4a2e0002497ba.jpg,roboflow_skin_problem_clean3,Acne,acne,b5a6fe238a40533a8f3d86e20f7cbaaa58d6e948478aafa44b538122b2ba354e,train,data/processed/train/acne/b5a6fe238a40533a_00358.jpg
roboflow_skin_problem_clean3/train/458_jpg.rf.95afcbda9d84fe621ba41572d0703652.jpg,roboflow_skin_problem_clean3,Acne,acne,59129ee331af99221dfa95f0176fc0ea6123d347d83d16c9ebf74947974c98f6,train,data/processed/train/acne/59129ee331af9922_00359.jpg
roboflow_skin_problem_clean3/test/267_jpg.rf.3e5a4e8155c0f662403667ce6aad74ee.jpg,roboflow_skin_problem_clean3,Acne,acne,eedb62ace0378c046fcbebbd3910e81faf2978771dc2fde77d4a193c38a571b1,train,data/processed/train/acne/eedb62ace0378c04_00360.jpg
kaggle_acne_wrinkle_spots/acne/acne76.png,kaggle_acne_wrinkle_spots,acne,acne,0ab310e156125c4514c5ef02c2b0a0ac310b36fee0639ea42abbf56792237b7d,train,data/processed/train/acne/0ab310e156125c45_00361.png
kaggle_acne_wrinkle_spots/acne/acne133.png,kaggle_acne_wrinkle_spots,acne,acne,5837b403d75d9923706ad7e5e1ebd22d9c63fdf173f49be48a33cb6b2667d5af,train,data/processed/train/acne/5837b403d75d9923_00362.png
roboflow_skin_problem_clean3/valid/Image_46_jpg.rf.3806fd5cf16d5e19889902f847bdd06d.jpg,roboflow_skin_problem_clean3,Acne,acne,f140ee136ae005f774d415261e7405a6393b5523a288713124a6cb8ca8e626a5,train,data/processed/train/acne/f140ee136ae005f7_00363.jpg
roboflow_skin_problem_clean3/valid/Image_112_JPG.rf.5ed9e5aa4e14598c0afef5cdcd666044.jpg,roboflow_skin_problem_clean3,Acne,acne,3249ff52321dcbbbc6ad84f51c072592a68ef0910a18c9de949bec56b1abded8,train,data/processed/train/acne/3249ff52321dcbbb_00364.jpg
roboflow_skin_problem_clean3/train/Image_85_jpg.rf.aecac8faf2162b961c1ef9a534b07200.jpg,roboflow_skin_problem_clean3,Acne,acne,9081d6bd0f923b0d86ca6cdf2d7e0410f28191c891e4f2c75b38f75c2ab1ff60,train,data/processed/train/acne/9081d6bd0f923b0d_00365.jpg
roboflow_skin_problem_clean3/train/acne-13-_jpeg.rf.7c80534959c9899df1346d9a4dad10d9.jpg,roboflow_skin_problem_clean3,Acne,acne,035f1ecd3ea7752f911b859e3fe7fc51d594526c7c48e22fd71aa56e220f8502,train,data/processed/train/acne/035f1ecd3ea7752f_00366.jpg
kaggle_acne_wrinkle_spots/acne/acne126.png,kaggle_acne_wrinkle_spots,acne,acne,7d6a7ffd777fabd8c2d5acc297cec65ff7b3fac767702159a3272f4f619f11b2,train,data/processed/train/acne/7d6a7ffd777fabd8_00367.png
roboflow_skin_problem_clean3/train/acne-17-_jpeg.rf.175834461c932754adc63388ec749907.jpg,roboflow_skin_problem_clean3,Acne,acne,a7bbfe9c3751bd98edd0c1787999cda2a755e0e0ed150663dccaa4e45c637ed6,train,data/processed/train/acne/a7bbfe9c3751bd98_00368.jpg
kaggle_acne_wrinkle_spots/acne/acne95.png,kaggle_acne_wrinkle_spots,acne,acne,fe4950ac0f77c69d324c566d79dd1cb2d3587c2c21b0a6b2bd1a03b2f9f2b93b,train,data/processed/train/acne/fe4950ac0f77c69d_00369.png
roboflow_skin_problem_clean3/train/Image_72_jpg.rf.a1b566f9dc0b4937a2cabc76dfd3837c.jpg,roboflow_skin_problem_clean3,Acne,acne,cf333081cc8f0b3832adf0c4667ce809fa625f660e4d6a3f51360af598974ae0,train,data/processed/train/acne/cf333081cc8f0b38_00370.jpg
roboflow_skin_problem_clean3/train/acne-95-_jpg.rf.33734c617fe46bdf1bf069b27a89f30a.jpg,roboflow_skin_problem_clean3,Acne,acne,cfab80a2c664262e25571a94b0bec4344684a5346cb6d893df483c4ee4e87cde,train,data/processed/train/acne/cfab80a2c664262e_00371.jpg
kaggle_acne_wrinkle_spots/acne/acne91.png,kaggle_acne_wrinkle_spots,acne,acne,01d7228437fe8c6ded98ee8f9aae378463b301a54cd81f083daa7022e7486302,train,data/processed/train/acne/01d7228437fe8c6d_00372.png
roboflow_skin_problem_clean3/valid/acne-22-_jpeg.rf.b2a12618734f84a551e57bafb1308776.jpg,roboflow_skin_problem_clean3,Acne,acne,4e2026ff48d06375cad53ef49478e263cea931ff3b3194862af66098a1e33b64,train,data/processed/train/acne/4e2026ff48d06375_00373.jpg
kaggle_acne_wrinkle_spots/acne/acne25.png,kaggle_acne_wrinkle_spots,acne,acne,e2d0d83a23595bd65a4deb4b511b44fc4c1b7a3d98e11435dd128ff26a34c25e,train,data/processed/train/acne/e2d0d83a23595bd6_00374.jpg
roboflow_skin_problem_clean3/train/349_jpg.rf.85f89f1e1652c32370c6ceb65bbc964a.jpg,roboflow_skin_problem_clean3,Acne,acne,746ea4c2337511406a6e2b7babaada6108cf422beacb9cf0d700c5987e0760bb,train,data/processed/train/acne/746ea4c233751140_00375.jpg
roboflow_skin_problem_clean3/valid/Image_77_jpg.rf.4df6bd39c8deff35df43b9a01011fd34.jpg,roboflow_skin_problem_clean3,Acne,acne,76cf1132a73b586f8a5582db4d74f6d39fbb67a5e0c91cca4d344ddc69eeb101,train,data/processed/train/acne/76cf1132a73b586f_00376.jpg
kaggle_acne_wrinkle_spots/acne/acne64.png,kaggle_acne_wrinkle_spots,acne,acne,bad630ee89c97c77ffad552ffe327450cabb6760fe05bd19b2690b6a7b26a791,train,data/processed/train/acne/bad630ee89c97c77_00377.jpg
kaggle_acne_wrinkle_spots/acne/acne120.png,kaggle_acne_wrinkle_spots,acne,acne,fb533a4c4dc0ec26ef7a470ae76db1b2fc8494dcc38857635da0fd1103b71308,train,data/processed/train/acne/fb533a4c4dc0ec26_00378.jpg
roboflow_skin_problem_clean3/train/109_jpg.rf.6092ff8a494a72e2d348d836a2b2edd4.jpg,roboflow_skin_problem_clean3,Acne,acne,d5ee5438f93f5c141d5fd27597c00e6d10c2164f9d4a33f4ed2fa26d9efa942d,train,data/processed/train/acne/d5ee5438f93f5c14_00379.jpg
roboflow_skin_problem_clean3/train/acne-41-_jpeg.rf.d8ee6c3556538eaaa547c5e324a6c2b1.jpg,roboflow_skin_problem_clean3,Acne,acne,0746b41295af981f7f99bdd654021d505a94c43cc8ac071ff96d6988d1d27a9e,train,data/processed/train/acne/0746b41295af981f_00380.jpg
roboflow_skin_problem_clean3/train/Image_70_jpg.rf.2306cbbc5ef679b48b8a40d5ccf1150c.jpg,roboflow_skin_problem_clean3,Acne,acne,9e974493104465d0b49e873c1401025c1516796cd379356361126c925d34f5c1,train,data/processed/train/acne/9e974493104465d0_00381.jpg
roboflow_skin_problem_clean3/train/oily-221-_jpg.rf.dd91a86284e4e0b179cebee48ee212eb.jpg,roboflow_skin_problem_clean3,Acne,acne,f0b7dca718d25e33a9fc022a10c71a32c8042b8decc7c31be445c8e6c4d338b0,train,data/processed/train/acne/f0b7dca718d25e33_00382.jpg
roboflow_skin_problem_clean3/train/60_jpg.rf.df85e0af1bc43b2733bf6061b5b010ca.jpg,roboflow_skin_problem_clean3,Acne,acne,380a8b84856ae89f3705fc45e2eb558a548fb0769931e281897ca767f5adfc20,train,data/processed/train/acne/380a8b84856ae89f_00383.jpg
kaggle_acne_wrinkle_spots/acne/acne90.png,kaggle_acne_wrinkle_spots,acne,acne,1a4d17c206df863f705542f562ab67bdd03868f8c6830e5380ee462644e441b1,train,data/processed/train/acne/1a4d17c206df863f_00384.jpg
roboflow_skin_problem_clean3/train/Image_41_jpg.rf.3ebb5c4c5b22d7f73feaed7e812ad9d3.jpg,roboflow_skin_problem_clean3,Acne,acne,abef244818995ba1624fccf64bfcf33f275e669ce854794687749687b501cb8f,train,data/processed/train/acne/abef244818995ba1_00385.jpg
roboflow_skin_problem_clean3/train/687_jpg.rf.0a79c0364135ee1c4b000f790dab916d.jpg,roboflow_skin_problem_clean3,Acne,acne,12b7fdac153cccf5604820a0a8f389cd71544cd15a04a144909294c572d8bcbf,train,data/processed/train/acne/12b7fdac153cccf5_00386.jpg
roboflow_skin_problem_clean3/train/acne-67-_jpg.rf.e93dc94c955e3ba2a01a2b1f802ac0cd.jpg,roboflow_skin_problem_clean3,Acne,acne,166e306d50ac9f377672c7357ad4021a608283df16600824cb9c3d9232e70db2,train,data/processed/train/acne/166e306d50ac9f37_00387.jpg
kaggle_acne_wrinkle_spots/acne/acne83.png,kaggle_acne_wrinkle_spots,acne,acne,4ec25a9109d5e4fb7be6901561906e05d4860f06ff965d9af6d71c1dd084dacf,train,data/processed/train/acne/4ec25a9109d5e4fb_00388.jpg
roboflow_skin_problem_clean3/valid/acne-prone-skin_142_jpeg.rf.b7951e28ea2f65fe4cdfa9c8cd764282.jpg,roboflow_skin_problem_clean3,Acne,acne,025220cc56dfe35927afd6f60589542521e693b3691cdaea1cd496757d597012,train,data/processed/train/acne/025220cc56dfe359_00389.jpg
roboflow_skin_problem_clean3/train/234_jpg.rf.7aea357d5059cacee6a3f336f20c4b42.jpg,roboflow_skin_problem_clean3,Acne,acne,a3f245ee4335e47d8489c72acc22472f2809683abad4499d07116a57589d8ec1,train,data/processed/train/acne/a3f245ee4335e47d_00390.jpg
kaggle_acne_wrinkle_spots/acne/acne20.png,kaggle_acne_wrinkle_spots,acne,acne,a539676d52374793c743cd06490b69c0c6c9ce06466d5cda87bc51b814ce32af,train,data/processed/train/acne/a539676d52374793_00391.png
roboflow_skin_problem_clean3/train/acne-6-_jpeg.rf.ae4fe484f90b9e0cc9b21d9b02fc723f.jpg,roboflow_skin_problem_clean3,Acne,acne,cfe6853c170f5985df588a311011bb117326d9d1c6019f0f6e20d932544f5b63,train,data/processed/train/acne/cfe6853c170f5985_00392.jpg
roboflow_skin_problem_clean3/train/Image_4_jpg.rf.e7bfc3c254cbfcbc4d6fb1472477c13c.jpg,roboflow_skin_problem_clean3,Acne,acne,3db50bac3dfe7549da47a978b3d28caeefcd40935538034c9d341257c0fb0dd7,train,data/processed/train/acne/3db50bac3dfe7549_00393.jpg
roboflow_skin_problem_clean3/valid/7_jpg.rf.300b37785a961eb508aa7d1690ca89db.jpg,roboflow_skin_problem_clean3,Acne,acne,8457671e8cafb4d5b6af79b787b31fc83f2bfeda72213be307250aae547242eb,train,data/processed/train/acne/8457671e8cafb4d5_00394.jpg
roboflow_skin_problem_clean3/valid/acne-prone-skin_167_jpeg.rf.4796ea751ff88c4b91ac7db45b97d748.jpg,roboflow_skin_problem_clean3,Acne,acne,e680510ce0f3ea3cc466478057ee280e6e5e40219413bc8e7c2aeab66ef2f401,train,data/processed/train/acne/e680510ce0f3ea3c_00395.jpg
roboflow_skin_problem_clean3/train/levle0_375_jpg.rf.f5d7a5e46176a7d3072ebbbb3bab2c41.jpg,roboflow_skin_problem_clean3,Acne,acne,fe386c0080562e39acb222803a1ac9344a14ad9bc53dfc6848b78bead4fabf17,train,data/processed/train/acne/fe386c0080562e39_00396.jpg
kaggle_acne_wrinkle_spots/acne/acne29.png,kaggle_acne_wrinkle_spots,acne,acne,6194a71c97df9b697231689bf3f6d6f4b19587eafff70f50bd134df6d456dd13,train,data/processed/train/acne/6194a71c97df9b69_00397.png
kaggle_acne_wrinkle_spots/acne/acne100.png,kaggle_acne_wrinkle_spots,acne,acne,37431818d99e4fa92da063f4c443a66edc9136ebbdf26f99c848d6f9de5819b0,train,data/processed/train/acne/37431818d99e4fa9_00398.png
roboflow_skin_problem_clean3/train/Image_134_jpg.rf.5ace466f370089269eba5be540564551.jpg,roboflow_skin_problem_clean3,Acne,acne,1ad930e7543ef7ada8ef01adc710f8ae3e806c8607aecf5e16f6d6e9cca3dfb3,train,data/processed/train/acne/1ad930e7543ef7ad_00399.jpg
roboflow_skin_problem_clean3/test/Image_139_jpg.rf.b592dd7b1771a33036ed99b6a7324692.jpg,roboflow_skin_problem_clean3,Acne,acne,045f8da398945e0750318de9c94856448c4e4a1595477a40d671b224e4f122d8,train,data/processed/train/acne/045f8da398945e07_00400.jpg
roboflow_skin_problem_clean3/train/acne-7-_jpeg.rf.0484014243245396b53e333d98583f42.jpg,roboflow_skin_problem_clean3,Acne,acne,f1ba474d97c822c76805c14dbcd1efb060a38e65aefd978e01d3087ae193c62d,train,data/processed/train/acne/f1ba474d97c822c7_00401.jpg
roboflow_skin_problem_clean3/train/390_jpg.rf.cba1fe822d135868ad855faf55227f59.jpg,roboflow_skin_problem_clean3,Acne,acne,938039445db5ea98399f5d97e62d45259f228b992e9da2681f610904f4ab15af,train,data/processed/train/acne/938039445db5ea98_00402.jpg
roboflow_skin_problem_clean3/train/685_jpg.rf.f2d28b869c053ecb5cc04e2679255a3e.jpg,roboflow_skin_problem_clean3,Acne,acne,46d744a141ebad40c32adb45827e0725236cb4a40ddb81064ec23608dee18887,train,data/processed/train/acne/46d744a141ebad40_00403.jpg
kaggle_acne_wrinkle_spots/acne/acne113.png,kaggle_acne_wrinkle_spots,acne,acne,62841790ad2a3ffc8f71061ec632ae397cf36add67a55e1565921ec952be3415,train,data/processed/train/acne/62841790ad2a3ffc_00404.jpg
kaggle_acne_wrinkle_spots/acne/acne72.png,kaggle_acne_wrinkle_spots,acne,acne,16cb2c0ed86d6e0729dd874f20c59cfc0c952afcbce59a6c3181ba0c689451c8,train,data/processed/train/acne/16cb2c0ed86d6e07_00405.jpg
roboflow_skin_problem_clean3/train/263_jpg.rf.9ed36ba831264e9321f6473c3601e764.jpg,roboflow_skin_problem_clean3,Acne,acne,798a411d09723fdaf2a4dc164c657e3cff65a8292079b309fffa53f284bda2e8,train,data/processed/train/acne/798a411d09723fda_00406.jpg
roboflow_skin_problem_clean3/test/Image_37-1-_jpg.rf.9ec9faa1bc53768167c4531f1a38ea42.jpg,roboflow_skin_problem_clean3,Acne,acne,82d18b8ec5976bc5b82d927f5a760502a67d5be000a5fb138097f02b3fc5ce55,train,data/processed/train/acne/82d18b8ec5976bc5_00407.jpg
roboflow_skin_problem_clean3/train/acne-21-_jpeg.rf.8b5445d2b3b316564d79fc4822df6791.jpg,roboflow_skin_problem_clean3,Acne,acne,6a4e61f0bd30bec03411f662e3c9f578cd72fc425a5da53d3540ca159353de7b,train,data/processed/train/acne/6a4e61f0bd30bec0_00408.jpg
roboflow_skin_problem_clean3/test/acne-131-_jpg.rf.063505c2c0a3eb76c25eea2539401b84.jpg,roboflow_skin_problem_clean3,Acne,acne,606e4d7ae4556809aee64faeabb0fe7bfa995af1298a4d0f58444a635ea88d0d,train,data/processed/train/acne/606e4d7ae4556809_00409.jpg
kaggle_acne_wrinkle_spots/acne/acne118.png,kaggle_acne_wrinkle_spots,acne,acne,e4fa7f00f55fcf294c37e8fd640168a657e3c49375eff53f5c7a1782c40ce70d,train,data/processed/train/acne/e4fa7f00f55fcf29_00410.png
kaggle_acne_wrinkle_spots/acne/acne93.png,kaggle_acne_wrinkle_spots,acne,acne,4ef5b80344b3db0c779d5a3643abd10ae8243ea82fe8ec924f1fa08039a7498e,train,data/processed/train/acne/4ef5b80344b3db0c_00411.png
kaggle_acne_wrinkle_spots/acne/acne183.png,kaggle_acne_wrinkle_spots,acne,acne,1fa430c86bc509d8a102a6ac92f27865e82d28328e8b21f954c2a9e4292a5110,train,data/processed/train/acne/1fa430c86bc509d8_00412.png
roboflow_skin_problem_clean3/train/388_jpg.rf.22deb3e19ff6799c70966305a2b58cb6.jpg,roboflow_skin_problem_clean3,Acne,acne,60bfe3fbf841641a7af0154c80d1ca9fcfdf35ff858053ce3ee8c27fac8b07d0,train,data/processed/train/acne/60bfe3fbf841641a_00413.jpg
roboflow_skin_problem_clean3/train/acne-84-_jpg.rf.71bf77680dc70ec0e158b7b6610a3321.jpg,roboflow_skin_problem_clean3,Acne,acne,062c0985a5c25c0e1015fc8c4805879652ee1b2de414be436424184cbe6ce10a,train,data/processed/train/acne/062c0985a5c25c0e_00414.jpg
roboflow_skin_problem_clean3/valid/acne-28-_jpg.rf.57ada4a7f1af21804010223e877b0fba.jpg,roboflow_skin_problem_clean3,Acne,acne,5b7bb514c302190ff27869e6eeb8a9ae4b78bcfdf9d868d4cbdedfd5b2d607c3,train,data/processed/train/acne/5b7bb514c302190f_00415.jpg
roboflow_skin_problem_clean3/valid/oily-244-_jpg.rf.f5b3ffad1b39b67a75f98fbf1542b7be.jpg,roboflow_skin_problem_clean3,Acne,acne,8f9176fd2d6ee55e622e507378d9bfe363947492bcd91e04d8852a8cf9a7d19d,train,data/processed/train/acne/8f9176fd2d6ee55e_00416.jpg
kaggle_acne_wrinkle_spots/acne/acne42.png,kaggle_acne_wrinkle_spots,acne,acne,89e5bcee40381c0a3d867800340947a0e7a464ad6cc2ef269b0f053f02b989e8,train,data/processed/train/acne/89e5bcee40381c0a_00417.png
roboflow_skin_problem_clean3/valid/Image_93_jpg.rf.88873805b6652bc9122b325fb80db8ee.jpg,roboflow_skin_problem_clean3,Acne,acne,a83fc0292fe75166f6cce09db6eac206259a0889be8e83fae3ee1237b79a877e,train,data/processed/train/acne/a83fc0292fe75166_00418.jpg
roboflow_skin_problem_clean3/train/acne-2-_jpeg.rf.5dbecb4b41c246162e3627e14d056a74.jpg,roboflow_skin_problem_clean3,Acne,acne,ad193bb61c1212b621c2db74c9d7b8b4e76b9fd8bd18c9295ab8b9947f6c6f95,train,data/processed/train/acne/ad193bb61c1212b6_00419.jpg
roboflow_skin_problem_clean3/train/266_jpg.rf.a9b61c87df3559ae3e65cf1cc37d8547.jpg,roboflow_skin_problem_clean3,Acne,acne,01ddb232608e3d28d0b41a9f4f82689476a80c2fd7af12c1c5fc60cf93e47018,train,data/processed/train/acne/01ddb232608e3d28_00420.jpg
roboflow_skin_problem_clean3/train/392_jpg.rf.391ae6934bbef111483732a11fb10472.jpg,roboflow_skin_problem_clean3,Acne,acne,3a8dae07038b6464692dd0fb35278e6bbb906d1ea1f066aa16ffb19c33e249cb,train,data/processed/train/acne/3a8dae07038b6464_00421.jpg
roboflow_skin_problem_clean3/valid/oily-239-_JPG.rf.10da8c1fee069643d7a721c31e5b0162.jpg,roboflow_skin_problem_clean3,Acne,acne,f34560456fd3f177112eab8eb7ee671cd3ecaec8b1580fd29ac2be932862a543,train,data/processed/train/acne/f34560456fd3f177_00422.jpg
kaggle_acne_wrinkle_spots/acne/acne154.png,kaggle_acne_wrinkle_spots,acne,acne,c48beed657a574ad118710fbc8fe786ee367032b6c6bedce9dcc1ecd8b0e34fb,train,data/processed/train/acne/c48beed657a574ad_00423.png
roboflow_skin_problem_clean3/test/542_jpg.rf.ddef559000ceb9ae78574f5f6ea69ba8.jpg,roboflow_skin_problem_clean3,Acne,acne,6ba117450eac8ebb4f6f24db6733b3f1734d37c600f966ccbca2bcd6ffcb1ac0,train,data/processed/train/acne/6ba117450eac8ebb_00424.jpg
roboflow_skin_problem_clean3/train/acne-prone-skin_120_jpeg.rf.b15e53eefb3171e6ce74146e6a4569e0.jpg,roboflow_skin_problem_clean3,Acne,acne,1fe840fafbe81303f151e4d336bdb04487670024b0012f63970f4282e740e318,train,data/processed/train/acne/1fe840fafbe81303_00425.jpg
roboflow_skin_problem_clean3/train/376_jpg.rf.f1d6863d8618a7b7cb2533127f41d89f.jpg,roboflow_skin_problem_clean3,Acne,acne,446ca9984a25e1248c48ca2a171fe9d89281206db849f392351bdb62fc4ebe9b,train,data/processed/train/acne/446ca9984a25e124_00426.jpg
roboflow_skin_problem_clean3/train/Image_125_png.rf.b743c1f1347af4dea5a11637b922c225.jpg,roboflow_skin_problem_clean3,Acne,acne,05cbf9293346200e8669c7a1938fecbe5ab463dd5094ac5fd680a4d62c043701,train,data/processed/train/acne/05cbf9293346200e_00427.jpg
roboflow_skin_problem_clean3/test/186_jpg.rf.c3655aeb0fbc3b3632d997722add5da8.jpg,roboflow_skin_problem_clean3,Acne,acne,67f6ad2f89c7863760bd4cfcfbec868114a0dca6c0eaf0306aa83c2796eca0d0,train,data/processed/train/acne/67f6ad2f89c78637_00428.jpg
roboflow_skin_problem_clean3/train/Image_5_jpg.rf.da4e5d3919716415ab3f56f70ffedfc9.jpg,roboflow_skin_problem_clean3,Acne,acne,6c4162ca6e344f9432aefb8ad888280a64e58a2ac4bfb7a30a19eeacf92f4ac9,train,data/processed/train/acne/6c4162ca6e344f94_00429.jpg
roboflow_skin_problem_clean3/valid/15_jpg.rf.93ea963465406d9daa6e3188c503b850.jpg,roboflow_skin_problem_clean3,Acne,acne,a3392f3b938f95e5bae3880c322d05d8717d6e69f71e6941d0224401c4294439,train,data/processed/train/acne/a3392f3b938f95e5_00430.jpg
kaggle_acne_wrinkle_spots/acne/acne69.png,kaggle_acne_wrinkle_spots,acne,acne,0d9ccb1ad2467a89188a0e58690dbf34f951903f4f1536d529a2eb1d6beae025,train,data/processed/train/acne/0d9ccb1ad2467a89_00431.png
roboflow_skin_problem_clean3/train/88_jpg.rf.2830a6426102f232e94d7dbb368820ad.jpg,roboflow_skin_problem_clean3,Acne,acne,94528e7cbe8f98c36e23d8d2e1450cd84a993fb5f2bbb6b3432976254ddd92aa,train,data/processed/train/acne/94528e7cbe8f98c3_00432.jpg
kaggle_acne_wrinkle_spots/acne/acne6.png,kaggle_acne_wrinkle_spots,acne,acne,f51498612fcef7cec982975a2f4a234aeec2879d036a5815d3c3127a4305dbc2,train,data/processed/train/acne/f51498612fcef7ce_00433.png
roboflow_skin_problem_clean3/train/acne-138-_jpg.rf.b055816adfd0ad4dcf9db889d798646c.jpg,roboflow_skin_problem_clean3,Acne,acne,f98c2e8d4f5e2dc863588745826e797c274959f4ae747a22d4f0ea6b558c3824,train,data/processed/train/acne/f98c2e8d4f5e2dc8_00434.jpg
roboflow_skin_problem_clean3/train/acne-14-_jpg.rf.b2fdb712cecd48a7f907414d84a165fa.jpg,roboflow_skin_problem_clean3,Acne,acne,d1a11809d6207d1e3e5e56e0220ec86cf49e9277530a4ec15bdbc93361c4bd35,train,data/processed/train/acne/d1a11809d6207d1e_00435.jpg
roboflow_skin_problem_clean3/valid/Image_31_jpg.rf.d8635f0401e41c318fa0656b9ce37d6d.jpg,roboflow_skin_problem_clean3,Acne,acne,3ef8e55a75129870c7b4bf0327c1c84951df0d5c1f5a64f3f6c6185cf3c91609,train,data/processed/train/acne/3ef8e55a75129870_00436.jpg
kaggle_acne_wrinkle_spots/acne/acne60.png,kaggle_acne_wrinkle_spots,acne,acne,a2c6d218d607e70c81321a7afae6fdb82416d9d9267a1df8be9a38a7e8040f0f,train,data/processed/train/acne/a2c6d218d607e70c_00437.png
kaggle_acne_wrinkle_spots/acne/acne185.png,kaggle_acne_wrinkle_spots,acne,acne,21260a2f4057fe1f086990a3d982f9ec2e7f712dd1f6ac5860c27f7ca56a2780,train,data/processed/train/acne/21260a2f4057fe1f_00438.png
roboflow_skin_problem_clean3/train/levle2_61_jpg.rf.b158e9e2385042ade6ccc08140036f14.jpg,roboflow_skin_problem_clean3,Acne,acne,801c560ab4848877ccfdde48c58b82ffd9d75795b441986ecbf30f4dbbcd11dc,train,data/processed/train/acne/801c560ab4848877_00439.jpg
roboflow_skin_problem_clean3/train/Image_77_jpg.rf.f9d07af682e4a6a17612cee35895323a.jpg,roboflow_skin_problem_clean3,Acne,acne,8347e79c078d62694dbb4ceea0cfbf65772f802b35130d785b1628fc42deb8f9,train,data/processed/train/acne/8347e79c078d6269_00440.jpg
roboflow_skin_problem_clean3/train/acne-154-_jpg.rf.4b00045a24052fb9c2fa63bd942e783d.jpg,roboflow_skin_problem_clean3,Acne,acne,2410b16b8157a623a043e341e68e6b90cdd17a1c6eca7e0257c70482567397ea,train,data/processed/train/acne/2410b16b8157a623_00441.jpg
kaggle_acne_wrinkle_spots/acne/acne178.png,kaggle_acne_wrinkle_spots,acne,acne,5afb323d9ae8528029ba25d0dbf0f070a01480dcea817bf88a4e3ea5c433758b,train,data/processed/train/acne/5afb323d9ae85280_00442.jpg
roboflow_skin_problem_clean3/train/levle1_360_jpg.rf.2950f7ed35bcd1e2d3199a63e8bd4c32.jpg,roboflow_skin_problem_clean3,Acne,acne,f5448fc2e86b2071a859632996f492e9e1816a5330a420e04367328a4175341f,train,data/processed/train/acne/f5448fc2e86b2071_00443.jpg
roboflow_skin_problem_clean3/train/acne-13-_jpg.rf.20397242f3be8ff4fdbf3b6c3c2af193.jpg,roboflow_skin_problem_clean3,Acne,acne,7605ad52fabb675b91645b8dddd3e66ddd58d78d46af08e6a5d55399aae7de75,train,data/processed/train/acne/7605ad52fabb675b_00444.jpg
roboflow_skin_problem_clean3/test/Image_86_jpg.rf.6fe97dec00c99ae358e1eb7f69b38488.jpg,roboflow_skin_problem_clean3,Acne,acne,cb33ff9e6af985c6e551ab828586d5250040b9d6473fd6f8ea263ffc12da9815,train,data/processed/train/acne/cb33ff9e6af985c6_00445.jpg
roboflow_skin_problem_clean3/valid/acne-80-_jpg.rf.890eaa1746b4d911f6bbe6fcbf3ec84b.jpg,roboflow_skin_problem_clean3,Acne,acne,ff8866a93f04cdebce7a1ba2bd585624a562435f21ac1ed9a6f41b94f935cf3d,train,data/processed/train/acne/ff8866a93f04cdeb_00446.jpg
roboflow_skin_problem_clean3/train/378_jpg.rf.a5e6e228fcd236d34ee0cf8a7d7504fc.jpg,roboflow_skin_problem_clean3,Acne,acne,55b2ebaa73437f83667bf814543db92ae6e01a622dfda081e189b1f7ffccdc4d,train,data/processed/train/acne/55b2ebaa73437f83_00447.jpg
kaggle_acne_wrinkle_spots/acne/acne7.png,kaggle_acne_wrinkle_spots,acne,acne,74dd77a112d533a760217e71fd6f1f9f9d216f6a70ceaa93c5f9db762e0a1e1e,train,data/processed/train/acne/74dd77a112d533a7_00448.png
roboflow_skin_problem_clean3/train/acne-26-_jpeg.rf.3ba48c9061a39a553bc183365305b9d5.jpg,roboflow_skin_problem_clean3,Acne,acne,8a4560538b3cb51d7cc70ba1955f89d41c368975f84f98c82a93ec4ca6a368d4,train,data/processed/train/acne/8a4560538b3cb51d_00449.jpg
kaggle_acne_wrinkle_spots/acne/acne56.png,kaggle_acne_wrinkle_spots,acne,acne,05e979b8a8771cc3c58ee280410dba24b067cf00551fc0306b3808b3a677f448,train,data/processed/train/acne/05e979b8a8771cc3_00450.png
roboflow_skin_problem_clean3/train/levle1_212_png.rf.5c21dbfbd353b97755abd86854e7dcc2.jpg,roboflow_skin_problem_clean3,Acne,acne,1a80c0e151dd39482cc811dacdbeca288810ee86a33ce11b36b4a502f26da413,train,data/processed/train/acne/1a80c0e151dd3948_00451.jpg
kaggle_acne_wrinkle_spots/acne/acne41.png,kaggle_acne_wrinkle_spots,acne,acne,0cdb5cf91f62770852f29b7b5bbcd8b1cf5a03ae1bd7353ca7b98ec8065fd392,train,data/processed/train/acne/0cdb5cf91f627708_00452.png
roboflow_skin_problem_clean3/test/161_jpg.rf.2c62ec7accc3fc4104df953586cfe2ff.jpg,roboflow_skin_problem_clean3,Acne,acne,2979da2b91395c4a52d17cdd97f6b9d3b93990fc61400990914e1891c465d00e,train,data/processed/train/acne/2979da2b91395c4a_00453.jpg
roboflow_skin_problem_clean3/train/Image_81_jpg.rf.dd11673d0c14b2c4c1915b5d229d81b3.jpg,roboflow_skin_problem_clean3,Acne,acne,2c93f18949728f6038fefed6379499654e737d17d70b00fbe897607af089acf0,train,data/processed/train/acne/2c93f18949728f60_00454.jpg
roboflow_skin_problem_clean3/valid/Image_126_jpg.rf.7d465f88726d269d763c94e7d9d9998c.jpg,roboflow_skin_problem_clean3,Acne,acne,4eb4d26b288c97381550ca85f02011a8bb4fde529cba992722fdd743691beb77,train,data/processed/train/acne/4eb4d26b288c9738_00455.jpg
roboflow_skin_problem_clean3/valid/acne-1-_jpeg.rf.f03407e74e163a14a67160e89394e269.jpg,roboflow_skin_problem_clean3,Acne,acne,7acbf3771d3de69555c0601165a46ffa2f202b260fa3edd3fda565e5676f5b9e,train,data/processed/train/acne/7acbf3771d3de695_00456.jpg
kaggle_acne_wrinkle_spots/acne/acne54.png,kaggle_acne_wrinkle_spots,acne,acne,ae59538a81a2d48efb4eb306197f7f051b5bb05e693294826a8e4b6caa3fcc65,train,data/processed/train/acne/ae59538a81a2d48e_00457.png
roboflow_skin_problem_clean3/train/131_jpg.rf.02e3c2990066f2f52b1afe912d41fcba.jpg,roboflow_skin_problem_clean3,Acne,acne,bcf5219bfac6ccf49189cd82ad3421b840ef12242ded82855952fac493f1f1c3,train,data/processed/train/acne/bcf5219bfac6ccf4_00458.jpg
roboflow_skin_problem_clean3/test/450_jpg.rf.a8e1f4952f9531130dca6cf983ea5b36.jpg,roboflow_skin_problem_clean3,Acne,acne,ebe18276a8718a2764eb5677ea5f3dcbfaa1cbbb2a5ec99facde87eb70f42b63,train,data/processed/train/acne/ebe18276a8718a27_00459.jpg
roboflow_skin_problem_clean3/train/82_jpg.rf.f3fc3ab1061cf66a268a3608d5c8a8fd.jpg,roboflow_skin_problem_clean3,Acne,acne,b17e4abcf70baec9dc64eff156c902cf826cc17c5fae4496024e838c026a49f5,train,data/processed/train/acne/b17e4abcf70baec9_00460.jpg
roboflow_skin_problem_clean3/valid/Image_1_jpg.rf.cee37d1fe7dcb61c958eaf262487e020.jpg,roboflow_skin_problem_clean3,Acne,acne,8176757446b4fec7dbb870d20253b0b9cefdda657b020e40026866858eeddb75,train,data/processed/train/acne/8176757446b4fec7_00461.jpg
roboflow_skin_problem_clean3/train/oily-135-_jpg.rf.271e6bde626aa9878389d9d7a074818d.jpg,roboflow_skin_problem_clean3,Acne,acne,86bc56eca730f3b91d5b51d39888ba259024214d1b4eacfa555e8e72672ba729,train,data/processed/train/acne/86bc56eca730f3b9_00462.jpg
roboflow_skin_problem_clean3/train/Image_83_jpg.rf.efc82db8c795b33db5e06c6d5dcd55c5.jpg,roboflow_skin_problem_clean3,Acne,acne,a1d8fa254c3b21b50f3f3072417de4ac6d31c733dbee2ffd6fdac8881e4d95fa,train,data/processed/train/acne/a1d8fa254c3b21b5_00463.jpg
roboflow_skin_problem_clean3/train/oily-233-_JPG.rf.e6bce7db9c68ed100a11d82822223a2c.jpg,roboflow_skin_problem_clean3,Acne,acne,bc1e0798158d5841bbdaab8eed41b7d4cc475ac4c73c0fe3f30181f5ef2ca6c9,train,data/processed/train/acne/bc1e0798158d5841_00464.jpg
roboflow_skin_problem_clean3/train/Image_5_png.rf.fb9cba0519e1002875d3fb7ae58f85b5.jpg,roboflow_skin_problem_clean3,Acne,acne,7aed510aa49cd653e5204bd1ac4630520977423dc07a8ff8018bd277453649c9,train,data/processed/train/acne/7aed510aa49cd653_00465.jpg
roboflow_skin_problem_clean3/train/acne-75-_jpg.rf.d64f110f25a62e80d5ba516fe8715dd9.jpg,roboflow_skin_problem_clean3,Acne,acne,cbe7c40e691cf8e53f6607125d67218853ba457167de72e4b94461bfa81329a7,train,data/processed/train/acne/cbe7c40e691cf8e5_00466.jpg
kaggle_acne_wrinkle_spots/acne/acne182.png,kaggle_acne_wrinkle_spots,acne,acne,b00224c0963ed485f32e17005237ede887c7e78f19da8477c4df080fa7ac6f65,train,data/processed/train/acne/b00224c0963ed485_00467.png
roboflow_skin_problem_clean3/valid/Image_9_jpg.rf.662d54f5dcf5ff63727fd95747e383d0.jpg,roboflow_skin_problem_clean3,Acne,acne,d4e50376df0b32285cb1a4627b34e8062c0b1594618dc4f97f528e33b9a5ea1c,train,data/processed/train/acne/d4e50376df0b3228_00468.jpg
kaggle_acne_wrinkle_spots/acne/acne179.png,kaggle_acne_wrinkle_spots,acne,acne,dc8ce201cbea18bb63ee2b3c37a09c7c490a56f1cacfeaf64b8f0dec12378abc,train,data/processed/train/acne/dc8ce201cbea18bb_00469.png
roboflow_skin_problem_clean3/train/329_jpg.rf.fc3f9ba867e52ba4263b57802e6ce326.jpg,roboflow_skin_problem_clean3,Acne,acne,ae09200a8bcc63000360db5ec9a1374732e53347c89289d298c2cb7f29183a2f,train,data/processed/train/acne/ae09200a8bcc6300_00470.jpg
kaggle_acne_wrinkle_spots/acne/acne192.png,kaggle_acne_wrinkle_spots,acne,acne,8711f8cbcb0b8eec6265c18a4da01fd0d185373f86a06ca245508d65ebc63977,train,data/processed/train/acne/8711f8cbcb0b8eec_00471.jpg
kaggle_acne_wrinkle_spots/acne/acne156.png,kaggle_acne_wrinkle_spots,acne,acne,0204b00f715dbbd740c09dbaf167e5b9e512736173b2a806f893a1763814aba2,train,data/processed/train/acne/0204b00f715dbbd7_00472.png
kaggle_acne_wrinkle_spots/acne/acne199.png,kaggle_acne_wrinkle_spots,acne,acne,873a20241b9d778dc8cd3a0d7902955819fc830f643af8dde85c16e9d4f9b598,train,data/processed/train/acne/873a20241b9d778d_00473.jpg
roboflow_skin_problem_clean3/train/acne-755-_jpg.rf.295fa899d5e03f7bf59dcae1c9e9d3f3.jpg,roboflow_skin_problem_clean3,Acne,acne,272fa9c41065588cfa3d1d5550e9cabc3ef7dd663f55fa11e2c8ce870ce0053a,train,data/processed/train/acne/272fa9c41065588c_00474.jpg
kaggle_acne_wrinkle_spots/acne/acne114.png,kaggle_acne_wrinkle_spots,acne,acne,450b319426896e3ab1115b1eeec652d25ef8e152eb4b663d5e4f4309db683e3c,train,data/processed/train/acne/450b319426896e3a_00475.png
roboflow_skin_problem_clean3/train/588_jpg.rf.963745211cd2b4e79736643ca536b677.jpg,roboflow_skin_problem_clean3,Acne,acne,dfbec098ffb3b9ac6af22a11a7125460b3f013f91392c49d9c5745de29bf0121,train,data/processed/train/acne/dfbec098ffb3b9ac_00476.jpg
kaggle_acne_wrinkle_spots/acne/acne62.png,kaggle_acne_wrinkle_spots,acne,acne,df3774d7ba74f34a0aaf3457e651f1b4b35e2afaeeb66bfa22902f7c94d3f354,train,data/processed/train/acne/df3774d7ba74f34a_00477.png
roboflow_skin_problem_clean3/valid/Image_52_jpeg.rf.faa607a40989f227a1353af33ca82a92.jpg,roboflow_skin_problem_clean3,Acne,acne,2266365fcba4f7c9919edb649df38c6040104bf75c420e47c37ba510ba22bd70,validation,data/processed/validation/acne/2266365fcba4f7c9_00000.jpg
roboflow_skin_problem_clean3/train/acne-28-_png.rf.9cd2cb99486a21b81a8db60af23a90a9.jpg,roboflow_skin_problem_clean3,Acne,acne,75bac8c76c5c1dcae8c7afdf92cd800988f7b8bd6026f761f3bab6fcb024e9cb,validation,data/processed/validation/acne/75bac8c76c5c1dca_00001.jpg
roboflow_skin_problem_clean3/train/acne-19-_jpeg.rf.782dec8f2a97377a1d3598e933a9cbe5.jpg,roboflow_skin_problem_clean3,Acne,acne,8df2b414c030a2f700480df65f81f5b4b4ad6c887aa3e7e615f18389762fa6dc,validation,data/processed/validation/acne/8df2b414c030a2f7_00002.jpg
kaggle_acne_wrinkle_spots/acne/acne80.png,kaggle_acne_wrinkle_spots,acne,acne,f3412f0018a208512295bd123cbba3c4c929d68c1efacb13c8120d4d73cb5d41,validation,data/processed/validation/acne/f3412f0018a20851_00003.png
roboflow_skin_problem_clean3/train/Image_54_jpg.rf.ff9d9712cc63434c8a2bc65976d4c89e.jpg,roboflow_skin_problem_clean3,Acne,acne,ef92cfbcd9979b9930d7d79b800fb3c3abfd505e5f08ebc7c87b761f09fedaec,validation,data/processed/validation/acne/ef92cfbcd9979b99_00004.jpg
roboflow_skin_problem_clean3/train/acne-38-_png.rf.62a17895b05618c7cdad03860544539f.jpg,roboflow_skin_problem_clean3,Acne,acne,5d9c2a01711142ae5d3d787e5d00de6b8690ca8f8994906c33e71a2dbb8ecf54,validation,data/processed/validation/acne/5d9c2a01711142ae_00005.jpg
roboflow_skin_problem_clean3/train/Image_8_jpg.rf.ce5c1883e9730cd280d1e16e19ce495d.jpg,roboflow_skin_problem_clean3,Acne,acne,11768c283efc8d9d5f894c2e727c758e08b15017f29e7f51e54b77335ffa2e29,validation,data/processed/validation/acne/11768c283efc8d9d_00006.jpg
kaggle_acne_wrinkle_spots/acne/acne81.png,kaggle_acne_wrinkle_spots,acne,acne,9404a3a14d9904398ae5d0bae9d1068e686de4060a27856f7c31a118a949d91d,validation,data/processed/validation/acne/9404a3a14d990439_00007.png
kaggle_acne_wrinkle_spots/acne/acne130.png,kaggle_acne_wrinkle_spots,acne,acne,d3285f409288dfdd412618c65b44d6ee50ebffbcee56c4ce7e23565a9b569b80,validation,data/processed/validation/acne/d3285f409288dfdd_00008.png
roboflow_skin_problem_clean3/valid/Image_49_jpg.rf.8d369a7af705a5662d13543ea0b0da07.jpg,roboflow_skin_problem_clean3,Acne,acne,0ffd769624776fb6c1dc8e25cbd6dc05402d1bc27c222fc4b13d839a85fb9c6a,validation,data/processed/validation/acne/0ffd769624776fb6_00009.jpg
roboflow_skin_problem_clean3/train/543_jpg.rf.6b261a5bb9c636780e7de14c3c43fd8f.jpg,roboflow_skin_problem_clean3,Acne,acne,386609364dc61287d0d25b7423d54f7bc86f3c07a12858c4ef480f0ba9a82834,validation,data/processed/validation/acne/386609364dc61287_00010.jpg
roboflow_skin_problem_clean3/train/levle0_75_jpg.rf.80b904ed5dc2a02b8c517c11b973985f.jpg,roboflow_skin_problem_clean3,Acne,acne,b82cbd924f763ed10b5cb10f20b36a9aad1f05ca0384451b77e3aa3123480a53,validation,data/processed/validation/acne/b82cbd924f763ed1_00011.jpg
kaggle_acne_wrinkle_spots/acne/acne177.png,kaggle_acne_wrinkle_spots,acne,acne,3be3e5cb8899252bf11ed84a4a67eb3f56b7910359ada7ba2aae0d2d52586beb,validation,data/processed/validation/acne/3be3e5cb8899252b_00012.png
roboflow_skin_problem_clean3/train/acne-33-_jpg.rf.6f66983f0e276ae205d5a3b61f1b1ce9.jpg,roboflow_skin_problem_clean3,Acne,acne,5b05a93feb23b16c92261895a7361e8edcefaa5647598d37680f9173ac61984d,validation,data/processed/validation/acne/5b05a93feb23b16c_00013.jpg
roboflow_skin_problem_clean3/train/acne-prone-skin_160_jpeg.rf.2e08e6e0d1ad690eaaa7afcf243d7e5d.jpg,roboflow_skin_problem_clean3,Acne,acne,be8ce7b86d38b013e59da317321223f2ba5f1f76817a5aef97e92e3eb2c8b5d7,validation,data/processed/validation/acne/be8ce7b86d38b013_00014.jpg
roboflow_skin_problem_clean3/train/Image_9_jpg.rf.fb51f9f105992206be5102f85e3a2eb8.jpg,roboflow_skin_problem_clean3,Acne,acne,9a237aaa94d98e9cd008c19f25ce0e24efd0cbee104898a0d3d227214b720ea5,validation,data/processed/validation/acne/9a237aaa94d98e9c_00015.jpg
kaggle_acne_wrinkle_spots/acne/acne59.png,kaggle_acne_wrinkle_spots,acne,acne,843b2725d675424a7a2874e142ffb3de5491c871d983753048296e7ef1cc4ea4,validation,data/processed/validation/acne/843b2725d675424a_00016.jpg
kaggle_acne_wrinkle_spots/acne/acne161.png,kaggle_acne_wrinkle_spots,acne,acne,68c8fea21dd4245b3eb41e0d695b650cdd2226c8435f3f05951a9aa37dfd2102,validation,data/processed/validation/acne/68c8fea21dd4245b_00017.png
roboflow_skin_problem_clean3/test/321_jpg.rf.6ff1da153d4cb55eaac55c41c683db06.jpg,roboflow_skin_problem_clean3,Acne,acne,0317b3531929b54c7ae317523e10b85f27018288a2002f3a7b3833660dc66ab7,validation,data/processed/validation/acne/0317b3531929b54c_00018.jpg
kaggle_acne_wrinkle_spots/acne/acne74.png,kaggle_acne_wrinkle_spots,acne,acne,35dffa3c6f940a2c87b872f0070625d4b0a28819daba8d4ca72982054eabc023,validation,data/processed/validation/acne/35dffa3c6f940a2c_00019.png
roboflow_skin_problem_clean3/train/acne-153-_jpg.rf.eee9f5727a3b9e03f1195176a4ccc907.jpg,roboflow_skin_problem_clean3,Acne,acne,2e38618af99f93fe2c60981cbffc5c4083b6e74ecb972b37f38163f0b220d15e,validation,data/processed/validation/acne/2e38618af99f93fe_00020.jpg
roboflow_skin_problem_clean3/train/acne-prone-skin_3_jpeg.rf.a4357e45ae69edabb26743d8635604fb.jpg,roboflow_skin_problem_clean3,Acne,acne,eb7486d2ad17f0115280f462af52b8cecb62da8e41333040390e324f7661e426,validation,data/processed/validation/acne/eb7486d2ad17f011_00021.jpg
kaggle_acne_wrinkle_spots/acne/acne122.png,kaggle_acne_wrinkle_spots,acne,acne,84ae3ed1f7099630edefd941bbe77bb36504170e70eb8b6c5f8ff90bfd641ccd,validation,data/processed/validation/acne/84ae3ed1f7099630_00022.jpg
roboflow_skin_problem_clean3/train/acne-prone-skin_170_jpeg.rf.51e9082ef4e5268483bd151a06b97aba.jpg,roboflow_skin_problem_clean3,Acne,acne,3d96ff180765824332845195d6821f140540777b9150feee0eddfea986de8026,validation,data/processed/validation/acne/3d96ff1807658243_00023.jpg
roboflow_skin_problem_clean3/train/662_jpg.rf.cac2298b3ac87947dd2f3bfb32329fee.jpg,roboflow_skin_problem_clean3,Acne,acne,ce575b5eb7d1a15ec86a9a275ae13460da68aa63a2f083c8481aa22d01c55ca1,validation,data/processed/validation/acne/ce575b5eb7d1a15e_00024.jpg
roboflow_skin_problem_clean3/test/162_jpg.rf.553d86bbc1e12aedc20efd35fa925738.jpg,roboflow_skin_problem_clean3,Acne,acne,2b32fc6ffc45941a165e60abc2a0ac65d932641625b6213158c0089fa798f1af,validation,data/processed/validation/acne/2b32fc6ffc45941a_00025.jpg
kaggle_acne_wrinkle_spots/acne/acne146.png,kaggle_acne_wrinkle_spots,acne,acne,7bc60793a508b115d3188a74bb93cbb6ee864c054b0fcd1b5c3f82ad7c8b0d9b,validation,data/processed/validation/acne/7bc60793a508b115_00026.png
kaggle_acne_wrinkle_spots/acne/acne158.png,kaggle_acne_wrinkle_spots,acne,acne,4a1b3d93a01dc0aa59469bea958fd0c1341b983b96ed7f3076094a82e0cf2d05,validation,data/processed/validation/acne/4a1b3d93a01dc0aa_00027.png
kaggle_acne_wrinkle_spots/acne/acne135.png,kaggle_acne_wrinkle_spots,acne,acne,d9b064ee0c3248d355c3ea8aafb4d63e82591d72ba751f27970696b361fbab22,validation,data/processed/validation/acne/d9b064ee0c3248d3_00028.png
kaggle_acne_wrinkle_spots/acne/acne106.png,kaggle_acne_wrinkle_spots,acne,acne,893364d5f2a04bceb2c2168e61946cf22b0f1b620fff0508722fb0955d86cc42,validation,data/processed/validation/acne/893364d5f2a04bce_00029.png
roboflow_skin_problem_clean3/train/585_jpg.rf.aafd0e0d0e3a255496c49f82180b6d0f.jpg,roboflow_skin_problem_clean3,Acne,acne,3f79f7bb76bbb06b5f3179698ca503fb590a6dfb91cdfbc324d2d9768bd15d2d,validation,data/processed/validation/acne/3f79f7bb76bbb06b_00030.jpg
roboflow_skin_problem_clean3/valid/Image_129_jpg.rf.9dda1f0e582d980c78f8a3aa5e14eb2c.jpg,roboflow_skin_problem_clean3,Acne,acne,3ef6229afdaf67468f5a2e9903743aa820be3ac96bdd015c2fa5986aecb73926,validation,data/processed/validation/acne/3ef6229afdaf6746_00031.jpg
kaggle_acne_wrinkle_spots/acne/acne18.png,kaggle_acne_wrinkle_spots,acne,acne,63f104c749946ecda21df567ddcc98d8f50ca105b3c59ec9a1d45b473fb8673e,validation,data/processed/validation/acne/63f104c749946ecd_00032.png
kaggle_acne_wrinkle_spots/acne/acne47.png,kaggle_acne_wrinkle_spots,acne,acne,2e56e2aaf3537b79d68f74b982a7a5252e1be791fb7cf17252503e89746d3914,validation,data/processed/validation/acne/2e56e2aaf3537b79_00033.png
roboflow_skin_problem_clean3/test/Image_63_png.rf.90ed6894a0c9ec77bc2c900aae4dc09a.jpg,roboflow_skin_problem_clean3,Acne,acne,f90c02d836ee3bf14e3d7a698981b85e3258e47c7948a1b35f3e56b3c9ba1f4e,validation,data/processed/validation/acne/f90c02d836ee3bf1_00034.jpg
roboflow_skin_problem_clean3/valid/acne-11-_jpg.rf.2f176963837caa1d4e3a6a663ebf864d.jpg,roboflow_skin_problem_clean3,Acne,acne,ea3661ea0d630b4240b8cc587a3381fc22d9785617910a0832ca00471cdbf4ad,validation,data/processed/validation/acne/ea3661ea0d630b42_00035.jpg
roboflow_skin_problem_clean3/train/350_jpg.rf.6b85e9cc80ae22db26d4f641d4371e70.jpg,roboflow_skin_problem_clean3,Acne,acne,ad888aa2f30e90c0e9aa3cb42230113408ea4684f5d5ee00ce4ea1ec9431fb02,validation,data/processed/validation/acne/ad888aa2f30e90c0_00036.jpg
roboflow_skin_problem_clean3/train/Image_94_jpg.rf.7bbecfcf993295d56c46ec331bf9060b.jpg,roboflow_skin_problem_clean3,Acne,acne,016e96aecee676b043319c146afd38604cc9a303c5c320b9ba5cc330a30737e1,validation,data/processed/validation/acne/016e96aecee676b0_00037.jpg
roboflow_skin_problem_clean3/valid/Image_27_jpg.rf.18356d29f084b57a65c6612f0d0ccfa9.jpg,roboflow_skin_problem_clean3,Acne,acne,737b2dbfe1da52a9d5f4097d831df59750fec2fc43d2fbe61375192118d35db3,validation,data/processed/validation/acne/737b2dbfe1da52a9_00038.jpg
kaggle_acne_wrinkle_spots/acne/acne68.png,kaggle_acne_wrinkle_spots,acne,acne,7b6681e1efb9df55b39720587ec569efeed509f37a1b373d73708714bb3a16a8,validation,data/processed/validation/acne/7b6681e1efb9df55_00039.png
roboflow_skin_problem_clean3/valid/Image_68_jpg.rf.cf04d90c106f038d1cb9cf7c61b437a3.jpg,roboflow_skin_problem_clean3,Acne,acne,0234fc8b31a3716f04e046f7c369302c35972882803eb6d3fbcc739b4e6055a0,validation,data/processed/validation/acne/0234fc8b31a3716f_00040.jpg
roboflow_skin_problem_clean3/test/218_jpg.rf.b716867ed336499e2bd7fa7449996ddf.jpg,roboflow_skin_problem_clean3,Acne,acne,f0bdad8127b6b82f36b0464aa87c7bdf41fc0b9ebe63c01b1c6d6ebe65376bcd,validation,data/processed/validation/acne/f0bdad8127b6b82f_00041.jpg
roboflow_skin_problem_clean3/test/237_jpg.rf.b3d19fb77c5ea9d2c4f790c80a8000fe.jpg,roboflow_skin_problem_clean3,Acne,acne,684269b7aaed7823a2f356e321d981003811b790b151ba4c969117d8a84889c7,validation,data/processed/validation/acne/684269b7aaed7823_00042.jpg
roboflow_skin_problem_clean3/train/127_jpg.rf.f3fdb68659962ced8adf8804dd5f8d87.jpg,roboflow_skin_problem_clean3,Acne,acne,eba5355f42f2fce0c43b7bc4f1f1c71fee26df37e590ff596b2dfd7299891ac3,validation,data/processed/validation/acne/eba5355f42f2fce0_00043.jpg
roboflow_skin_problem_clean3/train/acne-23-_jpg.rf.9ea28c3e4f4fb140eb536808ec8cea37.jpg,roboflow_skin_problem_clean3,Acne,acne,7f171879cf4faf457382cd156cb9bacbbe26fbf8fcfc99e5c3d7522dc4d40cae,validation,data/processed/validation/acne/7f171879cf4faf45_00044.jpg
roboflow_skin_problem_clean3/train/acne-70-_jpg.rf.1f7bedb7f3575b94a6ad5d626c95ce2f.jpg,roboflow_skin_problem_clean3,Acne,acne,c0393d3a4c9b7b1cb9621dee9e976052b6dbb581f8dba9d0e1034d3144dccb1a,validation,data/processed/validation/acne/c0393d3a4c9b7b1c_00045.jpg
roboflow_skin_problem_clean3/train/levle2_175_jpg.rf.4326fb62a9f1a903d12d065b088ab474.jpg,roboflow_skin_problem_clean3,Acne,acne,384b39dd1192368e1b8889487d6abd7464d83233c9488254712c5aac78349f54,validation,data/processed/validation/acne/384b39dd1192368e_00046.jpg
roboflow_skin_problem_clean3/train/acne-100-_jpg.rf.2d7ad7c3f025116648508f4e1c987bb2.jpg,roboflow_skin_problem_clean3,Acne,acne,f8938c8ef5e4b2090a37b125aed2922d0c9b0b2dc0e26c38b538be93f9be5359,validation,data/processed/validation/acne/f8938c8ef5e4b209_00047.jpg
kaggle_acne_wrinkle_spots/acne/acne175.png,kaggle_acne_wrinkle_spots,acne,acne,2d8af64ce9f95791444e5c591490b38581e65173104e6a125b6bcb3140f9fe4d,validation,data/processed/validation/acne/2d8af64ce9f95791_00048.jpg
kaggle_acne_wrinkle_spots/acne/acne102.png,kaggle_acne_wrinkle_spots,acne,acne,16d6be099c837b5231712e0d9555d157b3a046bbbb4abc6e8d54516c67270060,validation,data/processed/validation/acne/16d6be099c837b52_00049.png
kaggle_acne_wrinkle_spots/acne/acne63.png,kaggle_acne_wrinkle_spots,acne,acne,5c739a2536bd7a25e7e853152e56a1f6a5027a0bb725353de7540c23473e4a49,validation,data/processed/validation/acne/5c739a2536bd7a25_00050.png
roboflow_skin_problem_clean3/train/acne-15-_jpg.rf.969802d201d538b0a63d7ebc449a79fb.jpg,roboflow_skin_problem_clean3,Acne,acne,85d33f1902a60a1b85b095e1d40e9661d27aa74ec76e4163ded3a4b16a4e1948,validation,data/processed/validation/acne/85d33f1902a60a1b_00051.jpg
roboflow_skin_problem_clean3/valid/Image_73_jpg.rf.bbd70490f0515e39bdcdc4a3e8b2783a.jpg,roboflow_skin_problem_clean3,Acne,acne,e207b475e70c73386e0d1b9266534dfced65b6e3d15e26d9686fad315057df8a,validation,data/processed/validation/acne/e207b475e70c7338_00052.jpg
roboflow_skin_problem_clean3/train/600_jpg.rf.710b90734f7ec4b379e51fd98143b7b3.jpg,roboflow_skin_problem_clean3,Acne,acne,6a47e799a74c357c8c68475c4579dc6523fe59da336bdcdce5c0d1a70fe0c6d1,validation,data/processed/validation/acne/6a47e799a74c357c_00053.jpg
roboflow_skin_problem_clean3/valid/Image_101_jpg.rf.9f4183e6616620b241b163738b4ff1c2.jpg,roboflow_skin_problem_clean3,Acne,acne,325fc3d8cc57fa919a758b3feb9897bb61a502935173d5eaba9d1c43ac6b9620,validation,data/processed/validation/acne/325fc3d8cc57fa91_00054.jpg
roboflow_skin_problem_clean3/train/492_jpg.rf.1593571996e7fcbdfee6754144242b5f.jpg,roboflow_skin_problem_clean3,Acne,acne,efbe2919f218a455dc1af78f1591f5ab30221b1d5abfa4988b7e4793a49d7b67,validation,data/processed/validation/acne/efbe2919f218a455_00055.jpg
roboflow_skin_problem_clean3/test/Image_127_jpg.rf.ebe697eaa0856d500bfd4320975f6b5b.jpg,roboflow_skin_problem_clean3,Acne,acne,10fe8abda1f83650b9237fe813f6e0c5c6ab0df525dc94f06aebf1a5d3ecd298,validation,data/processed/validation/acne/10fe8abda1f83650_00056.jpg
roboflow_skin_problem_clean3/train/164_jpg.rf.3dbfdbdc511df3113326be9227ae5899.jpg,roboflow_skin_problem_clean3,Acne,acne,7fe9dd5f086559a269df79f92de44a1f51b6d0242898a70fce1a3fc54f570c7e,validation,data/processed/validation/acne/7fe9dd5f086559a2_00057.jpg
roboflow_skin_problem_clean3/train/levle0_89_jpg.rf.b96b2a3d7eb063310ef930f47a62d7fd.jpg,roboflow_skin_problem_clean3,Acne,acne,6fe9374c0daf434f4455f3ed04610f2d9a6eba1433181f5e6ee99e0bd1d6e3f6,validation,data/processed/validation/acne/6fe9374c0daf434f_00058.jpg
roboflow_skin_problem_clean3/train/Image_34_jpg.rf.f6a66c7dd85109c86a419b1bb48e0d53.jpg,roboflow_skin_problem_clean3,Acne,acne,a11bc0508e8e2424070ca69cec6e5b520e57680455bdbeda532a42194c2824dd,validation,data/processed/validation/acne/a11bc0508e8e2424_00059.jpg
kaggle_acne_wrinkle_spots/acne/acne58.png,kaggle_acne_wrinkle_spots,acne,acne,9aa9c856ee27c3035c144ed630b931bf667f17d65323fa350e0383970b33bc93,validation,data/processed/validation/acne/9aa9c856ee27c303_00060.jpg
roboflow_skin_problem_clean3/train/222_jpg.rf.de63d4108c9e51b9e1f20acafa19ed89.jpg,roboflow_skin_problem_clean3,Acne,acne,193f43b18a1664984458860ba7c1e3a820aa371d35b277ed16c88e14e983fe08,validation,data/processed/validation/acne/193f43b18a166498_00061.jpg
roboflow_skin_problem_clean3/train/01F3MMWFKMEV4ZTBMDTVCRNY93_jpeg_jpg.rf.5674dd1a55c76eb70718ab76faadd155.jpg,roboflow_skin_problem_clean3,Acne,acne,8c9be3a766757258ba694e7d00493cd9e375990292ab76559bd6f379c967991b,validation,data/processed/validation/acne/8c9be3a766757258_00062.jpg
roboflow_skin_problem_clean3/train/acne-31-_jpeg.rf.9d806d25ade46404941d05fc17b6cc83.jpg,roboflow_skin_problem_clean3,Acne,acne,701ad0159fe3dda3815d7135a3d98497e91810a5be95195eedb5d333afa26cbc,validation,data/processed/validation/acne/701ad0159fe3dda3_00063.jpg
roboflow_skin_problem_clean3/train/01F3MMX3DB7W0CEV30K2NZZR8Q_jpeg_jpg.rf.3e7b94c2b6fd4e446bf53e767bea6cf1.jpg,roboflow_skin_problem_clean3,Acne,acne,95eeabbff66021b8ad07fa0e1f0f2f28a23d2aad85a52f20e326cedcf2a14d69,validation,data/processed/validation/acne/95eeabbff66021b8_00064.jpg
roboflow_skin_problem_clean3/train/473_jpg.rf.49f56e4cc8b70128e8d58e1ab7f18e56.jpg,roboflow_skin_problem_clean3,Acne,acne,3161b6eb2c60a484c6c129f1f5d2a1960eea770f77b758012b16b00548fd7736,validation,data/processed/validation/acne/3161b6eb2c60a484_00065.jpg
roboflow_skin_problem_clean3/test/Image_53_jpg.rf.f416a45f9f706dea9ff21e94a299a772.jpg,roboflow_skin_problem_clean3,Acne,acne,042194356cba22c615f6a025f687b1e31dca8ce575978be7fab70c62853e4a1d,validation,data/processed/validation/acne/042194356cba22c6_00066.jpg
roboflow_skin_problem_clean3/valid/acne-22-_png.rf.913a7359bc0fcdba31a8681322749144.jpg,roboflow_skin_problem_clean3,Acne,acne,80223e28033f56471bdd612dc3ed4aa480ed6656211634d2f99e66876f959ca4,validation,data/processed/validation/acne/80223e28033f5647_00067.jpg
roboflow_skin_problem_clean3/train/acne-3-_png.rf.b20ed5f85f33161b1ff6fac592592e5d.jpg,roboflow_skin_problem_clean3,Acne,acne,fccc28356e9cfb4afd2422999b9f6512382638853d6005c766d4e9d6a272a884,validation,data/processed/validation/acne/fccc28356e9cfb4a_00068.jpg
roboflow_skin_problem_clean3/train/550_jpg.rf.10ad576612e3be22555e1d6efe7fe484.jpg,roboflow_skin_problem_clean3,Acne,acne,586ac5a50e9db7dc6bc5305d738837d3d7381a56ec5f94d6d30fbac4f853df9f,validation,data/processed/validation/acne/586ac5a50e9db7dc_00069.jpg
roboflow_skin_problem_clean3/train/acne-prone-skin_135_jpeg.rf.9d4185111db5f3933b03be48e505b9de.jpg,roboflow_skin_problem_clean3,Acne,acne,ca35c8161a048ac96f8587438a375ee27e40c997a2e7373f173e299594794224,validation,data/processed/validation/acne/ca35c8161a048ac9_00070.jpg
roboflow_skin_problem_clean3/train/acne-37-_jpeg.rf.32dafdc2db59ffd0b0a859ec71d329fe.jpg,roboflow_skin_problem_clean3,Acne,acne,77c7caa9873e4a25f4658ed2d71e684d39bcd8749fdfe1335299d20f055b4440,validation,data/processed/validation/acne/77c7caa9873e4a25_00071.jpg
roboflow_skin_problem_clean3/train/39_jpg.rf.d4e0efa655be186b158f9b7f5cc02b1b.jpg,roboflow_skin_problem_clean3,Acne,acne,31983f1ca92d9870e17d407347dfb29f4a56b9973838714694e8f27121748ffa,validation,data/processed/validation/acne/31983f1ca92d9870_00072.jpg
kaggle_acne_wrinkle_spots/acne/acne51.png,kaggle_acne_wrinkle_spots,acne,acne,cb02b03683531cd634833cf65c5b4491f30d4edfe4c8337e83e8760fc57950c2,validation,data/processed/validation/acne/cb02b03683531cd6_00073.png
roboflow_skin_problem_clean3/train/Image_51_jpg.rf.5358bbed16f758407fba7b703d14cec0.jpg,roboflow_skin_problem_clean3,Acne,acne,352e65e1cf51d79fa76886b9af53afc92ea8fe0ab5769f6a4b80079265c0d7ed,validation,data/processed/validation/acne/352e65e1cf51d79f_00074.jpg
kaggle_acne_wrinkle_spots/acne/acne180.png,kaggle_acne_wrinkle_spots,acne,acne,7b7a2648772cb171d5d1e2096b0eef55576e59eaa0f4043e589b0ffd040281b1,validation,data/processed/validation/acne/7b7a2648772cb171_00075.png
roboflow_skin_problem_clean3/train/459_jpg.rf.ef1d8cd0b1aea31f2deec10ee26493da.jpg,roboflow_skin_problem_clean3,Acne,acne,9a3582d50b705b6a855885b500af3d84cbfaf27d3a58a5af1c858a41b396a937,validation,data/processed/validation/acne/9a3582d50b705b6a_00076.jpg
roboflow_skin_problem_clean3/train/281_jpg.rf.837ed9cfc9f9496d3cd2000283aec10c.jpg,roboflow_skin_problem_clean3,Acne,acne,958465cae354c876d9c1a886cc4bed7b61875ae49f66fdc3c8fd597f11a6c5e7,validation,data/processed/validation/acne/958465cae354c876_00077.jpg
roboflow_skin_problem_clean3/train/579_jpg.rf.28fa52d4e78e310b5d32f9216274f4bf.jpg,roboflow_skin_problem_clean3,Acne,acne,6383f1bde1409795656faf86436860cc75c823b642cfc7075ed9d34f0e287b93,validation,data/processed/validation/acne/6383f1bde1409795_00078.jpg
roboflow_skin_problem_clean3/train/acne-16-_jpg.rf.ef0d25b1c5a81177af951ad5a7a42a2f.jpg,roboflow_skin_problem_clean3,Acne,acne,e9e4f00f91ccd78fe04cf776d55ae30d492a5fbfb877031154d0aa746c403713,validation,data/processed/validation/acne/e9e4f00f91ccd78f_00079.jpg
roboflow_skin_problem_clean3/train/345_jpg.rf.568c065af8ac4fb57724973414e9b2ea.jpg,roboflow_skin_problem_clean3,Acne,acne,d0b2c8531b841315558c68a1131f10a8f8ccce6b79c9ec1c80f7fee18a4579e5,validation,data/processed/validation/acne/d0b2c8531b841315_00080.jpg
roboflow_skin_problem_clean3/train/Image_132_jpg.rf.41de773a799f81a7a0e4fbbcf7efe410.jpg,roboflow_skin_problem_clean3,Acne,acne,dcea3ba7138dc377f0e318b05aa10b3c84de55a14da6ef92709362e9ad420955,validation,data/processed/validation/acne/dcea3ba7138dc377_00081.jpg
kaggle_acne_wrinkle_spots/acne/acne50.png,kaggle_acne_wrinkle_spots,acne,acne,cd133901d042b63d5c52ff6d2b50e8b911c45d368baf5983b35ecab38edda3c5,validation,data/processed/validation/acne/cd133901d042b63d_00082.png
kaggle_acne_wrinkle_spots/acne/acne49.png,kaggle_acne_wrinkle_spots,acne,acne,d05facb706b5541cc60bfda5e01bdd34798e6a2c3fe052c10e456dfd75d86ec9,validation,data/processed/validation/acne/d05facb706b5541c_00083.png
roboflow_skin_problem_clean3/train/89_jpg.rf.bc7e6f35b070c1172a6b221ac8a150e1.jpg,roboflow_skin_problem_clean3,Acne,acne,2b3c5f939a4b1d0f0ea3393af5aa22d4b1cb4f88d9d5db9138b976ed2ce6a077,validation,data/processed/validation/acne/2b3c5f939a4b1d0f_00084.jpg
roboflow_skin_problem_clean3/train/Image_35_jpg.rf.709a63b14c17fb090b60fa5629efdfbf.jpg,roboflow_skin_problem_clean3,Acne,acne,69120aed2b01ba0b0e43093cf9cf19b6f97736bbae48e2a5e97d29c6421f1308,validation,data/processed/validation/acne/69120aed2b01ba0b_00085.jpg
kaggle_acne_wrinkle_spots/acne/acne17.png,kaggle_acne_wrinkle_spots,acne,acne,abaedda9c2e00a19ffbc827a2b26182b8f51eef60cd04be13425f3de7de58df6,validation,data/processed/validation/acne/abaedda9c2e00a19_00086.jpg
roboflow_skin_problem_clean3/train/levle0_56_jpg.rf.f502526050b1fc428fb42f0d5f874df3.jpg,roboflow_skin_problem_clean3,Acne,acne,98938e968ed7850b07647bfed2ba4b6f2b9b19c4a8fad64ff482dd327ef4eb2b,validation,data/processed/validation/acne/98938e968ed7850b_00087.jpg
roboflow_skin_problem_clean3/train/acne-845-_jpg.rf.3cd1fa7e362a5145a19b0c15cca7431d.jpg,roboflow_skin_problem_clean3,Acne,acne,3f89f54be4665df6b298a13b44062ae9dc20c6b302cc130967205277d3b5f3f4,validation,data/processed/validation/acne/3f89f54be4665df6_00088.jpg
roboflow_skin_problem_clean3/train/acne-767-_jpg.rf.63dc2bd5f440e1ff352d65470b2938e4.jpg,roboflow_skin_problem_clean3,Acne,acne,f92e683446de26a584a21202603a8e34e65140c3e6ac1b9f4db77ef9f11a4b27,validation,data/processed/validation/acne/f92e683446de26a5_00089.jpg
roboflow_skin_problem_clean3/train/acne-749-_jpg.rf.2c8a1cfc71cf3d8b1d28232ee5c98ec3.jpg,roboflow_skin_problem_clean3,Acne,acne,39488249fb4cf812df6cdc2dcac2e18c41379de09f8fd1f02b1f1874e189600e,validation,data/processed/validation/acne/39488249fb4cf812_00090.jpg
roboflow_skin_problem_clean3/train/Image_61-1-_jpg.rf.29949fb9cb62624d1e8780fdfd792413.jpg,roboflow_skin_problem_clean3,Acne,acne,3a4f0a0a7970a2830de2deb2efd6af8bd487f526e1cc1fd6df25cf14960f500d,validation,data/processed/validation/acne/3a4f0a0a7970a283_00091.jpg
roboflow_skin_problem_clean3/train/acne-11-_PNG.rf.639114c7c0a0d5e55c90d0ee696e3611.jpg,roboflow_skin_problem_clean3,Acne,acne,eef287d4ef8638aa0cbd9a159a26ab9d6cdd4e555a6a88c64df430dbccf12901,validation,data/processed/validation/acne/eef287d4ef8638aa_00092.jpg
roboflow_skin_problem_clean3/train/Image_78_jpg.rf.943512052e0130b6bdafcaa589192f38.jpg,roboflow_skin_problem_clean3,Acne,acne,a990dec5b9b3289c7c267b5bb9ec0e3330baa9ac4cb1e3d79258014868db996d,validation,data/processed/validation/acne/a990dec5b9b3289c_00093.jpg
roboflow_skin_problem_clean3/train/Image_46_jpg.rf.d81dd83a730403336d66b174c4ff1f0e.jpg,roboflow_skin_problem_clean3,Acne,acne,ab6bc7b7ec894c25d520039c0ddf6666f1bbdfb878c743637b6954723fbc9b06,validation,data/processed/validation/acne/ab6bc7b7ec894c25_00094.jpg
roboflow_skin_problem_clean3/train/Image_78_jpg.rf.4e36287dd760c7e0259565a05e3c8c1e.jpg,roboflow_skin_problem_clean3,Acne,acne,5f12aea7beaf12ea6110d56839b2dd1316bbe731f124a8a61cf52bd546c84389,validation,data/processed/validation/acne/5f12aea7beaf12ea_00095.jpg
roboflow_skin_problem_clean3/train/levle0_86_jpg.rf.9168d6a4eca9c5bf9fac65fdc8d6e588.jpg,roboflow_skin_problem_clean3,Acne,acne,f293ff4695d729ceaa07864a064d1904e0afc7d0b98b88d632faafc3bb8c44b5,validation,data/processed/validation/acne/f293ff4695d729ce_00096.jpg
roboflow_skin_problem_clean3/train/acne-35-_jpeg.rf.3be1f2bbc3b4b837cc8389c12796ec77.jpg,roboflow_skin_problem_clean3,Acne,acne,6c5d89ec4d7bb209fe95e130f477e6dc5c0067c075da256da310b62b9ee83d34,validation,data/processed/validation/acne/6c5d89ec4d7bb209_00097.jpg
roboflow_skin_problem_clean3/train/levle1_225_jpg.rf.791d3880ab9944b7ec4f6b721c818659.jpg,roboflow_skin_problem_clean3,Acne,acne,735ca68257316256e4a2578ccb277a77a79c0f516d83ffd95d402364bdedee66,validation,data/processed/validation/acne/735ca68257316256_00098.jpg
roboflow_skin_problem_clean3/train/Image_13_jpg.rf.a09dfdafebe1f1799b72bd8521ac6fef.jpg,roboflow_skin_problem_clean3,Acne,acne,43971d827eab4b573020d1cabdd27bbf409226155234054c781cc8da3457609a,validation,data/processed/validation/acne/43971d827eab4b57_00099.jpg
kaggle_acne_wrinkle_spots/acne/acne162.png,kaggle_acne_wrinkle_spots,acne,acne,bc624b3d6fa9d7fa36bf9282e0905c5b8d9a014b34c586bbe593bd38c797ac38,validation,data/processed/validation/acne/bc624b3d6fa9d7fa_00100.png
roboflow_skin_problem_clean3/train/levle1_567_jpg.rf.c61d5389ff76febd44548a5e69f8d64e.jpg,roboflow_skin_problem_clean3,Acne,acne,ac16b9e2b2add6fd45f74e4033091fd02d7d8abdbd899092c81bdd003ac1f4ec,validation,data/processed/validation/acne/ac16b9e2b2add6fd_00101.jpg
roboflow_skin_problem_clean3/train/oily-39-_jpg.rf.8e410fe5b645f7f635765b9bb48b91d0.jpg,roboflow_skin_problem_clean3,Acne,acne,f0762eec8e2c99cba19adbefb12cbc0c7667c7581b5b744ae5835612177cb613,test,data/processed/test/acne/f0762eec8e2c99cb_00000.jpg
roboflow_skin_problem_clean3/train/19_png_jpg.rf.d4f95db55c305ec55eada957cbaab740.jpg,roboflow_skin_problem_clean3,Acne,acne,85488557fd8436f777643f49d64da6534131e360fd02c37a91eb6d1f7b6bfcc9,test,data/processed/test/acne/85488557fd8436f7_00001.jpg
kaggle_acne_wrinkle_spots/acne/acne159.png,kaggle_acne_wrinkle_spots,acne,acne,93b64cfa9004784d7f05fe3d12ea57fb0e7fd802da2b89cbaab2e01ef39129f7,test,data/processed/test/acne/93b64cfa9004784d_00002.jpg
roboflow_skin_problem_clean3/test/389_jpg.rf.4ca3f7e741974595c0383f5ea5765398.jpg,roboflow_skin_problem_clean3,Acne,acne,c7f14027ad98323b391931aac06045d6cb6c39b6edbb442a8cea4b96429fb29d,test,data/processed/test/acne/c7f14027ad98323b_00003.jpg
roboflow_skin_problem_clean3/train/acne-2-_jpg.rf.a60ecd68898114f8577676866cd008b8.jpg,roboflow_skin_problem_clean3,Acne,acne,112082b3f222feb7aa65408386ec1c095a4eeb30667f447fc5c064f2ac5f1c6b,test,data/processed/test/acne/112082b3f222feb7_00004.jpg
kaggle_acne_wrinkle_spots/acne/acne99.png,kaggle_acne_wrinkle_spots,acne,acne,d2993aa8ef9164e66086c0da2c41e3dc53e875f62a861616e765775947a919d4,test,data/processed/test/acne/d2993aa8ef9164e6_00005.png
roboflow_skin_problem_clean3/train/acne-prone-skin_180_jpeg.rf.cfebca2fccb0190bd67eb97d14a54b89.jpg,roboflow_skin_problem_clean3,Acne,acne,825f68e37ff65e761340d7bf3c010f494d5c3a7b72d6b2ecaefc0401c2030df9,test,data/processed/test/acne/825f68e37ff65e76_00006.jpg
roboflow_skin_problem_clean3/train/acne-4-_jpeg.rf.e9f70597603a64f01dca7d45ced3d138.jpg,roboflow_skin_problem_clean3,Acne,acne,7c23ef634206fd4ea048029425ce3931a1a2ffb84d2aa3443599aa5332573440,test,data/processed/test/acne/7c23ef634206fd4e_00007.jpg
kaggle_acne_wrinkle_spots/acne/acne104.png,kaggle_acne_wrinkle_spots,acne,acne,dd05d11dc1acf1c89dab46db3414e8158a88ea3bedc26abc9bc21cf898f4e3cc,test,data/processed/test/acne/dd05d11dc1acf1c8_00008.jpg
kaggle_acne_wrinkle_spots/acne/acne171.png,kaggle_acne_wrinkle_spots,acne,acne,640e787bacfce8327fc02a36382f5e81f41945d656b87b75fba4d2c902163a70,test,data/processed/test/acne/640e787bacfce832_00009.png
roboflow_skin_problem_clean3/train/levle1_491_jpg.rf.ce5d8b8a485cbc8a05350eff93cba571.jpg,roboflow_skin_problem_clean3,Acne,acne,bbaedb0f1fbd90e16e0f0ed99d3ac020368fbdca7eddc38b224539bb61319f73,test,data/processed/test/acne/bbaedb0f1fbd90e1_00010.jpg
kaggle_acne_wrinkle_spots/acne/acne160.png,kaggle_acne_wrinkle_spots,acne,acne,5199d9f61ed9fb51076e51766e368dede8b6dfb7876228b7bde46e52669bc4d2,test,data/processed/test/acne/5199d9f61ed9fb51_00011.png
roboflow_skin_problem_clean3/train/541_jpg.rf.5c471b0442823c308e6491762045d072.jpg,roboflow_skin_problem_clean3,Acne,acne,ab9b4d9aac6f934f68afaa26d1e63913bad4633e97b24b3236ce16addfa877f0,test,data/processed/test/acne/ab9b4d9aac6f934f_00012.jpg
kaggle_acne_wrinkle_spots/acne/acne103.png,kaggle_acne_wrinkle_spots,acne,acne,052bc45e06153a5c2fff3ee502b6eebcbeb820762198773bd01e22dc0dddf81b,test,data/processed/test/acne/052bc45e06153a5c_00013.jpg
roboflow_skin_problem_clean3/test/477_jpg.rf.0106249ec4a7d0cdf41fb990a832f77c.jpg,roboflow_skin_problem_clean3,Acne,acne,833025f860f9438f3ba4faa7aa054840f1138069f5d31258e48e580f90191731,test,data/processed/test/acne/833025f860f9438f_00014.jpg
kaggle_acne_wrinkle_spots/acne/acne61.png,kaggle_acne_wrinkle_spots,acne,acne,9db5675a66ad308f42b44b02a3b1cdd41d320d6c752fedf787c7326dbaeb5b27,test,data/processed/test/acne/9db5675a66ad308f_00015.png
kaggle_acne_wrinkle_spots/acne/acne37.png,kaggle_acne_wrinkle_spots,acne,acne,14cefd79cfe00e8622183ce271d6cdfa21919aa422dc8249f07ffb358d49e823,test,data/processed/test/acne/14cefd79cfe00e86_00016.png
roboflow_skin_problem_clean3/train/Image_50_jpg.rf.877ed0228eb8b2d1b8e2c0c6d38d2171.jpg,roboflow_skin_problem_clean3,Acne,acne,6582adfafbf91f25b254fea3f617b42fd4f419ebe6ae5ab187ecbe437a8a8a55,test,data/processed/test/acne/6582adfafbf91f25_00017.jpg
kaggle_acne_wrinkle_spots/acne/acne147.png,kaggle_acne_wrinkle_spots,acne,acne,f6e7e74d0d8c71538e42c97e07b39aeb6f07a9fe08cf947d1fc7458db9b49ecb,test,data/processed/test/acne/f6e7e74d0d8c7153_00018.png
roboflow_skin_problem_clean3/train/oily-250-_jpg.rf.e9f487e86458de5438daece59310e58d.jpg,roboflow_skin_problem_clean3,Acne,acne,e64f0902844259c03cb25d0f047f5369a8f30ed219979c739bac755812318fdb,test,data/processed/test/acne/e64f0902844259c0_00019.jpg
kaggle_acne_wrinkle_spots/acne/acne157.png,kaggle_acne_wrinkle_spots,acne,acne,742bbe055ba49c0a44f6b207ab4fecff7aff835eecc8cc17ba349acdab4712ff,test,data/processed/test/acne/742bbe055ba49c0a_00020.png
roboflow_skin_problem_clean3/test/acne-40-_png.rf.c8c8b90d60b36d4df73458341950f75d.jpg,roboflow_skin_problem_clean3,Acne,acne,0c1d26a50c1e2c5bc8c3520496ac0d18323db7ee3f86718aa9c0b8d273b8bc51,test,data/processed/test/acne/0c1d26a50c1e2c5b_00021.jpg
kaggle_acne_wrinkle_spots/acne/acne27.png,kaggle_acne_wrinkle_spots,acne,acne,385a84a089cda20987319b0b7a246e02cbec46d023cca20d68f0321c5951f4cd,test,data/processed/test/acne/385a84a089cda209_00022.png
roboflow_skin_problem_clean3/train/343_jpg.rf.81340c27ba658a85d8f7ae484dd97950.jpg,roboflow_skin_problem_clean3,Acne,acne,e99246939abf6230be0ba047b2313e84868a0abc213c348bdcaa9729918a6e74,test,data/processed/test/acne/e99246939abf6230_00023.jpg
roboflow_skin_problem_clean3/train/levle1_536_jpg.rf.104f09f6b0c207a07a6813b2a5c8192b.jpg,roboflow_skin_problem_clean3,Acne,acne,4f31821451604c26e539d7371b4b2350a555de9ba507e4fe7f71e4d2f5e46122,test,data/processed/test/acne/4f31821451604c26_00024.jpg
roboflow_skin_problem_clean3/valid/Image_58_jpg.rf.aa8f4dd8f1da85ac8631eafab052c825.jpg,roboflow_skin_problem_clean3,Acne,acne,99b42ce6e57256107bed231a2c938f1b3533935914346dde1e02270c417a0b88,test,data/processed/test/acne/99b42ce6e5725610_00025.jpg
roboflow_skin_problem_clean3/valid/acne-93-_jpg.rf.c0b935f6b0e030b70aa12376190bf991.jpg,roboflow_skin_problem_clean3,Acne,acne,17d2ebadbff3b2ffdc540f45541d162e6d569332109bb1a5433a1150bc8d94c0,test,data/processed/test/acne/17d2ebadbff3b2ff_00026.jpg
roboflow_skin_problem_clean3/test/Image_6_jpg.rf.5c94709c77c7d8d850004a698367e700.jpg,roboflow_skin_problem_clean3,Acne,acne,09e296aa3192f14a0da441d087a12a56696a46313fa90a7a4263c0f5b9f7e06e,test,data/processed/test/acne/09e296aa3192f14a_00027.jpg
roboflow_skin_problem_clean3/train/449_jpg.rf.4d68d8ea9decc2c674d8696395d4cadf.jpg,roboflow_skin_problem_clean3,Acne,acne,8a46f9cd7fd1bad2a848dd5502c7193729647e5bd8145ef5736f5d75282aa6c1,test,data/processed/test/acne/8a46f9cd7fd1bad2_00028.jpg
roboflow_skin_problem_clean3/train/328_jpg.rf.0cec84aa4a7f6647321e9838d44a1c32.jpg,roboflow_skin_problem_clean3,Acne,acne,0531516027dee2ffdef6b91a3bb77a26a5dd2677ec8aafabd728eae0f5b3fa9a,test,data/processed/test/acne/0531516027dee2ff_00029.jpg
roboflow_skin_problem_clean3/train/levle1_437_png.rf.d6fd3239b733ac93ccbbb87ff355c6f1.jpg,roboflow_skin_problem_clean3,Acne,acne,fc31f7f44652b217ffc5047862a45ce26faf605bd652f43546d87595b3b3572c,test,data/processed/test/acne/fc31f7f44652b217_00030.jpg
roboflow_skin_problem_clean3/train/313_jpg.rf.395460083efee29c3761c98acf0bc3b2.jpg,roboflow_skin_problem_clean3,Acne,acne,22b096f60eff77779d49ffbe36723c11e2618f91a50b5d79c28f725c130eed82,test,data/processed/test/acne/22b096f60eff7777_00031.jpg
roboflow_skin_problem_clean3/train/acne-4-_png.rf.435a2cd5cf7bd4a6cdd26e632d54e862.jpg,roboflow_skin_problem_clean3,Acne,acne,c47664f3bafd485a29082de58d168168a246b0caf7e6d583e4fb8848bf0e51bb,test,data/processed/test/acne/c47664f3bafd485a_00032.jpg
roboflow_skin_problem_clean3/train/160_jpg.rf.57cc09d335a490958f937b703ed40cc8.jpg,roboflow_skin_problem_clean3,Acne,acne,83ea680e2d71b838c1c70fbdf4dbe00fef13fa5d6ad849dc53927033a7204053,test,data/processed/test/acne/83ea680e2d71b838_00033.jpg
kaggle_acne_wrinkle_spots/acne/acne111.png,kaggle_acne_wrinkle_spots,acne,acne,e7d7afa6ba0709ff73ef66b93a1282dd75b46867a4730392e98a778154cfc98f,test,data/processed/test/acne/e7d7afa6ba0709ff_00034.png
roboflow_skin_problem_clean3/test/264_jpg.rf.c4100f7e4a80688fb927af1ff3bd9de0.jpg,roboflow_skin_problem_clean3,Acne,acne,674a86b49dce65ab61c1715e5c5dfb337857eb6f068d029ee5c516aad1fb3375,test,data/processed/test/acne/674a86b49dce65ab_00035.jpg
roboflow_skin_problem_clean3/valid/Image_18_jpg.rf.cef5c040dde39531e0a518310fe1920d.jpg,roboflow_skin_problem_clean3,Acne,acne,d114cfa3a0005e1a4361ada527c491ff976a34a9dc27e1dea37a27de84f4a722,test,data/processed/test/acne/d114cfa3a0005e1a_00036.jpg
kaggle_acne_wrinkle_spots/acne/acne79.png,kaggle_acne_wrinkle_spots,acne,acne,89cda5e64ec7458c975450be3c9d5fceab5eb16f5aac5b385dc5b197df159d68,test,data/processed/test/acne/89cda5e64ec7458c_00037.png
roboflow_skin_problem_clean3/train/Image_123_jpg.rf.d474a3ea0a3fdf6f9c9504e4340300c5.jpg,roboflow_skin_problem_clean3,Acne,acne,a76b0ced08fd442aff7ae6a97cfefce1e81f9e2515fb25e907eba236d9faa375,test,data/processed/test/acne/a76b0ced08fd442a_00038.jpg
roboflow_skin_problem_clean3/valid/acne-23-_jpeg.rf.787da1f3da9ed87cbbfdf989311dae25.jpg,roboflow_skin_problem_clean3,Acne,acne,db1c6248edf2a81dbc0d81dadb80f410315856727f1c721d980e943f5d0201af,test,data/processed/test/acne/db1c6248edf2a81d_00039.jpg
roboflow_skin_problem_clean3/train/acne-35-_png.rf.00de94babf12af9114b36777a40dbd22.jpg,roboflow_skin_problem_clean3,Acne,acne,be71b182172b43c7d3ca2c9db6407ea51f0c751e49c1b6f4dde11ad0270345b1,test,data/processed/test/acne/be71b182172b43c7_00040.jpg
roboflow_skin_problem_clean3/train/acne-19-_jpg.rf.f9c4208e09ace672e3ac0b7818677bb0.jpg,roboflow_skin_problem_clean3,Acne,acne,e425f9f68b0b4d8abcc6cc360dae729367f64c3929ad61bc3fcd5b56520292be,test,data/processed/test/acne/e425f9f68b0b4d8a_00041.jpg
roboflow_skin_problem_clean3/train/258_jpg.rf.8e733f6d5ed9350cc6d569f4fda2e672.jpg,roboflow_skin_problem_clean3,Acne,acne,c84a7cbe9379c29c7d451afc35d8946f9e04dfef68155a1b24c6159fab4e7387,test,data/processed/test/acne/c84a7cbe9379c29c_00042.jpg
roboflow_skin_problem_clean3/test/184_jpg.rf.ee1603d164a4f9263e2237e48b79daa1.jpg,roboflow_skin_problem_clean3,Acne,acne,48ec692587963009f3e4bb7c7476fedf7a9000d2491e1485a95094ca2bca0315,test,data/processed/test/acne/48ec692587963009_00043.jpg
kaggle_acne_wrinkle_spots/acne/acne70.png,kaggle_acne_wrinkle_spots,acne,acne,f51527dcbabb9d46bedebf5f15c7e14d60ab75c9678995aea052d1d5a9ca2649,test,data/processed/test/acne/f51527dcbabb9d46_00044.png
roboflow_skin_problem_clean3/train/acne-39-_jpg.rf.37fb8c36f1550582195d8ded8613fbbe.jpg,roboflow_skin_problem_clean3,Acne,acne,8c4091c9af5d9702a644441a6c6b5a381519ab86f4aeff92a4273ba995b31cc8,test,data/processed/test/acne/8c4091c9af5d9702_00045.jpg
roboflow_skin_problem_clean3/valid/acne-prone-skin_102_jpeg.rf.07ac69eeba78f7a19fb5ef1e2cc36044.jpg,roboflow_skin_problem_clean3,Acne,acne,2676827f9db57789f3dd604657338235a50660a74ae4216caac3080f2ca1b999,test,data/processed/test/acne/2676827f9db57789_00046.jpg
roboflow_skin_problem_clean3/train/Image_3_jpg.rf.f7f7cf03855fade7feb11cf01947b5ee.jpg,roboflow_skin_problem_clean3,Acne,acne,54dfa9c4e0502075934453306660791b84caa61acf5bc44a16a38caf477a33a5,test,data/processed/test/acne/54dfa9c4e0502075_00047.jpg
roboflow_skin_problem_clean3/train/275_jpg.rf.85c80f84e3c7ac7a21ce8d628c4d9966.jpg,roboflow_skin_problem_clean3,Acne,acne,ffc683e75b34eb0fcef2d29981a760e704acc2f39e603c26af019bfbc44e277f,test,data/processed/test/acne/ffc683e75b34eb0f_00048.jpg
roboflow_skin_problem_clean3/train/acne-prone-skin_123_png.rf.18cb64271c93562ac4510e32e925914a.jpg,roboflow_skin_problem_clean3,Acne,acne,7218c304cd21961c08813eca11d2e2dc8dab26c8346b78ccff1404f91082e423,test,data/processed/test/acne/7218c304cd21961c_00049.jpg
roboflow_skin_problem_clean3/train/351_jpg.rf.78a597ec5a9808b2c8115cdbd6f32130.jpg,roboflow_skin_problem_clean3,Acne,acne,932d27362936218cd7aba01f47f04b3e9d2ebe4e9ba43deb646f58a48205ab7a,test,data/processed/test/acne/932d27362936218c_00050.jpg
kaggle_acne_wrinkle_spots/acne/acne134.png,kaggle_acne_wrinkle_spots,acne,acne,9a86fd4e47fa79ee144a9d2a188aefa207f09d115ad4ed2f8137d6bc05d3bd30,test,data/processed/test/acne/9a86fd4e47fa79ee_00051.png
roboflow_skin_problem_clean3/train/oily-276-_jpg.rf.ebd8044a4a4b8b3e810d7b5c69d21ca9.jpg,roboflow_skin_problem_clean3,Acne,acne,5a89107db7abd4b12181fca50e66584248e45b0e046bf815b2c67e8f871b2bdc,test,data/processed/test/acne/5a89107db7abd4b1_00052.jpg
kaggle_acne_wrinkle_spots/acne/acne140.png,kaggle_acne_wrinkle_spots,acne,acne,a475c0bf70ec9ebb4a89c59f96f89b89ab716ee1f5373226064652e4d3f508dc,test,data/processed/test/acne/a475c0bf70ec9ebb_00053.jpg
kaggle_acne_wrinkle_spots/acne/acne148.png,kaggle_acne_wrinkle_spots,acne,acne,d9069843b15ee78a67ba003a9f6a1c5c0214f675261cacd974afc1b922ed1150,test,data/processed/test/acne/d9069843b15ee78a_00054.jpg
roboflow_skin_problem_clean3/train/acne-36-_png.rf.b6a1b78df8e61fa2e02e986d98bf635f.jpg,roboflow_skin_problem_clean3,Acne,acne,efe5d1baec33ad271773e03c56868f17e509676dcf27c4f8e8e1a72ac8cd0c74,test,data/processed/test/acne/efe5d1baec33ad27_00055.jpg
roboflow_skin_problem_clean3/train/Image_111_jpg.rf.c0ce195c8139535171731a78dd6b8390.jpg,roboflow_skin_problem_clean3,Acne,acne,9bfb6e3393650c69cced2a47462898844e23d9287efde3d8b2a63b4f02040dff,test,data/processed/test/acne/9bfb6e3393650c69_00056.jpg
kaggle_acne_wrinkle_spots/acne/acne48.png,kaggle_acne_wrinkle_spots,acne,acne,a43b84809087b36f982913141f1727d1b21c009907124cf520413a34c9596ed3,test,data/processed/test/acne/a43b84809087b36f_00057.png
roboflow_skin_problem_clean3/test/acne-56-_jpg.rf.3356135d02973ce9454fb854c9bf6992.jpg,roboflow_skin_problem_clean3,Acne,acne,d7472a04fe54b198b0ecb01fc003fcca6306f7a8afc3a59a3c9421be1b0f8683,test,data/processed/test/acne/d7472a04fe54b198_00058.jpg
roboflow_skin_problem_clean3/test/Image_76_jpg.rf.3d5931ad0af3fe348131f611631aaef4.jpg,roboflow_skin_problem_clean3,Acne,acne,108917ad194d11218e5be5286c5fdd052dd6d08782e40af9a0aae13939a576a9,test,data/processed/test/acne/108917ad194d1121_00059.jpg
roboflow_skin_problem_clean3/train/acne-31-_png.rf.87eb62987763b6ef7eab308fe624176f.jpg,roboflow_skin_problem_clean3,Acne,acne,0ec371c5615a101cb9996f2006ce2050f42118ff719815f27dd456fa68620acc,test,data/processed/test/acne/0ec371c5615a101c_00060.jpg
roboflow_skin_problem_clean3/train/acne-25-_jpg.rf.87ec7c73880322c1cfed587cbb35eec0.jpg,roboflow_skin_problem_clean3,Acne,acne,da8eb097ba6d62bcb40ffa9cda156bb555edd78692096cf7b6a000f59dc613ba,test,data/processed/test/acne/da8eb097ba6d62bc_00061.jpg
kaggle_acne_wrinkle_spots/acne/acne191.png,kaggle_acne_wrinkle_spots,acne,acne,46237ccc81a92f9f35ae895727d69c88e5a551de27b7b38d6d2d985efb36905f,test,data/processed/test/acne/46237ccc81a92f9f_00062.jpg
roboflow_skin_problem_clean3/train/Image_13_jpg.rf.2168c3adc7bab93be912a91044dcc7d0.jpg,roboflow_skin_problem_clean3,Acne,acne,87d1f964203dac8636fb5ae37eaf5ff675fdb787b36247181fdea7530b2e7605,test,data/processed/test/acne/87d1f964203dac86_00063.jpg
roboflow_skin_problem_clean3/train/622_jpg.rf.843adcb427fce52f25570402dd74575e.jpg,roboflow_skin_problem_clean3,Acne,acne,76b64154cd5ce760884516067ac744db1b0d0bcbdf8851c89b11e06b323aaae7,test,data/processed/test/acne/76b64154cd5ce760_00064.jpg
kaggle_acne_wrinkle_spots/acne/acne131.png,kaggle_acne_wrinkle_spots,acne,acne,6d0be05f44645bec5a66cdbd751faf1e1a73cbbc33c116d3c5ce399310298dff,test,data/processed/test/acne/6d0be05f44645bec_00065.jpg
roboflow_skin_problem_clean3/valid/acne-11-_jpeg.rf.e31312e181a71ec8a81398ecc8d68fd3.jpg,roboflow_skin_problem_clean3,Acne,acne,4f65c21b00b929537cb1204ab63926328ce062293d077fef84c23bec9cb4c969,test,data/processed/test/acne/4f65c21b00b92953_00066.jpg
roboflow_skin_problem_clean3/valid/acne-27-_jpg.rf.8117142f5c44d762da33869840ba716a.jpg,roboflow_skin_problem_clean3,Acne,acne,a2b59226074a0541a1615e4e2b2fc3a3a0200e38ec45e77bee421f2cb541ba6d,test,data/processed/test/acne/a2b59226074a0541_00067.jpg
kaggle_acne_wrinkle_spots/acne/acne22.png,kaggle_acne_wrinkle_spots,acne,acne,168cdbad7ab5c993a45b1ab15773e4fbd7f797294b93b4959164ae83dcaeef25,test,data/processed/test/acne/168cdbad7ab5c993_00068.png
roboflow_skin_problem_clean3/train/Image_46_jpg.rf.6f2607265724bc92c4524d11ec1b9514.jpg,roboflow_skin_problem_clean3,Acne,acne,5cb8daa6067d29805d0aaa8eff2ee362a0af7301b4a1265690a2281da5b86e61,test,data/processed/test/acne/5cb8daa6067d2980_00069.jpg
roboflow_skin_problem_clean3/train/Image_2_jpg.rf.cdc349fa92d6750ed0d159695c68a9c4.jpg,roboflow_skin_problem_clean3,Acne,acne,773787854612af1ac375348f79955bb51901b1f4f76606fcb3a72f124dc4e25f,test,data/processed/test/acne/773787854612af1a_00070.jpg
kaggle_acne_wrinkle_spots/acne/acne19.png,kaggle_acne_wrinkle_spots,acne,acne,12f02f92659ae4dff7d573d78c08d69fbdc6db3880fdfeba4fb1843000041cb1,test,data/processed/test/acne/12f02f92659ae4df_00071.jpg
roboflow_skin_problem_clean3/valid/Image_43_jpg.rf.0618c1d7f45eb1be7bd8f1fb00c6cb1d.jpg,roboflow_skin_problem_clean3,Acne,acne,01d04703db6595965cf6caa2d045204e8157d230379b928202ca340bfb6dce0d,test,data/processed/test/acne/01d04703db659596_00072.jpg
kaggle_acne_wrinkle_spots/acne/acne167.png,kaggle_acne_wrinkle_spots,acne,acne,691958e815f4220ac6f34a4f7163ee996454f9daf60bb06746a4a15f95d76976,test,data/processed/test/acne/691958e815f4220a_00073.png
roboflow_skin_problem_clean3/train/Image_128_jpg.rf.9f6b0c401eb9888d7355815a5292948a.jpg,roboflow_skin_problem_clean3,Acne,acne,90fc2c61e059057f071fab41dea0190677949195e672da0871c4eef3cc925c49,test,data/processed/test/acne/90fc2c61e059057f_00074.jpg
kaggle_acne_wrinkle_spots/acne/acne26.png,kaggle_acne_wrinkle_spots,acne,acne,9ba1d411207172ed66606fa3fd9f14cb60dd761a77c883ca021bf2d795914317,test,data/processed/test/acne/9ba1d411207172ed_00075.png
kaggle_acne_wrinkle_spots/acne/acne8.png,kaggle_acne_wrinkle_spots,acne,acne,b69395794067af9fd15ba99eb37cbb4149e90f3b644faf1e432fa26c8016fd40,test,data/processed/test/acne/b69395794067af9f_00076.png
roboflow_skin_problem_clean3/valid/Image_20_jpg.rf.66c505f10643f57c0aed23eaeb84a955.jpg,roboflow_skin_problem_clean3,Acne,acne,42090e9a7f0b84ed994207c67d6c019cfa56dfbf0d5ac58fb7e5c278a5a749f0,test,data/processed/test/acne/42090e9a7f0b84ed_00077.jpg
roboflow_skin_problem_clean3/train/acne-prone-skin_148_jpeg.rf.d6b046b0de970eb0d888722b76b12794.jpg,roboflow_skin_problem_clean3,Acne,acne,3c7e6fea2aa907430f80726253a9e353e5d7cdf8b37fa224785212bdc7a3fa31,test,data/processed/test/acne/3c7e6fea2aa90743_00078.jpg
roboflow_skin_problem_clean3/train/425_jpg.rf.7f62005982ab4945ec81054b1cae0c43.jpg,roboflow_skin_problem_clean3,Acne,acne,2a9a5ff366c63599a92c93ea0b503b9d12836ac922f1dfb5b17aa6e1d9493ee9,test,data/processed/test/acne/2a9a5ff366c63599_00079.jpg
kaggle_acne_wrinkle_spots/acne/acne170.png,kaggle_acne_wrinkle_spots,acne,acne,ba302cf138bd8968b26d6b89a73b7688cd8046eaf767c3f241725dfa03d3c976,test,data/processed/test/acne/ba302cf138bd8968_00080.png
roboflow_skin_problem_clean3/train/Image_1_jpg.rf.0d78afd877d8eb06d217faf27bdb16cd.jpg,roboflow_skin_problem_clean3,Acne,acne,b4dbbf71c4b609736c17b58d9b337071c32390a8fc31ffd3f1e0d15d97a387ad,test,data/processed/test/acne/b4dbbf71c4b60973_00081.jpg
roboflow_skin_problem_clean3/train/290_jpg.rf.7257e48c91faf7704c47eab328198ad2.jpg,roboflow_skin_problem_clean3,Acne,acne,dc60847f3c9e2f349d8076297695b0a7aa4b54be52aed90558745565e8a1b429,test,data/processed/test/acne/dc60847f3c9e2f34_00082.jpg
roboflow_skin_problem_clean3/train/levle0_305_jpg.rf.2d6fdeeb8556c55b922eb5c952b0e5ec.jpg,roboflow_skin_problem_clean3,Acne,acne,98f55e6dcae7059a253f118362d0d06ba63c2dd16131cd5d8da6c456b1ce1483,test,data/processed/test/acne/98f55e6dcae7059a_00083.jpg
roboflow_skin_problem_clean3/valid/80_jpg.rf.09c30100a73c59f374897b99e46c3552.jpg,roboflow_skin_problem_clean3,Acne,acne,f2609e6aeaa8e74d3469068d11e13f43dd0e72b5cb038c2172b61feb6e58766f,test,data/processed/test/acne/f2609e6aeaa8e74d_00084.jpg
roboflow_skin_problem_clean3/train/acne-25-_png.rf.1dceb80764f9a46f26471a0c85c5b457.jpg,roboflow_skin_problem_clean3,Acne,acne,c2c60758fb51230fb6e433816504d6947ab69260c6556c379f59b2f593fa7bda,test,data/processed/test/acne/c2c60758fb51230f_00085.jpg
roboflow_skin_problem_clean3/valid/12_jpg.rf.98d7f6a3401c1391cd50900db211850f.jpg,roboflow_skin_problem_clean3,Acne,acne,9dd7350a8b1c3903431d415f51104dcc681c17a0931b74857dd7b58de712dee5,test,data/processed/test/acne/9dd7350a8b1c3903_00086.jpg
roboflow_skin_problem_clean3/train/Image_64_jpg.rf.67d4362221bcaab0b995cbf1d3add14f.jpg,roboflow_skin_problem_clean3,Acne,acne,0170affb0f63b3243d40d3a3691fc8fc6c2906aa436fcd68669ed02ed925721f,test,data/processed/test/acne/0170affb0f63b324_00087.jpg
roboflow_skin_problem_clean3/train/393_jpg.rf.a1703e8cd7e013c624140a6ff4d10300.jpg,roboflow_skin_problem_clean3,Acne,acne,ff24964eb7dfac2bd206c3f493fe76f7b6fe74e64cc3f67e2edaa7cf767b6bf2,test,data/processed/test/acne/ff24964eb7dfac2b_00088.jpg
kaggle_acne_wrinkle_spots/acne/acne78.png,kaggle_acne_wrinkle_spots,acne,acne,2fde48e3bfff21a114d9b598984c795f60d639ff5b77b86b5593d16059a36f13,test,data/processed/test/acne/2fde48e3bfff21a1_00089.png
kaggle_acne_wrinkle_spots/acne/acne195.png,kaggle_acne_wrinkle_spots,acne,acne,4c828a26d39f0660f2b66820670a7de8cb65d9549a39241f328e3b26a9b62581,test,data/processed/test/acne/4c828a26d39f0660_00090.jpg
kaggle_acne_wrinkle_spots/acne/acne107.png,kaggle_acne_wrinkle_spots,acne,acne,a6c6b126acc00ddeff1f9fa97299878a6736f3ee4549df1f583c36b5e18fdf04,test,data/processed/test/acne/a6c6b126acc00dde_00091.png
roboflow_skin_problem_clean3/train/acne-53-_jpg.rf.510c77bf8340803b2b3d11825d22a1dd.jpg,roboflow_skin_problem_clean3,Acne,acne,0a7f6c43b6aee06942710a51968671dbd5c3b6928a76d0172053c6a1645f48e7,test,data/processed/test/acne/0a7f6c43b6aee069_00092.jpg
roboflow_skin_problem_clean3/valid/acne-12-_jpeg.rf.ecbcd6d7e8a3acd36a3f17426479f5c7.jpg,roboflow_skin_problem_clean3,Acne,acne,f9bfd59db12fdca44364d48756aacfe4e173385738eee5515d61fb0b2c2f4176,test,data/processed/test/acne/f9bfd59db12fdca4_00093.jpg
roboflow_skin_problem_clean3/valid/acne-58-_jpeg.rf.e234f4a3e1e6ec23b1fcb33312efda58.jpg,roboflow_skin_problem_clean3,Acne,acne,1920ca56e3e03e949595e896260a1fd0353fef41e1577c3e9a3ecaa7fc6e2bfa,test,data/processed/test/acne/1920ca56e3e03e94_00094.jpg
kaggle_acne_wrinkle_spots/acne/acne125.png,kaggle_acne_wrinkle_spots,acne,acne,35ebe61908cfef62ed1a21e0f40d49e7f559b1bd9a4f3093f672d1aa0c938ae6,test,data/processed/test/acne/35ebe61908cfef62_00095.png
roboflow_skin_problem_clean3/train/acne-42-_png.rf.da2f2c81b6b62612111ace57acd9994f.jpg,roboflow_skin_problem_clean3,Acne,acne,73f2254c49bcdd9e503cd80a6a8b80943487e39c0058fc8792c6ec9a37de6516,test,data/processed/test/acne/73f2254c49bcdd9e_00096.jpg
roboflow_skin_problem_clean3/test/Image_14-1-_jpg.rf.ca34592bcf1d20b4207af6a697543c8c.jpg,roboflow_skin_problem_clean3,Acne,acne,81180e4dfc8b2f1fb534af320fbe1c1bb06a61980d6d67d99604a0647b36d169,test,data/processed/test/acne/81180e4dfc8b2f1f_00097.jpg
roboflow_skin_problem_clean3/train/acne-7-_jpg.rf.1e24797303bddbcea4ea707da4c0a8c6.jpg,roboflow_skin_problem_clean3,Acne,acne,a1670d876679302c1225a4573a040eff121ebd8fe658222f86158eeffcbb04f1,test,data/processed/test/acne/a1670d876679302c_00098.jpg
kaggle_acne_wrinkle_spots/acne/acne97.png,kaggle_acne_wrinkle_spots,acne,acne,4261427c231460b1714905bb8af4a3f7c948d9e0d099c91da578dd7251c90507,test,data/processed/test/acne/4261427c231460b1_00099.png
kaggle_acne_wrinkle_spots/acne/acne30.png,kaggle_acne_wrinkle_spots,acne,acne,8ab88a3756aa5fe79f5c044accbde97efe79e81150a1326ecae6f6f220f40c53,test,data/processed/test/acne/8ab88a3756aa5fe7_00100.png
roboflow_skin_problem_clean3/train/377_jpg.rf.38ef1f62c3c3b9cb50aabea0da6995e2.jpg,roboflow_skin_problem_clean3,Acne,acne,08f44b3246cfb50a96fe39ae40f7ad8ed479f3e6fb8a0b3cf05d69bef90827f3,test,data/processed/test/acne/08f44b3246cfb50a_00101.jpg
roboflow_skin_problem_clean3/train/acne-56-_jpeg.rf.a415154a15ccf76bcf3a4b6ccad3581d.jpg,roboflow_skin_problem_clean3,Acne,acne,944e92492e5bf442bd990d09db7b2c6be6f207ebade933c43e105958b46270a0,test,data/processed/test/acne/944e92492e5bf442_00102.jpg
roboflow_skin_problem_clean3/train/552_jpg.rf.2fc7c60b0b9e56c0a5af148f60475d85.jpg,roboflow_skin_problem_clean3,Acne,acne,1fdf3a4bcc028f853b3dc3b2e9033a0a188e79c75e458a16da50b15abd80fc71,test,data/processed/test/acne/1fdf3a4bcc028f85_00103.jpg
kaggle_acne_wrinkle_spots/spots/spots61.png,kaggle_acne_wrinkle_spots,spots,dark_spot,cb94f168e5b58f1d75d7934674a5efbb60f0ae3455873efa640cf32cb2d08ac1,train,data/processed/train/dark_spot/cb94f168e5b58f1d_00000.jpg
kaggle_acne_wrinkle_spots/spots/spots118.png,kaggle_acne_wrinkle_spots,spots,dark_spot,ff26968381572b14e13bac8b57aeda59032403bbeb64cfc3a0d4de935c0cb6c2,train,data/processed/train/dark_spot/ff26968381572b14_00001.jpg
kaggle_acne_wrinkle_spots/spots/spots178.png,kaggle_acne_wrinkle_spots,spots,dark_spot,f3f3bd7777864f9b2e3dd555aaf0c3b53818b6ac935fcb220bd9127c42a8f8a3,train,data/processed/train/dark_spot/f3f3bd7777864f9b_00002.png
kaggle_acne_wrinkle_spots/spots/spots38.png,kaggle_acne_wrinkle_spots,spots,dark_spot,ac803cee9293275d16d8e8657c92693d34e65e671e5f6f97045593d6b06e2966,train,data/processed/train/dark_spot/ac803cee9293275d_00003.png
kaggle_acne_wrinkle_spots/spots/spots104.png,kaggle_acne_wrinkle_spots,spots,dark_spot,9fe4c9dfc9c94e5918e896af340f08acae6244cf52c573d0c288c6024d7610cd,train,data/processed/train/dark_spot/9fe4c9dfc9c94e59_00004.png
kaggle_acne_wrinkle_spots/spots/spots128.png,kaggle_acne_wrinkle_spots,spots,dark_spot,6097b1f522c8bb8075a3b83a8df39c117a2be3ce64958470ec8cf79224b3839d,train,data/processed/train/dark_spot/6097b1f522c8bb80_00005.jpg
kaggle_acne_wrinkle_spots/spots/spots35.png,kaggle_acne_wrinkle_spots,spots,dark_spot,75df4c34834c5e64d0acf31c3b14964eb15d0e94dc0e9a5eb676ddfec14d389f,train,data/processed/train/dark_spot/75df4c34834c5e64_00006.jpg
kaggle_acne_wrinkle_spots/spots/spots166.png,kaggle_acne_wrinkle_spots,spots,dark_spot,a883d57685043f06915b6584005a4e81d4d2a2f100bb7b7c301c09f3642c598a,train,data/processed/train/dark_spot/a883d57685043f06_00007.png
kaggle_acne_wrinkle_spots/spots/spots87.png,kaggle_acne_wrinkle_spots,spots,dark_spot,7c3a2b33c6cb859fa68f77cd306b78245203f18875adacc0dc2c084263c99350,train,data/processed/train/dark_spot/7c3a2b33c6cb859f_00008.png
kaggle_acne_wrinkle_spots/spots/spots141.png,kaggle_acne_wrinkle_spots,spots,dark_spot,02fcb147aadcfcc793ebd1a368d9fd9ed606f4b60689b3197a6090e0a97c043e,train,data/processed/train/dark_spot/02fcb147aadcfcc7_00009.png
kaggle_acne_wrinkle_spots/spots/spots183.png,kaggle_acne_wrinkle_spots,spots,dark_spot,bd81f1c4e28fd100baca4d6cfa559250340a4da9a8ac52b35aa20f1ce8bed768,train,data/processed/train/dark_spot/bd81f1c4e28fd100_00010.png
kaggle_acne_wrinkle_spots/spots/spots10.png,kaggle_acne_wrinkle_spots,spots,dark_spot,b63650d8efbdc2e53fb71ab147408038c295b217a39dc9847d7fff423040e807,train,data/processed/train/dark_spot/b63650d8efbdc2e5_00011.jpg
kaggle_acne_wrinkle_spots/spots/spots29.png,kaggle_acne_wrinkle_spots,spots,dark_spot,25df16cdfb3806b75fecb0dd32b78d6bef48d03d267447edff64b193ddc8f093,train,data/processed/train/dark_spot/25df16cdfb3806b7_00012.jpg
kaggle_acne_wrinkle_spots/spots/spots155.png,kaggle_acne_wrinkle_spots,spots,dark_spot,6758c4052756d6f71c2b55a945736b9878d7b9792c57fb181b2009eb4efec255,train,data/processed/train/dark_spot/6758c4052756d6f7_00013.png
kaggle_acne_wrinkle_spots/spots/spots27.png,kaggle_acne_wrinkle_spots,spots,dark_spot,384e4f7174e6fbc231c3594441edae933374a1ef3648d24a779189072813d958,train,data/processed/train/dark_spot/384e4f7174e6fbc2_00014.png
kaggle_acne_wrinkle_spots/spots/spots21.png,kaggle_acne_wrinkle_spots,spots,dark_spot,58f1ead54ef4d3b766f1732ad8d73f89b7621a2d5c8d005f56708cc1cedf7e98,train,data/processed/train/dark_spot/58f1ead54ef4d3b7_00015.jpg
roboflow_skin_problem_clean3/train/Image_99_jpg.rf.4dd9c7084989fc627c33b091dd87bdf8.jpg,roboflow_skin_problem_clean3,Dark-Spots,dark_spot,a4387efb1376448e79edccc7e973c79a0eaaa0682ff83cb8c13659081409c571,train,data/processed/train/dark_spot/a4387efb1376448e_00016.jpg
roboflow_skin_problem_clean3/valid/Image_51_png.rf.360808079a579904692b0d92baa67426.jpg,roboflow_skin_problem_clean3,Dark-Spots,dark_spot,8001d14514809537705084c5891398c8f4a3a1fecbcf0196225c0bf57d6c6850,train,data/processed/train/dark_spot/8001d14514809537_00017.jpg
kaggle_acne_wrinkle_spots/spots/spots135.png,kaggle_acne_wrinkle_spots,spots,dark_spot,b7b9ffe9bb7f69c76ef8986f6806941414197065f9ca86fc116ba15fe717257c,train,data/processed/train/dark_spot/b7b9ffe9bb7f69c7_00018.jpg
kaggle_acne_wrinkle_spots/spots/spots110.png,kaggle_acne_wrinkle_spots,spots,dark_spot,f9418850ab97d611369edb51468592c5ebf6650763bd873ba76aa5c11becb1eb,train,data/processed/train/dark_spot/f9418850ab97d611_00019.png
roboflow_skin_problem_clean3/train/Image_22_jpeg.rf.69c826d89bc088a210b92921f97f754e.jpg,roboflow_skin_problem_clean3,Dark-Spots,dark_spot,f83891aa037d3e03dee7e062a0a762f10de30a19cf924aea214dc1cc4a25214e,train,data/processed/train/dark_spot/f83891aa037d3e03_00020.jpg
roboflow_skin_problem_clean3/train/Image_103_jpg.rf.f738a9ab0e107593e8edbe9a540318c8.jpg,roboflow_skin_problem_clean3,Dark-Spots,dark_spot,a6126c8c0c5348c0edd9db2c16db3ccdb11783925d7f2c7051c2db0039d48a0a,train,data/processed/train/dark_spot/a6126c8c0c5348c0_00021.jpg
kaggle_acne_wrinkle_spots/spots/spots75.png,kaggle_acne_wrinkle_spots,spots,dark_spot,a9c55520c4bbb591bb59d33e63330b15416c40632c7095cf10cd73c5e0a1adde,train,data/processed/train/dark_spot/a9c55520c4bbb591_00022.png
kaggle_acne_wrinkle_spots/spots/spots199.png,kaggle_acne_wrinkle_spots,spots,dark_spot,b19249197ef1fcaec89a28a7e2fda49e3c7bc7198b895206402ed7a3581780c7,train,data/processed/train/dark_spot/b19249197ef1fcae_00023.png
kaggle_acne_wrinkle_spots/spots/spots162.png,kaggle_acne_wrinkle_spots,spots,dark_spot,f19e83d18385ec59093415a8eba01bb0ce97508102160d22f31a7ed8ed1bd911,train,data/processed/train/dark_spot/f19e83d18385ec59_00024.jpg
roboflow_skin_problem_clean3/train/Image_111_jpg.rf.dba341c36356b278334f0d19c1575f13.jpg,roboflow_skin_problem_clean3,Dark-Spots,dark_spot,0c3ecb9b736c1a2d1a65836d106c13f12ce9e659f77f8b437ab248a741cbf70f,train,data/processed/train/dark_spot/0c3ecb9b736c1a2d_00025.jpg
kaggle_acne_wrinkle_spots/spots/spots52.png,kaggle_acne_wrinkle_spots,spots,dark_spot,1a400f61156e53b462821e17cca619df8d076f206035e1feefe1870d42173a7a,train,data/processed/train/dark_spot/1a400f61156e53b4_00026.png
kaggle_acne_wrinkle_spots/spots/spots83.png,kaggle_acne_wrinkle_spots,spots,dark_spot,bec115a2e99e808adfebd60ced96adb835cef18dba1a8d8b16666ac9402cd7c3,train,data/processed/train/dark_spot/bec115a2e99e808a_00027.jpg
kaggle_acne_wrinkle_spots/spots/spots190.png,kaggle_acne_wrinkle_spots,spots,dark_spot,076f86e33a16369c890a5bd7c9a5e4ec794137ab656508ea8bd1fe77ff1577b0,train,data/processed/train/dark_spot/076f86e33a16369c_00028.jpg
kaggle_acne_wrinkle_spots/spots/spots196.png,kaggle_acne_wrinkle_spots,spots,dark_spot,f630e1488a42b7557d011f5c34db79b80b417d35f540ed6de30292b31b465ec8,train,data/processed/train/dark_spot/f630e1488a42b755_00029.png
roboflow_skin_problem_clean3/train/Image_14_jpg.rf.9f5371c7e47b32f569e5dfe38897ecf4.jpg,roboflow_skin_problem_clean3,Dark-Spots,dark_spot,c1f0798db968656db95f03d0691f93a03d82c35399b5a36f11c59707c5c9297f,train,data/processed/train/dark_spot/c1f0798db968656d_00030.jpg
kaggle_acne_wrinkle_spots/spots/spots28.png,kaggle_acne_wrinkle_spots,spots,dark_spot,2d73af7335c74907e54706c4e125158901a4e2fb2e8e12a2ee513225e2d98b03,train,data/processed/train/dark_spot/2d73af7335c74907_00031.png
kaggle_acne_wrinkle_spots/spots/spots149.png,kaggle_acne_wrinkle_spots,spots,dark_spot,6f49c1ef082230130fa7413a34171bf311f56d529837c0b1030c212502469772,train,data/processed/train/dark_spot/6f49c1ef08223013_00032.jpg
roboflow_skin_problem_clean3/valid/Image_100_jpg.rf.c090d4f4d1a63e703745a3862db8f4a8.jpg,roboflow_skin_problem_clean3,Dark-Spots,dark_spot,15e6ec890238bd580ea963242f59969d5d0ef8e53c12dc876e2ac0fa479a02f4,train,data/processed/train/dark_spot/15e6ec890238bd58_00033.jpg
kaggle_acne_wrinkle_spots/spots/spots133.png,kaggle_acne_wrinkle_spots,spots,dark_spot,d26bd5f17190132bdd86d113a305fe0cbbb7651c94db33db08954a5e9e55329b,train,data/processed/train/dark_spot/d26bd5f17190132b_00034.png
kaggle_acne_wrinkle_spots/spots/spots53.png,kaggle_acne_wrinkle_spots,spots,dark_spot,a8ebfddb7f58489148eb3570d5a6ec7f807483ffaa9a643618de242afd4ae6e7,train,data/processed/train/dark_spot/a8ebfddb7f584891_00035.png
roboflow_skin_problem_clean3/train/Image_59_jpg.rf.a47382b2deea2b8b3735168ed240a7e9.jpg,roboflow_skin_problem_clean3,Dark-Spots,dark_spot,c92ae8246f95cd56c4ea1aa8a9ccc1d9d46ffe6a2cdab213af6955f245dfeaf4,train,data/processed/train/dark_spot/c92ae8246f95cd56_00036.jpg
kaggle_acne_wrinkle_spots/spots/spots200.png,kaggle_acne_wrinkle_spots,spots,dark_spot,c915d667c64507d34f103989b17e8ba186f6813c2b6794cd90378e065fdb5342,train,data/processed/train/dark_spot/c915d667c64507d3_00037.jpg
kaggle_acne_wrinkle_spots/spots/spots184.png,kaggle_acne_wrinkle_spots,spots,dark_spot,787c5fa61fb70bffebf1832d4882af91eab20c4f07cfbf73183ef5e4416bc44c,train,data/processed/train/dark_spot/787c5fa61fb70bff_00038.png
kaggle_acne_wrinkle_spots/spots/spots14.png,kaggle_acne_wrinkle_spots,spots,dark_spot,2c4a46f783829fcd9e55d1d540d7d2f55d2fddc13a4604d61e56f4cf863c4dd9,train,data/processed/train/dark_spot/2c4a46f783829fcd_00039.png
kaggle_acne_wrinkle_spots/spots/spots71.png,kaggle_acne_wrinkle_spots,spots,dark_spot,17d4c2f87ea54604110015d41e7e5d8ddcbe93d68e5056f34c6d14ec6209872c,train,data/processed/train/dark_spot/17d4c2f87ea54604_00040.png
kaggle_acne_wrinkle_spots/spots/spots31.png,kaggle_acne_wrinkle_spots,spots,dark_spot,32326cc22c82b0efced7f96afe408938c1fcee49481046918b5ad0cd3f3a03a0,train,data/processed/train/dark_spot/32326cc22c82b0ef_00041.png
kaggle_acne_wrinkle_spots/spots/spots49.png,kaggle_acne_wrinkle_spots,spots,dark_spot,466bfeeae5b8d231634174711e39d1e45c4d64c646ce4bba01f88e67f8719063,train,data/processed/train/dark_spot/466bfeeae5b8d231_00042.jpg
kaggle_acne_wrinkle_spots/spots/spots132.png,kaggle_acne_wrinkle_spots,spots,dark_spot,7afcfdc66280cc8362b0c02d44e8d430ce1a7d4f249ac066849b59321085a890,train,data/processed/train/dark_spot/7afcfdc66280cc83_00043.jpg
kaggle_acne_wrinkle_spots/spots/spots93.png,kaggle_acne_wrinkle_spots,spots,dark_spot,486541b40f8e32d8949b99c6676031811e80f989851371a4028e9f23ba18c1ce,train,data/processed/train/dark_spot/486541b40f8e32d8_00044.jpg
kaggle_acne_wrinkle_spots/spots/spots99.png,kaggle_acne_wrinkle_spots,spots,dark_spot,58a03d46e601d3df99e2e03a9531f635e988f53270b68dc1ba11360d474e8e81,train,data/processed/train/dark_spot/58a03d46e601d3df_00045.png
kaggle_acne_wrinkle_spots/spots/spots2.png,kaggle_acne_wrinkle_spots,spots,dark_spot,352dd729dd94b2c02a5ec548d943bf93c602b2e27338a3c5c4eb2259d9811041,train,data/processed/train/dark_spot/352dd729dd94b2c0_00046.png
kaggle_acne_wrinkle_spots/spots/spots24.png,kaggle_acne_wrinkle_spots,spots,dark_spot,3190567f28f35f9fa902f0514a82c2e6f6c673fb00a07bc589b664856f5d8fb5,train,data/processed/train/dark_spot/3190567f28f35f9f_00047.jpg
roboflow_skin_problem_clean3/test/Image_82_jpg.rf.447598fda38a8c617816edda01ef922f.jpg,roboflow_skin_problem_clean3,Dark-Spots,dark_spot,064db7bb2d9b92847a8ed98419757ac5d3340ab29417301e11081f88d74dcbae,train,data/processed/train/dark_spot/064db7bb2d9b9284_00048.jpg
roboflow_skin_problem_clean3/valid/Image_2_jpg.rf.436f75847ef96b254badb3a578ea5552.jpg,roboflow_skin_problem_clean3,Dark-Spots,dark_spot,cbf75f66920fe0338a98bf227eb91e84d2131ce81634611548b1f1ca7ced71cf,train,data/processed/train/dark_spot/cbf75f66920fe033_00049.jpg
kaggle_acne_wrinkle_spots/spots/spots64.png,kaggle_acne_wrinkle_spots,spots,dark_spot,2cd901a50419bc730a0c95d8565d5933a9128b43bd7f0dffd6875e21d4161ec6,train,data/processed/train/dark_spot/2cd901a50419bc73_00050.png
roboflow_skin_problem_clean3/test/Image_140_jpeg.rf.b644dce45e9a1c92dcf13b3b59c86a2d.jpg,roboflow_skin_problem_clean3,Dark-Spots,dark_spot,3c86490b1b30592c04079736899495eff3cf47649807ade47afe9f82e766f1d8,train,data/processed/train/dark_spot/3c86490b1b30592c_00051.jpg
kaggle_acne_wrinkle_spots/spots/spots12.png,kaggle_acne_wrinkle_spots,spots,dark_spot,decacdb93a0827039dbc6b674e6d74a68cb8d28dc55ddbf33b1ae3e0b106df22,train,data/processed/train/dark_spot/decacdb93a082703_00052.jpg
kaggle_acne_wrinkle_spots/spots/spots34.png,kaggle_acne_wrinkle_spots,spots,dark_spot,6f1cca452d919fdc68e55915ec2f304803fc884035a6695a163113bb7a206c66,train,data/processed/train/dark_spot/6f1cca452d919fdc_00053.png
kaggle_acne_wrinkle_spots/spots/spots80.png,kaggle_acne_wrinkle_spots,spots,dark_spot,9c8c1c71c96e938034bb82bb8878078ed88a6b92699e72a2ce6bb956e55efe82,train,data/processed/train/dark_spot/9c8c1c71c96e9380_00054.png
roboflow_skin_problem_clean3/test/Image_47_jpg.rf.fa1e9a764e1f9f4769afe86de11f1b6c.jpg,roboflow_skin_problem_clean3,Dark-Spots,dark_spot,4cba3a659c1711c853a93c4f3c1d42af28341d65e29c00119b66d9b7784e5642,train,data/processed/train/dark_spot/4cba3a659c1711c8_00055.jpg
kaggle_acne_wrinkle_spots/spots/spots8.png,kaggle_acne_wrinkle_spots,spots,dark_spot,a4a1c1f783a5cbe4ebc1335ed32f5c73b40e0912dcf5bb3b82fd9e8ad0c1fc73,train,data/processed/train/dark_spot/a4a1c1f783a5cbe4_00056.jpg
kaggle_acne_wrinkle_spots/spots/spots50.png,kaggle_acne_wrinkle_spots,spots,dark_spot,a44f9b03de439ba34c4fe654dfb6a226a092bbad642918af68864be370b24bf6,train,data/processed/train/dark_spot/a44f9b03de439ba3_00057.png
kaggle_acne_wrinkle_spots/spots/spots153.png,kaggle_acne_wrinkle_spots,spots,dark_spot,0194ba2c2ab047e2ae185ef784cae1d2343669e90cfb7b1b5da35f4e7eb635e2,train,data/processed/train/dark_spot/0194ba2c2ab047e2_00058.jpg
kaggle_acne_wrinkle_spots/spots/spots96.png,kaggle_acne_wrinkle_spots,spots,dark_spot,0ee7ee848c4faa3b7b4f4f97245a63cb6214bce6b5dd5c7e93cd743f6c3733a1,train,data/processed/train/dark_spot/0ee7ee848c4faa3b_00059.png
roboflow_skin_problem_clean3/train/Image_27_jpg.rf.b66a39a58009137548e3b2347a24b1e2.jpg,roboflow_skin_problem_clean3,Dark-Spots,dark_spot,99d4ff759fedb1bf969d8e1ae1b577a635acb3e01baf372eb3042b274c11d78a,train,data/processed/train/dark_spot/99d4ff759fedb1bf_00060.jpg
kaggle_acne_wrinkle_spots/spots/spots60.png,kaggle_acne_wrinkle_spots,spots,dark_spot,007575149cb6bdb93dc43bd1ba2c08e5b6cb51681ac7cc31e51730a21f2c6a74,train,data/processed/train/dark_spot/007575149cb6bdb9_00061.png
kaggle_acne_wrinkle_spots/spots/spots151.png,kaggle_acne_wrinkle_spots,spots,dark_spot,ae3b3a0ffcda500a4a28c77c3dbfa66127eb58e670d967a96d24a38982f04d69,train,data/processed/train/dark_spot/ae3b3a0ffcda500a_00062.png
kaggle_acne_wrinkle_spots/spots/spots20.png,kaggle_acne_wrinkle_spots,spots,dark_spot,1ecbb51a10eae30713994627d2aa2579ed10e73816036979a2d203cdf69107e1,train,data/processed/train/dark_spot/1ecbb51a10eae307_00063.png
kaggle_acne_wrinkle_spots/spots/spots56.png,kaggle_acne_wrinkle_spots,spots,dark_spot,21a59d54fa749addf7f6e42d848b456237e9c3ff3f2b6e2f0af6610158be55ed,train,data/processed/train/dark_spot/21a59d54fa749add_00064.jpg
kaggle_acne_wrinkle_spots/spots/spots152.png,kaggle_acne_wrinkle_spots,spots,dark_spot,5b29e283561d6e4d5582977d80fc798fe375f94016e19810a2d99337966d6920,train,data/processed/train/dark_spot/5b29e283561d6e4d_00065.png
kaggle_acne_wrinkle_spots/spots/spots70.png,kaggle_acne_wrinkle_spots,spots,dark_spot,432047b0f5339a4944d456e3eaddcbf7d02728ae2e440965ab0d8cb9d97b799a,train,data/processed/train/dark_spot/432047b0f5339a49_00066.png
kaggle_acne_wrinkle_spots/spots/spots146.png,kaggle_acne_wrinkle_spots,spots,dark_spot,9f1d02f08f989f817cf64f6bd709a16c36591153f7dab7383a184605c5bd83f8,train,data/processed/train/dark_spot/9f1d02f08f989f81_00067.png
kaggle_acne_wrinkle_spots/spots/spots36.png,kaggle_acne_wrinkle_spots,spots,dark_spot,59d1996e0050ac952e93265910094cb40ef002f3aedcdf7e0967ac5de94f59fc,train,data/processed/train/dark_spot/59d1996e0050ac95_00068.png
kaggle_acne_wrinkle_spots/spots/spots160.png,kaggle_acne_wrinkle_spots,spots,dark_spot,bd3199ab6fdf68e3a175cac3966e3be4b45fb661e66ad20b6f20077cd68f9993,train,data/processed/train/dark_spot/bd3199ab6fdf68e3_00069.jpg
kaggle_acne_wrinkle_spots/spots/spots26.png,kaggle_acne_wrinkle_spots,spots,dark_spot,89c118e06ed1c3889c5c671aa6219ec6731c6a2dd1ac72e6c903834e2cd007c4,train,data/processed/train/dark_spot/89c118e06ed1c388_00070.jpg
kaggle_acne_wrinkle_spots/spots/spots55.png,kaggle_acne_wrinkle_spots,spots,dark_spot,3d13a95ed646e7a47f5207b2222e2723078dc23b2c4e93c29ab17677acbda33f,train,data/processed/train/dark_spot/3d13a95ed646e7a4_00071.png
roboflow_skin_problem_clean3/train/Image_39_jpg.rf.cbf0a4ff8648031a9a64299d760416c6.jpg,roboflow_skin_problem_clean3,Dark-Spots,dark_spot,030536efe2fa278301222a9dd11fe58c11ffa598233fefed293af954e440100f,train,data/processed/train/dark_spot/030536efe2fa2783_00072.jpg
kaggle_acne_wrinkle_spots/spots/spots76.png,kaggle_acne_wrinkle_spots,spots,dark_spot,1d85ea8ac6b089fc9788434493573ac7e41679bc7dec8ac42da4f9d1520b3edc,train,data/processed/train/dark_spot/1d85ea8ac6b089fc_00073.jpg
kaggle_acne_wrinkle_spots/spots/spots43.png,kaggle_acne_wrinkle_spots,spots,dark_spot,dd1eb30f5d68447d11cd15c4f42a540279a75acdbce72ef4e6bd47e243ce51ae,train,data/processed/train/dark_spot/dd1eb30f5d68447d_00074.jpg
roboflow_skin_problem_clean3/train/Image_102_jpg.rf.84860d395fb35a5adbd6e4f17e7897af.jpg,roboflow_skin_problem_clean3,Dark-Spots,dark_spot,da7ca98ba5f43c4d578445bec63a9dada8873e7e7ec418b59256a9ef91aeb74e,train,data/processed/train/dark_spot/da7ca98ba5f43c4d_00075.jpg
roboflow_skin_problem_clean3/valid/Image_105_jpg.rf.0a2cf37c054ac99eb684c0fc66e72ff9.jpg,roboflow_skin_problem_clean3,Dark-Spots,dark_spot,f9cc9b860368e92a24b8f56272bb7debfee24268764a11b97e2bd8cfdd080d0c,train,data/processed/train/dark_spot/f9cc9b860368e92a_00076.jpg
roboflow_skin_problem_clean3/test/Image_5_jpg.rf.7c2c0c3d1f28f866c480ee91c432fcb1.jpg,roboflow_skin_problem_clean3,Dark-Spots,dark_spot,08ab98e35254eaf1916b04c82a91428a07fef16f2fc9c2e346e452c29f9218a3,train,data/processed/train/dark_spot/08ab98e35254eaf1_00077.jpg
kaggle_acne_wrinkle_spots/spots/spots66.png,kaggle_acne_wrinkle_spots,spots,dark_spot,b408b57c9d386b8a821ca73ffff709490f1a36afc413b9a16186801d2baa8252,train,data/processed/train/dark_spot/b408b57c9d386b8a_00078.png
kaggle_acne_wrinkle_spots/spots/spots136.png,kaggle_acne_wrinkle_spots,spots,dark_spot,38687e223c3935a714fa9507e37e60cd5cf9ef59b1ef5a30bf91942d467e1e38,train,data/processed/train/dark_spot/38687e223c3935a7_00079.jpg
roboflow_skin_problem_clean3/train/Image_1_jpg.rf.e5dc87305847861b3e53e0881c39953c.jpg,roboflow_skin_problem_clean3,Dark-Spots,dark_spot,d6af90addd42abe8bd823ff79f69e6790d085c122bc9201b13495b17e7084314,train,data/processed/train/dark_spot/d6af90addd42abe8_00080.jpg
kaggle_acne_wrinkle_spots/spots/spots22.png,kaggle_acne_wrinkle_spots,spots,dark_spot,09c9928ac9bfbb3a4fd179e5b9c96bde683ca952bbe67fcbd839a216b973e348,train,data/processed/train/dark_spot/09c9928ac9bfbb3a_00081.png
kaggle_acne_wrinkle_spots/spots/spots16.png,kaggle_acne_wrinkle_spots,spots,dark_spot,94c4aad0e8e9d056267a241cfc4c5316500e724b987ce98af50f10fe623c59b7,train,data/processed/train/dark_spot/94c4aad0e8e9d056_00082.jpg
kaggle_acne_wrinkle_spots/spots/spots186.png,kaggle_acne_wrinkle_spots,spots,dark_spot,6ad2b7aabfb854fb09139565a4d7adc2b2bdace6b6f9cc89c1e3478e0d52088c,train,data/processed/train/dark_spot/6ad2b7aabfb854fb_00083.png
roboflow_skin_problem_clean3/valid/Image_74_jpg.rf.6157a5324842888f843e702e93fbce4b.jpg,roboflow_skin_problem_clean3,Dark-Spots,dark_spot,f5696e300b0652f55cb44ee9605ca4b2438ed6db725d9d1afa95dd9435e0390f,train,data/processed/train/dark_spot/f5696e300b0652f5_00084.jpg
kaggle_acne_wrinkle_spots/spots/spots145.png,kaggle_acne_wrinkle_spots,spots,dark_spot,cdd985bbd86e714cf0bddc47eb44e984a6a76ea61594e303978a68b71419fdd7,train,data/processed/train/dark_spot/cdd985bbd86e714c_00085.jpg
kaggle_acne_wrinkle_spots/spots/spots142.png,kaggle_acne_wrinkle_spots,spots,dark_spot,a10c10c4d3f2771336cf6eaf41dc29f07d0a737d2b46c0df222bb1fed7c2c182,train,data/processed/train/dark_spot/a10c10c4d3f27713_00086.png
kaggle_acne_wrinkle_spots/spots/spots130.png,kaggle_acne_wrinkle_spots,spots,dark_spot,150b4be787b547e9f007026fc335ee4235820b9892690c19fc54766a41648b4f,train,data/processed/train/dark_spot/150b4be787b547e9_00087.png
kaggle_acne_wrinkle_spots/spots/spots174.png,kaggle_acne_wrinkle_spots,spots,dark_spot,b7079b9c694f2e76710e6807ad3fa96c4c5494695b4a6e1a43c4792cc5f915c5,train,data/processed/train/dark_spot/b7079b9c694f2e76_00088.jpg
kaggle_acne_wrinkle_spots/spots/spots143.png,kaggle_acne_wrinkle_spots,spots,dark_spot,3c621284d771ad918490d21d1e6ac929ce2837b120471c1c0a36997cc6aed809,train,data/processed/train/dark_spot/3c621284d771ad91_00089.jpg
kaggle_acne_wrinkle_spots/spots/spots150.png,kaggle_acne_wrinkle_spots,spots,dark_spot,9dd8396c8c3d84725f2a4361d7a3673b93c0ab92f6e5f0997315a1baf5f08477,train,data/processed/train/dark_spot/9dd8396c8c3d8472_00090.png
kaggle_acne_wrinkle_spots/spots/spots180.png,kaggle_acne_wrinkle_spots,spots,dark_spot,5c37fab264154cbd1c587f6403893dd01fa067938db73d6fa2224bbad9e7f140,train,data/processed/train/dark_spot/5c37fab264154cbd_00091.png
kaggle_acne_wrinkle_spots/spots/spots25.png,kaggle_acne_wrinkle_spots,spots,dark_spot,a6c4c1321e0c21275ab6d3e7f2d8798472de1efad514c774df7533f8999d93ea,train,data/processed/train/dark_spot/a6c4c1321e0c2127_00092.jpg
kaggle_acne_wrinkle_spots/spots/spots73.png,kaggle_acne_wrinkle_spots,spots,dark_spot,52e88c47a2c2f75da0382b947cff7605d856535350f38c846f3bf0478e5aa7dc,train,data/processed/train/dark_spot/52e88c47a2c2f75d_00093.jpg
kaggle_acne_wrinkle_spots/spots/spots176.png,kaggle_acne_wrinkle_spots,spots,dark_spot,7997a69de506c3f90e95ffcadd14b0fc3444689265bc5f85e5640b3a32b11277,train,data/processed/train/dark_spot/7997a69de506c3f9_00094.png
kaggle_acne_wrinkle_spots/spots/spots108.png,kaggle_acne_wrinkle_spots,spots,dark_spot,8dd2888d76515bc73aa54014cca2c419bfdc9bc42dc16944a94f4bcf7609d03f,train,data/processed/train/dark_spot/8dd2888d76515bc7_00095.jpg
roboflow_skin_problem_clean3/valid/Image_44_jpg.rf.87cebeeed18f0e0f5654b7641d4afc21.jpg,roboflow_skin_problem_clean3,Dark-Spots,dark_spot,c2311eeb71c730a4dcf8996c11e8e9e87af7f070d5f47d62570ed74d2c1506dd,train,data/processed/train/dark_spot/c2311eeb71c730a4_00096.jpg
kaggle_acne_wrinkle_spots/spots/spots45.png,kaggle_acne_wrinkle_spots,spots,dark_spot,474ac7d9a1b0a77b2892c906bb634cb2d055efeeb1eee882a5809ec57f258660,train,data/processed/train/dark_spot/474ac7d9a1b0a77b_00097.jpg
kaggle_acne_wrinkle_spots/spots/spots144.png,kaggle_acne_wrinkle_spots,spots,dark_spot,89a10928353dbbc57f7df25337697f1b66fc2b22aaff3fdd2ef02dad2ac81794,train,data/processed/train/dark_spot/89a10928353dbbc5_00098.jpg
kaggle_acne_wrinkle_spots/spots/spots113.png,kaggle_acne_wrinkle_spots,spots,dark_spot,d354277481751b8bc16fb421e976bdcfc8e7f8e26948bb458c2110dfb4efdef2,train,data/processed/train/dark_spot/d354277481751b8b_00099.png
kaggle_acne_wrinkle_spots/spots/spots179.png,kaggle_acne_wrinkle_spots,spots,dark_spot,6db6b93c7ba85ce7775d6232c552a53c062881d669a594ca2635e31f2fbc2c39,train,data/processed/train/dark_spot/6db6b93c7ba85ce7_00100.png
kaggle_acne_wrinkle_spots/spots/spots192.png,kaggle_acne_wrinkle_spots,spots,dark_spot,bdd3ff1579db5b0424ba1543353dd49441130a0bfba978358a908e687dc9da67,train,data/processed/train/dark_spot/bdd3ff1579db5b04_00101.jpg
kaggle_acne_wrinkle_spots/spots/spots109.png,kaggle_acne_wrinkle_spots,spots,dark_spot,fd8e967a5bc63b1d58aefd9963ca3f3b71debe4a0f911c66e92b15a4a04a5a38,train,data/processed/train/dark_spot/fd8e967a5bc63b1d_00102.jpg
roboflow_skin_problem_clean3/test/Image_34_jpg.rf.1150ea5b509101106466715ad333b852.jpg,roboflow_skin_problem_clean3,Dark-Spots,dark_spot,f1713e1a7d5e2cae599e9e3b42eea760f5931ae6b5ed1f691a843b4a7fcc2b9b,train,data/processed/train/dark_spot/f1713e1a7d5e2cae_00103.jpg
kaggle_acne_wrinkle_spots/spots/spots19.png,kaggle_acne_wrinkle_spots,spots,dark_spot,268abeb2ea2d943279a2bc0d6a6e00708a58d2725cc00ad188488b8fa27512ad,train,data/processed/train/dark_spot/268abeb2ea2d9432_00104.png
kaggle_acne_wrinkle_spots/spots/spots123.png,kaggle_acne_wrinkle_spots,spots,dark_spot,fcdf27a7937c2b058a94c12fd4349735ec5682496c4ce928860305795f4cab8f,train,data/processed/train/dark_spot/fcdf27a7937c2b05_00105.jpg
kaggle_acne_wrinkle_spots/spots/spots17.png,kaggle_acne_wrinkle_spots,spots,dark_spot,410a5894359bf003f20e899aad1851b838a2431d0a2b2a7c50c187266d57102d,train,data/processed/train/dark_spot/410a5894359bf003_00106.png
kaggle_acne_wrinkle_spots/spots/spots57.png,kaggle_acne_wrinkle_spots,spots,dark_spot,e57f468188b3c345e8552195e363dbd66f1886a128e51f664ded18c8dbf94819,train,data/processed/train/dark_spot/e57f468188b3c345_00107.png
kaggle_acne_wrinkle_spots/spots/spots79.png,kaggle_acne_wrinkle_spots,spots,dark_spot,9b3660c8eb8de5e147258e6f6408c8c948eaf53c348d18500f7369ec5b087c69,train,data/processed/train/dark_spot/9b3660c8eb8de5e1_00108.jpg
kaggle_acne_wrinkle_spots/spots/spots154.png,kaggle_acne_wrinkle_spots,spots,dark_spot,3cbaae81d91c4e93aa62831ceb3ad321d272b19f1d206a68e612cfba71b5b29d,train,data/processed/train/dark_spot/3cbaae81d91c4e93_00109.png
kaggle_acne_wrinkle_spots/spots/spots81.png,kaggle_acne_wrinkle_spots,spots,dark_spot,b8dc7af035aa98efbf12b930522b2876e6d58f2e6db78cb6e32b03906902f83a,train,data/processed/train/dark_spot/b8dc7af035aa98ef_00110.jpg
kaggle_acne_wrinkle_spots/spots/spots129.png,kaggle_acne_wrinkle_spots,spots,dark_spot,984dda80ad0143a9008067c1375ef760db5b473198a99868c54ad4e9bdd3d1ee,train,data/processed/train/dark_spot/984dda80ad0143a9_00111.jpg
kaggle_acne_wrinkle_spots/spots/spots168.png,kaggle_acne_wrinkle_spots,spots,dark_spot,ee5b5bd1a2456d5971b1e7d52365511c30bb3a7ec6b192dfeaa5eb936406c047,train,data/processed/train/dark_spot/ee5b5bd1a2456d59_00112.png
roboflow_skin_problem_clean3/test/Image_106_jpg.rf.37587514eb393373a24a04787ff6360d.jpg,roboflow_skin_problem_clean3,Dark-Spots,dark_spot,4ea36a0798b4a0d1611fb33656fe0414bd4c41395fe1ac5fe53153c0c42d525c,train,data/processed/train/dark_spot/4ea36a0798b4a0d1_00113.jpg
roboflow_skin_problem_clean3/test/Image_10_jpg.rf.ad1378747ef024bbb55d8303d993608a.jpg,roboflow_skin_problem_clean3,Dark-Spots,dark_spot,0d5e7b3f53a82b2e98d345289a1f58749efa0afc62e508aa44e40a4faf5d2b0b,train,data/processed/train/dark_spot/0d5e7b3f53a82b2e_00114.jpg
kaggle_acne_wrinkle_spots/spots/spots101.png,kaggle_acne_wrinkle_spots,spots,dark_spot,5e22a72fcec4407c4891e9ebbc1e25bdc55b286860a011feb35f7d2e11240e69,train,data/processed/train/dark_spot/5e22a72fcec4407c_00115.png
kaggle_acne_wrinkle_spots/spots/spots82.png,kaggle_acne_wrinkle_spots,spots,dark_spot,cf961f0c8b82537ed3b9b501e004839322731be0ad56f4c9a5d505c1604dfb2a,train,data/processed/train/dark_spot/cf961f0c8b82537e_00116.png
kaggle_acne_wrinkle_spots/spots/spots124.png,kaggle_acne_wrinkle_spots,spots,dark_spot,b0b131a58ca882bfd6e833424c6e07c818f1619b1bc0466cabf22756ea1a9755,train,data/processed/train/dark_spot/b0b131a58ca882bf_00117.jpg
kaggle_acne_wrinkle_spots/spots/spots89.png,kaggle_acne_wrinkle_spots,spots,dark_spot,2f4020eb9024072e3c38368f7b4af7afef1dba76ec53a0bd1c9f9618e62f545a,train,data/processed/train/dark_spot/2f4020eb9024072e_00118.png
kaggle_acne_wrinkle_spots/spots/spots159.png,kaggle_acne_wrinkle_spots,spots,dark_spot,89d10f6320e29c90002292c410ab0f7d532dc9bf610243f6de0511877fa2c77c,train,data/processed/train/dark_spot/89d10f6320e29c90_00119.png
kaggle_acne_wrinkle_spots/spots/spots171.png,kaggle_acne_wrinkle_spots,spots,dark_spot,d2b1686b225d8557f0456bbab51cb5fae6ae4f8c2d36c73876096439ce4650bc,train,data/processed/train/dark_spot/d2b1686b225d8557_00120.jpg
kaggle_acne_wrinkle_spots/spots/spots98.png,kaggle_acne_wrinkle_spots,spots,dark_spot,29c6921f17f0506d06b8fe23c95f16710d8d22a34f4dd7edc38c5421c328bfc9,train,data/processed/train/dark_spot/29c6921f17f0506d_00121.jpg
kaggle_acne_wrinkle_spots/spots/spots127.png,kaggle_acne_wrinkle_spots,spots,dark_spot,c9cd6d8ea441b6b6f847dfaddf4951587d3b202b51dc78a1ba8f9ec0618749a4,train,data/processed/train/dark_spot/c9cd6d8ea441b6b6_00122.png
roboflow_skin_problem_clean3/train/Image_24_jpg.rf.79b134c79610428cbf0045baf49053a5.jpg,roboflow_skin_problem_clean3,Dark-Spots,dark_spot,77fb8a127f60ed7606449cd9c30c6ffc7994c46b8602965e804ebbb79936fc50,train,data/processed/train/dark_spot/77fb8a127f60ed76_00123.jpg
kaggle_acne_wrinkle_spots/spots/spots137.png,kaggle_acne_wrinkle_spots,spots,dark_spot,f050d4ff7a15c5fe2db0f268b61ea7c94dfb7036d063f6bc2b808c65adfbe665,train,data/processed/train/dark_spot/f050d4ff7a15c5fe_00124.jpg
kaggle_acne_wrinkle_spots/spots/spots121.png,kaggle_acne_wrinkle_spots,spots,dark_spot,39df2623ba1bb1da69389788e549485d309094203e6cb6ead75a890f4a2354b3,train,data/processed/train/dark_spot/39df2623ba1bb1da_00125.jpg
kaggle_acne_wrinkle_spots/spots/spots15.png,kaggle_acne_wrinkle_spots,spots,dark_spot,f64c2a16442e2cb1d24328bfbd4cd93a2dbea1d2773bea9d88bdc74c1e34eaf6,train,data/processed/train/dark_spot/f64c2a16442e2cb1_00126.jpg
kaggle_acne_wrinkle_spots/spots/spots59.png,kaggle_acne_wrinkle_spots,spots,dark_spot,caea3a48caa3b489e160ee310a80b6bd743e86d30857525ee0857c0bd7b9be7a,train,data/processed/train/dark_spot/caea3a48caa3b489_00127.png
kaggle_acne_wrinkle_spots/spots/spots40.png,kaggle_acne_wrinkle_spots,spots,dark_spot,f859205d12af4ad09a0eb962c910a6c0808fa7ce97da5d4d4916fc7f925447f4,train,data/processed/train/dark_spot/f859205d12af4ad0_00128.jpg
kaggle_acne_wrinkle_spots/spots/spots182.png,kaggle_acne_wrinkle_spots,spots,dark_spot,cc8c5d309165a755bb8477de77b4f598f753d676e4647bde0ac6cf1d0957d1f6,train,data/processed/train/dark_spot/cc8c5d309165a755_00129.png
kaggle_acne_wrinkle_spots/spots/spots1.png,kaggle_acne_wrinkle_spots,spots,dark_spot,624fed3e421762be29ded09035f74153c9049dfc400bd2ebdc2e6b40b4f40eaa,train,data/processed/train/dark_spot/624fed3e421762be_00130.png
kaggle_acne_wrinkle_spots/spots/spots122.png,kaggle_acne_wrinkle_spots,spots,dark_spot,0462c62106cb021c261648f34d196fb2fb6f72466e59733ed94f8ed9cd1f8d54,train,data/processed/train/dark_spot/0462c62106cb021c_00131.png
kaggle_acne_wrinkle_spots/spots/spots191.png,kaggle_acne_wrinkle_spots,spots,dark_spot,d409015ff690a579cb32898952f0192b294a2c258c9906d07231efcd4403ac7c,train,data/processed/train/dark_spot/d409015ff690a579_00132.png
kaggle_acne_wrinkle_spots/spots/spots11.png,kaggle_acne_wrinkle_spots,spots,dark_spot,f4d032689b4f9b91b8ec9f16fe80ab325e6f15267f09fbd1aecf0078984b6c37,train,data/processed/train/dark_spot/f4d032689b4f9b91_00133.jpg
kaggle_acne_wrinkle_spots/spots/spots163.png,kaggle_acne_wrinkle_spots,spots,dark_spot,d21baa18999e10d8a9fa686552915e9cb2966b691e7a0ceb769a56bfb9ef3b51,train,data/processed/train/dark_spot/d21baa18999e10d8_00134.png
roboflow_skin_problem_clean3/valid/Image_95_jpg.rf.2d0071f4efea411ee81112e83271fba4.jpg,roboflow_skin_problem_clean3,Dark-Spots,dark_spot,6cc046033023575fe70ce2bc96be3d4933743a9d81c3ff8f12a2f52e2aafa0fc,train,data/processed/train/dark_spot/6cc046033023575f_00135.jpg
kaggle_acne_wrinkle_spots/spots/spots140.png,kaggle_acne_wrinkle_spots,spots,dark_spot,8eaa73dbf91422e9215f0b896dd924ddcd02ca6b9cbfff6e53563cec7484efd2,train,data/processed/train/dark_spot/8eaa73dbf91422e9_00136.png
kaggle_acne_wrinkle_spots/spots/spots138.png,kaggle_acne_wrinkle_spots,spots,dark_spot,e71be0fe8fd1bbd01cdadbe6f398855161a305b4fdd2cd6035408716a0380082,train,data/processed/train/dark_spot/e71be0fe8fd1bbd0_00137.png
roboflow_skin_problem_clean3/valid/Image_127_jpg.rf.6bfe520f8ede1ae8b40b8dcd67e0d1a5.jpg,roboflow_skin_problem_clean3,Dark-Spots,dark_spot,c417c2068e2d9d671e40ba0080ce4666b11e94f818062bd2f407e417b4fab7f9,train,data/processed/train/dark_spot/c417c2068e2d9d67_00138.jpg
kaggle_acne_wrinkle_spots/spots/spots88.png,kaggle_acne_wrinkle_spots,spots,dark_spot,34e99cd4fd5cf0e3b393d50bf8a7ae8a04840805879cf04db9c1247c3c6311cb,train,data/processed/train/dark_spot/34e99cd4fd5cf0e3_00139.jpg
kaggle_acne_wrinkle_spots/spots/spots165.png,kaggle_acne_wrinkle_spots,spots,dark_spot,ff8b6e731c311e27d0bba91935f58c6ae6a847a2519dcedcbc24d3b20f6f2e06,train,data/processed/train/dark_spot/ff8b6e731c311e27_00140.png
kaggle_acne_wrinkle_spots/spots/spots39.png,kaggle_acne_wrinkle_spots,spots,dark_spot,d1b9160cac427871395576f35082cd52604b072c16d75d1017e8cdb08c760943,train,data/processed/train/dark_spot/d1b9160cac427871_00141.jpg
kaggle_acne_wrinkle_spots/spots/spots46.png,kaggle_acne_wrinkle_spots,spots,dark_spot,00e03d0e21a9f7d4fc3fd5ca642619f881e32eaff95d89416677adc86d175e36,train,data/processed/train/dark_spot/00e03d0e21a9f7d4_00142.jpg
kaggle_acne_wrinkle_spots/spots/spots105.png,kaggle_acne_wrinkle_spots,spots,dark_spot,d298c5c1fca50d7aacbe36d49f99168d80efa8e535cd8697273442eaa2367fa5,train,data/processed/train/dark_spot/d298c5c1fca50d7a_00143.png
kaggle_acne_wrinkle_spots/spots/spots37.png,kaggle_acne_wrinkle_spots,spots,dark_spot,34c602740e2167c3880915d6b546db9521672e78c6cb6bacb124f764c068d9d0,train,data/processed/train/dark_spot/34c602740e2167c3_00144.jpg
kaggle_acne_wrinkle_spots/spots/spots78.png,kaggle_acne_wrinkle_spots,spots,dark_spot,baa6e79d30aa84e7d683fadd357d38aca3d7924cf73b0e1b94d9fff2961a7871,train,data/processed/train/dark_spot/baa6e79d30aa84e7_00145.jpg
kaggle_acne_wrinkle_spots/spots/spots63.png,kaggle_acne_wrinkle_spots,spots,dark_spot,a816ec038767b2427de00bc58e3d1a176dea65c28e4502cbb6d68e11cccc0651,train,data/processed/train/dark_spot/a816ec038767b242_00146.png
kaggle_acne_wrinkle_spots/spots/spots51.png,kaggle_acne_wrinkle_spots,spots,dark_spot,93baf2df9780f435c0f2db5603585fc8406250bd1fb5f012e2df8817df4b9ff3,train,data/processed/train/dark_spot/93baf2df9780f435_00147.png
kaggle_acne_wrinkle_spots/spots/spots90.png,kaggle_acne_wrinkle_spots,spots,dark_spot,cbee346d07d06b3a3100f9c1baad02075eb36e2ff195e8b85f355058d64ac1f4,train,data/processed/train/dark_spot/cbee346d07d06b3a_00148.png
kaggle_acne_wrinkle_spots/spots/spots5.png,kaggle_acne_wrinkle_spots,spots,dark_spot,76bac79023db9fe8cd9a0c2e8ff116050225235e1d6ba868400433b3511d53cf,train,data/processed/train/dark_spot/76bac79023db9fe8_00149.jpg
kaggle_acne_wrinkle_spots/spots/spots23.png,kaggle_acne_wrinkle_spots,spots,dark_spot,6823c23cdfed30012ab34d07d396f02049cccfd13896a053bd4ae3af61b64a5a,train,data/processed/train/dark_spot/6823c23cdfed3001_00150.jpg
kaggle_acne_wrinkle_spots/spots/spots58.png,kaggle_acne_wrinkle_spots,spots,dark_spot,f72d5f892ed38a94d8d9de46f3c5d8e7afcacc35cb55e3846dafa7d5f4fb416d,train,data/processed/train/dark_spot/f72d5f892ed38a94_00151.png
roboflow_skin_problem_clean3/test/Image_52_jpg.rf.3d061e2fe8a912407319524c54991551.jpg,roboflow_skin_problem_clean3,Dark-Spots,dark_spot,b71c980d3f3923f7ef0c72fac3fc931f0e0cb7b419fa65952b7499a8e7f6b56b,train,data/processed/train/dark_spot/b71c980d3f3923f7_00152.jpg
kaggle_acne_wrinkle_spots/spots/spots187.png,kaggle_acne_wrinkle_spots,spots,dark_spot,87c3573d20e7e0ad20a5382249fe09c3304d5bd8c24833a53e6a7aa9fbf8a579,train,data/processed/train/dark_spot/87c3573d20e7e0ad_00153.png
kaggle_acne_wrinkle_spots/spots/spots188.png,kaggle_acne_wrinkle_spots,spots,dark_spot,b0a463da900e09f06ee52adade76e4ab0c470b540d30a075e92431b18116a40b,train,data/processed/train/dark_spot/b0a463da900e09f0_00154.png
roboflow_skin_problem_clean3/valid/Image_4_jpg.rf.c4ed0f85f87d6fe52f1514bdf10650f8.jpg,roboflow_skin_problem_clean3,Dark-Spots,dark_spot,fcab5e0d3e79c3c718aa375767822d393b4ada985e10c8862d715b1c65bd112e,train,data/processed/train/dark_spot/fcab5e0d3e79c3c7_00155.jpg
roboflow_skin_problem_clean3/train/Image_35_jpg.rf.f58b80d3b622a6197b30b354de683eed.jpg,roboflow_skin_problem_clean3,Dark-Spots,dark_spot,6295aaa67d6780a74c0a53a34e996dac9ae6f81323e422492fcfd92f036b4a68,train,data/processed/train/dark_spot/6295aaa67d6780a7_00156.jpg
kaggle_acne_wrinkle_spots/spots/spots167.png,kaggle_acne_wrinkle_spots,spots,dark_spot,d864067e06c171d7e6bc6fb84070d5dbdd4c664a761c63ec2dac2d4ff15291ce,train,data/processed/train/dark_spot/d864067e06c171d7_00157.png
kaggle_acne_wrinkle_spots/spots/spots197.png,kaggle_acne_wrinkle_spots,spots,dark_spot,cadee39ba8c62dce765ee49e697b781dc93cacdcadf35b4ae97b0365015e925d,train,data/processed/train/dark_spot/cadee39ba8c62dce_00158.png
roboflow_skin_problem_clean3/train/Image_65_jpg.rf.e360d7b0de45c928bdb2974059a6ff19.jpg,roboflow_skin_problem_clean3,Dark-Spots,dark_spot,e11dd18405e6880e0c04577d477c0ceffd7b3f25e702e52f94ffda8d29724ec8,train,data/processed/train/dark_spot/e11dd18405e6880e_00159.jpg
kaggle_acne_wrinkle_spots/spots/spots33.png,kaggle_acne_wrinkle_spots,spots,dark_spot,2de044280a1644930d098434cb4c1bab5919b26a09a7665c53ffd1e04ab56de8,train,data/processed/train/dark_spot/2de044280a164493_00160.png
kaggle_acne_wrinkle_spots/spots/spots156.png,kaggle_acne_wrinkle_spots,spots,dark_spot,47a674d8acb3e0c52d0d8e7353d800801c18f973ee01e84c0d805a087592ffbc,validation,data/processed/validation/dark_spot/47a674d8acb3e0c5_00000.png
kaggle_acne_wrinkle_spots/spots/spots102.png,kaggle_acne_wrinkle_spots,spots,dark_spot,655a6be76bd170aadd082669110a7e065ca11d2834c49fb7fc49fa319519bfd9,validation,data/processed/validation/dark_spot/655a6be76bd170aa_00001.png
kaggle_acne_wrinkle_spots/spots/spots69.png,kaggle_acne_wrinkle_spots,spots,dark_spot,197aa604ecb1fc8c341486e41555aba6e64feeeb09f1d61534ba6588b5817284,validation,data/processed/validation/dark_spot/197aa604ecb1fc8c_00002.jpg
roboflow_skin_problem_clean3/train/Image_108_jpg.rf.c6298935eb48d8512a47fce8f901302d.jpg,roboflow_skin_problem_clean3,Dark-Spots,dark_spot,6092bae810cb8d35fc3c26f6fa1b66094b32b687b916597a5354425691e80a7b,validation,data/processed/validation/dark_spot/6092bae810cb8d35_00003.jpg
kaggle_acne_wrinkle_spots/spots/spots18.png,kaggle_acne_wrinkle_spots,spots,dark_spot,a29291ea0deb2ea8fa208416cf399733d6828d068ca852fd61c03bfabd1d6748,validation,data/processed/validation/dark_spot/a29291ea0deb2ea8_00004.png
kaggle_acne_wrinkle_spots/spots/spots147.png,kaggle_acne_wrinkle_spots,spots,dark_spot,c65c10bc9d9f2aafd7e002e9bbad78514430c75fff938abd023e58683c5f5bdb,validation,data/processed/validation/dark_spot/c65c10bc9d9f2aaf_00005.jpg
kaggle_acne_wrinkle_spots/spots/spots185.png,kaggle_acne_wrinkle_spots,spots,dark_spot,467064f6831418432ec55143826dc2a72e2a8be82c616a0b474a08eb46913a72,validation,data/processed/validation/dark_spot/467064f683141843_00006.jpg
kaggle_acne_wrinkle_spots/spots/spots32.png,kaggle_acne_wrinkle_spots,spots,dark_spot,af494839dd44b9535f31048813a8ce7d7b6db632ca487009a6bc6b138a710913,validation,data/processed/validation/dark_spot/af494839dd44b953_00007.jpg
kaggle_acne_wrinkle_spots/spots/spots112.png,kaggle_acne_wrinkle_spots,spots,dark_spot,e18353b969296eaa1c2d230a0630112f8b823afaa880693fb1f19c66d590e429,validation,data/processed/validation/dark_spot/e18353b969296eaa_00008.png
kaggle_acne_wrinkle_spots/spots/spots84.png,kaggle_acne_wrinkle_spots,spots,dark_spot,e9f7b9bc49c44648078e0165b5eb9575a0c70eb4e3959bde371486f007639940,validation,data/processed/validation/dark_spot/e9f7b9bc49c44648_00009.jpg
kaggle_acne_wrinkle_spots/spots/spots6.png,kaggle_acne_wrinkle_spots,spots,dark_spot,5dae7685e88c767038e0cf87a1c8faa8a130692ffb0fdbb283759d7060eb8900,validation,data/processed/validation/dark_spot/5dae7685e88c7670_00010.png
roboflow_skin_problem_clean3/valid/Image_3_jpg.rf.a0b1e84d24abcb11ee58a25eab75b4c0.jpg,roboflow_skin_problem_clean3,Dark-Spots,dark_spot,b121e8bcfca4c9569d6511f5d2f8b3596bc2ba63b5c821a31428497ac9293fb9,validation,data/processed/validation/dark_spot/b121e8bcfca4c956_00011.jpg
kaggle_acne_wrinkle_spots/spots/spots72.png,kaggle_acne_wrinkle_spots,spots,dark_spot,8b664321f7772981de24265c2f6a5ef550d4686912715fd58ee0d6afd96f5b4d,validation,data/processed/validation/dark_spot/8b664321f7772981_00012.png
kaggle_acne_wrinkle_spots/spots/spots67.png,kaggle_acne_wrinkle_spots,spots,dark_spot,1cf904503b6c0815c1d9208483ce68d29bc334d9ee2eae0789c3e594a20f5f76,validation,data/processed/validation/dark_spot/1cf904503b6c0815_00013.jpg
kaggle_acne_wrinkle_spots/spots/spots7.png,kaggle_acne_wrinkle_spots,spots,dark_spot,d4114f7e7bea1069b0b4299d102f9d66d1ddaea6c0ba77336d80a986939a4695,validation,data/processed/validation/dark_spot/d4114f7e7bea1069_00014.png
kaggle_acne_wrinkle_spots/spots/spots44.png,kaggle_acne_wrinkle_spots,spots,dark_spot,583c77d9ad98a89faf640f6e144ca931143c22c188ae5df15ab92cf590e094d0,validation,data/processed/validation/dark_spot/583c77d9ad98a89f_00015.jpg
kaggle_acne_wrinkle_spots/spots/spots77.png,kaggle_acne_wrinkle_spots,spots,dark_spot,1488c3dd7826cf0cfeca20fd1aee1f702b408b41211bfc0dac6356cc5f86ccb2,validation,data/processed/validation/dark_spot/1488c3dd7826cf0c_00016.png
kaggle_acne_wrinkle_spots/spots/spots41.png,kaggle_acne_wrinkle_spots,spots,dark_spot,a2b4e02911222a3fd7432caa12358db9d3132a21e34be836981aafbd1b7a5f37,validation,data/processed/validation/dark_spot/a2b4e02911222a3f_00017.jpg
kaggle_acne_wrinkle_spots/spots/spots85.png,kaggle_acne_wrinkle_spots,spots,dark_spot,705d58b3ad1c95134d391b52c79ed4fcd68a9e6e04c3bfd35601979e84835e91,validation,data/processed/validation/dark_spot/705d58b3ad1c9513_00018.png
kaggle_acne_wrinkle_spots/spots/spots189.png,kaggle_acne_wrinkle_spots,spots,dark_spot,bc07a945289ac6dd50d119577032f3d39306d9476132b2aed450b421f46743df,validation,data/processed/validation/dark_spot/bc07a945289ac6dd_00019.png
kaggle_acne_wrinkle_spots/spots/spots94.png,kaggle_acne_wrinkle_spots,spots,dark_spot,4003cdc678518ab23a3bdf847186d338b8e8490e36e9a5227f2e0b89441a2d61,validation,data/processed/validation/dark_spot/4003cdc678518ab2_00020.png
kaggle_acne_wrinkle_spots/spots/spots175.png,kaggle_acne_wrinkle_spots,spots,dark_spot,21984a0438e70a8221f405ab5b4fe15c3c370c7f42551bfd65b96b7c90111bd8,validation,data/processed/validation/dark_spot/21984a0438e70a82_00021.png
roboflow_skin_problem_clean3/valid/Image_98_png.rf.5e4ae765aeb744400ad5eb1f8ae51f3e.jpg,roboflow_skin_problem_clean3,Dark-Spots,dark_spot,666474211ea37ad152f3b2251a292b3dc4f252c47420846f1891bf7efb4b906a,validation,data/processed/validation/dark_spot/666474211ea37ad1_00022.jpg
kaggle_acne_wrinkle_spots/spots/spots119.png,kaggle_acne_wrinkle_spots,spots,dark_spot,be0718c0fea4ea227facfc08f05a1624ed05a32f657b0c145c1c174460841019,validation,data/processed/validation/dark_spot/be0718c0fea4ea22_00023.jpg
kaggle_acne_wrinkle_spots/spots/spots194.png,kaggle_acne_wrinkle_spots,spots,dark_spot,5a1ed05f2f0a67af110098983a65ab15d81a9961ab9b8b9af2642f5fdd568b16,validation,data/processed/validation/dark_spot/5a1ed05f2f0a67af_00024.jpg
kaggle_acne_wrinkle_spots/spots/spots120.png,kaggle_acne_wrinkle_spots,spots,dark_spot,43067ad0f34203134aee5a3fafae5020fc29549b5c16f0a71413a34b02ae533a,validation,data/processed/validation/dark_spot/43067ad0f3420313_00025.jpg
kaggle_acne_wrinkle_spots/spots/spots172.png,kaggle_acne_wrinkle_spots,spots,dark_spot,23a3c049679ef1a8904aa33751712bb8b367371c1c1b230af67ec8c3ac6563cd,validation,data/processed/validation/dark_spot/23a3c049679ef1a8_00026.png
kaggle_acne_wrinkle_spots/spots/spots92.png,kaggle_acne_wrinkle_spots,spots,dark_spot,35303df390c35c765d1631d4cdb7acac086cfa62432cc60fc071999893b0293a,validation,data/processed/validation/dark_spot/35303df390c35c76_00027.png
kaggle_acne_wrinkle_spots/spots/spots181.png,kaggle_acne_wrinkle_spots,spots,dark_spot,b9f724de2b96b843ca493dcad6f3a3f55917f5a2144576a48db553062c8bcb38,validation,data/processed/validation/dark_spot/b9f724de2b96b843_00028.png
kaggle_acne_wrinkle_spots/spots/spots157.png,kaggle_acne_wrinkle_spots,spots,dark_spot,4b9bf2e2d9ecdf9bed7e7f7dd1fb8c4b6640f8e6832198271a6b355b1cbfa723,validation,data/processed/validation/dark_spot/4b9bf2e2d9ecdf9b_00029.jpg
kaggle_acne_wrinkle_spots/spots/spots173.png,kaggle_acne_wrinkle_spots,spots,dark_spot,abfdef72ecc717d7684d37235759f05431344e6df71d0662030eda07d45cc707,validation,data/processed/validation/dark_spot/abfdef72ecc717d7_00030.jpg
kaggle_acne_wrinkle_spots/spots/spots139.png,kaggle_acne_wrinkle_spots,spots,dark_spot,5ec16f300bdf3f66c402183c9301b937207a58f034ae63732c59143d527f53c1,validation,data/processed/validation/dark_spot/5ec16f300bdf3f66_00031.png
kaggle_acne_wrinkle_spots/spots/spots106.png,kaggle_acne_wrinkle_spots,spots,dark_spot,b64d41b463afe05cb5d639b9ea207ee4d0ead18b39434bbc5b3239f451307e1f,validation,data/processed/validation/dark_spot/b64d41b463afe05c_00032.png
kaggle_acne_wrinkle_spots/spots/spots111.png,kaggle_acne_wrinkle_spots,spots,dark_spot,430764694bca132e68353a6795fc86d4aafd3368d0df67655019cfa056b27b7c,validation,data/processed/validation/dark_spot/430764694bca132e_00033.jpg
kaggle_acne_wrinkle_spots/spots/spots86.png,kaggle_acne_wrinkle_spots,spots,dark_spot,7713c8cfac09e0c2621c041a8d6d07a348d26495a3e252ce4e106460ee4c6e9d,test,data/processed/test/dark_spot/7713c8cfac09e0c2_00000.jpg
kaggle_acne_wrinkle_spots/spots/spots131.png,kaggle_acne_wrinkle_spots,spots,dark_spot,5ed65a98d4a5c183cd949c545178cd5cb9859a99597db1f11de93cc256575011,test,data/processed/test/dark_spot/5ed65a98d4a5c183_00001.png
kaggle_acne_wrinkle_spots/spots/spots193.png,kaggle_acne_wrinkle_spots,spots,dark_spot,18f43848fff77cf5c2f1aa90a805d027341e73ea2f2304d9ef059a606cff0b88,test,data/processed/test/dark_spot/18f43848fff77cf5_00002.jpg
kaggle_acne_wrinkle_spots/spots/spots65.png,kaggle_acne_wrinkle_spots,spots,dark_spot,f34adf2ee9c33ed2cd76865e335e64ff1874dd04f14dae5dbce57a01213101ad,test,data/processed/test/dark_spot/f34adf2ee9c33ed2_00003.png
kaggle_acne_wrinkle_spots/spots/spots116.png,kaggle_acne_wrinkle_spots,spots,dark_spot,7d5dab4ec4f0e04f40fcb87f6538ce88ce4b80f5a8fd548b471b5fe840ceeb6d,test,data/processed/test/dark_spot/7d5dab4ec4f0e04f_00004.png
kaggle_acne_wrinkle_spots/spots/spots198.png,kaggle_acne_wrinkle_spots,spots,dark_spot,548f87e6aeb8e74f1b6bc19cf1bed20ca3324e778fff06ab39fc928fd752b57e,test,data/processed/test/dark_spot/548f87e6aeb8e74f_00005.png
kaggle_acne_wrinkle_spots/spots/spots9.png,kaggle_acne_wrinkle_spots,spots,dark_spot,ef6d764e1dfd0d2cffbfb932f212710baaf29a3f991f77cf30a3acda0d2c0b06,test,data/processed/test/dark_spot/ef6d764e1dfd0d2c_00006.jpg
roboflow_skin_problem_clean3/test/Image_7_jpg.rf.2b0c0d00b20297440fe269ed0d793987.jpg,roboflow_skin_problem_clean3,Dark-Spots,dark_spot,17fbd067cb8f9d42e251c731c486e2d744f71877169fb084e80deea84d6662fc,test,data/processed/test/dark_spot/17fbd067cb8f9d42_00007.jpg
kaggle_acne_wrinkle_spots/spots/spots148.png,kaggle_acne_wrinkle_spots,spots,dark_spot,11b92332a3fc49108027460bce649214b0b8edc29e1561a2b5c61a2b178351f1,test,data/processed/test/dark_spot/11b92332a3fc4910_00008.jpg
kaggle_acne_wrinkle_spots/spots/spots134.png,kaggle_acne_wrinkle_spots,spots,dark_spot,c2d30b7643678754de4e5f9baed7247d1c13aa686caeacf64ab5826b5a7f8cb8,test,data/processed/test/dark_spot/c2d30b7643678754_00009.png
kaggle_acne_wrinkle_spots/spots/spots95.png,kaggle_acne_wrinkle_spots,spots,dark_spot,4dbd08b5211e61b2c1a15bcdfa4d8a0d0d863c6cb3574890073b5e107cf73d35,test,data/processed/test/dark_spot/4dbd08b5211e61b2_00010.png
roboflow_skin_problem_clean3/train/Image_20_jpg.rf.c4a382b72787201c5210c65771ebe040.jpg,roboflow_skin_problem_clean3,Dark-Spots,dark_spot,2d43b2d955382a80dcb38747d26c80d53309bef8c842101aad83f5b0efb25286,test,data/processed/test/dark_spot/2d43b2d955382a80_00011.jpg
roboflow_skin_problem_clean3/valid/Image_62_jpg.rf.c9113dfd4b71bc1308f2c68053c2c76b.jpg,roboflow_skin_problem_clean3,Dark-Spots,dark_spot,16d239725392aeeef65977770311154527fec41ddd3e874f185babd7a4dbcdad,test,data/processed/test/dark_spot/16d239725392aeee_00012.jpg
kaggle_acne_wrinkle_spots/spots/spots13.png,kaggle_acne_wrinkle_spots,spots,dark_spot,62eb161a5cb6d467868786fcd4fc19d731d65f6f8db5b63a6d77b72606181707,test,data/processed/test/dark_spot/62eb161a5cb6d467_00013.jpg
kaggle_acne_wrinkle_spots/spots/spots114.png,kaggle_acne_wrinkle_spots,spots,dark_spot,bfe779aad0c441f6c80aed8d34c8ed49fa2c45613d8c5e286d17ba9d1f3575d2,test,data/processed/test/dark_spot/bfe779aad0c441f6_00014.jpg
kaggle_acne_wrinkle_spots/spots/spots68.png,kaggle_acne_wrinkle_spots,spots,dark_spot,5083f5b7fee8f0529ee9087afc855be12f1ded3a3aa7041b814d02a3c5a19eef,test,data/processed/test/dark_spot/5083f5b7fee8f052_00015.png
kaggle_acne_wrinkle_spots/spots/spots107.png,kaggle_acne_wrinkle_spots,spots,dark_spot,34c76fde7d5d04f37371c2dbb44231853207ef7d3969e2e5d4bacfdbfee0463d,test,data/processed/test/dark_spot/34c76fde7d5d04f3_00016.png
kaggle_acne_wrinkle_spots/spots/spots74.png,kaggle_acne_wrinkle_spots,spots,dark_spot,822646e8c817473f3c9c94bcb3ed4e9235185d8938cbfcf4861d3f215d5c520b,test,data/processed/test/dark_spot/822646e8c817473f_00017.png
kaggle_acne_wrinkle_spots/spots/spots97.png,kaggle_acne_wrinkle_spots,spots,dark_spot,83b86060e83c71846d52721f466ca4262728e82eafb425208f8fe4539895c7bf,test,data/processed/test/dark_spot/83b86060e83c7184_00018.png
kaggle_acne_wrinkle_spots/spots/spots170.png,kaggle_acne_wrinkle_spots,spots,dark_spot,81c88292898049036a98056231550888d011e443dfa9198f89043e0a2a70fb5b,test,data/processed/test/dark_spot/81c8829289804903_00019.jpg
kaggle_acne_wrinkle_spots/spots/spots126.png,kaggle_acne_wrinkle_spots,spots,dark_spot,f4b011f47f4248933ae05f9eaf8af5939aba862151b10f424ffc86137a6e3688,test,data/processed/test/dark_spot/f4b011f47f424893_00020.png
roboflow_skin_problem_clean3/train/Image_46_jpg.rf.cf348e0d8f8ccfd0f37b2df78f1b9a04.jpg,roboflow_skin_problem_clean3,Dark-Spots,dark_spot,7564d43446f34f2980f9c22e86473606d150ea475f5dc31ba704d94fff45fc86,test,data/processed/test/dark_spot/7564d43446f34f29_00021.jpg
kaggle_acne_wrinkle_spots/spots/spots164.png,kaggle_acne_wrinkle_spots,spots,dark_spot,6e974c6c467340b97f1982157cb91a1bbf49bedd4ffbf1ffb7822a5787f34485,test,data/processed/test/dark_spot/6e974c6c467340b9_00022.png
kaggle_acne_wrinkle_spots/spots/spots125.png,kaggle_acne_wrinkle_spots,spots,dark_spot,45c18477d8cedc0771dbbac04c67e0d55f08e28582a38ff3403770dabc9942c0,test,data/processed/test/dark_spot/45c18477d8cedc07_00023.jpg
kaggle_acne_wrinkle_spots/spots/spots100.png,kaggle_acne_wrinkle_spots,spots,dark_spot,63bbdd86e92f64c53e33737ad8e3e93aa721a6098893a47d13f5d0d3b9677891,test,data/processed/test/dark_spot/63bbdd86e92f64c5_00024.png
kaggle_acne_wrinkle_spots/spots/spots3.png,kaggle_acne_wrinkle_spots,spots,dark_spot,2dfc0788c20f426bc7478ea528fed8169db3ee6ce6aa7a700606b4e2bdd86031,test,data/processed/test/dark_spot/2dfc0788c20f426b_00025.png
kaggle_acne_wrinkle_spots/spots/spots115.png,kaggle_acne_wrinkle_spots,spots,dark_spot,87761d223d81906739d0aa77537638e9cca4c766960556d72908bc51baddf8f3,test,data/processed/test/dark_spot/87761d223d819067_00026.png
kaggle_acne_wrinkle_spots/spots/spots103.png,kaggle_acne_wrinkle_spots,spots,dark_spot,b88fdf5536bc3c92da247792bac2790ecd6964e2de84accb4f8a85fac5b5feac,test,data/processed/test/dark_spot/b88fdf5536bc3c92_00027.jpg
kaggle_acne_wrinkle_spots/spots/spots177.png,kaggle_acne_wrinkle_spots,spots,dark_spot,a5c7f07cd424428744b0eb6b1e76e64055200bd1b3b90510ad5befc62256c2ba,test,data/processed/test/dark_spot/a5c7f07cd4244287_00028.png
kaggle_acne_wrinkle_spots/spots/spots169.png,kaggle_acne_wrinkle_spots,spots,dark_spot,4d371142c44b0ae8c727bb3ba0d0c317c24ea6a3000a746422e22e35e886e130,test,data/processed/test/dark_spot/4d371142c44b0ae8_00029.png
kaggle_acne_wrinkle_spots/spots/spots117.png,kaggle_acne_wrinkle_spots,spots,dark_spot,adae54f47cf0442ac73b6c0bbba4c23f1a8866efcc0992b654005af469d33c68,test,data/processed/test/dark_spot/adae54f47cf0442a_00030.jpg
kaggle_acne_wrinkle_spots/spots/spots158.png,kaggle_acne_wrinkle_spots,spots,dark_spot,6e09f0ce02b257b3ffe41c536ac3f2df37798b7d38b6e1ce551560964adec57b,test,data/processed/test/dark_spot/6e09f0ce02b257b3_00031.png
kaggle_acne_wrinkle_spots/spots/spots30.png,kaggle_acne_wrinkle_spots,spots,dark_spot,369715f00d82df410858c517c61b74f4f7fc4f4df0ea530970307950d8927997,test,data/processed/test/dark_spot/369715f00d82df41_00032.png
kaggle_acne_wrinkle_spots/spots/spots195.png,kaggle_acne_wrinkle_spots,spots,dark_spot,446f29a43615b6ab3523738e1c3fa2ca765ce5b603f0c926dd43e67ac9aceee4,test,data/processed/test/dark_spot/446f29a43615b6ab_00033.jpg
kaggle_acne_wrinkle_spots/spots/spots161.png,kaggle_acne_wrinkle_spots,spots,dark_spot,0a58d8cbec5a2b4421bb01f9910f6f4afff11d900c2e44029f7094ec6cc2a579,test,data/processed/test/dark_spot/0a58d8cbec5a2b44_00034.jpg
roboflow_skin_problem_clean3/train/507_jpg.rf.7667e08ca2ac42f7e957b38c13a4abad.jpg,roboflow_skin_problem_clean3,Englarged-Pores,large_pores,88cab769086a33db7cfa32e0aeb29ed40e044048bcdbf4e54ef7eacf5bc37baa,train,data/processed/train/large_pores/88cab769086a33db_00000.jpg
roboflow_skin_problem_clean3/train/428_jpg.rf.de38691f64dfa6c00f5d5d61d828fdc1.jpg,roboflow_skin_problem_clean3,Englarged-Pores,large_pores,99e179835244758574adff3b865a5b4d4b7d7a01c3ff7e6d64cf742eb86d0e35,train,data/processed/train/large_pores/99e1798352447585_00001.jpg
roboflow_skin_problem_clean3/train/397_jpg.rf.30f648f6cc2af00716a77f81a64ddcda.jpg,roboflow_skin_problem_clean3,Englarged-Pores,large_pores,1e5790a6ad661b57dcaca9b4ab632a0e10c823e2accfc46a6894c1654ee0e7c4,train,data/processed/train/large_pores/1e5790a6ad661b57_00002.jpg
roboflow_skin_problem_clean3/train/501_jpg.rf.c8c5447792a0b69735707d6847cdec41.jpg,roboflow_skin_problem_clean3,Englarged-Pores,large_pores,ada39c6a6855534289f9522b309ec1877dcb708c27cd31774d11a0078bfa71f3,train,data/processed/train/large_pores/ada39c6a68555342_00003.jpg
roboflow_skin_problem_clean3/train/oily-52-_jpg.rf.11b21c5f58b154c86d66d5d951d66c0f.jpg,roboflow_skin_problem_clean3,Englarged-Pores,large_pores,be67da3176727a6b52a62b93f3ed4cfb105e3750e27369a9b22fa0ae3fb65dcc,train,data/processed/train/large_pores/be67da3176727a6b_00004.jpg
roboflow_skin_problem_clean3/train/444_jpg.rf.7db0111c9ca25aca6c1d584db53ffd14.jpg,roboflow_skin_problem_clean3,Englarged-Pores,large_pores,6706b6cddabc7623c90a02841ca8f79b2b8811af725253c4a821ceb31d23b4c7,train,data/processed/train/large_pores/6706b6cddabc7623_00005.jpg
roboflow_skin_problem_clean3/train/oily-167-_jpg.rf.47be280e0983877980a14b2ba8d89107.jpg,roboflow_skin_problem_clean3,Englarged-Pores,large_pores,484ec7eff4b012631216ae9ccc6a8a06f1b81f313da6dcbbca87b40b1495592e,train,data/processed/train/large_pores/484ec7eff4b01263_00006.jpg
roboflow_skin_problem_clean3/train/oily-80-_jpg.rf.49cbf9cb2d87fa1a204e55ba9414cae2.jpg,roboflow_skin_problem_clean3,Englarged-Pores,large_pores,ee642a39b90ba4f944036bb3e3586502be73b39638413688cbfc4de0e7efb2f5,train,data/processed/train/large_pores/ee642a39b90ba4f9_00007.jpg
roboflow_skin_problem_clean3/valid/dry-151-_jpg.rf.c89187d83dbcda26e5e7b1bda86d8c15.jpg,roboflow_skin_problem_clean3,Englarged-Pores,large_pores,444ddf065899378de1796de0f13902607c6d190777834bbe5ef776e4abcc924e,train,data/processed/train/large_pores/444ddf065899378d_00008.jpg
roboflow_skin_problem_clean3/train/normal-20-_jpg.rf.1a5f64cd5ab57534dd547c6e5a6819c4.jpg,roboflow_skin_problem_clean3,Englarged-Pores,large_pores,20cd03de26f46356bdb1ddf6f9f129483ce85885dd62df3bde00c91aaf896870,train,data/processed/train/large_pores/20cd03de26f46356_00009.jpg
roboflow_skin_problem_clean3/train/oily-193-_jpg.rf.df5dd9003234592e1d3a9393a6ee3938.jpg,roboflow_skin_problem_clean3,Englarged-Pores,large_pores,34e1a8f6a91ad7a409b061c514dae6383e59da470ee9562d904d616312f5f891,train,data/processed/train/large_pores/34e1a8f6a91ad7a4_00010.jpg
roboflow_skin_problem_clean3/train/342_jpg.rf.1409b25d405ac1a4a60ee284a376facb.jpg,roboflow_skin_problem_clean3,Englarged-Pores,large_pores,ce988992fbedaa3472d73a764e1452238889c20f287de50d3fc4d3a7bb03de96,train,data/processed/train/large_pores/ce988992fbedaa34_00011.jpg
roboflow_skin_problem_clean3/train/429_jpg.rf.678e51458476e93acd6058c64ef7de4e.jpg,roboflow_skin_problem_clean3,Englarged-Pores,large_pores,b0e8ddac7fe6759d6c0463311b34f68f3dd972518bc90f0a97acf8fa8f489104,train,data/processed/train/large_pores/b0e8ddac7fe6759d_00012.jpg
roboflow_skin_problem_clean3/valid/dry-239-_jpg.rf.a81d66bff340d6ffca8535cf989dbe3a.jpg,roboflow_skin_problem_clean3,Englarged-Pores,large_pores,e020037a2c40faf6c1b8d48c8d86e289a844d61e07f25e555d0a8dc4e93b1d4a,train,data/processed/train/large_pores/e020037a2c40faf6_00013.jpg
roboflow_skin_problem_clean3/train/499_jpg.rf.adae1ddc74308b93c9c35cb345916d97.jpg,roboflow_skin_problem_clean3,Englarged-Pores,large_pores,a46f16092311a550b7ec18a93eb9708970c9444ea6607149d089adf81498e5b9,train,data/processed/train/large_pores/a46f16092311a550_00014.jpg
roboflow_skin_problem_clean3/test/42_jpg.rf.48891ae9b94d25c7eaf5dd4833ab6ecb.jpg,roboflow_skin_problem_clean3,Englarged-Pores,large_pores,d53de9fd51329f9885fdeedc1166fa2fa147cac684bbe4bd0cad1ea30862fd75,train,data/processed/train/large_pores/d53de9fd51329f98_00015.jpg
roboflow_skin_problem_clean3/train/489_jpg.rf.5971f6b4464091537c6ef9ff098f2527.jpg,roboflow_skin_problem_clean3,Englarged-Pores,large_pores,f06bf4ddd0c5524900275095824c4f8b3dd40a0cfd68d230f0862c3ac7368df7,train,data/processed/train/large_pores/f06bf4ddd0c55249_00016.jpg
roboflow_skin_problem_clean3/train/332_jpg.rf.f22b15c9258305f823b30c0f4f1a1c4d.jpg,roboflow_skin_problem_clean3,Englarged-Pores,large_pores,b4da7b98518927895c8556a900e4888bdba3bb49957604ac8d8995e125101384,train,data/processed/train/large_pores/b4da7b9851892789_00017.jpg
roboflow_skin_problem_clean3/train/451_jpg.rf.cd7a7fbdac11980af9e9bf72271ab7b0.jpg,roboflow_skin_problem_clean3,Englarged-Pores,large_pores,28958ea6453d6053d0ab2e5905e1b77e42c78802a5113c3f37e4c5b51c6fee3f,validation,data/processed/validation/large_pores/28958ea6453d6053_00000.jpg
roboflow_skin_problem_clean3/train/dry-258-_jpg.rf.f1dab766cebbbe97259ff61d7eb47ff5.jpg,roboflow_skin_problem_clean3,Englarged-Pores,large_pores,ab42ea62b9c226d4a0cee948052565b8e6ccd173588cc1f1f10b52444a1430f6,validation,data/processed/validation/large_pores/ab42ea62b9c226d4_00001.jpg
roboflow_skin_problem_clean3/train/oily-84-_jpg.rf.3938b3b904ce3c81b821a8e0a37c2ee8.jpg,roboflow_skin_problem_clean3,Englarged-Pores,large_pores,e55975a67c026e58810fba4cd5b2f88d61cfb8691aa68cd96c76561cba9aee45,validation,data/processed/validation/large_pores/e55975a67c026e58_00002.jpg
roboflow_skin_problem_clean3/train/310_jpg.rf.775562f0c1aaf56c35ce89ede0869dde.jpg,roboflow_skin_problem_clean3,Englarged-Pores,large_pores,bd9076ea8378c6e23c58a60a50bf4905b8dcf75cc47d4642e6d8814daca5cc8a,validation,data/processed/validation/large_pores/bd9076ea8378c6e2_00003.jpg
roboflow_skin_problem_clean3/train/500_jpg.rf.51e01527f827ebbd81b44beee52f98f1.jpg,roboflow_skin_problem_clean3,Englarged-Pores,large_pores,5aefa8574f68cefb492c61c88620a2628b4dd411d1f015d666fb08c639161e7a,test,data/processed/test/large_pores/5aefa8574f68cefb_00000.jpg
roboflow_skin_problem_clean3/train/oily-125-_jpg.rf.a496e6204940ba205d01930720355a36.jpg,roboflow_skin_problem_clean3,Englarged-Pores,large_pores,a2ccc96c2d2b62cc090564029455469b50e55867d2ed9373de8f8b372d15d3fc,test,data/processed/test/large_pores/a2ccc96c2d2b62cc_00001.jpg
roboflow_skin_problem_clean3/test/341_jpg.rf.8cc0f133b92fd4efdbd5300001bcbdec.jpg,roboflow_skin_problem_clean3,Englarged-Pores,large_pores,e0e43fc46fb58cff4b59a0a7683b984a03b26da7326bc2468c836e34decdbf3b,test,data/processed/test/large_pores/e0e43fc46fb58cff_00002.jpg
roboflow_skin_problem_clean3/train/366_jpg.rf.2acd2466ed7f1cba2f89a05ca9684a29.jpg,roboflow_skin_problem_clean3,Englarged-Pores,large_pores,d654ec5753406f64e76c28f8c4b6705181bee8a74f10f33803563e850f902eab,test,data/processed/test/large_pores/d654ec5753406f64_00003.jpg
roboflow_skin_problem_clean3/train/506_jpg.rf.bb7f29e2892eee080572076f0f8d4140.jpg,roboflow_skin_problem_clean3,Englarged-Pores,large_pores,f3a0cb2842101937643f39ed5f5184b9b7cc5055e8ee92e274d7157b76791867,test,data/processed/test/large_pores/f3a0cb2842101937_00004.jpg
