file,source_dataset,original_label,target_class,sha256,reason
dataset/raw/kaggle_oily_dry_normal/Oily-Dry-Skin-Types/test/dry/dry_10583924a54a7cbcf5d0_jpg.rf.7c4cb0ac9522f3a0faaf230527e1abe9.jpg,kaggle_oily_dry_normal,dry,,605104d1a9fbfcd3285bbf118612274d7f54c8b3cb76657e7c4b5a55029e8a0e,unmapped/extra folder label: dry
dataset/raw/kaggle_oily_dry_normal/Oily-Dry-Skin-Types/test/dry/dry_1d3b1b41c06745c89fb6_jpg.rf.9fe7b2181a36c2b6f67744be1af2fdd7.jpg,kaggle_oily_dry_normal,dry,,6895c4df65eeb4051f996c37ab59ddb96f55845c14e49b7b23fbd20056dad451,unmapped/extra folder label: dry
dataset/raw/kaggle_oily_dry_normal/Oily-Dry-Skin-Types/test/dry/dry_2e2591d4cf31b8e024a6_jpg.rf.e8a8db4db95cd0a0df0275d75fcd87a0.jpg,kaggle_oily_dry_normal,dry,,119a1318d83f812b8e8a80bfc77ab006f9ffa50e808ba481ed505c8fb183e591,unmapped/extra folder label: dry
dataset/raw/kaggle_oily_dry_normal/Oily-Dry-Skin-Types/test/dry/dry_304ff9ea442145481f67_jpg.rf.26e1ca5ca2eb32f5c89509c670ca967a.jpg,kaggle_oily_dry_normal,dry,,50921956fc7f27942eb34ba648928f38403c0bc1ebb3046e617246f66f425434,unmapped/extra folder label: dry
dataset/raw/kaggle_oily_dry_normal/Oily-Dry-Skin-Types/test/dry/dry_33489ccedfbd77039b4d_jpg.rf.bff22d94ad08b5402f1feb8e304a7368.jpg,kaggle_oily_dry_normal,dry,,6a351a5239bca2364383afe6502bea0db0e8ea07ade642c1d839f078b86640d2,unmapped/extra folder label: dry
dataset/raw/kaggle_oily_dry_normal/Oily-Dry-Skin-Types/test/dry/dry_3cff4d4b05b7b88def12_jpg.rf.61f7ed0c6569bde348734178e19a55f7.jpg,kaggle_oily_dry_normal,dry,,493f6e92b9f0177af5b9af353627d84f25f34a6cb7ac162d254d53e98d0e83cf,unmapped/extra folder label: dry
dataset/raw/kaggle_oily_dry_normal/Oily-Dry-Skin-Types/test/dry/dry_4b06e68067862ee761ab_jpg.rf.52e7f8c3af0d6b1dd3e3f224b735fc18.jpg,kaggle_oily_dry_normal,dry,,0ff36d901c0cff10170714017793b0228a1a791f2e0687059b67bc93aa33b17b,unmapped/extra folder label: dry
dataset/raw/kaggle_oily_dry_normal/Oily-Dry-Skin-Types/test/dry/dry_4e342ada282e73d14463_jpg.rf.3e22185034c87e49e38bf16b7c05d70f.jpg,kaggle_oily_dry_normal,dry,,259454f1e7c84b882c53b33d6ed7f5cc7e775ea6cef2c60117944c30afa6ebe1,unmapped/extra folder label: dry
dataset/raw/kaggle_oily_dry_normal/Oily-Dry-Skin-Types/test/dry/dry_51f17f3bf8f2c5de29b2_jpg.rf.bb32e8493cb6e55aa06069f4d56404dc.jpg,kaggle_oily_dry_normal,dry,,693d928927daf59f33f05eedf01a3b0858fac99b76b67d9a567d3f557676ea53,unmapped/extra folder label: dry
dataset/raw/kaggle_oily_dry_normal/Oily-Dry-Skin-Types/test/dry/dry_5b99f597f86f84a70434_jpg.rf.37502a712e3385d9312d33f392300043.jpg,kaggle_oily_dry_normal,dry,,8b17747a8b33dbcaef391f18ef6b9e13f24823edd62d3a8cbb1815dba0370a8f,unmapped/extra folder label: dry
dataset/raw/kaggle_oily_dry_normal/Oily-Dry-Skin-Types/test/dry/dry_5e9161b29dba973465fa_jpg.rf.8f1c3952c673ea8f893a23f9ae7e3b0e.jpg,kaggle_oily_dry_normal,dry,,8410c8b22bec104232ce8ab86bc4dd25425868228e01d2d308bada0ce6722ff6,unmapped/extra folder label: dry
dataset/raw/kaggle_oily_dry_normal/Oily-Dry-Skin-Types/test/dry/dry_6c7bae20776a48640207_jpg.rf.fc642cb5acfbae44bbf602b1da983bda.jpg,kaggle_oily_dry_normal,dry,,dd24c95ffe02c400a48262a797919301096afa9741620101902c3faa19b3d92b,unmapped/extra folder label: dry
dataset/raw/kaggle_oily_dry_normal/Oily-Dry-Skin-Types/test/dry/dry_797659773eb9ee57ec1c_jpg.rf.f3796a0e216897914ee2b7861eba321c.jpg,kaggle_oily_dry_normal,dry,,aaa3a163e8b49d8c41c3b4131ab7ca9390d52162099e876a5cabc34e8a4587b0,unmapped/extra folder label: dry
dataset/raw/kaggle_oily_dry_normal/Oily-Dry-Skin-Types/test/dry/dry_7d1580f09a0f22cbb869_jpg.rf.e23e6348aba524a6564650d07f1210b5.jpg,kaggle_oily_dry_normal,dry,,e2b63af7bca85b2ac309fe80d12108f45a5aca5fa70918965ddc5940cae0e962,unmapped/extra folder label: dry
dataset/raw/kaggle_oily_dry_normal/Oily-Dry-Skin-Types/test/dry/dry_80c04739a91c6a25454f_jpg.rf.2dc21f010ef6f38280168eb244928cf3.jpg,kaggle_oily_dry_normal,dry,,b148b5407a0115ad10b200c2ab24aa8bc1e9f2bb69de9d3eab17ed26a584f65e,unmapped/extra folder label: dry
dataset/raw/kaggle_oily_dry_normal/Oily-Dry-Skin-Types/test/dry/dry_8e441bc00ba44f59160c_jpg.rf.ee8ac22f2b7d2f34aeedd4557c1eb782.jpg,kaggle_oily_dry_normal,dry,,b66314084eb5714c1d46a54aa72879cd629a5b96f22c689f1c48174742eed785,unmapped/extra folder label: dry
dataset/raw/kaggle_oily_dry_normal/Oily-Dry-Skin-Types/test/dry/dry_8ff73b38fbc8285d13ed_jpg.rf.c03bb4deabb5a5edd88521884f71f09c.jpg,kaggle_oily_dry_normal,dry,,afb07c76f18995c070063ba792177e4ed4679cce638e7ad7716a2d0ce3a099ca,unmapped/extra folder label: dry
dataset/raw/kaggle_oily_dry_normal/Oily-Dry-Skin-Types/test/dry/dry_93553a3d9e1ef7ee0f56_jpg.rf.877e3e953cc77b54ee75515f664e74aa.jpg,kaggle_oily_dry_normal,dry,,e3e65130452a1c5a37fe397b63f431579630cd6b6686a4e2221c426a879133e1,unmapped/extra folder label: dry
dataset/raw/kaggle_oily_dry_normal/Oily-Dry-Skin-Types/test/dry/dry_952b53218ddfa8ae3520_jpg.rf.1650d1b8277e509ecb305f11f6e22398.jpg,kaggle_oily_dry_normal,dry,,261c4a96cf936ea3e84d3e0c9003dc6560ab18d1756fc40f797c9a70c1ba9e0f,unmapped/extra folder label: dry
dataset/raw/kaggle_oily_dry_normal/Oily-Dry-Skin-Types/test/dry/dry_99eba9d8e7b8859bdcfd_jpg.rf.0d0312d455031137f9cbd8aa4ca609d9.jpg,kaggle_oily_dry_normal,dry,,0c54ae000532d3ebd6dafffb64887f93d309d3ddbb9d66f09e2a211b845e7c11,unmapped/extra folder label: dry
dataset/raw/kaggle_oily_dry_normal/Oily-Dry-Skin-Types/test/dry/dry_a501c2011f97c217e287_jpg.rf.cb3a3d565afb66454c7e111b4d5bcee8.jpg,kaggle_oily_dry_normal,dry,,5a6a83374386a14c2277ff26c201836c75b38e03c4e1e6b28380c9584970af60,unmapped/extra folder label: dry
dataset/raw/kaggle_oily_dry_normal/Oily-Dry-Skin-Types/test/dry/dry_a89a1cf076835490d4ba_jpg.rf.21f479e58314a0d8e9ded0ba38c72ef7.jpg,kaggle_oily_dry_normal,dry,,6971f350d44678e4a306cbd24dcf98f36901b75034e99b8fab9094073d394d44,unmapped/extra folder label: dry
dataset/raw/kaggle_oily_dry_normal/Oily-Dry-Skin-Types/test/dry/dry_abc20b33688648c514df_jpg.rf.fab87bd62bc3ac5696030ec858ddfd8e.jpg,kaggle_oily_dry_normal,dry,,f40d8a3d8d7a03d27a9e700fc02db7a3fb682d599dd07b440da5a5ee382f20e8,unmapped/extra folder label: dry
dataset/raw/kaggle_oily_dry_normal/Oily-Dry-Skin-Types/test/dry/dry_b50f5cd31a0acaf8d7cd_jpg.rf.c2f0eb2bc17c15b38e613cb1b7aa24ce.jpg,kaggle_oily_dry_normal,dry,,f96232ee5e58f50e59645f5fdea6bfaf519ff2dc62b8487011cec73e10b31cce,unmapped/extra folder label: dry
dataset/raw/kaggle_oily_dry_normal/Oily-Dry-Skin-Types/test/dry/dry_c06f8208ea26055c0a68_jpg.rf.25eeb78528f70016c046560c8ceaa343.jpg,kaggle_oily_dry_normal,dry,,6895706efd96259d62d04f2fa10c6a5f8016af2271f6590516692c173af12195,unmapped/extra folder label: dry
dataset/raw/kaggle_oily_dry_normal/Oily-Dry-Skin-Types/test/dry/dry_c1ed630dc88ca0057be6_jpg.rf.f5b7fd3209e8bbb6405aa94e4f46b3d6.jpg,kaggle_oily_dry_normal,dry,,183dbe5f4744a6605ddf49f41162bd3a079b3c56828ca32725d3928d41cc6af1,unmapped/extra folder label: dry
dataset/raw/kaggle_oily_dry_normal/Oily-Dry-Skin-Types/test/dry/dry_c9173f4ccc3d012f1a14_jpg.rf.1f8daa587d2973ac4af6e1fd092d7b68.jpg,kaggle_oily_dry_normal,dry,,ce1fd8ab1724e1b1e6750e01551a8e08db0185f1846ba0c5b50e7fb0f44328b2,unmapped/extra folder label: dry
dataset/raw/kaggle_oily_dry_normal/Oily-Dry-Skin-Types/test/dry/dry_da04bc0d1bb71875dec4_jpg.rf.56e44232f5315824865359c81af5cb48.jpg,kaggle_oily_dry_normal,dry,,e1dd7e4836ac7c55c553771ece539fc14a3f9cd8b5a582e86d8eaf300c6e80ff,unmapped/extra folder label: dry
dataset/raw/kaggle_oily_dry_normal/Oily-Dry-Skin-Types/test/dry/dry_de93c267992165918dfc_jpg.rf.f5c3559389d768133b962d77d640b894.jpg,kaggle_oily_dry_normal,dry,,ef22a1037c0e1a41e3ec412f8cd1817d5748a8f4cd569434809148b58886adb8,unmapped/extra folder label: dry
dataset/raw/kaggle_oily_dry_normal/Oily-Dry-Skin-Types/test/dry/dry_df365550379101278281_jpg.rf.c4a7ef6a5547d7147597918b4d5ba0a1.jpg,kaggle_oily_dry_normal,dry,,22227996f68b7efe569a6a0466847fbc20e5f7fdb3d52b8eacc8324e5a6ddb7a,unmapped/extra folder label: dry
dataset/raw/kaggle_oily_dry_normal/Oily-Dry-Skin-Types/test/dry/dry_e4710be183f88b4853f4_jpg.rf.495c668e6eab59ee1949e6c92845cdf7.jpg,kaggle_oily_dry_normal,dry,,3757fef8fcaaf91e7dedc996596a94ae078f5dd70cf135be724db599d4b5e75b,unmapped/extra folder label: dry
dataset/raw/kaggle_oily_dry_normal/Oily-Dry-Skin-Types/test/dry/dry_e61ee7ec4041ec6dd9fc_jpg.rf.3a363968c7a3e439d61978cc054a66e6.jpg,kaggle_oily_dry_normal,dry,,72964a7607a895dec259adcc163b4124895c22f359a46d2ac3f5b61a3c775ec7,unmapped/extra folder label: dry
dataset/raw/kaggle_oily_dry_normal/Oily-Dry-Skin-Types/test/dry/dry_f23ccf754f4d43c04dc7_jpg.rf.f31ba8270703602a54b10878b7dcb3cf.jpg,kaggle_oily_dry_normal,dry,,0b49950f233b1db825fe2e3c7895e65c8a3a251d64b4e567f2c56dc0c52c4ee2,unmapped/extra folder label: dry
dataset/raw/kaggle_oily_dry_normal/Oily-Dry-Skin-Types/test/dry/dry_f4c75ef538f8f6738965_jpg.rf.97034b4ecac474a5dc21595eec50e10f.jpg,kaggle_oily_dry_normal,dry,,1238bdb9414ee29a7c571fd1e579bce1b02b7f46232f4671ab8dcafef6e95a97,unmapped/extra folder label: dry
dataset/raw/kaggle_oily_dry_normal/Oily-Dry-Skin-Types/test/dry/dry_fb0e802b9c4eeb0d5218_jpg.rf.4c68ff6581084a30175caedcdea6803f.jpg,kaggle_oily_dry_normal,dry,,b24cd794be4787276fdd68da0114c931f2f8208f96fb84b57a8ab59b11912f69,unmapped/extra folder label: dry
dataset/raw/kaggle_oily_dry_normal/Oily-Dry-Skin-Types/test/oily/oily_05138e4fe4f2a43e40c7_jpg.rf.6622355e822a255810cc22f6b7ea1cdb.jpg,kaggle_oily_dry_normal,oily,,353f8e082c7d9dac7ca9a286d274eec60879984422198498e8eae2ad4529d5ff,unmapped/extra folder label: oily
dataset/raw/kaggle_oily_dry_normal/Oily-Dry-Skin-Types/test/oily/oily_0b5ae8f778cf509578c7_jpg.rf.8db7e81d812839b59fb17cc0ec1bb8f1.jpg,kaggle_oily_dry_normal,oily,,0cb74d7929e7514a17c6f62a47f51ca5db5abc9d3c727b6e18d2e1cfbeacd6d2,unmapped/extra folder label: oily
dataset/raw/kaggle_oily_dry_normal/Oily-Dry-Skin-Types/test/oily/oily_11a9c59d19255e95b2a0_jpg.rf.6b3212fbab99259aeab56ac34ddbfad6.jpg,kaggle_oily_dry_normal,oily,,e6ff7d1133817cc2431ed0c15127dfbd25afa7fd26017f3c005b4928f5d72b93,unmapped/extra folder label: oily
dataset/raw/kaggle_oily_dry_normal/Oily-Dry-Skin-Types/test/oily/oily_11bb71885b11b546192c_jpg.rf.a5efa113b92358a074a61d062d5a3282.jpg,kaggle_oily_dry_normal,oily,,d6369bbfa6003ca0dc32b1856f92d8573263d4249daccc9ba617408e6e1dcc03,unmapped/extra folder label: oily
dataset/raw/kaggle_oily_dry_normal/Oily-Dry-Skin-Types/test/oily/oily_22cc7648f72951920dec_jpg.rf.bd8053debc66c01e26e3fb28e432473f.jpg,kaggle_oily_dry_normal,oily,,33cee5ca4135af9cf36ed14f5b5e47453667de1afcf0ca61f8a205adeb47541a,unmapped/extra folder label: oily
dataset/raw/kaggle_oily_dry_normal/Oily-Dry-Skin-Types/test/oily/oily_253f2b7b66b1b21a2541_jpg.rf.76736ba77e685b0edebfe5c72f9b626c.jpg,kaggle_oily_dry_normal,oily,,06ce443a355c9b378ce5cf2d22dac90cb55606aec2f4572c1e1a39eccacbf590,unmapped/extra folder label: oily
dataset/raw/kaggle_oily_dry_normal/Oily-Dry-Skin-Types/test/oily/oily_25ea12d9abf91f7ba4eb_jpg.rf.fe4718bdb2965365e17f7d43578a55b1.jpg,kaggle_oily_dry_normal,oily,,89cd524cd0eac9a88a0577640b09dfafa1b4a4aae466ec4bd3b5f79da3beb845,unmapped/extra folder label: oily
dataset/raw/kaggle_oily_dry_normal/Oily-Dry-Skin-Types/test/oily/oily_29b41984e97295d0516b_jpg.rf.1922c9debc6c5ccc090918d7dba6273c.jpg,kaggle_oily_dry_normal,oily,,6ec2f48d9792ef15e8787018f0c8e476454514004c6147395a3cd1082a623560,unmapped/extra folder label: oily
dataset/raw/kaggle_oily_dry_normal/Oily-Dry-Skin-Types/test/oily/oily_36afa928ec0adb70016d_jpg.rf.c3f958e29480cf88cf958a17062ab2c4.jpg,kaggle_oily_dry_normal,oily,,9afc9a7d6085f1bcee26ee5454532f2034a529cf6ae67b853d0498f1483c7afb,unmapped/extra folder label: oily
dataset/raw/kaggle_oily_dry_normal/Oily-Dry-Skin-Types/test/oily/oily_4af3b94218e915b93484_jpg.rf.9b073543c48c465a2b2dfb2e97ec1f5c.jpg,kaggle_oily_dry_normal,oily,,b96f6014fcb6bb92cb14cdf4cd2c92b056263522bd96593aaf920bab4e223732,unmapped/extra folder label: oily
dataset/raw/kaggle_oily_dry_normal/Oily-Dry-Skin-Types/test/oily/oily_4cc893446862a4f46312_jpg.rf.d628beecc2716b2a5498cd0f11662137.jpg,kaggle_oily_dry_normal,oily,,fed70e04f54a642f4c6dd10626219fd16eac4955d4f59f2ac7f9fdc22f9a4809,unmapped/extra folder label: oily
dataset/raw/kaggle_oily_dry_normal/Oily-Dry-Skin-Types/test/oily/oily_5110ad20481710f63d3b_jpg.rf.772af74dcb55fa4ef166e50a6c949f76.jpg,kaggle_oily_dry_normal,oily,,f6fadd0b543cb120528d57915ce0f9f44dc397a86bc1540f7ce5070051849387,unmapped/extra folder label: oily
dataset/raw/kaggle_oily_dry_normal/Oily-Dry-Skin-Types/test/oily/oily_586bb2015813adbfa5c5_jpg.rf.3302c48b6a7b30aa83b21cb71a8d90cf.jpg,kaggle_oily_dry_normal,oily,,e75a50335e5ff4cca0fc9de200d25d89539c38330a8b7544f15654828fbbb514,unmapped/extra folder label: oily
dataset/raw/kaggle_oily_dry_normal/Oily-Dry-Skin-Types/test/oily/oily_5a4fbbfd2d1a9633809a_jpg.rf.6b6da78e6c8c33248ebcd0c0a3043aa7.jpg,kaggle_oily_dry_normal,oily,,e06d9e99632b3edb2d6e497807d4f49faf6b05d18b70f212f9d9d274187514b2,unmapped/extra folder label: oily
dataset/raw/kaggle_oily_dry_normal/Oily-Dry-Skin-Types/test/oily/oily_5eab351c21cc396fd94e_jpg.rf.241c93f389de3ae46ca452e1c2b00104.jpg,kaggle_oily_dry_normal,oily,,8e366a4a77b76d7d3b1f64e8c259a705e5c099438537e4e98c4a48a918fd0eaf,unmapped/extra folder label: oily
dataset/raw/kaggle_oily_dry_normal/Oily-Dry-Skin-Types/test/oily/oily_626c7eb46e902d5fef8f_jpg.rf.84781cc98d7341088221e3546e493b0e.jpg,kaggle_oily_dry_normal,oily,,021cfe72478accc16879fe712e27d3c1dde1d8aae597b5ab5f627064757d8fe3,unmapped/extra folder label: oily
dataset/raw/kaggle_oily_dry_normal/Oily-Dry-Skin-Types/test/oily/oily_6d9b301749cedc37dc7d_jpg.rf.0f0b66345894cec5d762c9744922ee99.jpg,kaggle_oily_dry_normal,oily,,3279cdf1ae10b75e1ceef2db68b0e5a07e9c2e2e35fe7238be1767dc4a25d05f,unmapped/extra folder label: oily
dataset/raw/kaggle_oily_dry_normal/Oily-Dry-Skin-Types/test/oily/oily_770d20d1c13540969a49_jpg.rf.f4bbfd64ab4e8a099d236190294f8f01.jpg,kaggle_oily_dry_normal,oily,,ac967e87e046a7baa7360710d230c3e07d94aac4d0cfe9cbfd55ca35b8cd5e6a,unmapped/extra folder label: oily
dataset/raw/kaggle_oily_dry_normal/Oily-Dry-Skin-Types/test/oily/oily_79c3e148e8dc17cebe8a_jpg.rf.d45f661f82903b1d77d8bcc01caed36b.jpg,kaggle_oily_dry_normal,oily,,33b7a9f37441e46a7b74683d68abc8cda7924dbe4113a42132a9a7c43a6a5554,unmapped/extra folder label: oily
dataset/raw/kaggle_oily_dry_normal/Oily-Dry-Skin-Types/test/oily/oily_7a015bb9940f21f8d70f_jpg.rf.3dbf212d13bc54a92ce2d2525635a585.jpg,kaggle_oily_dry_normal,oily,,4972aeca0b88d0655d2803cb0edbed27fc32d87671916a471247194294bf6b75,unmapped/extra folder label: oily
dataset/raw/kaggle_oily_dry_normal/Oily-Dry-Skin-Types/test/oily/oily_7c3ba5d1845f3e3a7b14_jpg.rf.ad5bb7f333083e3ea8831402ae15f795.jpg,kaggle_oily_dry_normal,oily,,b72f183ba7bb7e8813ebab60a1e349adc6545b6fa70005798197f19fc5c1c0b3,unmapped/extra folder label: oily
dataset/raw/kaggle_oily_dry_normal/Oily-Dry-Skin-Types/test/oily/oily_7ed9aacbcb0c5d7d65a3_jpg.rf.9ad338cbb0adf8b4ad82ecb50b66f21c.jpg,kaggle_oily_dry_normal,oily,,b463aa9d9eb14ff8896318e6ba01355e6ceead5dd9056d93cf1c4ee4502d5ad2,unmapped/extra folder label: oily
dataset/raw/kaggle_oily_dry_normal/Oily-Dry-Skin-Types/test/oily/oily_95d97ffda2695a66531b_jpg.rf.020640c9d95feefcdef2201abc613085.jpg,kaggle_oily_dry_normal,oily,,515ac900c695c43db5c6e614752c24f1c84b8835deb66aab875669934d3ea42d,unmapped/extra folder label: oily
dataset/raw/kaggle_oily_dry_normal/Oily-Dry-Skin-Types/test/oily/oily_9b5ffeab96141c452190_jpg.rf.592896687eb2ffb46a3aef7a7ee95e04.jpg,kaggle_oily_dry_normal,oily,,c53683584ad0ccbb04752bf649c387de02d93893d3386a1dc03092cdbc908068,unmapped/extra folder label: oily
dataset/raw/kaggle_oily_dry_normal/Oily-Dry-Skin-Types/test/oily/oily_9e43be630a6a55686e1d_jpg.rf.a60028333d037737c22d85cd7966421d.jpg,kaggle_oily_dry_normal,oily,,7cdb8c562dde98be69a40d33b41b2b4c5da7484b8afdd7cd8d24f7482f939491,unmapped/extra folder label: oily
dataset/raw/kaggle_oily_dry_normal/Oily-Dry-Skin-Types/test/oily/oily_a39635ffc2edb8c5c238_jpg.rf.a55672daf49dff526bf420dc73bcc1ce.jpg,kaggle_oily_dry_normal,oily,,a6b83416b52ac727769768969bdb4c186c916133d190386b2b77862451dc7813,unmapped/extra folder label: oily
dataset/raw/kaggle_oily_dry_normal/Oily-Dry-Skin-Types/test/oily/oily_a98571034e7e20ffe945_jpg.rf.eedda0bbae75864302145f49d4deaadc.jpg,kaggle_oily_dry_normal,oily,,6bdce715f8387bd1a3d63b047e1e9a1863a36b5b7565c3bf50928c0da88e4422,unmapped/extra folder label: oily
dataset/raw/kaggle_oily_dry_normal/Oily-Dry-Skin-Types/test/oily/oily_ab990c91f997edf6bb27_jpg.rf.0878e0e7fed2003201d1ab5a08ee2ca1.jpg,kaggle_oily_dry_normal,oily,,8dcf2c1b329de1b2db981646e990b096627c800aceb2b561bffb20b331d8632e,unmapped/extra folder label: oily
dataset/raw/kaggle_oily_dry_normal/Oily-Dry-Skin-Types/test/oily/oily_ac4eb626b7f5ec7a7a45_jpg.rf.9fe6265849a37dce9724e8f9f3e058c0.jpg,kaggle_oily_dry_normal,oily,,2f787ccb4f1eed84e65f8272f6a6df2c740148950c46092eade6d0a7c646310d,unmapped/extra folder label: oily
dataset/raw/kaggle_oily_dry_normal/Oily-Dry-Skin-Types/test/oily/oily_b967ff282b24c7323284_jpg.rf.a904182421be63a8b563862ed5e86d07.jpg,kaggle_oily_dry_normal,oily,,a926f0f9958276ef51f3ee776c38dc0b0847f4f57ad027b55daf844881dce792,unmapped/extra folder label: oily
dataset/raw/kaggle_oily_dry_normal/Oily-Dry-Skin-Types/test/oily/oily_ba1d4c45e8dd3d76c15d_jpg.rf.5203bf0762119ee6ed560abecffc1727.jpg,kaggle_oily_dry_normal,oily,,dc11b082b425d3009edfc3b88f1339322d0cc52d2fe6bea2a38e0728e46251ea,unmapped/extra folder label: oily
dataset/raw/kaggle_oily_dry_normal/Oily-Dry-Skin-Types/test/oily/oily_d24e11a52487ee67ef0a_jpg.rf.f5d3ae4ba92df573ee4dad906ed3169a.jpg,kaggle_oily_dry_normal,oily,,6d4666c327ca038b0a2b012a48496dca729d6fff223b9cdca81f83e9d95797b5,unmapped/extra folder label: oily
dataset/raw/kaggle_oily_dry_normal/Oily-Dry-Skin-Types/test/oily/oily_d4be22b1756d011e4026_jpg.rf.6fc3c6ba1d3ead2767268e96b3e84e4c.jpg,kaggle_oily_dry_normal,oily,,bb69aa26d5ea9d9ce109ca9177f81d671f4e3e7184128c47950ee2a9c04a981a,unmapped/extra folder label: oily
dataset/raw/kaggle_oily_dry_normal/Oily-Dry-Skin-Types/test/oily/oily_d5c218c7a00420c71c84_jpg.rf.dfbcf180d8b3e998fe67ee9f9a74279d.jpg,kaggle_oily_dry_normal,oily,,7ae5596ca41f65bc88345af3d474c77b4daa5ae6e765cc377da2a61de9eb21f6,unmapped/extra folder label: oily
dataset/raw/kaggle_oily_dry_normal/Oily-Dry-Skin-Types/test/oily/oily_e12632a2a052c20bc52a_jpg.rf.20c905237359f0434a59735d069a4375.jpg,kaggle_oily_dry_normal,oily,,74f383c390f5089c9c3a67be581293c8cd0b29ad459db52194f609c361e545d6,unmapped/extra folder label: oily
dataset/raw/kaggle_oily_dry_normal/Oily-Dry-Skin-Types/test/oily/oily_e31f888df4e970bdc1bd_jpg.rf.92ab2928476c9581035608db9fe1f942.jpg,kaggle_oily_dry_normal,oily,,f2e69e5f46ff7046936f7a3d77475b1b17b393805e55bd3fba823323b3c6d5df,unmapped/extra folder label: oily
dataset/raw/kaggle_oily_dry_normal/Oily-Dry-Skin-Types/test/oily/oily_e50d7b6a71e2db3ee8fa_jpg.rf.27c93b5abe4fc542461abf0d5dfdd60a.jpg,kaggle_oily_dry_normal,oily,,1189df0e44c1d893e301869942fece46b4d458e379171c2ed791f85d3bac522a,unmapped/extra folder label: oily
dataset/raw/kaggle_oily_dry_normal/Oily-Dry-Skin-Types/test/oily/oily_f1ffddae67d26d2f1027_jpg.rf.f6278c07d045d17e25e1644beff0bceb.jpg,kaggle_oily_dry_normal,oily,,2140c5d7a455b64bde42c33ce463779e15d0a9e28c87b239f6600271b29a3efb,unmapped/extra folder label: oily
dataset/raw/kaggle_oily_dry_normal/Oily-Dry-Skin-Types/test/oily/oily_f5dc970540b4ab389ecc_jpg.rf.1ae18839c1eaba1a77f7eb6a7af796bd.jpg,kaggle_oily_dry_normal,oily,,84ffc4835d579d2f1b8183ab2412d73d7b124c535fcadd2d1a83aa2ae4a20d6c,unmapped/extra folder label: oily
dataset/raw/kaggle_oily_dry_normal/Oily-Dry-Skin-Types/test/oily/oily_f6d606337a32ae70b746_jpg.rf.e574e7771d850237326bfa7dd9accda8.jpg,kaggle_oily_dry_normal,oily,,71201658374373e62752c047db1b09df32bb1e477c8224403c72e66a04febfc4,unmapped/extra folder label: oily
dataset/raw/kaggle_oily_dry_normal/Oily-Dry-Skin-Types/train/dry/dry_003e3600c061a59dc809_jpg.rf.0883c212d94c22da47d6b24dd94c3ded.jpg,kaggle_oily_dry_normal,dry,,d6c13dc38d7f2948350b10ea37b3080cdd4a2957e4476ced17d7cebe25fdfa6a,unmapped/extra folder label: dry
dataset/raw/kaggle_oily_dry_normal/Oily-Dry-Skin-Types/train/dry/dry_003e3600c061a59dc809_jpg.rf.1c8680aef9e162226ede0a13fe4c2fe9.jpg,kaggle_oily_dry_normal,dry,,0e34c3ab2fd8579354b8fc73b2c8278863febeed0d88aa305d3022a72edbd4e1,unmapped/extra folder label: dry
dataset/raw/kaggle_oily_dry_normal/Oily-Dry-Skin-Types/train/dry/dry_003e3600c061a59dc809_jpg.rf.ecd13783f4c1dd953cf5d240d880b810.jpg,kaggle_oily_dry_normal,dry,,cdb387770cca4dee8f94717673b31aed1eefcedaff028e1fda7909ef9f6b06cf,unmapped/extra folder label: dry
dataset/raw/kaggle_oily_dry_normal/Oily-Dry-Skin-Types/train/dry/dry_00f1189752d6631b2b22_jpg.rf.45c54ee5358dc0f7e8fd5a39f7b3231a.jpg,kaggle_oily_dry_normal,dry,,57b110f2d37fa579d6fe1e55b61b047263009034637ba60f22737ce45e375fec,unmapped/extra folder label: dry
dataset/raw/kaggle_oily_dry_normal/Oily-Dry-Skin-Types/train/dry/dry_00f1189752d6631b2b22_jpg.rf.76aa1679ba838c9b368632b7ccb63dc0.jpg,kaggle_oily_dry_normal,dry,,2279121f9e4ec5eb2a912f18386548b2b63e98aebab569a4fe91ae70e91b5868,unmapped/extra folder label: dry
dataset/raw/kaggle_oily_dry_normal/Oily-Dry-Skin-Types/train/dry/dry_00f1189752d6631b2b22_jpg.rf.971d716704bcf6dd3b46212870333b0b.jpg,kaggle_oily_dry_normal,dry,,9f6edcdb0adf1cd5b6b3194ba5a7f93107e513ae19a8d99d78f458385a96b227,unmapped/extra folder label: dry
dataset/raw/kaggle_oily_dry_normal/Oily-Dry-Skin-Types/train/dry/dry_032318cbaebf6428c00d_jpg.rf.123544c8881041b7a332e8822f0f7935.jpg,kaggle_oily_dry_normal,dry,,1d39289383258f0ca8fe0bf85a576e0138fbe792ed92669ab8eca9f6060fd16b,unmapped/extra folder label: dry
dataset/raw/kaggle_oily_dry_normal/Oily-Dry-Skin-Types/train/dry/dry_032318cbaebf6428c00d_jpg.rf.3a3412edd80eeb5187867ed80b90003b.jpg,kaggle_oily_dry_normal,dry,,ec5d34e0b1a95e55f8e8501412908e4ea1c74d6d4f0f00f5d8d164171942979a,unmapped/extra folder label: dry
dataset/raw/kaggle_oily_dry_normal/Oily-Dry-Skin-Types/train/dry/dry_032318cbaebf6428c00d_jpg.rf.5477a3d0e049e9f089554ee223ea4606.jpg,kaggle_oily_dry_normal,dry,,171ea14002123bb4b9e3f8fc7567ab178e87ac336d1a85b5de29a5a3048645b7,unmapped/extra folder label: dry
dataset/raw/kaggle_oily_dry_normal/Oily-Dry-Skin-Types/train/dry/dry_04ca51612dfa072273cb_jpg.rf.6c52925fcd36e96539ae3badc70c12ba.jpg,kaggle_oily_dry_normal,dry,,97375971adcaf048beae599d70f429a919a3ff0e9d27a65960b5afd01d930f65,unmapped/extra folder label: dry
dataset/raw/kaggle_oily_dry_normal/Oily-Dry-Skin-Types/train/dry/dry_04ca51612dfa072273cb_jpg.rf.9f87ce08efd4f4be9e328c0e790b80b7.jpg,kaggle_oily_dry_normal,dry,,3cebc5a0fe3387591016e73203c0bc843e85f4ae98c5e723aba5dd64f2c6e758,unmapped/extra folder label: dry
dataset/raw/kaggle_oily_dry_normal/Oily-Dry-Skin-Types/train/dry/dry_04ca51612dfa072273cb_jpg.rf.cf786f3d5f2236bf0b0b922667c0f630.jpg,kaggle_oily_dry_normal,dry,,70e3bd15abd5fc8d8b221a8eda2b0a9f56a5c14c09389e7a6181edde9876f857,unmapped/extra folder label: dry
dataset/raw/kaggle_oily_dry_normal/Oily-Dry-Skin-Types/train/dry/dry_058306bb9c7116981e12_jpg.rf.72a504d6572c1832be154eea16271e36.jpg,kaggle_oily_dry_normal,dry,,630ecf5200b1adfa19e7871ccb62d3820dbbf1cd4b4b8e01f85c05c2c2144215,unmapped/extra folder label: dry
dataset/raw/kaggle_oily_dry_normal/Oily-Dry-Skin-Types/train/dry/dry_058306bb9c7116981e12_jpg.rf.7545fc418b0323ee783a046641a05810.jpg,kaggle_oily_dry_normal,dry,,31ad9aadbb8352a9e7cf178b992fbae438272b97990d34bc9d980f6287044f0b,unmapped/extra folder label: dry
dataset/raw/kaggle_oily_dry_normal/Oily-Dry-Skin-Types/train/dry/dry_058306bb9c7116981e12_jpg.rf.b1835a3cf121d65681ece056f959985c.jpg,kaggle_oily_dry_normal,dry,,edfafb40c5f5f7b9c42b418cb15015f5ec154f133084c9bc315b60087577a8f2,unmapped/extra folder label: dry
dataset/raw/kaggle_oily_dry_normal/Oily-Dry-Skin-Types/train/dry/dry_06946fe226d34e9e6666_jpg.rf.47fbdd68eb5304a38bdb36bd5bfd3a34.jpg,kaggle_oily_dry_normal,dry,,d54bc2a2ddd0fb35639f1c620eaeabd6e6de7740e94dd91531b17875a3256646,unmapped/extra folder label: dry
dataset/raw/kaggle_oily_dry_normal/Oily-Dry-Skin-Types/train/dry/dry_06946fe226d34e9e6666_jpg.rf.63e26e07f8754f2a95c596d84cc1c720.jpg,kaggle_oily_dry_normal,dry,,64d637223d7f7f05b844579149486aad385ce21eae6bbc4a3d91bf6fe5c4096f,unmapped/extra folder label: dry
dataset/raw/kaggle_oily_dry_normal/Oily-Dry-Skin-Types/train/dry/dry_06946fe226d34e9e6666_jpg.rf.a7fe2c167e2e7f098383b3ed373c54c6.jpg,kaggle_oily_dry_normal,dry,,15e4d34c8aa1ac827f9bcd61444ef2f9d355ce8eb6ad956b909b76d57ecc320a,unmapped/extra folder label: dry
dataset/raw/kaggle_oily_dry_normal/Oily-Dry-Skin-Types/train/dry/dry_0b973f46a06123d014f1_jpg.rf.6c8b67a3adeacb405e5a10eca2789a5c.jpg,kaggle_oily_dry_normal,dry,,fe9e43471588f3570ef8942be1cd540b95c9a2987371d3ff1e2326836284824a,unmapped/extra folder label: dry
dataset/raw/kaggle_oily_dry_normal/Oily-Dry-Skin-Types/train/dry/dry_0b973f46a06123d014f1_jpg.rf.726d11c1199899c9edff5f3b77ac460f.jpg,kaggle_oily_dry_normal,dry,,122d006d18f81648b1206431fdeef918d02370b40772b01e7f02aa3a355ec9ff,unmapped/extra folder label: dry
dataset/raw/kaggle_oily_dry_normal/Oily-Dry-Skin-Types/train/dry/dry_0b973f46a06123d014f1_jpg.rf.d82b9f0684e07553d77c31a88380a7ba.jpg,kaggle_oily_dry_normal,dry,,4ef3f2f00c98494ad62ac159bd0850900cd112fb46ce4d95962c81f470220bc8,unmapped/extra folder label: dry
dataset/raw/kaggle_oily_dry_normal/Oily-Dry-Skin-Types/train/dry/dry_0e8ee7ea2431e24b4454_jpg.rf.209cdaf5fef7c6bdef100f7e35474c2d.jpg,kaggle_oily_dry_normal,dry,,07a16ee0c90153f3bb35d77e19eb97ee05f7820eeae704907c49bfe052362cd9,unmapped/extra folder label: dry
dataset/raw/kaggle_oily_dry_normal/Oily-Dry-Skin-Types/train/dry/dry_0e8ee7ea2431e24b4454_jpg.rf.298f9d5eae800aeff221f0f5413aae5e.jpg,kaggle_oily_dry_normal,dry,,7a41c19cad278573b6d3c1f69304213c570e125aa2de16b6bdeb20a661a22348,unmapped/extra folder label: dry
dataset/raw/kaggle_oily_dry_normal/Oily-Dry-Skin-Types/train/dry/dry_0e8ee7ea2431e24b4454_jpg.rf.aa886530e94b4d833731d21607c55055.jpg,kaggle_oily_dry_normal,dry,,30b1e2a064deb6b16e66ed23349c063522b3dbac654c94ab8ef6163deff21431,unmapped/extra folder label: dry
dataset/raw/kaggle_oily_dry_normal/Oily-Dry-Skin-Types/train/dry/dry_0efaf2018714dec95f67_jpg.rf.2b39669bfcc5629932db8c86cc8ad2d6.jpg,kaggle_oily_dry_normal,dry,,586c4a40f1e28f0fc31b042462a618027b7dfbc732319a5c0a674b3084afde55,unmapped/extra folder label: dry
dataset/raw/kaggle_oily_dry_normal/Oily-Dry-Skin-Types/train/dry/dry_0efaf2018714dec95f67_jpg.rf.43cdb8d9333182a52f10f6f4144e36e7.jpg,kaggle_oily_dry_normal,dry,,3c689b867e1d57c28332d62263c38c07e8166f4451fcb620f22f2eb45c957ce1,unmapped/extra folder label: dry
dataset/raw/kaggle_oily_dry_normal/Oily-Dry-Skin-Types/train/dry/dry_0efaf2018714dec95f67_jpg.rf.5c60530d610164da05f6d9b5f1fbfbe4.jpg,kaggle_oily_dry_normal,dry,,8c9f30501578a44601a0af3eb3bc6578e38ae3362e203f6e09c9120a44f7d607,unmapped/extra folder label: dry
dataset/raw/kaggle_oily_dry_normal/Oily-Dry-Skin-Types/train/dry/dry_10c7d88f91ac3628c367_jpg.rf.159b08380bff8024bbfbad133f070fa4.jpg,kaggle_oily_dry_normal,dry,,4536686fe5c14297873328a92f84047d48fcbb744cb5e7f10de5aa9bc7fe858e,unmapped/extra folder label: dry
dataset/raw/kaggle_oily_dry_normal/Oily-Dry-Skin-Types/train/dry/dry_10c7d88f91ac3628c367_jpg.rf.8cabd4e502a450a8e27bea4ea73e3971.jpg,kaggle_oily_dry_normal,dry,,4c5a1e75d1d82a2e317f429fab1dd3a704f24043d725c94d00b2407ed849ff3b,unmapped/extra folder label: dry
dataset/raw/kaggle_oily_dry_normal/Oily-Dry-Skin-Types/train/dry/dry_10c7d88f91ac3628c367_jpg.rf.fd1cd63f314636d0dc1d04de3a0f84ac.jpg,kaggle_oily_dry_normal,dry,,a555c4206c3fda5746ebe4a94524c0f6a81063d79fca5888c85305ee5a54e6eb,unmapped/extra folder label: dry
dataset/raw/kaggle_oily_dry_normal/Oily-Dry-Skin-Types/train/dry/dry_11f3317eb0e84a5921ee_jpg.rf.1b0fc9fc2b730fc3d47b02d7224fb1f7.jpg,kaggle_oily_dry_normal,dry,,2364575d67b9f1626d6506dc2ee3adb855314c987677e364d49608bbc35e42b5,unmapped/extra folder label: dry
dataset/raw/kaggle_oily_dry_normal/Oily-Dry-Skin-Types/train/dry/dry_11f3317eb0e84a5921ee_jpg.rf.1d3247c5e78921d7c52af78a6d161719.jpg,kaggle_oily_dry_normal,dry,,6e7342fbe29447ef251ce07993a6253f850cea30e0578653320f54b698e5e756,unmapped/extra folder label: dry
dataset/raw/kaggle_oily_dry_normal/Oily-Dry-Skin-Types/train/dry/dry_11f3317eb0e84a5921ee_jpg.rf.809d3c43373f6f44be8a628bbb613bad.jpg,kaggle_oily_dry_normal,dry,,20bc503db47f2cc55739c6bd55d5002350074964b4857cea7d1dc73ab9b2e2d2,unmapped/extra folder label: dry
dataset/raw/kaggle_oily_dry_normal/Oily-Dry-Skin-Types/train/dry/dry_12161204e3915bc8f99d_jpg.rf.2fe97a7064247847eaa463761388baf7.jpg,kaggle_oily_dry_normal,dry,,0e62a8ddb182e9ed1cfd8e8bdce83c40868cf5835724a290b793bc72ba252ada,unmapped/extra folder label: dry
dataset/raw/kaggle_oily_dry_normal/Oily-Dry-Skin-Types/train/dry/dry_12161204e3915bc8f99d_jpg.rf.62d098d0015a955d100b8870ae0b86c1.jpg,kaggle_oily_dry_normal,dry,,9e6ed14f4734d119db81e3a63f224a65ca5f89c59617f7d1096036fa7a2bd995,unmapped/extra folder label: dry
dataset/raw/kaggle_oily_dry_normal/Oily-Dry-Skin-Types/train/dry/dry_12161204e3915bc8f99d_jpg.rf.8f4ca9568b58145ab9ec60531546e778.jpg,kaggle_oily_dry_normal,dry,,c00a3977946b7140f2859197e058b5711b78f9b224f6927c289082677cc72d8c,unmapped/extra folder label: dry
dataset/raw/kaggle_oily_dry_normal/Oily-Dry-Skin-Types/train/dry/dry_12452a61218e358e7cfc_jpg.rf.6a7c898c1c471cf0c00436bcc7b745e9.jpg,kaggle_oily_dry_normal,dry,,6b53edc7f8cb406a23687efdfa307076f292f697e2e1d98058fa9bbd84dfe30a,unmapped/extra folder label: dry
dataset/raw/kaggle_oily_dry_normal/Oily-Dry-Skin-Types/train/dry/dry_12452a61218e358e7cfc_jpg.rf.d0bd5b4326c399702fc342c3a05ebb18.jpg,kaggle_oily_dry_normal,dry,,a33d27c45d864ef357207f6b165e5fceaa7f0542e7bf02835c1df4dc9c76c4c5,unmapped/extra folder label: dry
dataset/raw/kaggle_oily_dry_normal/Oily-Dry-Skin-Types/train/dry/dry_12452a61218e358e7cfc_jpg.rf.ef811e11e9ebadfbedaf3ac12a6bb2a4.jpg,kaggle_oily_dry_normal,dry,,634139fd4a7eaf3f12c78375f7b8e9a348609ebd80a320cead2075e85ce96432,unmapped/extra folder label: dry
dataset/raw/kaggle_oily_dry_normal/Oily-Dry-Skin-Types/train/dry/dry_1338ae3e58b41aad9cac_jpg.rf.07f2143d300c5ebc494548f2566723dd.jpg,kaggle_oily_dry_normal,dry,,6afb32f62b372f095cf9d23a9c93c183b6ba3a6276167fc97582bf9fe9082f75,unmapped/extra folder label: dry
dataset/raw/kaggle_oily_dry_normal/Oily-Dry-Skin-Types/train/dry/dry_1338ae3e58b41aad9cac_jpg.rf.379f434315a89d6ab5578191a58fd6e5.jpg,kaggle_oily_dry_normal,dry,,1ecf327be942f20d633fbccdfc6b1493acfe35acf46150462c9b494c275a8b0f,unmapped/extra folder label: dry
dataset/raw/kaggle_oily_dry_normal/Oily-Dry-Skin-Types/train/dry/dry_1338ae3e58b41aad9cac_jpg.rf.f2b62021ae9be527700839b773a7c6bb.jpg,kaggle_oily_dry_normal,dry,,989fd683e5164430a25770f393d3d9f43404bfe2aad453124881f3faba9cb678,unmapped/extra folder label: dry
dataset/raw/kaggle_oily_dry_normal/Oily-Dry-Skin-Types/train/dry/dry_13829ede1123951435b3_jpg.rf.098e1c749ac78f091eb3de25ad049543.jpg,kaggle_oily_dry_normal,dry,,3e0e1753d38ff387596a77e3d578a4531e9038458249c18f34a8472ad78eff30,unmapped/extra folder label: dry
dataset/raw/kaggle_oily_dry_normal/Oily-Dry-Skin-Types/train/dry/dry_13829ede1123951435b3_jpg.rf.8a7be0b2db26b9e3fb50272b1aec31e5.jpg,kaggle_oily_dry_normal,dry,,5caaa16e76b38965f2ee626e21fc445bba2e23d1335f161d2855441076a4c46f,unmapped/extra folder label: dry
dataset/raw/kaggle_oily_dry_normal/Oily-Dry-Skin-Types/train/dry/dry_13829ede1123951435b3_jpg.rf.ae4cccbe1a7cde1448099ec9c73c23a4.jpg,kaggle_oily_dry_normal,dry,,1a93ad6a9811b24fb0d3a5b3131262383fb4451c622123084903e521ecbff1a6,unmapped/extra folder label: dry
dataset/raw/kaggle_oily_dry_normal/Oily-Dry-Skin-Types/train/dry/dry_138be1a65d93b69932ce_jpg.rf.8226bceddd53fa26c646c71c7c011526.jpg,kaggle_oily_dry_normal,dry,,69554d82a5fdfdccd0f987a9165cf1311070a04ca688eca0ace9a0a04f9cca3b,unmapped/extra folder label: dry
dataset/raw/kaggle_oily_dry_normal/Oily-Dry-Skin-Types/train/dry/dry_138be1a65d93b69932ce_jpg.rf.cf59b969adeedc16bc2cbec12f181049.jpg,kaggle_oily_dry_normal,dry,,a74aed5ec3685c27cbe580186ef4e49ad12a5793f8b49afdc0087f57f16545c7,unmapped/extra folder label: dry
dataset/raw/kaggle_oily_dry_normal/Oily-Dry-Skin-Types/train/dry/dry_138be1a65d93b69932ce_jpg.rf.f9094ded7fde92f90a30a1e0bbe12f73.jpg,kaggle_oily_dry_normal,dry,,c8edde5c4be04dcbaa2deecd1c842695e2a171df1f5e9f99f6124c43da85fc5c,unmapped/extra folder label: dry
dataset/raw/kaggle_oily_dry_normal/Oily-Dry-Skin-Types/train/dry/dry_1399be9d152826c45d3c_jpg.rf.58b6ceb65f3e7460b39c099fac5d780c.jpg,kaggle_oily_dry_normal,dry,,42c9c1dd1f1da40d3290809792a89e41fa3210c130b2ce19099bf3373acce372,unmapped/extra folder label: dry
dataset/raw/kaggle_oily_dry_normal/Oily-Dry-Skin-Types/train/dry/dry_1399be9d152826c45d3c_jpg.rf.71a5803f0a1df3ad8c0fd43ee164b9f3.jpg,kaggle_oily_dry_normal,dry,,34f3c5c760e5bb97d3c458884c23be7b32dbef44916b49c6eef3d6e41d4b8d13,unmapped/extra folder label: dry
dataset/raw/kaggle_oily_dry_normal/Oily-Dry-Skin-Types/train/dry/dry_1399be9d152826c45d3c_jpg.rf.ac2217e5c9614166fb35c745ec32848a.jpg,kaggle_oily_dry_normal,dry,,bf3ca547f6e1afee17535db765fb33c47f8d6443bac38eae30edd82fc5469268,unmapped/extra folder label: dry
dataset/raw/kaggle_oily_dry_normal/Oily-Dry-Skin-Types/train/dry/dry_145f87e0de026798bef1_jpg.rf.44d9e34b4987205bfeb3be2709f71b20.jpg,kaggle_oily_dry_normal,dry,,055845750670a8cdd78bb0c87cd0a2688f1ec3a4b9294529a32bdb77755a6597,unmapped/extra folder label: dry
dataset/raw/kaggle_oily_dry_normal/Oily-Dry-Skin-Types/train/dry/dry_145f87e0de026798bef1_jpg.rf.59ad1586ce708b7521f8850f00d3c1f0.jpg,kaggle_oily_dry_normal,dry,,675ed49a9fdc1fcb83b960576a842a9c0722e269b8c112ef1f5bab28b574f27b,unmapped/extra folder label: dry
dataset/raw/kaggle_oily_dry_normal/Oily-Dry-Skin-Types/train/dry/dry_145f87e0de026798bef1_jpg.rf.59b41e935548bf7692a2b80853f6c73f.jpg,kaggle_oily_dry_normal,dry,,30af75c566eb8b241337416479140bfc5a0b722c61e57c2a8c623a802204b0fc,unmapped/extra folder label: dry
dataset/raw/kaggle_oily_dry_normal/Oily-Dry-Skin-Types/train/dry/dry_1922ac7cdc0750825c6b_jpg.rf.45b56d69e9fff765de315bd219c9aa7f.jpg,kaggle_oily_dry_normal,dry,,5fe01088bd96c3386849a831c27516c08916008ad63e8c709f6a5028b4e5f9b1,unmapped/extra folder label: dry
dataset/raw/kaggle_oily_dry_normal/Oily-Dry-Skin-Types/train/dry/dry_1922ac7cdc0750825c6b_jpg.rf.4da75615e4af401fa676d060e866e0f0.jpg,kaggle_oily_dry_normal,dry,,f4100aaa772ee19159a999c3c31cedb9b261be05e4ddf373a977c8118d1db84a,unmapped/extra folder label: dry
dataset/raw/kaggle_oily_dry_normal/Oily-Dry-Skin-Types/train/dry/dry_1922ac7cdc0750825c6b_jpg.rf.ad9d1e4e397005de71c0b3a6bf119c58.jpg,kaggle_oily_dry_normal,dry,,cef686dd35066e52af5509ab1bb12a51db9ffa61fd20204f82289d5e0fde2b6d,unmapped/extra folder label: dry
dataset/raw/kaggle_oily_dry_normal/Oily-Dry-Skin-Types/train/dry/dry_1a196382bc7b0b07e942_jpg.rf.2587124fbe3f5768d1ba7d68cf3bc742.jpg,kaggle_oily_dry_normal,dry,,e91e30817b41a5b42b0845767af4fd591034839bb2393dfdea137e71d18ea993,unmapped/extra folder label: dry
dataset/raw/kaggle_oily_dry_normal/Oily-Dry-Skin-Types/train/dry/dry_1a196382bc7b0b07e942_jpg.rf.aa2d66342d769faf20f95b02b54817df.jpg,kaggle_oily_dry_normal,dry,,9d8a902c0b8c6ec38ce0d6fa4f39a8e39621badbfec652a6ee8fbb2a7319d655,unmapped/extra folder label: dry
dataset/raw/kaggle_oily_dry_normal/Oily-Dry-Skin-Types/train/dry/dry_1a196382bc7b0b07e942_jpg.rf.c99735449b747f99d38a18370a71ac2c.jpg,kaggle_oily_dry_normal,dry,,d3ae54b0813331e454968824f18ea3912ef1117d25022955cd619048049d836d,unmapped/extra folder label: dry
dataset/raw/kaggle_oily_dry_normal/Oily-Dry-Skin-Types/train/dry/dry_1b746573a6a4d2e6e0f8_jpg.rf.0738a6f2a52439d7cafe109c1fafffd2.jpg,kaggle_oily_dry_normal,dry,,3801da1b8dce8ecb069fbb0c431dd53534ee69534ef0be25f16d5077335040f8,unmapped/extra folder label: dry
dataset/raw/kaggle_oily_dry_normal/Oily-Dry-Skin-Types/train/dry/dry_1b746573a6a4d2e6e0f8_jpg.rf.80f2080ec5f41e6144a26dc53418b138.jpg,kaggle_oily_dry_normal,dry,,21f1c667a871b60f8349c565a25467e63efe7196fbbd507d5b6bd601564ecafd,unmapped/extra folder label: dry
dataset/raw/kaggle_oily_dry_normal/Oily-Dry-Skin-Types/train/dry/dry_1b746573a6a4d2e6e0f8_jpg.rf.b09946ba923a5cd69a3eb84417acbb90.jpg,kaggle_oily_dry_normal,dry,,94685d7911274992112958ec69eb86e382d3fbf835ada8109702ce6b42e80663,unmapped/extra folder label: dry
dataset/raw/kaggle_oily_dry_normal/Oily-Dry-Skin-Types/train/dry/dry_1ba1c0dbc35fd9281ee8_jpg.rf.775c20c3caa4c4e0bfd10e257eeba50b.jpg,kaggle_oily_dry_normal,dry,,4ff1c1b2fda57248120b6d4d1e67ecd9d02e6f35732037407fb1fded3e68bb5b,unmapped/extra folder label: dry
dataset/raw/kaggle_oily_dry_normal/Oily-Dry-Skin-Types/train/dry/dry_1ba1c0dbc35fd9281ee8_jpg.rf.91b0b105873e5b8b4efeb37ff0e9705d.jpg,kaggle_oily_dry_normal,dry,,d9400a01fd7ccad4438bc1ebef11f4d3a3c795703cd6ede6ad476410624a84d9,unmapped/extra folder label: dry
dataset/raw/kaggle_oily_dry_normal/Oily-Dry-Skin-Types/train/dry/dry_1ba1c0dbc35fd9281ee8_jpg.rf.e8fc92bdf8eeb35240e4d5980aed8f68.jpg,kaggle_oily_dry_normal,dry,,84a44e7593bf4d71f5b6dc9af0abf8b16b8c2050bdc2a3df7e38c85926480263,unmapped/extra folder label: dry
dataset/raw/kaggle_oily_dry_normal/Oily-Dry-Skin-Types/train/dry/dry_1c1e08ebb844cf314172_jpg.rf.076641b31cdf1ed8401472d8bae2f159.jpg,kaggle_oily_dry_normal,dry,,704c236f9bf72d98746bf41fd79354553d69ac34c876cfc6a25506fd87e059b3,unmapped/extra folder label: dry
dataset/raw/kaggle_oily_dry_normal/Oily-Dry-Skin-Types/train/dry/dry_1c1e08ebb844cf314172_jpg.rf.2a64dd042d3f4f7bbfe7e2c688a88f39.jpg,kaggle_oily_dry_normal,dry,,563ad1fd2b8bac3b1774c5a628b7c4f95b4355e726c974962cfe2d793566f4b1,unmapped/extra folder label: dry
dataset/raw/kaggle_oily_dry_normal/Oily-Dry-Skin-Types/train/dry/dry_1c1e08ebb844cf314172_jpg.rf.b606b10545cbfdc247abda08e50d23c5.jpg,kaggle_oily_dry_normal,dry,,370a10fbdfa820afa4b3c431da28cf810a61092655f1d0fdef4929937a514c6c,unmapped/extra folder label: dry
dataset/raw/kaggle_oily_dry_normal/Oily-Dry-Skin-Types/train/dry/dry_1c6eb0a63898fa231b61_jpg.rf.1e416c554e67a1cd61d5a39bbcc7d396.jpg,kaggle_oily_dry_normal,dry,,42e1b8dc026f4c8dee32a2efd6f513ad8750b6ec3985703b927b278f02a0c0ca,unmapped/extra folder label: dry
dataset/raw/kaggle_oily_dry_normal/Oily-Dry-Skin-Types/train/dry/dry_1c6eb0a63898fa231b61_jpg.rf.465a13ea32fed3e06d8a15bda4cfa11d.jpg,kaggle_oily_dry_normal,dry,,ceeacdc66ec7354ee2f5d4ce4bab6898c9dcb2ee00cd006ce59c0651ad647b17,unmapped/extra folder label: dry
dataset/raw/kaggle_oily_dry_normal/Oily-Dry-Skin-Types/train/dry/dry_1c6eb0a63898fa231b61_jpg.rf.5fbdf5b7ed73ba991b5aa4d1dd005831.jpg,kaggle_oily_dry_normal,dry,,18f5f90dd36b22441775578b6cbf89e3563eda360edeef9495df920753295d79,unmapped/extra folder label: dry
dataset/raw/kaggle_oily_dry_normal/Oily-Dry-Skin-Types/train/dry/dry_1d484c5c6efe77be4aa0_jpg.rf.382677a03d597baeb4af73c441e950ad.jpg,kaggle_oily_dry_normal,dry,,9a690f8efdfb2ef12d36b134d6fc9a00585028e6b4afdbf41325773c8fff10c3,unmapped/extra folder label: dry
dataset/raw/kaggle_oily_dry_normal/Oily-Dry-Skin-Types/train/dry/dry_1d484c5c6efe77be4aa0_jpg.rf.45b7cfc7e1f62b0c83f1544bc88aeead.jpg,kaggle_oily_dry_normal,dry,,ca8aea766b04fdb1c4eb4eaff8244b14305f5d85b543113dedf2da305c522b3e,unmapped/extra folder label: dry
dataset/raw/kaggle_oily_dry_normal/Oily-Dry-Skin-Types/train/dry/dry_1d484c5c6efe77be4aa0_jpg.rf.537af66757d7cbe7290d395aa8e1a830.jpg,kaggle_oily_dry_normal,dry,,63ede9604f2da76436a976c06aeb75b8b1234028f7ec25f989d04e446f5ed305,unmapped/extra folder label: dry
dataset/raw/kaggle_oily_dry_normal/Oily-Dry-Skin-Types/train/dry/dry_1dabdd66be036b73a031_jpg.rf.212fd3ccc8286080e5e530e30be70311.jpg,kaggle_oily_dry_normal,dry,,c2a4db4f7309a67d71348a0a7827ceadcb3199cb347c3750b9f432ec49c0ee37,unmapped/extra folder label: dry
dataset/raw/kaggle_oily_dry_normal/Oily-Dry-Skin-Types/train/dry/dry_1dabdd66be036b73a031_jpg.rf.427f6d02cd55d739d4b3d98d0d7c0989.jpg,kaggle_oily_dry_normal,dry,,9c21179129587e5eacff321213085b143c2dd1ce20ea227801a9f4132d8532a5,unmapped/extra folder label: dry
dataset/raw/kaggle_oily_dry_normal/Oily-Dry-Skin-Types/train/dry/dry_1dabdd66be036b73a031_jpg.rf.d29c9671e08ca43a5d6bd40085790ff3.jpg,kaggle_oily_dry_normal,dry,,d25e55fef7148142d50e658b4f3f78c17cc069a258c04aa686de8cb9bd19fcb7,unmapped/extra folder label: dry
dataset/raw/kaggle_oily_dry_normal/Oily-Dry-Skin-Types/train/dry/dry_1deb5336e3f6f15edba3_jpg.rf.1e8c45040e0f3da891909e5aac04c107.jpg,kaggle_oily_dry_normal,dry,,3fa0eefb575f82930ed7d5375de18035db1ff2db03c449eebd75f8362259241b,unmapped/extra folder label: dry
dataset/raw/kaggle_oily_dry_normal/Oily-Dry-Skin-Types/train/dry/dry_1deb5336e3f6f15edba3_jpg.rf.3ced57f000f70313e41b2e8a58a5b407.jpg,kaggle_oily_dry_normal,dry,,5735d269ed5bdccac82f6d63efa1217966639d4e2783834a4a3e0dcf9c99c2be,unmapped/extra folder label: dry
dataset/raw/kaggle_oily_dry_normal/Oily-Dry-Skin-Types/train/dry/dry_1deb5336e3f6f15edba3_jpg.rf.e5f6a4479b4bc8617794f97c74ffb8e6.jpg,kaggle_oily_dry_normal,dry,,05d624ea015c537f10b8610e11b2c33fe5d586740817573d88086444c57cb4ff,unmapped/extra folder label: dry
dataset/raw/kaggle_oily_dry_normal/Oily-Dry-Skin-Types/train/dry/dry_1f55332514604c83ba14_jpg.rf.199f4ae77ae39fd1627dcab855d97baf.jpg,kaggle_oily_dry_normal,dry,,5941f6eb805771aca825f0674aec49fa9d791d5362c2b09cfef9a4e2fb4130bb,unmapped/extra folder label: dry
dataset/raw/kaggle_oily_dry_normal/Oily-Dry-Skin-Types/train/dry/dry_1f55332514604c83ba14_jpg.rf.7e58ce7d9d88c3fb0cc335a64558c3bf.jpg,kaggle_oily_dry_normal,dry,,66e998076f631b65bd3c5283a0c0b3751eb05788ef19c62ef79353da078c1a06,unmapped/extra folder label: dry
dataset/raw/kaggle_oily_dry_normal/Oily-Dry-Skin-Types/train/dry/dry_1f55332514604c83ba14_jpg.rf.8356613ca36880a1d11d78da1d0fc3ec.jpg,kaggle_oily_dry_normal,dry,,726504a65c8b31d57a5ca6358e151618b2413d2cdcfab0debf178c8d868dbcb6,unmapped/extra folder label: dry
dataset/raw/kaggle_oily_dry_normal/Oily-Dry-Skin-Types/train/dry/dry_1f7d8c0aeed1b8fb91af_jpg.rf.1dd00d4634727a936f495a01c6923b4f.jpg,kaggle_oily_dry_normal,dry,,6082bc0d791fea8bcf0930f05a7162d7051ec62ab8ca34eb530da655d4e5fa67,unmapped/extra folder label: dry
dataset/raw/kaggle_oily_dry_normal/Oily-Dry-Skin-Types/train/dry/dry_1f7d8c0aeed1b8fb91af_jpg.rf.8d19a9f7bf31cbe0ef78a4a7d636d936.jpg,kaggle_oily_dry_normal,dry,,58a98a0f73e7eb662cc55c01780c2a2cc82e08b54272ca37c622c6a7e12ebccf,unmapped/extra folder label: dry
dataset/raw/kaggle_oily_dry_normal/Oily-Dry-Skin-Types/train/dry/dry_1f7d8c0aeed1b8fb91af_jpg.rf.bdeaeb438b9c8c54adf3d3c04a25f2b9.jpg,kaggle_oily_dry_normal,dry,,7b0b8bff898f306577aeec9572c8446996612cb89c86891bdb4aaf4fa7da8f0f,unmapped/extra folder label: dry
dataset/raw/kaggle_oily_dry_normal/Oily-Dry-Skin-Types/train/dry/dry_1fb55f4933e9e43d9ab9_jpg.rf.0afbe64bca9bcc9a76fd23665762f45c.jpg,kaggle_oily_dry_normal,dry,,cf82c2af147deb3d1d50b66d2ca813592020ed1d0c74787a07000d079d9a404e,unmapped/extra folder label: dry
dataset/raw/kaggle_oily_dry_normal/Oily-Dry-Skin-Types/train/dry/dry_1fb55f4933e9e43d9ab9_jpg.rf.cd6661ee2710ee3307f10ce91852e0b0.jpg,kaggle_oily_dry_normal,dry,,47ef2b1d046f187ae23be5c2b369b131145578108889050eee88854e21829ef7,unmapped/extra folder label: dry
dataset/raw/kaggle_oily_dry_normal/Oily-Dry-Skin-Types/train/dry/dry_1fb55f4933e9e43d9ab9_jpg.rf.e0335a9d942f0be1d8e2df30617bf044.jpg,kaggle_oily_dry_normal,dry,,c26749e8a31aaed1b84f96d8c28f3af46798faac42d0f4729a4d4f8e0dbe9f01,unmapped/extra folder label: dry
dataset/raw/kaggle_oily_dry_normal/Oily-Dry-Skin-Types/train/dry/dry_2069f90c89015e5d3f67_jpg.rf.1b16b06d9f4b800f09d93817e91a50d7.jpg,kaggle_oily_dry_normal,dry,,19cdc4893e019cba30d548f71492356b717be2d8ad3b3f93705c0b23cb52b701,unmapped/extra folder label: dry
dataset/raw/kaggle_oily_dry_normal/Oily-Dry-Skin-Types/train/dry/dry_2069f90c89015e5d3f67_jpg.rf.400e4cc9bac983152723b97dc6b59738.jpg,kaggle_oily_dry_normal,dry,,a1d7b230c297a3910a3de605a1437d348e170a27b584267bc55b14bdedd7b3f8,unmapped/extra folder label: dry
dataset/raw/kaggle_oily_dry_normal/Oily-Dry-Skin-Types/train/dry/dry_2069f90c89015e5d3f67_jpg.rf.63f76677087f7481008d71d12190a85e.jpg,kaggle_oily_dry_normal,dry,,d30d7f178dbd4a78adea7590481e5ce70fbe62882d1a215cc63753871d05f942,unmapped/extra folder label: dry
dataset/raw/kaggle_oily_dry_normal/Oily-Dry-Skin-Types/train/dry/dry_206a58c565ba2dde9453_jpg.rf.83db6af5994af2850c4994df547de76b.jpg,kaggle_oily_dry_normal,dry,,ff88ddb2ba559cea5d6b9822516dc88805ac2daf42c6cc3c3a2f423c58607524,unmapped/extra folder label: dry
dataset/raw/kaggle_oily_dry_normal/Oily-Dry-Skin-Types/train/dry/dry_206a58c565ba2dde9453_jpg.rf.a7aad1b1d9aefeb0af09c99551aed0dd.jpg,kaggle_oily_dry_normal,dry,,dcb909cb5175ce6d115b949d22b36848c8845e81a531c826dfca338b5814d402,unmapped/extra folder label: dry
dataset/raw/kaggle_oily_dry_normal/Oily-Dry-Skin-Types/train/dry/dry_206a58c565ba2dde9453_jpg.rf.d934acc311f0224ed42afffe66d3fdbc.jpg,kaggle_oily_dry_normal,dry,,3ee25da55356c4e69e319253fe1b15d6ea25e908e2a2557a0c0aedfa4913eae1,unmapped/extra folder label: dry
dataset/raw/kaggle_oily_dry_normal/Oily-Dry-Skin-Types/train/dry/dry_22a09a1a20f039ef8ef3_jpg.rf.064c0210e6c708cd00b3da2b66c528f6.jpg,kaggle_oily_dry_normal,dry,,a1e36358236aeb3110ce21c4a3eeb0f05a4400afc4132788876a144847a69f47,unmapped/extra folder label: dry
dataset/raw/kaggle_oily_dry_normal/Oily-Dry-Skin-Types/train/dry/dry_22a09a1a20f039ef8ef3_jpg.rf.0b654d673079fce3ebfd0b57115fe7ff.jpg,kaggle_oily_dry_normal,dry,,2fce398ee52dc067c5f3383248309d9a7a021aab311e1dd4daf0336a7ca6e438,unmapped/extra folder label: dry
dataset/raw/kaggle_oily_dry_normal/Oily-Dry-Skin-Types/train/dry/dry_22a09a1a20f039ef8ef3_jpg.rf.1e1cafb9b161513a50256cad5cddb6f0.jpg,kaggle_oily_dry_normal,dry,,80edb36e1fdbb8eeb2eede909e98a2f436f9c39d593fe0d1b4fb3d3bad78d5ee,unmapped/extra folder label: dry
dataset/raw/kaggle_oily_dry_normal/Oily-Dry-Skin-Types/train/dry/dry_22be415f8b1e593e9a5f_jpg.rf.2fdc8db36549e19c21d992257f4d0a96.jpg,kaggle_oily_dry_normal,dry,,45d95c098f6b37479b1d8c7925801948cbbb9b4d11e370bcfd1cf5fa4874e28d,unmapped/extra folder label: dry
dataset/raw/kaggle_oily_dry_normal/Oily-Dry-Skin-Types/train/dry/dry_22be415f8b1e593e9a5f_jpg.rf.bf3a2de6fdbc343481b5fd56d837850b.jpg,kaggle_oily_dry_normal,dry,,0fc86535384df2bac887faf913144ea60745127806f202a9945a8643c21b8a3d,unmapped/extra folder label: dry
dataset/raw/kaggle_oily_dry_normal/Oily-Dry-Skin-Types/train/dry/dry_22be415f8b1e593e9a5f_jpg.rf.ee84c9e555bd4bb07eea31c8be08ef0c.jpg,kaggle_oily_dry_normal,dry,,a899b5728568fd34ca10778cef0bb5979ebe9ab6795f942839b6a4dd8cdaf115,unmapped/extra folder label: dry
dataset/raw/kaggle_oily_dry_normal/Oily-Dry-Skin-Types/train/dry/dry_24ac10fcdac02b8dce2c_jpg.rf.47f1e955aceb98c3208ba64d07ef4fc4.jpg,kaggle_oily_dry_normal,dry,,c3432faa0a5ef46bf33f21266cc4ecaee327bd31b627bddcf40b9ad17fcd10ac,unmapped/extra folder label: dry
dataset/raw/kaggle_oily_dry_normal/Oily-Dry-Skin-Types/train/dry/dry_24ac10fcdac02b8dce2c_jpg.rf.4f9681185a9046bc675bfd03e482eadc.jpg,kaggle_oily_dry_normal,dry,,4a14ca04f4e4e778af99d63a55e488f0ddd7e8cc48d46e0918a7d13c1573e59a,unmapped/extra folder label: dry
dataset/raw/kaggle_oily_dry_normal/Oily-Dry-Skin-Types/train/dry/dry_24ac10fcdac02b8dce2c_jpg.rf.75b4fddb02f9b24c27832760d97816dd.jpg,kaggle_oily_dry_normal,dry,,f051441ce0765d2a5ff2608b85d843585844e9a0e34a3a023f4fa0ad82a50445,unmapped/extra folder label: dry
dataset/raw/kaggle_oily_dry_normal/Oily-Dry-Skin-Types/train/dry/dry_26175c7d05e99f703b8c_jpg.rf.3042d96b0e32e91d235f633a8f875e3b.jpg,kaggle_oily_dry_normal,dry,,c3f67c1b608fda42742756ff38dbc6d6f5e455b70ce5c69981f35b34ac502dcb,unmapped/extra folder label: dry
dataset/raw/kaggle_oily_dry_normal/Oily-Dry-Skin-Types/train/dry/dry_26175c7d05e99f703b8c_jpg.rf.86998fa629ca99cc6d2dea32b0d96460.jpg,kaggle_oily_dry_normal,dry,,1b4ec4538568ae24178dae5855c6d78d06e02e8c5202d9267772dcbfc1455771,unmapped/extra folder label: dry
dataset/raw/kaggle_oily_dry_normal/Oily-Dry-Skin-Types/train/dry/dry_26175c7d05e99f703b8c_jpg.rf.bf7cced5488638a7237ee929085f4954.jpg,kaggle_oily_dry_normal,dry,,2d595a3d64ea2a1eebce9056a74f6cf206c26b832d2988656d10a2f21cb27852,unmapped/extra folder label: dry
dataset/raw/kaggle_oily_dry_normal/Oily-Dry-Skin-Types/train/dry/dry_28518b0555ef5eeceec9_jpg.rf.5122884b927aab41c6e2bd8ff82e3bf3.jpg,kaggle_oily_dry_normal,dry,,1e5fd9224703d93a131cd8d12b1e8e58a4b70b939fed44835a71a60a31f55bb5,unmapped/extra folder label: dry
dataset/raw/kaggle_oily_dry_normal/Oily-Dry-Skin-Types/train/dry/dry_28518b0555ef5eeceec9_jpg.rf.aa10a0da5d999ae20d91fee3bf7448cb.jpg,kaggle_oily_dry_normal,dry,,53cb41b0984789ef27b9ca9ad86180e8a40607bc882b2a2ecc90dfaa5141d6c4,unmapped/extra folder label: dry
dataset/raw/kaggle_oily_dry_normal/Oily-Dry-Skin-Types/train/dry/dry_28518b0555ef5eeceec9_jpg.rf.e36df4574c7eca3cafe2bcee0e5e0542.jpg,kaggle_oily_dry_normal,dry,,6cd710450e4541b2851c42a94c6ddc2e2790fc42eb6d500a7944b920204c292a,unmapped/extra folder label: dry
dataset/raw/kaggle_oily_dry_normal/Oily-Dry-Skin-Types/train/dry/dry_28ed5ad73d24f5b7fb69_jpg.rf.187f3533f87bb8c7be409ffd0f5c7be4.jpg,kaggle_oily_dry_normal,dry,,fdd88bc07a626a755e254ac97af1425750f0457385ce7d44159ed11d4678fc74,unmapped/extra folder label: dry
dataset/raw/kaggle_oily_dry_normal/Oily-Dry-Skin-Types/train/dry/dry_28ed5ad73d24f5b7fb69_jpg.rf.7d0ab7248c7246be95f9216c2f8af6af.jpg,kaggle_oily_dry_normal,dry,,5581b550ea481485e16e8e59f5f1d7b8475d0eaaebd6e089fea7f5327dee7369,unmapped/extra folder label: dry
dataset/raw/kaggle_oily_dry_normal/Oily-Dry-Skin-Types/train/dry/dry_28ed5ad73d24f5b7fb69_jpg.rf.c1a1115cf133b30ca9f39411a2f706a8.jpg,kaggle_oily_dry_normal,dry,,d12844c83e8515c7432e165261df57a5f955722a3b100835762eaf3191e13b26,unmapped/extra folder label: dry
dataset/raw/kaggle_oily_dry_normal/Oily-Dry-Skin-Types/train/dry/dry_2bb5bbfc1d4e4c38a0f3_jpg.rf.1fea8c5cfd79600962e5b42f656c5e97.jpg,kaggle_oily_dry_normal,dry,,3b1db3aa3c6055ff41cc584f99808179e4f61aa974b6d9be7b1e78e87f0de8af,unmapped/extra folder label: dry
dataset/raw/kaggle_oily_dry_normal/Oily-Dry-Skin-Types/train/dry/dry_2bb5bbfc1d4e4c38a0f3_jpg.rf.6459712f728054f6597ca28427e813e5.jpg,kaggle_oily_dry_normal,dry,,0d357931da5cfe4db988699690a072a06422af3481225f8e4d994daa97a86193,unmapped/extra folder label: dry
dataset/raw/kaggle_oily_dry_normal/Oily-Dry-Skin-Types/train/dry/dry_2bb5bbfc1d4e4c38a0f3_jpg.rf.f5b4b0289a0b0675e5405ae941042a8e.jpg,kaggle_oily_dry_normal,dry,,7c979bb80dc9bd1cca7dc5c645f14e732f9a6f7ba6cacbba6127b16cc072cb19,unmapped/extra folder label: dry
dataset/raw/kaggle_oily_dry_normal/Oily-Dry-Skin-Types/train/dry/dry_2c43ed302a353bb5ddff_jpg.rf.24ebe1aad35625ef0c0f5989541593c1.jpg,kaggle_oily_dry_normal,dry,,702a4d30cc4a33268e5776930e099eacc86f6bb179ca917ad279cea7d8de3a5e,unmapped/extra folder label: dry
dataset/raw/kaggle_oily_dry_normal/Oily-Dry-Skin-Types/train/dry/dry_2c43ed302a353bb5ddff_jpg.rf.8ee6a1137095fed758a4380b4bb364b7.jpg,kaggle_oily_dry_normal,dry,,c2cf6f38c8ececd02b29c78864778fc882ece5662418ac4c7d943fcd9465c24e,unmapped/extra folder label: dry
dataset/raw/kaggle_oily_dry_normal/Oily-Dry-Skin-Types/train/dry/dry_2c43ed302a353bb5ddff_jpg.rf.ace8703a6e8e51584a9beb40a4e4a0c3.jpg,kaggle_oily_dry_normal,dry,,02fc05e927fecf33c76cafd90c57b876e1323cb7373d058c4683600fb7ddcfdb,unmapped/extra folder label: dry
dataset/raw/kaggle_oily_dry_normal/Oily-Dry-Skin-Types/train/dry/dry_2d8e355df5d83c144fb5_jpg.rf.1c3c21b81b2500ecb2493cfdeb574992.jpg,kaggle_oily_dry_normal,dry,,4eee7d9cf7521d91b21ceb9e54b3c16fb744172f58ea516efc9b787d0f859c76,unmapped/extra folder label: dry
dataset/raw/kaggle_oily_dry_normal/Oily-Dry-Skin-Types/train/dry/dry_2d8e355df5d83c144fb5_jpg.rf.e60baf3337477f519d9bce019be48a79.jpg,kaggle_oily_dry_normal,dry,,8933f5a9d67e4ff2533393e2f535924a8f308880054fc9eb06d6d9c9b25af8dd,unmapped/extra folder label: dry
dataset/raw/kaggle_oily_dry_normal/Oily-Dry-Skin-Types/train/dry/dry_2d8e355df5d83c144fb5_jpg.rf.ff1f5beb9d909b334f2630ee16b7a093.jpg,kaggle_oily_dry_normal,dry,,b786a21e9c717fce5f0bc72fbe830678923412f539d1130c945e06c90cd58555,unmapped/extra folder label: dry
dataset/raw/kaggle_oily_dry_normal/Oily-Dry-Skin-Types/train/dry/dry_2e146ad87fce1456587f_jpg.rf.6580046c6a99095515e20210b1df79c9.jpg,kaggle_oily_dry_normal,dry,,f8bdb01910ac2316166d13b4f953b46305e4fd28265803e42225ca61518e8a6f,unmapped/extra folder label: dry
dataset/raw/kaggle_oily_dry_normal/Oily-Dry-Skin-Types/train/dry/dry_2e146ad87fce1456587f_jpg.rf.6ad600cfe10f580215cbaf3d8a1fbe7e.jpg,kaggle_oily_dry_normal,dry,,5f696c53d0e9b8f1798cefd90b4b473c25d8a5f311e3a48610d5542eba65ea8b,unmapped/extra folder label: dry
dataset/raw/kaggle_oily_dry_normal/Oily-Dry-Skin-Types/train/dry/dry_2e146ad87fce1456587f_jpg.rf.6defe7302af120a132391aca4e4fef5a.jpg,kaggle_oily_dry_normal,dry,,f3e039eb16ea6649564435caa070e4d2bbb1f2b9fbff995d3622fd863826a056,unmapped/extra folder label: dry
dataset/raw/kaggle_oily_dry_normal/Oily-Dry-Skin-Types/train/dry/dry_2fd3aad955e9092d3960_jpg.rf.51d76380a19b3d16ac45ed7c869ee4b2.jpg,kaggle_oily_dry_normal,dry,,f2053b080375543ed7655f66b9851c47d9666dad10be3547aa16150591a5b6e8,unmapped/extra folder label: dry
dataset/raw/kaggle_oily_dry_normal/Oily-Dry-Skin-Types/train/dry/dry_2fd3aad955e9092d3960_jpg.rf.81186a0e5fddc1a5b142486c49693524.jpg,kaggle_oily_dry_normal,dry,,2c5ac0f29c6eda67b9ea9e9b4f751ad3025935793faaacd5ef3785fe72310d96,unmapped/extra folder label: dry
dataset/raw/kaggle_oily_dry_normal/Oily-Dry-Skin-Types/train/dry/dry_2fd3aad955e9092d3960_jpg.rf.e721a20bd7169bad44d72c89c4bbe172.jpg,kaggle_oily_dry_normal,dry,,ed2248ce49316c6c4ed52e66473e40611470a19146b8efaaca8e4eae548f40c5,unmapped/extra folder label: dry
dataset/raw/kaggle_oily_dry_normal/Oily-Dry-Skin-Types/train/dry/dry_30864bfb2652861394ad_jpg.rf.9479a76a80b523c90428c6bc633f3a42.jpg,kaggle_oily_dry_normal,dry,,ddc8ede13cc41d83958b10fa35c8351a1590bf5dd4eda7ed355e2bba9ebf13e3,unmapped/extra folder label: dry
dataset/raw/kaggle_oily_dry_normal/Oily-Dry-Skin-Types/train/dry/dry_30864bfb2652861394ad_jpg.rf.cbc27194f947d79007e4cfaeeb303e14.jpg,kaggle_oily_dry_normal,dry,,274af8c71995d93bbcc5458c984bfe7043803a2757a792293a684e275876a8a5,unmapped/extra folder label: dry
dataset/raw/kaggle_oily_dry_normal/Oily-Dry-Skin-Types/train/dry/dry_30864bfb2652861394ad_jpg.rf.fc7dba2a670b5bee842d969bdb222791.jpg,kaggle_oily_dry_normal,dry,,36543ff100365a4ac5b86e26869b9423be5035a156f9136a746afc0e58d8ee76,unmapped/extra folder label: dry
dataset/raw/kaggle_oily_dry_normal/Oily-Dry-Skin-Types/train/dry/dry_31dc5805e43b23d34f97_jpg.rf.95df5564257813b16e15b6a4db365841.jpg,kaggle_oily_dry_normal,dry,,06c6d92125c7a0fcb78946b19adf5a549078e7b1da04555b4c1580565391bd59,unmapped/extra folder label: dry
dataset/raw/kaggle_oily_dry_normal/Oily-Dry-Skin-Types/train/dry/dry_31dc5805e43b23d34f97_jpg.rf.aea0417f7c6ebbb0b94ddd3b683fe76a.jpg,kaggle_oily_dry_normal,dry,,9d86b33d29cc055eb5f6bc0d4df7ee0e697a4f125ceb8b47e8381a06ad174851,unmapped/extra folder label: dry
dataset/raw/kaggle_oily_dry_normal/Oily-Dry-Skin-Types/train/dry/dry_31dc5805e43b23d34f97_jpg.rf.caff16a51ea3d08974fd16fd94bf548d.jpg,kaggle_oily_dry_normal,dry,,c26c08d19f1d007c657a8b4758990d87e7ec18ca133f39a6df92ec6e1fc0e732,unmapped/extra folder label: dry
dataset/raw/kaggle_oily_dry_normal/Oily-Dry-Skin-Types/train/dry/dry_3260661cf07d2a359135_jpg.rf.97d743d04f84962e5ae7a840aa15c7e4.jpg,kaggle_oily_dry_normal,dry,,96993727ab2cacac9ca19505591f9d67d256ec689d4b4b8e84250a2be137bee8,unmapped/extra folder label: dry
dataset/raw/kaggle_oily_dry_normal/Oily-Dry-Skin-Types/train/dry/dry_3260661cf07d2a359135_jpg.rf.d9046bc678c4c9efd715ba01fe09a2e8.jpg,kaggle_oily_dry_normal,dry,,679e16504f6edb26777c84d4ecc45830c5564b764a190365c5d1b4e119fe19b6,unmapped/extra folder label: dry
dataset/raw/kaggle_oily_dry_normal/Oily-Dry-Skin-Types/train/dry/dry_3260661cf07d2a359135_jpg.rf.eb42bf147347b50d2e13ed999c8459fa.jpg,kaggle_oily_dry_normal,dry,,0cc085164c5e1d7d0cccdb921949e4b367d4943634d0c8a8a0fa8bb9c0ab205a,unmapped/extra folder label: dry
dataset/raw/kaggle_oily_dry_normal/Oily-Dry-Skin-Types/train/dry/dry_33a58be539d3b2bc367c_jpg.rf.1994a9324ffb7f858561bc184f24d3ed.jpg,kaggle_oily_dry_normal,dry,,e58dda707f001bfa3d299aecb5799f2e66777ac6e1b9a78de4812ad08065bc51,unmapped/extra folder label: dry
dataset/raw/kaggle_oily_dry_normal/Oily-Dry-Skin-Types/train/dry/dry_33a58be539d3b2bc367c_jpg.rf.402f3da6e7ee83709119accf4dbe9515.jpg,kaggle_oily_dry_normal,dry,,e1900a0c500cd5faa582c86b26fad16bd3bf36441427d2ceec3b1c8364e74c2a,unmapped/extra folder label: dry
dataset/raw/kaggle_oily_dry_normal/Oily-Dry-Skin-Types/train/dry/dry_33a58be539d3b2bc367c_jpg.rf.dfce717775073fceae7d31f595262e71.jpg,kaggle_oily_dry_normal,dry,,ca780db1aa9a14c4df63b4aead804efecbfbd1e34618bff83f536b99cb0cfcc8,unmapped/extra folder label: dry
dataset/raw/kaggle_oily_dry_normal/Oily-Dry-Skin-Types/train/dry/dry_346476f57aeed2b4074f_jpg.rf.0ea0c323a5e99eed0c7af1f095771479.jpg,kaggle_oily_dry_normal,dry,,001ab4951f9429aa4344ce2a7e0bc23fc1b3cf2b3dc65849bef1a72a4e45f248,unmapped/extra folder label: dry
dataset/raw/kaggle_oily_dry_normal/Oily-Dry-Skin-Types/train/dry/dry_346476f57aeed2b4074f_jpg.rf.55e384a7faee26b1d1e933a9cb94798e.jpg,kaggle_oily_dry_normal,dry,,0409c4fbc5214b3e649690a950d951c26dc85cecae34c811e82f1adcb5d489a8,unmapped/extra folder label: dry
dataset/raw/kaggle_oily_dry_normal/Oily-Dry-Skin-Types/train/dry/dry_346476f57aeed2b4074f_jpg.rf.f1560a1734f26ab5c1c24111d33f006b.jpg,kaggle_oily_dry_normal,dry,,e905e2d57f8dd3f9c2d8fba6cbab576a1a90f30e27432cd3647a34f108717d43,unmapped/extra folder label: dry
dataset/raw/kaggle_oily_dry_normal/Oily-Dry-Skin-Types/train/dry/dry_350e4b885520210d6669_jpg.rf.2325dbceed84f4006b9d7e3d4cddfb90.jpg,kaggle_oily_dry_normal,dry,,5e56a8b23ad2a2a419112c7b5e86c0d33684268c23ee81006c01750c430bb26b,unmapped/extra folder label: dry
dataset/raw/kaggle_oily_dry_normal/Oily-Dry-Skin-Types/train/dry/dry_350e4b885520210d6669_jpg.rf.6f6299070b058cdda58d8229f467fad7.jpg,kaggle_oily_dry_normal,dry,,29588db355782e87d0b1a39dd3782dc1ded65bcb7597656325bff8ef2a961dff,unmapped/extra folder label: dry
dataset/raw/kaggle_oily_dry_normal/Oily-Dry-Skin-Types/train/dry/dry_350e4b885520210d6669_jpg.rf.90ccc303ca84626b2325970cc34dc3e6.jpg,kaggle_oily_dry_normal,dry,,4f0853b81b0ef0d05daed6fe1f2b7d35d88ff99e837031f7ae9c3ac3a2652ba0,unmapped/extra folder label: dry
dataset/raw/kaggle_oily_dry_normal/Oily-Dry-Skin-Types/train/dry/dry_36f345ab7701ec91d330_jpg.rf.1cc6e482d210f25a63979c0b6c28ddb2.jpg,kaggle_oily_dry_normal,dry,,c907ebc4eb68580631681dd8bc6fcfdda4c7f0e4bef687cca1cc52c3c0dd839e,unmapped/extra folder label: dry
dataset/raw/kaggle_oily_dry_normal/Oily-Dry-Skin-Types/train/dry/dry_36f345ab7701ec91d330_jpg.rf.a832359dc77f8aab1607228fe660940d.jpg,kaggle_oily_dry_normal,dry,,baaebbe25dc99e65e0c026ba8b7fb7d7ad4cc71d1c0a25b56eb31365ddb795bf,unmapped/extra folder label: dry
dataset/raw/kaggle_oily_dry_normal/Oily-Dry-Skin-Types/train/dry/dry_36f345ab7701ec91d330_jpg.rf.abf1ebd8031d8710257168b21f171814.jpg,kaggle_oily_dry_normal,dry,,3ac3b9f8087873850ee9db941c0c21bead3fb57a98a6943757c65b32baa718f7,unmapped/extra folder label: dry
dataset/raw/kaggle_oily_dry_normal/Oily-Dry-Skin-Types/train/dry/dry_370a934b88971b9ffee9_jpg.rf.11593020515941eb1f2f687e9d4fecb7.jpg,kaggle_oily_dry_normal,dry,,9013424ae79da0e64aa1a17ad29ad9dbb054bec412df7e147da83bb436a430a2,unmapped/extra folder label: dry
dataset/raw/kaggle_oily_dry_normal/Oily-Dry-Skin-Types/train/dry/dry_370a934b88971b9ffee9_jpg.rf.76daa3838fd20efe0a5835189b5cd412.jpg,kaggle_oily_dry_normal,dry,,a92d9181c0a24eddb1339fd9538899f530adc03e3940bd79e9be1d1a92d34c9a,unmapped/extra folder label: dry
dataset/raw/kaggle_oily_dry_normal/Oily-Dry-Skin-Types/train/dry/dry_370a934b88971b9ffee9_jpg.rf.7826160932d667ded47ded79b71580e2.jpg,kaggle_oily_dry_normal,dry,,4d03b134961a59a23d5f8ad9e65d1abf8449822b2055e4f5d7daa6f98b0b0487,unmapped/extra folder label: dry
dataset/raw/kaggle_oily_dry_normal/Oily-Dry-Skin-Types/train/dry/dry_37d136436bc72a7af32b_jpg.rf.de068c89015846943a366caf6d37c188.jpg,kaggle_oily_dry_normal,dry,,fc5f15a32fc69248449b599a0dbe9047a69967aded586072cd088a3d531c00a7,unmapped/extra folder label: dry
dataset/raw/kaggle_oily_dry_normal/Oily-Dry-Skin-Types/train/dry/dry_37d136436bc72a7af32b_jpg.rf.e83f8fc585edba81240cd6f152d834b3.jpg,kaggle_oily_dry_normal,dry,,7ed8d4eb2ae04059a230f7ae0f9c7bc53df88a1af43ad94b682b782952ce8cf5,unmapped/extra folder label: dry
dataset/raw/kaggle_oily_dry_normal/Oily-Dry-Skin-Types/train/dry/dry_37d136436bc72a7af32b_jpg.rf.edbf0b3975be5fee8dbb852ee9035451.jpg,kaggle_oily_dry_normal,dry,,8194144ec0e7143a7714d3fef6336bcf0181aed6e0e9cf5f2f543053ac7479cc,unmapped/extra folder label: dry
dataset/raw/kaggle_oily_dry_normal/Oily-Dry-Skin-Types/train/dry/dry_37d7c7bd92be29df6dea_jpg.rf.4b46bf8a975bc5a135a30a79519600f3.jpg,kaggle_oily_dry_normal,dry,,ae6289ce2ed5c2d76ac86bdb8c81b505f921fc01dc0cb7d923e56507189c6788,unmapped/extra folder label: dry
dataset/raw/kaggle_oily_dry_normal/Oily-Dry-Skin-Types/train/dry/dry_37d7c7bd92be29df6dea_jpg.rf.aab43bc3253493b2af84e3f95a2a2a84.jpg,kaggle_oily_dry_normal,dry,,018238101f5aec7f19703a21b6923e1637c8f0e256fcc280fcc34be15e864497,unmapped/extra folder label: dry
dataset/raw/kaggle_oily_dry_normal/Oily-Dry-Skin-Types/train/dry/dry_37d7c7bd92be29df6dea_jpg.rf.bf56faa4817b7461d2c32177e2ac1550.jpg,kaggle_oily_dry_normal,dry,,dd7efd333c059d4b541937dead213d678ee1f01f39a5b250701740e1eddb0c14,unmapped/extra folder label: dry
dataset/raw/kaggle_oily_dry_normal/Oily-Dry-Skin-Types/train/dry/dry_39d101c3cfe6b57e9988_jpg.rf.18a530ddacd6ddb2bd61281568d48b5c.jpg,kaggle_oily_dry_normal,dry,,9cb1cefe122eb0464206fa547a000954bb52ce9af9b8fae6c2ef96df0f366394,unmapped/extra folder label: dry
dataset/raw/kaggle_oily_dry_normal/Oily-Dry-Skin-Types/train/dry/dry_39d101c3cfe6b57e9988_jpg.rf.2c1f7ebf0e5cccda46dda246f7f8454b.jpg,kaggle_oily_dry_normal,dry,,b2019d930e5e893b2ea694009da9d74b7c108a683c6a5745979582e5cd165415,unmapped/extra folder label: dry
dataset/raw/kaggle_oily_dry_normal/Oily-Dry-Skin-Types/train/dry/dry_39d101c3cfe6b57e9988_jpg.rf.8ed41bf000e2073127b8d1c50e75e932.jpg,kaggle_oily_dry_normal,dry,,96fdb16c70e3d5acaa51cc021a3829a1d3019d34c3f6d02c5c092929a12d1388,unmapped/extra folder label: dry
dataset/raw/kaggle_oily_dry_normal/Oily-Dry-Skin-Types/train/dry/dry_3af68a1937218e391938_jpg.rf.6e454ba3d74b17e1f63dd3b878c677b4.jpg,kaggle_oily_dry_normal,dry,,1662eb6dca9b8c47e5880d8877e37386bd71b58ea20b526768f1639f067ed9cd,unmapped/extra folder label: dry
dataset/raw/kaggle_oily_dry_normal/Oily-Dry-Skin-Types/train/dry/dry_3af68a1937218e391938_jpg.rf.887034e8a26de13c8f34a412cb1d2d33.jpg,kaggle_oily_dry_normal,dry,,303c94ecc663c5a576e2b83738f2c635a5c243036e2aacd8b6789cc31a487099,unmapped/extra folder label: dry
dataset/raw/kaggle_oily_dry_normal/Oily-Dry-Skin-Types/train/dry/dry_3af68a1937218e391938_jpg.rf.a2772ae6a5b8218b340165ec1bf27083.jpg,kaggle_oily_dry_normal,dry,,58cc29ab05b667317ecd0a5eac9308d8ee411d23301d2b9b257a5c8fa854ef0b,unmapped/extra folder label: dry
dataset/raw/kaggle_oily_dry_normal/Oily-Dry-Skin-Types/train/dry/dry_3b2bce9935cd432be1e6_jpg.rf.7956af5097ed1c501725f6304e25523e.jpg,kaggle_oily_dry_normal,dry,,6486aa6a1a9c42d2433e7fd608b07ed11c1e3b7330f51ddae26cab9cf41f2d0b,unmapped/extra folder label: dry
dataset/raw/kaggle_oily_dry_normal/Oily-Dry-Skin-Types/train/dry/dry_3b2bce9935cd432be1e6_jpg.rf.88150a5780fbe19a046958b65fc2d74c.jpg,kaggle_oily_dry_normal,dry,,c2513483bcd05ed445982d5e19a49bb4ab135e9c717b753f3a82a816d6d8ec14,unmapped/extra folder label: dry
dataset/raw/kaggle_oily_dry_normal/Oily-Dry-Skin-Types/train/dry/dry_3b2bce9935cd432be1e6_jpg.rf.d1aa12cdb317c663772eab24add2fbbc.jpg,kaggle_oily_dry_normal,dry,,82fec85ad5ae7b0a1e5d301cc6d6a1653076f8fe1656bb4c78abd416349de896,unmapped/extra folder label: dry
dataset/raw/kaggle_oily_dry_normal/Oily-Dry-Skin-Types/train/dry/dry_3cc5c9d753f756066c44_jpg.rf.2dec8b861e89649831fbb0cb9eacc8d2.jpg,kaggle_oily_dry_normal,dry,,117c7f701f5b61b6644543d8478e8d1244eb115300f6693b5c40f755fb23f708,unmapped/extra folder label: dry
dataset/raw/kaggle_oily_dry_normal/Oily-Dry-Skin-Types/train/dry/dry_3cc5c9d753f756066c44_jpg.rf.4a1c54fc30ee7924e837febe5dc179c9.jpg,kaggle_oily_dry_normal,dry,,837782ff74ad318b164bd5e667b0425a7b08eac35d3964c8f8bf0bf70df92027,unmapped/extra folder label: dry
dataset/raw/kaggle_oily_dry_normal/Oily-Dry-Skin-Types/train/dry/dry_3cc5c9d753f756066c44_jpg.rf.c0a583a116bfa18a47682b830940a456.jpg,kaggle_oily_dry_normal,dry,,428c9cbab931c4a0cbf9db34cebfe2496758f151004803f85c67d8b4889a7fdb,unmapped/extra folder label: dry
dataset/raw/kaggle_oily_dry_normal/Oily-Dry-Skin-Types/train/dry/dry_3d72fd4884bb442a9f8c_jpg.rf.2200415140281389b813139f1692ae1f.jpg,kaggle_oily_dry_normal,dry,,ae46f805f52ddc45c67917f63a466a61b7d14be6475ff904d1128174d59c2c56,unmapped/extra folder label: dry
dataset/raw/kaggle_oily_dry_normal/Oily-Dry-Skin-Types/train/dry/dry_3d72fd4884bb442a9f8c_jpg.rf.6f5cb36083a290c82b13a319c9f99a41.jpg,kaggle_oily_dry_normal,dry,,17d8f8ca128fa3d6a04f476efe1dd88b8b0aed6e8ef631366f2d5da10520a47d,unmapped/extra folder label: dry
dataset/raw/kaggle_oily_dry_normal/Oily-Dry-Skin-Types/train/dry/dry_3d72fd4884bb442a9f8c_jpg.rf.c4ebc15861a872d4bf29951f65fcaf08.jpg,kaggle_oily_dry_normal,dry,,37996e3b6422c82bcfa1c7b3cc0ff1a4d477ba02d83430cde35c2b244ee0bb54,unmapped/extra folder label: dry
dataset/raw/kaggle_oily_dry_normal/Oily-Dry-Skin-Types/train/dry/dry_3d8419186cc3bbf8c5ab_jpg.rf.3e6bf2b70c77f3d78f0f23965040c0d7.jpg,kaggle_oily_dry_normal,dry,,908ba5e6843b9bfecdc2f1e0c9e226fc9eb64fc6cd85c9cc6f7698fae5ac52d4,unmapped/extra folder label: dry
dataset/raw/kaggle_oily_dry_normal/Oily-Dry-Skin-Types/train/dry/dry_3d8419186cc3bbf8c5ab_jpg.rf.71f390762912f99c5df6a5104c725dd6.jpg,kaggle_oily_dry_normal,dry,,ce6c938d6ee16fa6bdca0341b02ab82d01d4eea4455155f3d1d66a921e267842,unmapped/extra folder label: dry
dataset/raw/kaggle_oily_dry_normal/Oily-Dry-Skin-Types/train/dry/dry_3d8419186cc3bbf8c5ab_jpg.rf.d71c6c15d963ed1b4d2ee42efb1d6931.jpg,kaggle_oily_dry_normal,dry,,86f7e4c99992ba62356fdfcd8dea06e3fb3fa07986a5aa0d902538d649b2e175,unmapped/extra folder label: dry
dataset/raw/kaggle_oily_dry_normal/Oily-Dry-Skin-Types/train/dry/dry_3e272674d4fc2521b882_jpg.rf.3b9b42df792a9ee26995dcf333ac8f49.jpg,kaggle_oily_dry_normal,dry,,7f98dc9f7f822e1d19c9d004c19aa7538dc7404144ce76a00ce60a94aac9a4c7,unmapped/extra folder label: dry
dataset/raw/kaggle_oily_dry_normal/Oily-Dry-Skin-Types/train/dry/dry_3e272674d4fc2521b882_jpg.rf.49e420eef0e3f4651ab22b50b97667d2.jpg,kaggle_oily_dry_normal,dry,,3d84ba2091dbaa4471c929af432d9515d47fb878f26189b626373f5a1a1f0da0,unmapped/extra folder label: dry
dataset/raw/kaggle_oily_dry_normal/Oily-Dry-Skin-Types/train/dry/dry_3e272674d4fc2521b882_jpg.rf.cc18331f472582b6c2da935f7ceb5637.jpg,kaggle_oily_dry_normal,dry,,36904031621ce3a5381c26f580ca4fc40d4a1bf993a31810e2b3ad849bfabf13,unmapped/extra folder label: dry
dataset/raw/kaggle_oily_dry_normal/Oily-Dry-Skin-Types/train/dry/dry_3ed40aff9b6bf7576f93_jpg.rf.57129d28b3cd5709b964714473a5e659.jpg,kaggle_oily_dry_normal,dry,,e218f7426bb900df080d8ed923b11683f69e738def31ff66579adceb8b2cd4aa,unmapped/extra folder label: dry
dataset/raw/kaggle_oily_dry_normal/Oily-Dry-Skin-Types/train/dry/dry_3ed40aff9b6bf7576f93_jpg.rf.5a5f929de71ffedca3c42f2e1abf375f.jpg,kaggle_oily_dry_normal,dry,,68d8899950e8b66a29866ac28f8a301c19ba782f8003d2cc53d2a6d513f5d747,unmapped/extra folder label: dry
dataset/raw/kaggle_oily_dry_normal/Oily-Dry-Skin-Types/train/dry/dry_3ed40aff9b6bf7576f93_jpg.rf.884b421c5072413b619eb8b5fdebca06.jpg,kaggle_oily_dry_normal,dry,,7346e4a0b364e83df48f30d9f125f0632ad89f0d8cd4305609356b098fb281e4,unmapped/extra folder label: dry
dataset/raw/kaggle_oily_dry_normal/Oily-Dry-Skin-Types/train/dry/dry_40198643ecd73d3c1816_jpg.rf.2f30b87300c7794bd4fbb3089c92a2d1.jpg,kaggle_oily_dry_normal,dry,,2aa04c8b2bb4238d9bf8d9ae1b8bb183a759dc1bb93ff636db68871db575800c,unmapped/extra folder label: dry
dataset/raw/kaggle_oily_dry_normal/Oily-Dry-Skin-Types/train/dry/dry_40198643ecd73d3c1816_jpg.rf.4a1b929cb3f28e8cefed74ddb7969c4e.jpg,kaggle_oily_dry_normal,dry,,73a6696dae28a8aaafa00aa3bc5e22ff6d4e4eed64d897f19e9dded57a5fd738,unmapped/extra folder label: dry
dataset/raw/kaggle_oily_dry_normal/Oily-Dry-Skin-Types/train/dry/dry_40198643ecd73d3c1816_jpg.rf.d023bd7848103066cbe0aca36fba709a.jpg,kaggle_oily_dry_normal,dry,,7213c7017218267d3e552272248c4b98ef5fc8564b28e142577b39ef0fb8d1c3,unmapped/extra folder label: dry
dataset/raw/kaggle_oily_dry_normal/Oily-Dry-Skin-Types/train/dry/dry_404a5c555a772940dcd3_jpg.rf.1131439ece858ea47dd85cb7f2895400.jpg,kaggle_oily_dry_normal,dry,,89b9f010f896cb1630e258fab8b635067239b802060293e8b09f0d964eab1767,unmapped/extra folder label: dry
dataset/raw/kaggle_oily_dry_normal/Oily-Dry-Skin-Types/train/dry/dry_404a5c555a772940dcd3_jpg.rf.4e8cea3a3f152df4d34b48024a02800c.jpg,kaggle_oily_dry_normal,dry,,353549bb2c28a23c515c25f5fb6df19cce4a6b6e5437bb7d842984c492c8d460,unmapped/extra folder label: dry
dataset/raw/kaggle_oily_dry_normal/Oily-Dry-Skin-Types/train/dry/dry_404a5c555a772940dcd3_jpg.rf.baebf22b8610360b36189a35a1e70ce4.jpg,kaggle_oily_dry_normal,dry,,27c630473e04f97d929317ff4423c8f836f845db6f34ab3efa9eda471536d2ba,unmapped/extra folder label: dry
dataset/raw/kaggle_oily_dry_normal/Oily-Dry-Skin-Types/train/dry/dry_411c2e42f1371122d174_jpg.rf.4f961714f077abe15ad0b607314435f9.jpg,kaggle_oily_dry_normal,dry,,436995437e30f1d5d4b33e370b9442ee6bf5758456cf7aedc783e0f0aa628f2b,unmapped/extra folder label: dry
dataset/raw/kaggle_oily_dry_normal/Oily-Dry-Skin-Types/train/dry/dry_411c2e42f1371122d174_jpg.rf.84870a409a25f22491c91b91a1801e63.jpg,kaggle_oily_dry_normal,dry,,6bec88510bde1296577f81d6446b64191552c1280b973e85b3d22fb2a2e6c682,unmapped/extra folder label: dry
dataset/raw/kaggle_oily_dry_normal/Oily-Dry-Skin-Types/train/dry/dry_411c2e42f1371122d174_jpg.rf.fd07f5e69fe030de618195de48582cdd.jpg,kaggle_oily_dry_normal,dry,,e4491a79338895b169e5cb87744c01ad526ca36bc7c643877a2cd3eb5e1e8178,unmapped/extra folder label: dry
dataset/raw/kaggle_oily_dry_normal/Oily-Dry-Skin-Types/train/dry/dry_4224751419445e1e5add_jpg.rf.63ef09a893752d8dfa5760b3b7fe96e6.jpg,kaggle_oily_dry_normal,dry,,3b31edc95d5ad7ab87b8765b23c0a09258cd4163ad6cbd63638ae4b781fdbdbf,unmapped/extra folder label: dry
dataset/raw/kaggle_oily_dry_normal/Oily-Dry-Skin-Types/train/dry/dry_4224751419445e1e5add_jpg.rf.85dbd29200397a1e4e69bf704066d1a9.jpg,kaggle_oily_dry_normal,dry,,d917e94bfad38f97b18129ca80b24b32a8ecdb2b66a098a3db9582f889d88940,unmapped/extra folder label: dry
dataset/raw/kaggle_oily_dry_normal/Oily-Dry-Skin-Types/train/dry/dry_4224751419445e1e5add_jpg.rf.f18653d2546f4b826c843c2707210f8f.jpg,kaggle_oily_dry_normal,dry,,97bf8a102197acb9341871211df8e42130a809ebe018da36afa1f7c2bde40d3a,unmapped/extra folder label: dry
dataset/raw/kaggle_oily_dry_normal/Oily-Dry-Skin-Types/train/dry/dry_42c2581dda359661d382_jpg.rf.5b70efc9871987e918793b3914e4a92f.jpg,kaggle_oily_dry_normal,dry,,7fe6d6acee06b776f9a5f4a1fff876d49362f75bf929de762b7eca46bd99e86e,unmapped/extra folder label: dry
dataset/raw/kaggle_oily_dry_normal/Oily-Dry-Skin-Types/train/dry/dry_42c2581dda359661d382_jpg.rf.6031831311e237b23a3020aa405c60c0.jpg,kaggle_oily_dry_normal,dry,,162bb68c7730e202ec54aaef6746bd752bedb79fde181fbe9eecf59fe9ea84a9,unmapped/extra folder label: dry
dataset/raw/kaggle_oily_dry_normal/Oily-Dry-Skin-Types/train/dry/dry_42c2581dda359661d382_jpg.rf.fb909249ea3344ed17ae9582a676df66.jpg,kaggle_oily_dry_normal,dry,,b03c45c4b0f6a78a576bc9e625e61fad01d90b215e33e433f7ed5affe5007130,unmapped/extra folder label: dry
dataset/raw/kaggle_oily_dry_normal/Oily-Dry-Skin-Types/train/dry/dry_44adb8ea8bf37eb587f4_jpg.rf.723a223846296a53dc4b20898a48badc.jpg,kaggle_oily_dry_normal,dry,,a9c83caa14742b358158477d1af28b0fe1e85cd99bd0ae009638ccde828dfdef,unmapped/extra folder label: dry
dataset/raw/kaggle_oily_dry_normal/Oily-Dry-Skin-Types/train/dry/dry_44adb8ea8bf37eb587f4_jpg.rf.9df54276dd86cda885749fabef21ba82.jpg,kaggle_oily_dry_normal,dry,,41c79869ffda312194fa8e4e82590c03f67054a4847985c34a16c79e3121766b,unmapped/extra folder label: dry
dataset/raw/kaggle_oily_dry_normal/Oily-Dry-Skin-Types/train/dry/dry_44adb8ea8bf37eb587f4_jpg.rf.de030f12a920f29ba798705494d274f2.jpg,kaggle_oily_dry_normal,dry,,63b5ab3f7c75f8be06966a5bed263e994270fdf5b261a5d634249193a236c39f,unmapped/extra folder label: dry
dataset/raw/kaggle_oily_dry_normal/Oily-Dry-Skin-Types/train/dry/dry_474fff5fe1671cab3080_jpg.rf.5ca21a53952647717053bf2a7fcad83c.jpg,kaggle_oily_dry_normal,dry,,66dc133813b25496b83cee5e16afa2225fa31f058790ea85c41fb1d9f881da69,unmapped/extra folder label: dry
dataset/raw/kaggle_oily_dry_normal/Oily-Dry-Skin-Types/train/dry/dry_474fff5fe1671cab3080_jpg.rf.7f022387999c2f9e6376ac243ba78a4f.jpg,kaggle_oily_dry_normal,dry,,b7ab67f3c886536a5ca72650b995d11a1a3c24953d09c60fdb4c06f90d663cc9,unmapped/extra folder label: dry
dataset/raw/kaggle_oily_dry_normal/Oily-Dry-Skin-Types/train/dry/dry_474fff5fe1671cab3080_jpg.rf.f23d60119ffff8c4bfadf02f1be449a7.jpg,kaggle_oily_dry_normal,dry,,031bffb4f7312a38963e5aa8de0397cc36c0da42377c1bd8d909bed6a9bdab95,unmapped/extra folder label: dry
dataset/raw/kaggle_oily_dry_normal/Oily-Dry-Skin-Types/train/dry/dry_49ede6b7f1fc2cf58c1f_jpg.rf.46c1fd4ca656649d811c467e98024dac.jpg,kaggle_oily_dry_normal,dry,,279fc5ea5c6b9440505fbd56c629a5b3b593aa95f35f6e4744b905a0bb75ac04,unmapped/extra folder label: dry
dataset/raw/kaggle_oily_dry_normal/Oily-Dry-Skin-Types/train/dry/dry_4bdd7e0353dcd6dff393_jpg.rf.232310ee7c4ead05f23ecd6e54ca9c5f.jpg,kaggle_oily_dry_normal,dry,,9cc8f0b74c7557e50b290b47b6b7fbfd23d5ec4f2faaa35b3a11f13f7c4f8fe1,unmapped/extra folder label: dry
dataset/raw/kaggle_oily_dry_normal/Oily-Dry-Skin-Types/train/dry/dry_4bdd7e0353dcd6dff393_jpg.rf.d9e93fd2d35729e1d8dc9849ef238e90.jpg,kaggle_oily_dry_normal,dry,,74bec1f70b7c4bf286b3c5f81969c9a1c03dc05a4907e90b5193d17f22a7d293,unmapped/extra folder label: dry
dataset/raw/kaggle_oily_dry_normal/Oily-Dry-Skin-Types/train/dry/dry_4bdd7e0353dcd6dff393_jpg.rf.f66834981e59b63715d1dad5f9c143ed.jpg,kaggle_oily_dry_normal,dry,,33931d094357fa8e8be8c23673463d4bb9d964e61def6a5b03157e0db71134fa,unmapped/extra folder label: dry
dataset/raw/kaggle_oily_dry_normal/Oily-Dry-Skin-Types/train/dry/dry_4c6dee22484ea113e5dc_jpg.rf.172144963732d3a9f07c379bf549bb0d.jpg,kaggle_oily_dry_normal,dry,,ed8c0a25d4876c056a9812934d1dcaded0b7ad30abfcb8521f73d8d6f8523935,unmapped/extra folder label: dry
dataset/raw/kaggle_oily_dry_normal/Oily-Dry-Skin-Types/train/dry/dry_4c6dee22484ea113e5dc_jpg.rf.54f01d90893a8f312111ca654ef65db0.jpg,kaggle_oily_dry_normal,dry,,0a5785b8ed949a5a99d875b87ea609403252b94ed29c44ca72106cc5e635fdcc,unmapped/extra folder label: dry
dataset/raw/kaggle_oily_dry_normal/Oily-Dry-Skin-Types/train/dry/dry_4c6dee22484ea113e5dc_jpg.rf.abdeef9fad57d5e88b91876428c13291.jpg,kaggle_oily_dry_normal,dry,,c301040a8fea4796ba44c9d2864687ab96826ad9b2af43a7b499f75f7698ff03,unmapped/extra folder label: dry
dataset/raw/kaggle_oily_dry_normal/Oily-Dry-Skin-Types/train/dry/dry_4dd71cc3c0d7d93919a4_jpg.rf.61d7ffd515df9357449ace5f84404c40.jpg,kaggle_oily_dry_normal,dry,,be20821764ec1c1ee35afe3d53d1af50c16a1bff246f6c7c6bceb44b53ef75d8,unmapped/extra folder label: dry
dataset/raw/kaggle_oily_dry_normal/Oily-Dry-Skin-Types/train/dry/dry_4dd71cc3c0d7d93919a4_jpg.rf.9f41f4f0fa47b35c7f853b30dbf37d08.jpg,kaggle_oily_dry_normal,dry,,d4e59190a84f070d6073f53b36fb923f591a1b6347915bf49555339f06a56dbb,unmapped/extra folder label: dry
dataset/raw/kaggle_oily_dry_normal/Oily-Dry-Skin-Types/train/dry/dry_4dd71cc3c0d7d93919a4_jpg.rf.a2584b437ee084529a4bad6bf8371d46.jpg,kaggle_oily_dry_normal,dry,,595b3400327f17a1955cddbe6141677467d215590c1e7f739bac8a4dcf20c881,unmapped/extra folder label: dry
dataset/raw/kaggle_oily_dry_normal/Oily-Dry-Skin-Types/train/dry/dry_4eaec6aa6dfd1ccf56fb_jpg.rf.0f5253692844369991b9065ba4f9320d.jpg,kaggle_oily_dry_normal,dry,,0444b645e7355c32724b13129a19a886513f6bd587b83857bdefff7b75a28842,unmapped/extra folder label: dry
dataset/raw/kaggle_oily_dry_normal/Oily-Dry-Skin-Types/train/dry/dry_4eaec6aa6dfd1ccf56fb_jpg.rf.1b14ca367ae3096585f233a5c6754cb0.jpg,kaggle_oily_dry_normal,dry,,37328a3fb4ae06a476d4a31b27070feb344214be05088cb0c4f3d1a9d0cb7104,unmapped/extra folder label: dry
dataset/raw/kaggle_oily_dry_normal/Oily-Dry-Skin-Types/train/dry/dry_4eaec6aa6dfd1ccf56fb_jpg.rf.92f06eba15830511cb3ef6ed0fe877cb.jpg,kaggle_oily_dry_normal,dry,,0e9b385abbd2d70d4dc64e1733829b885f731188b52764515f21611430ccee2a,unmapped/extra folder label: dry
dataset/raw/kaggle_oily_dry_normal/Oily-Dry-Skin-Types/train/dry/dry_523ee502b52f6dd6067e_jpg.rf.0f0fdaff2c49aab0c3405ce9ea8594f4.jpg,kaggle_oily_dry_normal,dry,,1dfdb09dbbcf3849d456e5a4a98af0bed4d88bccea485e4aaca5a1e69a1be599,unmapped/extra folder label: dry
dataset/raw/kaggle_oily_dry_normal/Oily-Dry-Skin-Types/train/dry/dry_523ee502b52f6dd6067e_jpg.rf.589a4fa1a2622335cb277d422747e19b.jpg,kaggle_oily_dry_normal,dry,,a622999adfebcf5f651ce4a1a81f83136a5e690c345d7836964883d298fa4897,unmapped/extra folder label: dry
dataset/raw/kaggle_oily_dry_normal/Oily-Dry-Skin-Types/train/dry/dry_523ee502b52f6dd6067e_jpg.rf.d87006235f0b8f5be5806c663985656d.jpg,kaggle_oily_dry_normal,dry,,e7b807f4fe3461e4de3d34a7b76368062c0378cbf63407c4648719c466ca11f3,unmapped/extra folder label: dry
dataset/raw/kaggle_oily_dry_normal/Oily-Dry-Skin-Types/train/dry/dry_52f194c7a64b0106d429_jpg.rf.13c20b03bd5b58df820b17d4a5391733.jpg,kaggle_oily_dry_normal,dry,,7d81e92ccba9a98ffabf0b060cc8fd79eb3ab4c0cb2c4e372e1554218d596e97,unmapped/extra folder label: dry
dataset/raw/kaggle_oily_dry_normal/Oily-Dry-Skin-Types/train/dry/dry_52f194c7a64b0106d429_jpg.rf.6d939b4004fdd17150c8ff7fc15b57b4.jpg,kaggle_oily_dry_normal,dry,,53b3653a43decb0749224a145c28d0fae8f66661d9a12c35a98b097810c5b3e0,unmapped/extra folder label: dry
dataset/raw/kaggle_oily_dry_normal/Oily-Dry-Skin-Types/train/dry/dry_52f194c7a64b0106d429_jpg.rf.cb7f7b03602747e6d727a9ec85e8a66a.jpg,kaggle_oily_dry_normal,dry,,fb9119ac4bd967b74534eab13863bcce6c3515af3e1873d24b19cc1de67b08a8,unmapped/extra folder label: dry
dataset/raw/kaggle_oily_dry_normal/Oily-Dry-Skin-Types/train/dry/dry_532565e3decafdfab48b_jpg.rf.081c7ff087ab8a2ee07b0ec07e4da181.jpg,kaggle_oily_dry_normal,dry,,c448b5da12128437c59547c6f687e355c926daf58ec578e36a199128c762db0f,unmapped/extra folder label: dry
dataset/raw/kaggle_oily_dry_normal/Oily-Dry-Skin-Types/train/dry/dry_532565e3decafdfab48b_jpg.rf.19bfe52730736ab5af39a5a96b0ea124.jpg,kaggle_oily_dry_normal,dry,,18919e626e936878e5d622d552a058e5760bebc91507e9f6abe133c01bc0a26c,unmapped/extra folder label: dry
dataset/raw/kaggle_oily_dry_normal/Oily-Dry-Skin-Types/train/dry/dry_532565e3decafdfab48b_jpg.rf.cfb70fe4553f45f39a9cf95f5fd913ac.jpg,kaggle_oily_dry_normal,dry,,8fa5faa0c4b5fa03e17771cf0dca5d7ec4c34f212f8d54e17caf3111f7345275,unmapped/extra folder label: dry
dataset/raw/kaggle_oily_dry_normal/Oily-Dry-Skin-Types/train/dry/dry_540615aadfc387dd22c5_jpg.rf.00940343931955a4085d394f6168c57c.jpg,kaggle_oily_dry_normal,dry,,a4937e85d655bcdf465d41fa73fb9464cb6c2d1f4623ef08027a052b897e65b9,unmapped/extra folder label: dry
dataset/raw/kaggle_oily_dry_normal/Oily-Dry-Skin-Types/train/dry/dry_540615aadfc387dd22c5_jpg.rf.9db3a24879bc50e41d930a1e97090ac1.jpg,kaggle_oily_dry_normal,dry,,ce3c6ce82308414496618bb1d489c3e9726dcefe3a1a2994d5aab18d5db9f9f0,unmapped/extra folder label: dry
dataset/raw/kaggle_oily_dry_normal/Oily-Dry-Skin-Types/train/dry/dry_540615aadfc387dd22c5_jpg.rf.c45bedfe36970edd1c4915270937b084.jpg,kaggle_oily_dry_normal,dry,,433f50360b2e958576dd06a224ba11862c21731aed703c313bb28f63c309bf7e,unmapped/extra folder label: dry
dataset/raw/kaggle_oily_dry_normal/Oily-Dry-Skin-Types/train/dry/dry_543f3191565210e0b2b7_jpg.rf.4d1df6e6f2b7e80ea7fac6fbaec67929.jpg,kaggle_oily_dry_normal,dry,,a8e038f237f266b09dbde58102fbb5eaf351ddecd085df675783322c675aa5e1,unmapped/extra folder label: dry
dataset/raw/kaggle_oily_dry_normal/Oily-Dry-Skin-Types/train/dry/dry_543f3191565210e0b2b7_jpg.rf.b26531df969985e958364024ee13d855.jpg,kaggle_oily_dry_normal,dry,,20acd46f554c3660549fe71ca8c49cd6dbe9be358fae25e3c330479b49728aa0,unmapped/extra folder label: dry
dataset/raw/kaggle_oily_dry_normal/Oily-Dry-Skin-Types/train/dry/dry_543f3191565210e0b2b7_jpg.rf.d3deceeff678f95eecfa8252edb2679a.jpg,kaggle_oily_dry_normal,dry,,fe9052ba598364952520267333e32de5c3ca266e641e77bcb98873e6a3dc4e01,unmapped/extra folder label: dry
dataset/raw/kaggle_oily_dry_normal/Oily-Dry-Skin-Types/train/dry/dry_54835ffd7900ab7b5083_jpg.rf.68f96d2a0d40ba5a5384ee8d01910b4e.jpg,kaggle_oily_dry_normal,dry,,b945b99fc979a7a3cfadcebd23a7c43eb8b101b836d9d11746b2cb0ebdd76d53,unmapped/extra folder label: dry
dataset/raw/kaggle_oily_dry_normal/Oily-Dry-Skin-Types/train/dry/dry_54835ffd7900ab7b5083_jpg.rf.d3b658bf7158cbdaff491f54ac643bb8.jpg,kaggle_oily_dry_normal,dry,,c11d01a90c72e4ba434b009c27dd7e5aa185f74dc21cb65e99637076dc815e0d,unmapped/extra folder label: dry
dataset/raw/kaggle_oily_dry_normal/Oily-Dry-Skin-Types/train/dry/dry_54835ffd7900ab7b5083_jpg.rf.f31ddd82f98841c47c8b54a9ba8bdc1e.jpg,kaggle_oily_dry_normal,dry,,62de04bd736301508c2bf61eb630090b1cf87a2248acfadae2544293da9e84ec,unmapped/extra folder label: dry
dataset/raw/kaggle_oily_dry_normal/Oily-Dry-Skin-Types/train/dry/dry_56018b3c61f2de8a5a9a_jpg.rf.5f2a67b6dddfaacc52b99afeb96a620a.jpg,kaggle_oily_dry_normal,dry,,2f732cc1e7e319eec673bcc7d8d4097a4742eabf25a42dcbca111b487b482341,unmapped/extra folder label: dry
dataset/raw/kaggle_oily_dry_normal/Oily-Dry-Skin-Types/train/dry/dry_56018b3c61f2de8a5a9a_jpg.rf.8936e0bc6a65edbd07844238da59679b.jpg,kaggle_oily_dry_normal,dry,,84da0745cee71610571bb9453aeebde88a22b3b1dba7ec47d104d072e626fe54,unmapped/extra folder label: dry
dataset/raw/kaggle_oily_dry_normal/Oily-Dry-Skin-Types/train/dry/dry_56018b3c61f2de8a5a9a_jpg.rf.b15e1f330d0032d5ef69b7311d7b9b1c.jpg,kaggle_oily_dry_normal,dry,,a7d25e69c33eae7cb5e81c54fc21eb61b25eb37c386eec0901df45ec1dc9cb86,unmapped/extra folder label: dry
dataset/raw/kaggle_oily_dry_normal/Oily-Dry-Skin-Types/train/dry/dry_56b817b616e9e0e179f9_jpg.rf.0b32fb4599a8401e6b03fd24880c21f6.jpg,kaggle_oily_dry_normal,dry,,3bc73dc193b904b4311c1d5428085aead7ee756fadfc8c7b5b4e8df05f53b94e,unmapped/extra folder label: dry
dataset/raw/kaggle_oily_dry_normal/Oily-Dry-Skin-Types/train/dry/dry_56b817b616e9e0e179f9_jpg.rf.91b8c9da53b980635d2c34667b902206.jpg,kaggle_oily_dry_normal,dry,,455b446d1848efac1a8ec5bd242ed84950e08d012fbc5dc489e1a05e4178dbb2,unmapped/extra folder label: dry
dataset/raw/kaggle_oily_dry_normal/Oily-Dry-Skin-Types/train/dry/dry_56b817b616e9e0e179f9_jpg.rf.ae64f670250d340359b4e8980a7799cb.jpg,kaggle_oily_dry_normal,dry,,0c67bed4fdbc84219d63bb1eee6662dda5f1e1764018460c0d8bf2a5127b9142,unmapped/extra folder label: dry
dataset/raw/kaggle_oily_dry_normal/Oily-Dry-Skin-Types/train/dry/dry_571a92ad19ef1a49a62b_jpg.rf.095a43775462ee323ae37051d3304635.jpg,kaggle_oily_dry_normal,dry,,b72225def11fcf4f6cc685ef8783b7d2f643717e5618111fab7766344685c1a8,unmapped/extra folder label: dry
dataset/raw/kaggle_oily_dry_normal/Oily-Dry-Skin-Types/train/dry/dry_571a92ad19ef1a49a62b_jpg.rf.27b7806ff03fadbff4a4848c081b8d91.jpg,kaggle_oily_dry_normal,dry,,9caed3d1a7ed80975b90ea4f12cb151646872493ad279d4b4f741977de650cc4,unmapped/extra folder label: dry
dataset/raw/kaggle_oily_dry_normal/Oily-Dry-Skin-Types/train/dry/dry_571a92ad19ef1a49a62b_jpg.rf.6538632678e1b115d7ca7d75e75e82c7.jpg,kaggle_oily_dry_normal,dry,,809b51a93ab3856740d054e7eec99f176e234ba0c2fb7fcbc556daa7c3e037bd,unmapped/extra folder label: dry
dataset/raw/kaggle_oily_dry_normal/Oily-Dry-Skin-Types/train/dry/dry_57a59b96ec26c945e4b2_jpg.rf.1c5dbab5011571a2a280bec60d34b93f.jpg,kaggle_oily_dry_normal,dry,,f8fcf9a60f134765fd547964b1d487f6107831d52838a104905f6e9b839ed636,unmapped/extra folder label: dry
dataset/raw/kaggle_oily_dry_normal/Oily-Dry-Skin-Types/train/dry/dry_57a59b96ec26c945e4b2_jpg.rf.7ce039003c8df71dafe984d47e81f4b4.jpg,kaggle_oily_dry_normal,dry,,782eb63f81b107ad98910615449635c315edcb7d29d117150354375d705ac494,unmapped/extra folder label: dry
dataset/raw/kaggle_oily_dry_normal/Oily-Dry-Skin-Types/train/dry/dry_57a59b96ec26c945e4b2_jpg.rf.d8692f957fecf4ee0c0220b50e57589d.jpg,kaggle_oily_dry_normal,dry,,6223877195629e3460b433346be778314ccfd3c21e5e45d2df81fc29d22c4860,unmapped/extra folder label: dry
dataset/raw/kaggle_oily_dry_normal/Oily-Dry-Skin-Types/train/dry/dry_58256c3eebfd0fa2a20c_jpg.rf.2bc3110a3fc978f83df4b89c40468afe.jpg,kaggle_oily_dry_normal,dry,,b260a3a0d4ed2318238ca7aa5aaf11756717cd17a8405e466d7edfe8852f88a0,unmapped/extra folder label: dry
dataset/raw/kaggle_oily_dry_normal/Oily-Dry-Skin-Types/train/dry/dry_58256c3eebfd0fa2a20c_jpg.rf.9aef5a7c884a751e05c4473b1e7738f7.jpg,kaggle_oily_dry_normal,dry,,a03fa07f2c6d49878a121f814ef3bc4610b14e028ac53297a9ac181c9ffd379f,unmapped/extra folder label: dry
dataset/raw/kaggle_oily_dry_normal/Oily-Dry-Skin-Types/train/dry/dry_58256c3eebfd0fa2a20c_jpg.rf.c1ac02ea9728728f85346392afb0269a.jpg,kaggle_oily_dry_normal,dry,,4a69d86881cee37683b158f9d60b6ebaacccd0c73b69baeab349cceaa61f2ce6,unmapped/extra folder label: dry
dataset/raw/kaggle_oily_dry_normal/Oily-Dry-Skin-Types/train/dry/dry_58c4aa687f67f4e06a02_jpg.rf.841b6f7539cceb33370b13fa088575ed.jpg,kaggle_oily_dry_normal,dry,,979d83ca90342833c1452907aa17a79d8ac362429f40a3d6ba49c92c88c53306,unmapped/extra folder label: dry
dataset/raw/kaggle_oily_dry_normal/Oily-Dry-Skin-Types/train/dry/dry_58c4aa687f67f4e06a02_jpg.rf.96966e49a64593178ea50580d59588e0.jpg,kaggle_oily_dry_normal,dry,,766b29ba5c8c0da1140e08ab472ae6299f0fdaf40ddffb00fbcf2f567cc703ec,unmapped/extra folder label: dry
dataset/raw/kaggle_oily_dry_normal/Oily-Dry-Skin-Types/train/dry/dry_58c4aa687f67f4e06a02_jpg.rf.c7440872c1627d4d0c5349259d1e0643.jpg,kaggle_oily_dry_normal,dry,,32e1f5dd55a26653229c7b57809b94f1c2219c656232a9d34a6803d3705eafd4,unmapped/extra folder label: dry
dataset/raw/kaggle_oily_dry_normal/Oily-Dry-Skin-Types/train/dry/dry_5a510955ceb3efb852fa_jpg.rf.764271331ea492fbbad87728da1cca03.jpg,kaggle_oily_dry_normal,dry,,7b074bb908f6af2bfd7f3dd5304ebe7665e7722155f702e988eda39202165e3c,unmapped/extra folder label: dry
dataset/raw/kaggle_oily_dry_normal/Oily-Dry-Skin-Types/train/dry/dry_5a510955ceb3efb852fa_jpg.rf.82ec30155c0ffa6b59a4ae6e6496e2da.jpg,kaggle_oily_dry_normal,dry,,e8c261354d6402cabde7030e77b7fd70bf2839a7d160894cf2748cb310b279be,unmapped/extra folder label: dry
dataset/raw/kaggle_oily_dry_normal/Oily-Dry-Skin-Types/train/dry/dry_5a510955ceb3efb852fa_jpg.rf.998805eef49e7598e27417a604d7b9b0.jpg,kaggle_oily_dry_normal,dry,,2a7fa547899193c49bfc0d776e98af423317976b405110b806c94555f8c788d1,unmapped/extra folder label: dry
dataset/raw/kaggle_oily_dry_normal/Oily-Dry-Skin-Types/train/dry/dry_5aa5701d1870f076fd81_jpg.rf.a7bb79abb737b4ab8f9d756c148b1b57.jpg,kaggle_oily_dry_normal,dry,,0f07f72846870da0949472217dcc9831ce898de2315b6b4c34b163c06d5446bd,unmapped/extra folder label: dry
dataset/raw/kaggle_oily_dry_normal/Oily-Dry-Skin-Types/train/dry/dry_5aa5701d1870f076fd81_jpg.rf.b3e7ca3c648ab94d52fcee0099d6bda0.jpg,kaggle_oily_dry_normal,dry,,d6fb3116cd0319a3017008c93091af670ca1f738ba0ee06c2ea2ee545ff7d223,unmapped/extra folder label: dry
dataset/raw/kaggle_oily_dry_normal/Oily-Dry-Skin-Types/train/dry/dry_5aa5701d1870f076fd81_jpg.rf.c66be455147c3604d277ff5b4bc473d4.jpg,kaggle_oily_dry_normal,dry,,c931479511d9ba39459b24f8edf3d9bc30966276bd1aa312e475286ba1b46dcb,unmapped/extra folder label: dry
dataset/raw/kaggle_oily_dry_normal/Oily-Dry-Skin-Types/train/dry/dry_5b0651ccf8c833d44008_jpg.rf.9a5ecd79a65b2172cf62cefdd04f17b0.jpg,kaggle_oily_dry_normal,dry,,223484150d8307e067419c3b0f0db82067f76762f4e248efd13cfbdc56fafded,unmapped/extra folder label: dry
dataset/raw/kaggle_oily_dry_normal/Oily-Dry-Skin-Types/train/dry/dry_5b0651ccf8c833d44008_jpg.rf.ddbd91e3ee897f639735bdcf4a9c9331.jpg,kaggle_oily_dry_normal,dry,,a79dc8b9e1baf541c6edb68317919b955435710ac66afc336b0e678341efd030,unmapped/extra folder label: dry
dataset/raw/kaggle_oily_dry_normal/Oily-Dry-Skin-Types/train/dry/dry_5b0651ccf8c833d44008_jpg.rf.e286b45ce1001076238cd27e5e5ac4c2.jpg,kaggle_oily_dry_normal,dry,,c1f2de93d29ce0b885e49cb106217b47b14659c27a0d494dad6356f9bdd29f41,unmapped/extra folder label: dry
dataset/raw/kaggle_oily_dry_normal/Oily-Dry-Skin-Types/train/dry/dry_5b7d30440eab2e9c4cb5_jpg.rf.3d36e004e6c3479180c5eea5150aadd5.jpg,kaggle_oily_dry_normal,dry,,d66971f9b2e02d331f6ec396a20c74e38ae8e797230afcc1e411f9a32b7c664c,unmapped/extra folder label: dry
dataset/raw/kaggle_oily_dry_normal/Oily-Dry-Skin-Types/train/dry/dry_5b7d30440eab2e9c4cb5_jpg.rf.59056b379b8e332253960c5f69617613.jpg,kaggle_oily_dry_normal,dry,,0ffbd4f54961286d59eb255919218dafd92f07e1de4c4282398c9a95e6c20157,unmapped/extra folder label: dry
dataset/raw/kaggle_oily_dry_normal/Oily-Dry-Skin-Types/train/dry/dry_5b7d30440eab2e9c4cb5_jpg.rf.671160cdae212b0bbab3667546faa56b.jpg,kaggle_oily_dry_normal,dry,,ad3c50164287354763c5bb268d2135b5b36f1ba22dc4acb42e99cb0a3b019323,unmapped/extra folder label: dry
dataset/raw/kaggle_oily_dry_normal/Oily-Dry-Skin-Types/train/dry/dry_5b88fba1f5eaefd49ae7_jpg.rf.1f118a9eef67d139be1f96a0c0540169.jpg,kaggle_oily_dry_normal,dry,,cc1164417a09137c293efb3f00031e787cbc85bb71195b302b8e2d8f962a9f95,unmapped/extra folder label: dry
dataset/raw/kaggle_oily_dry_normal/Oily-Dry-Skin-Types/train/dry/dry_5b88fba1f5eaefd49ae7_jpg.rf.b330b5e17a4303ba41054423e1cbe3e0.jpg,kaggle_oily_dry_normal,dry,,573792fa144255ec435999ef22b75680844dc84408089f92e324c6158b3736bc,unmapped/extra folder label: dry
dataset/raw/kaggle_oily_dry_normal/Oily-Dry-Skin-Types/train/dry/dry_5b88fba1f5eaefd49ae7_jpg.rf.b50485148a67afaa5abe2008e887d3c0.jpg,kaggle_oily_dry_normal,dry,,34d60c5ac4afc8b7967a66dd23957ba31fc69205d5721a595f01a6b56008cad7,unmapped/extra folder label: dry
dataset/raw/kaggle_oily_dry_normal/Oily-Dry-Skin-Types/train/dry/dry_5bae34929f67ef416245_jpg.rf.2eeec3b090becaefb327f789860bdb08.jpg,kaggle_oily_dry_normal,dry,,7475d747775444470706741e6d6baebfa7c8dfb8c4691f15a8f26290d6f7f914,unmapped/extra folder label: dry
dataset/raw/kaggle_oily_dry_normal/Oily-Dry-Skin-Types/train/dry/dry_5bae34929f67ef416245_jpg.rf.8e3c7d0b803222958759a0e8a489dabc.jpg,kaggle_oily_dry_normal,dry,,77fd375bc63e0b659d7c8aa2fb8e73dabbb6e6963a6a5deb92df0953b502d110,unmapped/extra folder label: dry
dataset/raw/kaggle_oily_dry_normal/Oily-Dry-Skin-Types/train/dry/dry_5bae34929f67ef416245_jpg.rf.d5175c2b5277d4b022bf08a4b6394a48.jpg,kaggle_oily_dry_normal,dry,,b776ae20fc38e7e38ab58d6042196348e154af1b96d164b7406cc7e9aa480bb5,unmapped/extra folder label: dry
dataset/raw/kaggle_oily_dry_normal/Oily-Dry-Skin-Types/train/dry/dry_5c47b9a9323a9df75084_jpg.rf.04f3d3e94fa7f0eacb0c569ca3d2f446.jpg,kaggle_oily_dry_normal,dry,,c18d7b97a9f090893e08583615c7e78fbc8b578bc7df94b616147109afb6b5a0,unmapped/extra folder label: dry
dataset/raw/kaggle_oily_dry_normal/Oily-Dry-Skin-Types/train/dry/dry_5c47b9a9323a9df75084_jpg.rf.444dc9dac37a6c0ea333098e99dbbf2d.jpg,kaggle_oily_dry_normal,dry,,b9fe02255950d6bfcbeb601eb70a17b3a7fdc8fcbae535985c4b68751e03da03,unmapped/extra folder label: dry
dataset/raw/kaggle_oily_dry_normal/Oily-Dry-Skin-Types/train/dry/dry_5c47b9a9323a9df75084_jpg.rf.f7181a8a72ad89d4a1efbcb7a4e089cf.jpg,kaggle_oily_dry_normal,dry,,d67df741a3295bf4fe512fc08cd38dfa4427f55da998e04a84c3bda512165308,unmapped/extra folder label: dry
dataset/raw/kaggle_oily_dry_normal/Oily-Dry-Skin-Types/train/dry/dry_5d9682c266cc9bfd60ad_jpg.rf.3975143298a80f1236bbb7ad0f975608.jpg,kaggle_oily_dry_normal,dry,,89552439beafce367c79a1cc8b1bcc232e9803d17bd3382e161477eedafedf31,unmapped/extra folder label: dry
dataset/raw/kaggle_oily_dry_normal/Oily-Dry-Skin-Types/train/dry/dry_5d9682c266cc9bfd60ad_jpg.rf.4636f0347862b13a29d89fad6db7221f.jpg,kaggle_oily_dry_normal,dry,,edd257f4c6e4e73a997e176e1b7dca52039dcf075b8f7002ef07e1bf07617985,unmapped/extra folder label: dry
dataset/raw/kaggle_oily_dry_normal/Oily-Dry-Skin-Types/train/dry/dry_5d9682c266cc9bfd60ad_jpg.rf.d173878e0ece49ee4fc191a6316d609c.jpg,kaggle_oily_dry_normal,dry,,502f6b8c806bd4c83e6f82086346ea26d8aa534124d915d390056c1a84a71e35,unmapped/extra folder label: dry
dataset/raw/kaggle_oily_dry_normal/Oily-Dry-Skin-Types/train/dry/dry_5e6ecf63d27ca95d7bf4_jpg.rf.6606eaee1544157419f20855ef8b433c.jpg,kaggle_oily_dry_normal,dry,,6c6be6fd695da365ee108cd0ff6576d270f433a621905af083325560ce4876db,unmapped/extra folder label: dry
dataset/raw/kaggle_oily_dry_normal/Oily-Dry-Skin-Types/train/dry/dry_5e6ecf63d27ca95d7bf4_jpg.rf.a78e7d22dc15cb7bfd22daf06a71e5f3.jpg,kaggle_oily_dry_normal,dry,,4feba04d0b5b4b074ab5614c25b50ce76e81ea1e836bf343828c938b3ced2fc8,unmapped/extra folder label: dry
dataset/raw/kaggle_oily_dry_normal/Oily-Dry-Skin-Types/train/dry/dry_5e6ecf63d27ca95d7bf4_jpg.rf.dcce7b72f0f79d90a7021c5ba16054c9.jpg,kaggle_oily_dry_normal,dry,,8d02311e462ef518361ec1de906d718a9e61089cc2e5bbd9b6859e895344f187,unmapped/extra folder label: dry
dataset/raw/kaggle_oily_dry_normal/Oily-Dry-Skin-Types/train/dry/dry_6120c3982c0249443c8f_jpg.rf.023db8fc8e36b002e00c5924f22b39da.jpg,kaggle_oily_dry_normal,dry,,b087a07c8de16c98f480379386dfa72bdf547501dff95cdb21c0a1237988a023,unmapped/extra folder label: dry
dataset/raw/kaggle_oily_dry_normal/Oily-Dry-Skin-Types/train/dry/dry_6120c3982c0249443c8f_jpg.rf.8e0640673765ac6e91a7ecdad435a538.jpg,kaggle_oily_dry_normal,dry,,f7c679c9e0799244f49dc7a2c01435a3c34e280a8a737ee4e3889aa94764e999,unmapped/extra folder label: dry
dataset/raw/kaggle_oily_dry_normal/Oily-Dry-Skin-Types/train/dry/dry_6120c3982c0249443c8f_jpg.rf.8f26672977b7e7daf5d741119bd14c2e.jpg,kaggle_oily_dry_normal,dry,,e6418f9324df22026cf69a493167a62fe73f0a4de973df87cbe822a15500e35b,unmapped/extra folder label: dry
dataset/raw/kaggle_oily_dry_normal/Oily-Dry-Skin-Types/train/dry/dry_630a827b4134d9527866_jpg.rf.095736f77ff684fccecf5c8530276c17.jpg,kaggle_oily_dry_normal,dry,,5d33a20cd6ce9d8f568cdd8e0ef689e7c9216d100b5cc355bd99580045829537,unmapped/extra folder label: dry
dataset/raw/kaggle_oily_dry_normal/Oily-Dry-Skin-Types/train/dry/dry_630a827b4134d9527866_jpg.rf.27e1630eee2c262d85ec607a766d5369.jpg,kaggle_oily_dry_normal,dry,,94685c16181d3c2d76406c3d91587de05cf1a7b294b9380e06a3bc3c7eab8f95,unmapped/extra folder label: dry
dataset/raw/kaggle_oily_dry_normal/Oily-Dry-Skin-Types/train/dry/dry_630a827b4134d9527866_jpg.rf.80f37545add325d4d0093516c3436494.jpg,kaggle_oily_dry_normal,dry,,23d3e1b73cf35cb002632ec7026955ba10e49503135f5d0e019e712dc63215c6,unmapped/extra folder label: dry
dataset/raw/kaggle_oily_dry_normal/Oily-Dry-Skin-Types/train/dry/dry_635b369ea5503242d86f_jpg.rf.532f010feeb31b9c620087eff3efbff8.jpg,kaggle_oily_dry_normal,dry,,585d40fab0f97e85ce3ae1424aebced6fc7fd43016c92a4b89ee2ed3841950ee,unmapped/extra folder label: dry
dataset/raw/kaggle_oily_dry_normal/Oily-Dry-Skin-Types/train/dry/dry_635b369ea5503242d86f_jpg.rf.8be5de7f0fddbf58664d1ff3dcac15ce.jpg,kaggle_oily_dry_normal,dry,,69629ae4a63a8e460ba65dda8e551c1ce18501dba0ad0cb1619f0345a7447c78,unmapped/extra folder label: dry
dataset/raw/kaggle_oily_dry_normal/Oily-Dry-Skin-Types/train/dry/dry_635b369ea5503242d86f_jpg.rf.ec9f9f59009b9900a2a21a32be06e3cc.jpg,kaggle_oily_dry_normal,dry,,9ee3aca25f56089633b38d6223d03e325ac8c0ce8d0c233f3f304703b11b1ebf,unmapped/extra folder label: dry
dataset/raw/kaggle_oily_dry_normal/Oily-Dry-Skin-Types/train/dry/dry_63d1f5496aa4fabd01bb_jpg.rf.15b0f1ffb34d9b0d7e7d4d3377e976bc.jpg,kaggle_oily_dry_normal,dry,,65b1562d3858db70b07ef8c5dc6a5e587e1be2bdd5f9245a8d7fc76bd2e3bcf9,unmapped/extra folder label: dry
dataset/raw/kaggle_oily_dry_normal/Oily-Dry-Skin-Types/train/dry/dry_63d1f5496aa4fabd01bb_jpg.rf.c477f5ce3d805c1cb126993ea5db6480.jpg,kaggle_oily_dry_normal,dry,,c35002067bda9e8d243e023574230653cf4fbfe9b756d5c780d0b3f39b67f0d8,unmapped/extra folder label: dry
dataset/raw/kaggle_oily_dry_normal/Oily-Dry-Skin-Types/train/dry/dry_63d1f5496aa4fabd01bb_jpg.rf.fca7b23e0b7104f9713f6dafcf25eb8e.jpg,kaggle_oily_dry_normal,dry,,5dfc618f3143734376f3e6177bb0e4d590370ad5d40c3452f8497fa435c507d2,unmapped/extra folder label: dry
dataset/raw/kaggle_oily_dry_normal/Oily-Dry-Skin-Types/train/dry/dry_64a91485d0edd46ff0b9_jpg.rf.777eef7b2e0b8b540cde1a08ef9d10bc.jpg,kaggle_oily_dry_normal,dry,,08cf33b3eb63202d11a0d9d654d4bf50450ddfcf0863976adbc84debf015d588,unmapped/extra folder label: dry
dataset/raw/kaggle_oily_dry_normal/Oily-Dry-Skin-Types/train/dry/dry_64a91485d0edd46ff0b9_jpg.rf.78d5aa4c806b6a277a6c55075991f519.jpg,kaggle_oily_dry_normal,dry,,8af4b472bcf9e9e6f3cab9339049b7a9c37260d23860249256e38a9cf6d8e457,unmapped/extra folder label: dry
dataset/raw/kaggle_oily_dry_normal/Oily-Dry-Skin-Types/train/dry/dry_64a91485d0edd46ff0b9_jpg.rf.90003725a596dff72d7cbb77705e7481.jpg,kaggle_oily_dry_normal,dry,,45e410213561353930f7f92e92a3948d9c84b6e56ec6acda8cd4c371885ac7d0,unmapped/extra folder label: dry
dataset/raw/kaggle_oily_dry_normal/Oily-Dry-Skin-Types/train/dry/dry_652a087f0622a899f4d1_jpg.rf.4fde555914e980350f5ff0d570bbba3f.jpg,kaggle_oily_dry_normal,dry,,0b97f38ab8eed94518d4adab9e2c2a61949c2b9c8443cbb767917efab4b0e922,unmapped/extra folder label: dry
dataset/raw/kaggle_oily_dry_normal/Oily-Dry-Skin-Types/train/dry/dry_652a087f0622a899f4d1_jpg.rf.5ffc5e75170046b3b9d092f311d56587.jpg,kaggle_oily_dry_normal,dry,,8f1a142accb352c3be58d802da13c8e1b9f0d4db0ac1009ea5100700b7c32cc4,unmapped/extra folder label: dry
dataset/raw/kaggle_oily_dry_normal/Oily-Dry-Skin-Types/train/dry/dry_652a087f0622a899f4d1_jpg.rf.d5301b8792c1bd553d4406d60ad3b220.jpg,kaggle_oily_dry_normal,dry,,d0e913c764ae7070f45d73f378d65b780561ea6fea37116c2c489a171e92e02d,unmapped/extra folder label: dry
dataset/raw/kaggle_oily_dry_normal/Oily-Dry-Skin-Types/train/dry/dry_66a2ba8de735c33bad17_jpg.rf.13157f2d59006158d24ff36781e9f250.jpg,kaggle_oily_dry_normal,dry,,073e2a7d0018c465eeeb5bf122e2602a8897a4ba98000610210ec818e456a427,unmapped/extra folder label: dry
dataset/raw/kaggle_oily_dry_normal/Oily-Dry-Skin-Types/train/dry/dry_66a2ba8de735c33bad17_jpg.rf.8689ab2fb8bca26f0b776626489df106.jpg,kaggle_oily_dry_normal,dry,,8a6ba6db3a024a20d66ce9f438f7ab598adeee2328b1407be948cd9225515801,unmapped/extra folder label: dry
dataset/raw/kaggle_oily_dry_normal/Oily-Dry-Skin-Types/train/dry/dry_66a2ba8de735c33bad17_jpg.rf.ba1e59c95206502caaa57489c0625629.jpg,kaggle_oily_dry_normal,dry,,b7c935c21a136713b7d748076f12d3683dc1c7f28e5fb1cd98e019cb9a8acfec,unmapped/extra folder label: dry
dataset/raw/kaggle_oily_dry_normal/Oily-Dry-Skin-Types/train/dry/dry_68a0394b89915f31faf4_jpg.rf.121cc0176ef25fa143d36a053ce68a29.jpg,kaggle_oily_dry_normal,dry,,003e67704da6c30ebff36a79125940ea532ad4a6edbbbc00e72fae30071554aa,unmapped/extra folder label: dry
dataset/raw/kaggle_oily_dry_normal/Oily-Dry-Skin-Types/train/dry/dry_68a0394b89915f31faf4_jpg.rf.98fe8f7bd06afb18b46ebd6b6a8f2b07.jpg,kaggle_oily_dry_normal,dry,,f3f11e32bd13ec55e340c8ff6ee01a9481e5695687b1513203a098d92f4350df,unmapped/extra folder label: dry
dataset/raw/kaggle_oily_dry_normal/Oily-Dry-Skin-Types/train/dry/dry_68a0394b89915f31faf4_jpg.rf.cd61519fe62a8a0d4648781100688030.jpg,kaggle_oily_dry_normal,dry,,1aa7955a5c8e520bfb7fae33c62fffb1f7d451ce271ae921af133c8bb4cb53bb,unmapped/extra folder label: dry
dataset/raw/kaggle_oily_dry_normal/Oily-Dry-Skin-Types/train/dry/dry_6b283a3dd51cbf05cb32_jpg.rf.61e2f3d0dfe45b3bfdb246b98bed13e4.jpg,kaggle_oily_dry_normal,dry,,1b8880f850d65d75967a67c3e25d76f844680b9a46461669dea7d2719dc79fd4,unmapped/extra folder label: dry
dataset/raw/kaggle_oily_dry_normal/Oily-Dry-Skin-Types/train/dry/dry_6b283a3dd51cbf05cb32_jpg.rf.e6ee1c716b6472923583cabe7b849677.jpg,kaggle_oily_dry_normal,dry,,26a6ca5b3c1a0a389b78f07a3407b6de6bde244d3d2ed8efb7b1c372b2c5a9f9,unmapped/extra folder label: dry
dataset/raw/kaggle_oily_dry_normal/Oily-Dry-Skin-Types/train/dry/dry_6b283a3dd51cbf05cb32_jpg.rf.f93a885cedd5803f39d79c07966f02a9.jpg,kaggle_oily_dry_normal,dry,,a0446e5b044111200139a012fdbc550884b67e16200b8714249aa117635394e9,unmapped/extra folder label: dry
dataset/raw/kaggle_oily_dry_normal/Oily-Dry-Skin-Types/train/dry/dry_6bd49d9d1c32e8dcdf8c_jpg.rf.23133646ee1cc85314c7ebdf6a31caa0.jpg,kaggle_oily_dry_normal,dry,,2c0abd2820c43cbf7d172f762ff0e02c628237cbdf5b5e29442ef5f5163e3926,unmapped/extra folder label: dry
dataset/raw/kaggle_oily_dry_normal/Oily-Dry-Skin-Types/train/dry/dry_6bd49d9d1c32e8dcdf8c_jpg.rf.49665ac8e780fbf0781bd46bcb6cf382.jpg,kaggle_oily_dry_normal,dry,,e5a79567697a0be8078aa894fd29f39386d10483424127d76f45fff0328f3e4f,unmapped/extra folder label: dry
dataset/raw/kaggle_oily_dry_normal/Oily-Dry-Skin-Types/train/dry/dry_6bd49d9d1c32e8dcdf8c_jpg.rf.b8be26eda50ebc884af15ec80bad16e6.jpg,kaggle_oily_dry_normal,dry,,9da8d0337341c7f37cb5367999eab450b71a39b94207a18fd62cc292c0bb7d6d,unmapped/extra folder label: dry
dataset/raw/kaggle_oily_dry_normal/Oily-Dry-Skin-Types/train/dry/dry_6d2dc1f89abf1ce87e45_jpg.rf.4c8dbbee93215147658b110ddee43094.jpg,kaggle_oily_dry_normal,dry,,cc53690b14952abfe392b20d999692bf75c6d5c68f153cd75f37dfd701f47263,unmapped/extra folder label: dry
dataset/raw/kaggle_oily_dry_normal/Oily-Dry-Skin-Types/train/dry/dry_6d2dc1f89abf1ce87e45_jpg.rf.b5bd102177bc2d99daebd803ff30418b.jpg,kaggle_oily_dry_normal,dry,,b92a9185cc15aa9fd7713f5a0da1b77b4b7038f58bd248637a39dffe5cdff649,unmapped/extra folder label: dry
dataset/raw/kaggle_oily_dry_normal/Oily-Dry-Skin-Types/train/dry/dry_6d2dc1f89abf1ce87e45_jpg.rf.d3e927ad6aaaedd26361fd2536dd367a.jpg,kaggle_oily_dry_normal,dry,,34f153e2b93ca5bf34cbcef98eec41cb76bcdfa2554d19664252942cc57e0ef2,unmapped/extra folder label: dry
dataset/raw/kaggle_oily_dry_normal/Oily-Dry-Skin-Types/train/dry/dry_7057947125674cacc670_jpg.rf.5c0c3eba84fe60098bcb02248214140b.jpg,kaggle_oily_dry_normal,dry,,da9997fb48e98c9ee131e404246217e22f42dbcaadbf4c43151713691854ee99,unmapped/extra folder label: dry
dataset/raw/kaggle_oily_dry_normal/Oily-Dry-Skin-Types/train/dry/dry_7057947125674cacc670_jpg.rf.b024ab17d2d283fff431915ec698e9db.jpg,kaggle_oily_dry_normal,dry,,6c4da73373b51543db374f9d2d2751b55fb88022fa7055efd2ffdd50d48d3cb7,unmapped/extra folder label: dry
dataset/raw/kaggle_oily_dry_normal/Oily-Dry-Skin-Types/train/dry/dry_7057947125674cacc670_jpg.rf.c2fc7fc7f10fe45c5d47277b0d77ac59.jpg,kaggle_oily_dry_normal,dry,,1eba0b0a8cf4e53bcb8f252e2e337e712cbd3cf8f2b4bf37c92bacff228eabba,unmapped/extra folder label: dry
dataset/raw/kaggle_oily_dry_normal/Oily-Dry-Skin-Types/train/dry/dry_722f267df7d8e3b9ba38_jpg.rf.23dc56f84af86cc6534e4cf9839d6834.jpg,kaggle_oily_dry_normal,dry,,8185c9495b880eaf9d0383e0db35145b56f494bb2e1462e7083930b064f773aa,unmapped/extra folder label: dry
dataset/raw/kaggle_oily_dry_normal/Oily-Dry-Skin-Types/train/dry/dry_722f267df7d8e3b9ba38_jpg.rf.99aba8068f90e37b65022780074fde7d.jpg,kaggle_oily_dry_normal,dry,,78cc72aed5bac28e0ef193bcfd38cad49543f41e590aeb667a3dd0441e3e1333,unmapped/extra folder label: dry
dataset/raw/kaggle_oily_dry_normal/Oily-Dry-Skin-Types/train/dry/dry_722f267df7d8e3b9ba38_jpg.rf.d37c26db24c438ab8ae1bf7a2c2e10a7.jpg,kaggle_oily_dry_normal,dry,,0dd327a086ff0cbeff82f39e4a692b7973e4d0761d6b299d59b383401af3f452,unmapped/extra folder label: dry
dataset/raw/kaggle_oily_dry_normal/Oily-Dry-Skin-Types/train/dry/dry_726025675a80fd7e7b97_jpg.rf.c22acb6b9eb07452be56be5b9f6a46ec.jpg,kaggle_oily_dry_normal,dry,,c132becc3b36657f73ca5e4027d767e0daf476a6e62961b5aeeffb2ff1d6f04f,unmapped/extra folder label: dry
dataset/raw/kaggle_oily_dry_normal/Oily-Dry-Skin-Types/train/dry/dry_726025675a80fd7e7b97_jpg.rf.db66f0e20d865128f7a09944a997d43c.jpg,kaggle_oily_dry_normal,dry,,0a382efb40b4b36502f35ee1147dea019183d0c953f6235961bda6ec80bbfa76,unmapped/extra folder label: dry
dataset/raw/kaggle_oily_dry_normal/Oily-Dry-Skin-Types/train/dry/dry_726025675a80fd7e7b97_jpg.rf.dc0e1f49cbce829c2d6906fb666d504f.jpg,kaggle_oily_dry_normal,dry,,aca80f153b10fa168be184d0249ca665a9920527eef7828e87974763a96696c3,unmapped/extra folder label: dry
dataset/raw/kaggle_oily_dry_normal/Oily-Dry-Skin-Types/train/dry/dry_731e7802f94a80ff605b_jpg.rf.7301e675a45f928444b2d7bb9e1023ad.jpg,kaggle_oily_dry_normal,dry,,9fed00797bd10ebe47abd96fdff759478c4885f90680ec084e0c38e124cee120,unmapped/extra folder label: dry
dataset/raw/kaggle_oily_dry_normal/Oily-Dry-Skin-Types/train/dry/dry_731e7802f94a80ff605b_jpg.rf.7b7da0a61b9cc423b4b420bf784d0c43.jpg,kaggle_oily_dry_normal,dry,,e9d76b33374e2766400359431d83ce54a2a846fb90e3a305cf9fbb299072e8d4,unmapped/extra folder label: dry
dataset/raw/kaggle_oily_dry_normal/Oily-Dry-Skin-Types/train/dry/dry_731e7802f94a80ff605b_jpg.rf.8c1c345257919c743796072423a3eaff.jpg,kaggle_oily_dry_normal,dry,,daf40e748f076d7e06c6e5d83ed73bdf2876c881cbd0ea49795ed019a83ada1b,unmapped/extra folder label: dry
dataset/raw/kaggle_oily_dry_normal/Oily-Dry-Skin-Types/train/dry/dry_73bc80219b41d81c37fd_jpg.rf.0ba41b84a9e764c5695e22690018c340.jpg,kaggle_oily_dry_normal,dry,,8820a58c8e31c6a8e4b3a249d98acb3ad4943d7dd07617a9b2343339bed041b1,unmapped/extra folder label: dry
dataset/raw/kaggle_oily_dry_normal/Oily-Dry-Skin-Types/train/dry/dry_73bc80219b41d81c37fd_jpg.rf.2e5d9e572a643f3162d41b3798d56acb.jpg,kaggle_oily_dry_normal,dry,,aa689311b36513c1198b6c6ab05ff8839bb3451562226a153ea0c8ee0fb3f359,unmapped/extra folder label: dry
dataset/raw/kaggle_oily_dry_normal/Oily-Dry-Skin-Types/train/dry/dry_73bc80219b41d81c37fd_jpg.rf.64a0aa2ef922bd6f24a1d7049c1df4ff.jpg,kaggle_oily_dry_normal,dry,,72acaa49dd37178e21507860e159c2d0c9402e219ae36090860b426f9787f91a,unmapped/extra folder label: dry
dataset/raw/kaggle_oily_dry_normal/Oily-Dry-Skin-Types/train/dry/dry_74fa122d449eb37717e6_jpg.rf.10c765f023a38b89a5d628d847dcdda8.jpg,kaggle_oily_dry_normal,dry,,be05a6b787c92688f72868adb8afc93f2bc06caa2009d3be08df18774a648f54,unmapped/extra folder label: dry
dataset/raw/kaggle_oily_dry_normal/Oily-Dry-Skin-Types/train/dry/dry_74fa122d449eb37717e6_jpg.rf.45f7ec97db3e5d3a4ee2efe838e75252.jpg,kaggle_oily_dry_normal,dry,,c1df9a0bb51d701d33dc4feffc88e89b6518f36cc947c1436bd18865e968e60f,unmapped/extra folder label: dry
dataset/raw/kaggle_oily_dry_normal/Oily-Dry-Skin-Types/train/dry/dry_74fa122d449eb37717e6_jpg.rf.fc4a8527b16b9a8feb698234d3451a71.jpg,kaggle_oily_dry_normal,dry,,4514f8ca06dfacd35df099f67220fbc579fe1564cc46a1bfef164268e4ebc31e,unmapped/extra folder label: dry
dataset/raw/kaggle_oily_dry_normal/Oily-Dry-Skin-Types/train/dry/dry_7554fdff421b3ef5515a_jpg.rf.245a0b72ce1cdbefcc79d2ad2b73d95f.jpg,kaggle_oily_dry_normal,dry,,9ca498cb66839ff5fa9ae7f18b10f90e37a9bb2df5269642b021ab6d9d62b71a,unmapped/extra folder label: dry
dataset/raw/kaggle_oily_dry_normal/Oily-Dry-Skin-Types/train/dry/dry_7554fdff421b3ef5515a_jpg.rf.2df1e9bb3ab06651a3d23fd32222ebc4.jpg,kaggle_oily_dry_normal,dry,,5d1c4544fb6bc04a51fd5a8186541009e57a46a7cd01eeddd291ffcb9723fcca,unmapped/extra folder label: dry
dataset/raw/kaggle_oily_dry_normal/Oily-Dry-Skin-Types/train/dry/dry_7554fdff421b3ef5515a_jpg.rf.cc43b9abf7c9ca011755f2e7ab110c0c.jpg,kaggle_oily_dry_normal,dry,,31d5e8b10b8d03aed27132a2efa8f923667005f9040d237d58a93f45909293fb,unmapped/extra folder label: dry
dataset/raw/kaggle_oily_dry_normal/Oily-Dry-Skin-Types/train/dry/dry_7789231192a8286641d6_jpg.rf.348e52f1942ae89b9c8347c36571330b.jpg,kaggle_oily_dry_normal,dry,,4b7942b34256c80abb43b9194728ce76d31d6ccdbe3e133da014e4d9ab45298a,unmapped/extra folder label: dry
dataset/raw/kaggle_oily_dry_normal/Oily-Dry-Skin-Types/train/dry/dry_7789231192a8286641d6_jpg.rf.8a9ed275a7f1ff9d6234da625dd19ecf.jpg,kaggle_oily_dry_normal,dry,,86e5351486ab7f16f11afe709e3d7dcdc5e9c7599833c1c5b298b7cd3d74a40f,unmapped/extra folder label: dry
dataset/raw/kaggle_oily_dry_normal/Oily-Dry-Skin-Types/train/dry/dry_7789231192a8286641d6_jpg.rf.9ca39660b315511585f927b3a17d1ba9.jpg,kaggle_oily_dry_normal,dry,,6d2d8f53339d264eb50b40f1f293cf70a63e1b10de21fdfac5c3de7ed217439f,unmapped/extra folder label: dry
dataset/raw/kaggle_oily_dry_normal/Oily-Dry-Skin-Types/train/dry/dry_789899eb3ad1a43de892_jpg.rf.712432bad30fb619fdc5b4a58a1ff9a0.jpg,kaggle_oily_dry_normal,dry,,81d8b8fceea4687f6147bbf62cbb219b5cbf50db81afef64a046d58819e8b37e,unmapped/extra folder label: dry
dataset/raw/kaggle_oily_dry_normal/Oily-Dry-Skin-Types/train/dry/dry_789899eb3ad1a43de892_jpg.rf.c7bcf3e66c1ae2b57fdf9f7c1cbee6ee.jpg,kaggle_oily_dry_normal,dry,,1de377fd55474f8b4a67ffa5bc531039285d196ad63a20e1f856f62cc243ec9c,unmapped/extra folder label: dry
dataset/raw/kaggle_oily_dry_normal/Oily-Dry-Skin-Types/train/dry/dry_789899eb3ad1a43de892_jpg.rf.cdb4e3127fb89b20c1a67ed599d92e1e.jpg,kaggle_oily_dry_normal,dry,,95d89daba08a1c68e0b14c512adcbef2e85f99bce4a6b2185e15de4a413f3ee5,unmapped/extra folder label: dry
dataset/raw/kaggle_oily_dry_normal/Oily-Dry-Skin-Types/train/dry/dry_7a6cd81f4b69fcfea080_jpg.rf.1fc67000e88008c91d96bad64756bce3.jpg,kaggle_oily_dry_normal,dry,,451fedefd96c6b6711d88c42a13b107cc1976501a48c6783495cbd8d375fc8fb,unmapped/extra folder label: dry
dataset/raw/kaggle_oily_dry_normal/Oily-Dry-Skin-Types/train/dry/dry_7a6cd81f4b69fcfea080_jpg.rf.a22b30249913a41c1c9938c4fbd00da7.jpg,kaggle_oily_dry_normal,dry,,ada10f31f6d1513ef46b5973d4a905fc88b28a61ffbbd90e188c75a262b0efe5,unmapped/extra folder label: dry
dataset/raw/kaggle_oily_dry_normal/Oily-Dry-Skin-Types/train/dry/dry_7a6cd81f4b69fcfea080_jpg.rf.f1617562a73fd37a30f04fa6c793a0af.jpg,kaggle_oily_dry_normal,dry,,4ed942f28a1bb0426df6cb7312b72855359882918c9a5b3735218ffe12f51d0c,unmapped/extra folder label: dry
dataset/raw/kaggle_oily_dry_normal/Oily-Dry-Skin-Types/train/dry/dry_7e4544bdb1b24d471db2_jpg.rf.1e68545941eb3d1a260cd5cb34e44e91.jpg,kaggle_oily_dry_normal,dry,,c6bc4130ba086f552b5485c171bbc53827266bcccfa96b1004121b808904745c,unmapped/extra folder label: dry
dataset/raw/kaggle_oily_dry_normal/Oily-Dry-Skin-Types/train/dry/dry_7e4544bdb1b24d471db2_jpg.rf.aacd212ba3403a4e5354d8949b25a718.jpg,kaggle_oily_dry_normal,dry,,2d52507ddb773e88756d852c7baae6ee96351ecd90e3e3becb03506c27014988,unmapped/extra folder label: dry
dataset/raw/kaggle_oily_dry_normal/Oily-Dry-Skin-Types/train/dry/dry_7e4544bdb1b24d471db2_jpg.rf.f62b9f8250400d883d33d1960d55c3c9.jpg,kaggle_oily_dry_normal,dry,,1134bfc36eb5c1ccfa7efae1df89099ce23d8e9d538f77840e5af7108380b00f,unmapped/extra folder label: dry
dataset/raw/kaggle_oily_dry_normal/Oily-Dry-Skin-Types/train/dry/dry_830c447ab48ccae9ae23_jpg.rf.59f466fff87563bc74910f525d01aefd.jpg,kaggle_oily_dry_normal,dry,,dcb6da1910c49fb448218efbcb0c8994530b2c8179e439e93efada76d5b74a35,unmapped/extra folder label: dry
dataset/raw/kaggle_oily_dry_normal/Oily-Dry-Skin-Types/train/dry/dry_830c447ab48ccae9ae23_jpg.rf.86c4e89fa4dfd7987ea1082ea5920a98.jpg,kaggle_oily_dry_normal,dry,,23b50511e9675389db08d95d0b6a8dfee608295cfd45bdce8b95026e3524ed38,unmapped/extra folder label: dry
dataset/raw/kaggle_oily_dry_normal/Oily-Dry-Skin-Types/train/dry/dry_830c447ab48ccae9ae23_jpg.rf.f24fba030f29e05a4073dc031ac42f73.jpg,kaggle_oily_dry_normal,dry,,a813fca6917b563a9b0bb50bf4305179279ce9ce2d34c191cca81a0828bb8c10,unmapped/extra folder label: dry
dataset/raw/kaggle_oily_dry_normal/Oily-Dry-Skin-Types/train/dry/dry_86ae25549d3ad7295f09_jpg.rf.01854a3a49c9a7547649a7ff039934d2.jpg,kaggle_oily_dry_normal,dry,,9611a53528364b56ac72de745d964be359572b9662fce2cae72de1e59a152292,unmapped/extra folder label: dry
dataset/raw/kaggle_oily_dry_normal/Oily-Dry-Skin-Types/train/dry/dry_86ae25549d3ad7295f09_jpg.rf.713d7e2ae830584442a6dc0de9decae7.jpg,kaggle_oily_dry_normal,dry,,63f2004044d767febdca796b93bf1de5e5ce68e6541dd232361db2f34400538a,unmapped/extra folder label: dry
dataset/raw/kaggle_oily_dry_normal/Oily-Dry-Skin-Types/train/dry/dry_86ae25549d3ad7295f09_jpg.rf.de22a28b66821be3cd0b9ef5f19b1454.jpg,kaggle_oily_dry_normal,dry,,ec4f63b8ec5dd946c0353cdcb9bcb47b5c7a0ea8750157988ae3adac05d8b7b0,unmapped/extra folder label: dry
dataset/raw/kaggle_oily_dry_normal/Oily-Dry-Skin-Types/train/dry/dry_86f303cdc53f1e637e40_jpg.rf.15f63bbd5ee70c71d9921e92ca9427fb.jpg,kaggle_oily_dry_normal,dry,,b3117c69089fe17f9baee7743be91552ee347a4abdc998ad223cf08a367307a1,unmapped/extra folder label: dry
dataset/raw/kaggle_oily_dry_normal/Oily-Dry-Skin-Types/train/dry/dry_86f303cdc53f1e637e40_jpg.rf.1d52f71ee72b6e6e5d35eee4ee8a67cb.jpg,kaggle_oily_dry_normal,dry,,90e7b5ed6cd10df9984a7d24dfa8b8f0c96a94edf597667210b05aae185c5b07,unmapped/extra folder label: dry
dataset/raw/kaggle_oily_dry_normal/Oily-Dry-Skin-Types/train/dry/dry_86f303cdc53f1e637e40_jpg.rf.49f2b2836b32e552cb37297563199eaa.jpg,kaggle_oily_dry_normal,dry,,d6013915f766058b458f8904de7ed3de6621b5038a2c13b64edb6533ea5f5445,unmapped/extra folder label: dry
dataset/raw/kaggle_oily_dry_normal/Oily-Dry-Skin-Types/train/dry/dry_88bdc5b6139011037b46_jpg.rf.742487b9ec637e7d1f336bae8c50f57a.jpg,kaggle_oily_dry_normal,dry,,23bd71881e31cbb9a4db9678b4199bdcfdbdd11039856e1a1a621a839b98e74b,unmapped/extra folder label: dry
dataset/raw/kaggle_oily_dry_normal/Oily-Dry-Skin-Types/train/dry/dry_88bdc5b6139011037b46_jpg.rf.92d0b0189d46ef2940fc3957faaf4a8e.jpg,kaggle_oily_dry_normal,dry,,5f6276dff48469e1f1241c20d033a7e9f4cabb2b151b479402a586d3e2e7256d,unmapped/extra folder label: dry
dataset/raw/kaggle_oily_dry_normal/Oily-Dry-Skin-Types/train/dry/dry_88bdc5b6139011037b46_jpg.rf.e9e993a1a161a553e705dfdb36b4a42d.jpg,kaggle_oily_dry_normal,dry,,5e7feb22d672c74a548ea2eb708f078556a3e1bcdfb6ab824fec5975d87fa121,unmapped/extra folder label: dry
dataset/raw/kaggle_oily_dry_normal/Oily-Dry-Skin-Types/train/dry/dry_89621566c8ca5f793e50_jpg.rf.67e74b241f775ff895e6015e6ea55514.jpg,kaggle_oily_dry_normal,dry,,eb58c321d7048e2d2a89f4846a9be596db1463cb48e1cf91488c32030f152e17,unmapped/extra folder label: dry
dataset/raw/kaggle_oily_dry_normal/Oily-Dry-Skin-Types/train/dry/dry_89621566c8ca5f793e50_jpg.rf.ef188cf2df1131e92dbb0057904311c8.jpg,kaggle_oily_dry_normal,dry,,8e0ce5b469c61c76ee3e5b47000e15cd93d52276882546596154c93a85d028a2,unmapped/extra folder label: dry
dataset/raw/kaggle_oily_dry_normal/Oily-Dry-Skin-Types/train/dry/dry_89621566c8ca5f793e50_jpg.rf.fbe00987170785bdf4b2ea4b5642215f.jpg,kaggle_oily_dry_normal,dry,,535820608fae8517a86624d4646fb2b80574af7c2fbacd4c2e946339aa15c099,unmapped/extra folder label: dry
dataset/raw/kaggle_oily_dry_normal/Oily-Dry-Skin-Types/train/dry/dry_8b121d27ba0acae996a6_jpg.rf.6c8bc66c7099a094b559392a06b6ed14.jpg,kaggle_oily_dry_normal,dry,,dc758e382620386e1da5d8983d357861e946655697c694f680f12aca2cdaa76e,unmapped/extra folder label: dry
dataset/raw/kaggle_oily_dry_normal/Oily-Dry-Skin-Types/train/dry/dry_8b121d27ba0acae996a6_jpg.rf.e06989ae8c804598441f486c236e47be.jpg,kaggle_oily_dry_normal,dry,,65418b2464d3937d4811627c61cb0fe315801bb824b005610f1433c0ca5ef7a1,unmapped/extra folder label: dry
dataset/raw/kaggle_oily_dry_normal/Oily-Dry-Skin-Types/train/dry/dry_8b121d27ba0acae996a6_jpg.rf.e56171920d8a1717fe1dd898381b4ab8.jpg,kaggle_oily_dry_normal,dry,,0222dda7c483f17ee88e6db52d3509325804f2c856774feec942c058aae05309,unmapped/extra folder label: dry
dataset/raw/kaggle_oily_dry_normal/Oily-Dry-Skin-Types/train/dry/dry_8e7b907f48d28a0d69b7_jpg.rf.506d50dc4dd8e7d513474176ac174583.jpg,kaggle_oily_dry_normal,dry,,0556177d6abf78506c08aafd75fd919eaf1fd3fd0766fe776fb8bf2033e8fd3c,unmapped/extra folder label: dry
dataset/raw/kaggle_oily_dry_normal/Oily-Dry-Skin-Types/train/dry/dry_8e7b907f48d28a0d69b7_jpg.rf.55505aea95a75132d69a76aed4d432bb.jpg,kaggle_oily_dry_normal,dry,,8726dc4c1d6874b36ac01b01a4e446f51e05142b18ecd063c7c2297b588d2983,unmapped/extra folder label: dry
dataset/raw/kaggle_oily_dry_normal/Oily-Dry-Skin-Types/train/dry/dry_8e7b907f48d28a0d69b7_jpg.rf.dba075fed02c45bcc3169f3958ae0ff3.jpg,kaggle_oily_dry_normal,dry,,fd10d398c642bfb3fc8aea49f95794f12cf3d99f16015550006746181f0300b4,unmapped/extra folder label: dry
dataset/raw/kaggle_oily_dry_normal/Oily-Dry-Skin-Types/train/dry/dry_8eb457ea20ed7f5fce75_jpg.rf.3a78995a6c437191975080147fd99293.jpg,kaggle_oily_dry_normal,dry,,35c1ab775063e5fefad0b55448cd875682aba23590dba843a3e8fd7fbd107318,unmapped/extra folder label: dry
dataset/raw/kaggle_oily_dry_normal/Oily-Dry-Skin-Types/train/dry/dry_8eb457ea20ed7f5fce75_jpg.rf.561f9467dad33c95fc420343f38f49d5.jpg,kaggle_oily_dry_normal,dry,,494a069bf87c4e707b08887465cfe3393cc6a9926fb1125a037be8bd9f39961c,unmapped/extra folder label: dry
dataset/raw/kaggle_oily_dry_normal/Oily-Dry-Skin-Types/train/dry/dry_8eb457ea20ed7f5fce75_jpg.rf.dde3ae618b403605c23786b86096a91b.jpg,kaggle_oily_dry_normal,dry,,8f35a13ab1b301946d9f61691d82f4e37b735f796156241116d3f36247e893ea,unmapped/extra folder label: dry
dataset/raw/kaggle_oily_dry_normal/Oily-Dry-Skin-Types/train/dry/dry_8fc14c8550030d56ee24_jpg.rf.007b1f0836449093d3dbada486e56637.jpg,kaggle_oily_dry_normal,dry,,f930e77301e960a97bee1ef4b0d16e68a3e1b5f51edbf0b99f0f63982d4b69ee,unmapped/extra folder label: dry
dataset/raw/kaggle_oily_dry_normal/Oily-Dry-Skin-Types/train/dry/dry_8fc14c8550030d56ee24_jpg.rf.0e347bb87bb998560ef579fb9413d7e8.jpg,kaggle_oily_dry_normal,dry,,919d2244c6b9e6c99d3713279060542b3539249f5ef0656564831061c70d83fb,unmapped/extra folder label: dry
dataset/raw/kaggle_oily_dry_normal/Oily-Dry-Skin-Types/train/dry/dry_8fc14c8550030d56ee24_jpg.rf.cf049b27a6613812c1644ba19c2b82ea.jpg,kaggle_oily_dry_normal,dry,,7524d276afff95e199d4c25452ca0ab7008522817c3076b57404f1c93d567662,unmapped/extra folder label: dry
dataset/raw/kaggle_oily_dry_normal/Oily-Dry-Skin-Types/train/dry/dry_915477a02d571626484f_jpg.rf.9fcaee5a5846245ba8dfae92828cb370.jpg,kaggle_oily_dry_normal,dry,,dc95bdce6b6a95b141290cb963e077e7f7f2fa7626b7a69596e0c776ac58067a,unmapped/extra folder label: dry
dataset/raw/kaggle_oily_dry_normal/Oily-Dry-Skin-Types/train/dry/dry_915477a02d571626484f_jpg.rf.e0e31891d5a0ef9c6dfa316d3acc6fab.jpg,kaggle_oily_dry_normal,dry,,d407d29d8e9fbeeec80521a58400b322bf63bd5db24daa6ed500b8e599630bc0,unmapped/extra folder label: dry
dataset/raw/kaggle_oily_dry_normal/Oily-Dry-Skin-Types/train/dry/dry_915477a02d571626484f_jpg.rf.f2c6fc1499c7f546f62218fa158db4b9.jpg,kaggle_oily_dry_normal,dry,,76cb4d3b712354ec1bec3ff7c00bfade7564c8f97c471b0dc2057af7b4b1cea6,unmapped/extra folder label: dry
dataset/raw/kaggle_oily_dry_normal/Oily-Dry-Skin-Types/train/dry/dry_9221630a9a065d7b43f3_jpg.rf.b1463927276d3c343006f6e9b471ece7.jpg,kaggle_oily_dry_normal,dry,,8da22f96082cfdfae079491b25b7f6bc2169aea06ee3731f50e44a476628aab8,unmapped/extra folder label: dry
dataset/raw/kaggle_oily_dry_normal/Oily-Dry-Skin-Types/train/dry/dry_9221630a9a065d7b43f3_jpg.rf.c875a66e29a3d9f5506f2abc95ad428c.jpg,kaggle_oily_dry_normal,dry,,24d5b0cf591a9c1585cc5a1b9b3384fdfef341fc557bc8e832a7bf6f5a991e70,unmapped/extra folder label: dry
dataset/raw/kaggle_oily_dry_normal/Oily-Dry-Skin-Types/train/dry/dry_9221630a9a065d7b43f3_jpg.rf.cf261db1b17a194e3d690869ef2fec48.jpg,kaggle_oily_dry_normal,dry,,4a05a6181f8e2ba3d2457fc4422af1a83b843b632e6af582d35c5a70f31d2dcd,unmapped/extra folder label: dry
dataset/raw/kaggle_oily_dry_normal/Oily-Dry-Skin-Types/train/dry/dry_94ba9568b735e8a04e3e_jpg.rf.71e07ac37fa69b2ec3a7200c4519e33e.jpg,kaggle_oily_dry_normal,dry,,12921722a86bfc1ca0a6388af13a3639d8fbe5849ce5a4a1aa235feff8c11e34,unmapped/extra folder label: dry
dataset/raw/kaggle_oily_dry_normal/Oily-Dry-Skin-Types/train/dry/dry_94ba9568b735e8a04e3e_jpg.rf.d47eecb8198e63a30a521d206209196a.jpg,kaggle_oily_dry_normal,dry,,7e6fb3e13c44a61326d62663064276affa1d1728786e515f968bc676e6578bc8,unmapped/extra folder label: dry
dataset/raw/kaggle_oily_dry_normal/Oily-Dry-Skin-Types/train/dry/dry_94ba9568b735e8a04e3e_jpg.rf.ff47bc7804b06c0a02d097a005fc3cc2.jpg,kaggle_oily_dry_normal,dry,,e317291284d4e337181a904a1cea870ee938d6fe5b8a81f46e8718030fbbfda1,unmapped/extra folder label: dry
dataset/raw/kaggle_oily_dry_normal/Oily-Dry-Skin-Types/train/dry/dry_9511fe6c7ea73cbb3e14_jpg.rf.5c0818ed7f8f07bf8f5e3e7c9007f0f8.jpg,kaggle_oily_dry_normal,dry,,02a1137d217634ece4c86b50ebfbf0e467666fab61647ee133b9a10147f8506d,unmapped/extra folder label: dry
dataset/raw/kaggle_oily_dry_normal/Oily-Dry-Skin-Types/train/dry/dry_9511fe6c7ea73cbb3e14_jpg.rf.8dd90fb0e474befdf7ca03c959f33d40.jpg,kaggle_oily_dry_normal,dry,,67d184f4b402095422a287f674d48c701b8923caa1d3cc53ce8218554b92248b,unmapped/extra folder label: dry
dataset/raw/kaggle_oily_dry_normal/Oily-Dry-Skin-Types/train/dry/dry_9511fe6c7ea73cbb3e14_jpg.rf.f48f33f9e80975f2f91188b526cb2f3a.jpg,kaggle_oily_dry_normal,dry,,64d27eb43a9de214f7c67222ebdf5381dfebd27d305663f67f075366be9fd48c,unmapped/extra folder label: dry
dataset/raw/kaggle_oily_dry_normal/Oily-Dry-Skin-Types/train/dry/dry_952bb2051f1d5878e06c_jpg.rf.7d61c1a091426860553dbfec073df7be.jpg,kaggle_oily_dry_normal,dry,,946d1b33928e3f2aa001668929bbecea7f7b8aeeea9374507efc97e67939b05a,unmapped/extra folder label: dry
dataset/raw/kaggle_oily_dry_normal/Oily-Dry-Skin-Types/train/dry/dry_952bb2051f1d5878e06c_jpg.rf.b67b5161d4e9bfeef6ed808b71750c73.jpg,kaggle_oily_dry_normal,dry,,89969100159944bd558e9a6a2107dafc0e5bb1351d92f947aacbf8e148781e25,unmapped/extra folder label: dry
dataset/raw/kaggle_oily_dry_normal/Oily-Dry-Skin-Types/train/dry/dry_952bb2051f1d5878e06c_jpg.rf.ba2d7131c681e95b738024cd152d6ff3.jpg,kaggle_oily_dry_normal,dry,,88cd57fc34ac8b8f2e31471e1f2e06286ab27dcce99a1117befa08105a21189e,unmapped/extra folder label: dry
dataset/raw/kaggle_oily_dry_normal/Oily-Dry-Skin-Types/train/dry/dry_95d1284dd980387e99ae_jpg.rf.ae98e94cb56ed29cb03c1355baa51b77.jpg,kaggle_oily_dry_normal,dry,,7231d8b1339117f39060185bf349f3e2a633cc8739d7adbde8d682e7b374aaa1,unmapped/extra folder label: dry
dataset/raw/kaggle_oily_dry_normal/Oily-Dry-Skin-Types/train/dry/dry_95d1284dd980387e99ae_jpg.rf.d9cb38a7711ef2d2ac41b1be82652646.jpg,kaggle_oily_dry_normal,dry,,8e85c50a4f3c51009cd52301f5788e8db2a233e1c30836abb3f81d7c6042d53b,unmapped/extra folder label: dry
dataset/raw/kaggle_oily_dry_normal/Oily-Dry-Skin-Types/train/dry/dry_95d1284dd980387e99ae_jpg.rf.e0abb8dd1b2605d96492608f1e2dc3e9.jpg,kaggle_oily_dry_normal,dry,,6f9390734e2a5760338fce2a232f51944bd0a6e04f85c4010320f030d419751b,unmapped/extra folder label: dry
dataset/raw/kaggle_oily_dry_normal/Oily-Dry-Skin-Types/train/dry/dry_95fc0d4729bdf5ea2660_jpg.rf.07d7ce05f357c08991b1e6e65fcc30ff.jpg,kaggle_oily_dry_normal,dry,,49083852549266a39c51b67be5892a0608168f7aaa6ed3e3a942a2acfea2ad42,unmapped/extra folder label: dry
dataset/raw/kaggle_oily_dry_normal/Oily-Dry-Skin-Types/train/dry/dry_95fc0d4729bdf5ea2660_jpg.rf.4bb576eb4d207e90f243f34cf7a619a8.jpg,kaggle_oily_dry_normal,dry,,9b68d4bc03b8a548ed3ebd87e32e740402ce76f4c877990e5c94f9e0af081e7f,unmapped/extra folder label: dry
dataset/raw/kaggle_oily_dry_normal/Oily-Dry-Skin-Types/train/dry/dry_95fc0d4729bdf5ea2660_jpg.rf.a600672136de294157beaaa6ef041eca.jpg,kaggle_oily_dry_normal,dry,,161dd80717eee606078810edad359db1867cca7ba09c546fbd09df6709123610,unmapped/extra folder label: dry
dataset/raw/kaggle_oily_dry_normal/Oily-Dry-Skin-Types/train/dry/dry_96e0c90bfc8f0751b184_jpg.rf.5eacb4a8863c8f5a5489dc877d6ade12.jpg,kaggle_oily_dry_normal,dry,,f8bd01ee1ea800802a6ea27818c30e68f0f3040b8fbd637a3ed9d5d38ec2c734,unmapped/extra folder label: dry
dataset/raw/kaggle_oily_dry_normal/Oily-Dry-Skin-Types/train/dry/dry_96e0c90bfc8f0751b184_jpg.rf.680b625c8d87f454e200d512880ab8e1.jpg,kaggle_oily_dry_normal,dry,,7c8ffc03d2308a1a4ee76966966e1d44378aa5783f6ef860608d23aca799dc0c,unmapped/extra folder label: dry
dataset/raw/kaggle_oily_dry_normal/Oily-Dry-Skin-Types/train/dry/dry_96e0c90bfc8f0751b184_jpg.rf.ddac25d8e2006b459e76f27d58c797a0.jpg,kaggle_oily_dry_normal,dry,,aa4336693e9c667b3a2703780c5458b81845d2560d20b74d82543b790795f82f,unmapped/extra folder label: dry
dataset/raw/kaggle_oily_dry_normal/Oily-Dry-Skin-Types/train/dry/dry_96ff193747223bf72c04_jpg.rf.4a2378b10a62e8be0c3cac7a3d3b4884.jpg,kaggle_oily_dry_normal,dry,,b30033bfb198deca25f7e49657f71ef3af63f05b3d6b9af8558e163795cfabe6,unmapped/extra folder label: dry
dataset/raw/kaggle_oily_dry_normal/Oily-Dry-Skin-Types/train/dry/dry_96ff193747223bf72c04_jpg.rf.50a56404d2499232de4fe88f4e3bdf0f.jpg,kaggle_oily_dry_normal,dry,,e9ab5e98999a36e59bad10b85002f614974e76402e66febb883ada10cc55aacf,unmapped/extra folder label: dry
dataset/raw/kaggle_oily_dry_normal/Oily-Dry-Skin-Types/train/dry/dry_96ff193747223bf72c04_jpg.rf.9f3c66f4ddaf315c130bb7a94334cbfa.jpg,kaggle_oily_dry_normal,dry,,3b0c71dc19e704a0008806253ce8a36a83ae2ae0b6db2df28c27f7d1e0aa5883,unmapped/extra folder label: dry
dataset/raw/kaggle_oily_dry_normal/Oily-Dry-Skin-Types/train/dry/dry_98e0d386dd2d57b81e29_jpg.rf.667441d03c01fc7485acd101f759ee62.jpg,kaggle_oily_dry_normal,dry,,2856b736ae39c4031dfb931dd40c0f7ed5fb1ae31b2e9a03c2cb4227c1bba396,unmapped/extra folder label: dry
dataset/raw/kaggle_oily_dry_normal/Oily-Dry-Skin-Types/train/dry/dry_98e0d386dd2d57b81e29_jpg.rf.78bddc545e697eaa3807b2d27740fa32.jpg,kaggle_oily_dry_normal,dry,,ccaf01d76de249346c6b9e25c20f3dc6a65a23c1e366ef5a787093a08b30e5f8,unmapped/extra folder label: dry
dataset/raw/kaggle_oily_dry_normal/Oily-Dry-Skin-Types/train/dry/dry_98e0d386dd2d57b81e29_jpg.rf.9f21bf64ffff90b921170abe4bd5bf80.jpg,kaggle_oily_dry_normal,dry,,4f2477dcc19fda35bf85c71ff5b948a4f07cd60a3793a561a8ae670ed80dcc8b,unmapped/extra folder label: dry
dataset/raw/kaggle_oily_dry_normal/Oily-Dry-Skin-Types/train/dry/dry_98e5cc0b401cfc75b001_jpg.rf.559766891030c69cb14a99c5a76b01b5.jpg,kaggle_oily_dry_normal,dry,,bca55eaf4117f44262eaed0aa3ee1ab73262d314fe6fe87a9906d3f84b8ca87d,unmapped/extra folder label: dry
dataset/raw/kaggle_oily_dry_normal/Oily-Dry-Skin-Types/train/dry/dry_98e5cc0b401cfc75b001_jpg.rf.b3527d701818446569fd933bd593290b.jpg,kaggle_oily_dry_normal,dry,,eb4e282ee2b046257fc06a956faca761c0a39bc5efb943885f51d3e2c126a90d,unmapped/extra folder label: dry
dataset/raw/kaggle_oily_dry_normal/Oily-Dry-Skin-Types/train/dry/dry_98e5cc0b401cfc75b001_jpg.rf.be16095ad750af4a686b8dc4665dd988.jpg,kaggle_oily_dry_normal,dry,,6aa415d917b848a3a843d9460512a87420e1bb2bd51db92ccd353e571661713f,unmapped/extra folder label: dry
dataset/raw/kaggle_oily_dry_normal/Oily-Dry-Skin-Types/train/dry/dry_9b3d4b6430b1373e3773_jpg.rf.047488a2c7c904e52b1b6e82df39decb.jpg,kaggle_oily_dry_normal,dry,,c345bfb0af0cde693a1a94e197243dc96900aa93e18c3ea3d6b871c1ba763a6b,unmapped/extra folder label: dry
dataset/raw/kaggle_oily_dry_normal/Oily-Dry-Skin-Types/train/dry/dry_9b3d4b6430b1373e3773_jpg.rf.0df9c3dc0e5af501746410aab8e748fb.jpg,kaggle_oily_dry_normal,dry,,5b96d2d4e665fbd4baeba1f7d542ddb877e22a5683be1214a03e139cd5098620,unmapped/extra folder label: dry
dataset/raw/kaggle_oily_dry_normal/Oily-Dry-Skin-Types/train/dry/dry_9b3d4b6430b1373e3773_jpg.rf.e5ba535ddd4f08d9c6f41d5afbae02b1.jpg,kaggle_oily_dry_normal,dry,,00265d0ea94af328888497962e77d802e3f37d9810f503605a622331fda683e6,unmapped/extra folder label: dry
dataset/raw/kaggle_oily_dry_normal/Oily-Dry-Skin-Types/train/dry/dry_9bb5e1a30f000e3e2fe1_jpg.rf.1aa59a6053e618bbfb907a56bf05c437.jpg,kaggle_oily_dry_normal,dry,,502d2b0ff1ae0cab7e63feffcf02fc842396f71153793f363160c43c46e3173b,unmapped/extra folder label: dry
dataset/raw/kaggle_oily_dry_normal/Oily-Dry-Skin-Types/train/dry/dry_9bb5e1a30f000e3e2fe1_jpg.rf.2859139e3d3118b4dd1517f5cc85570b.jpg,kaggle_oily_dry_normal,dry,,39e80fc07f7ea597ea222c7b2fed790b6e0ebf9d29e32ac87eae99a98af505fe,unmapped/extra folder label: dry
dataset/raw/kaggle_oily_dry_normal/Oily-Dry-Skin-Types/train/dry/dry_9bb5e1a30f000e3e2fe1_jpg.rf.425a6c56c634773500750aaaa16e1ed0.jpg,kaggle_oily_dry_normal,dry,,dda2806dddf7fe747f01cba496aedffc6ff9c204fab180328bfc03a08d946b97,unmapped/extra folder label: dry
dataset/raw/kaggle_oily_dry_normal/Oily-Dry-Skin-Types/train/dry/dry_9cac26f03e339f9ff695_jpg.rf.bd75ffe8fd3c7004ec633ce4ac6c5206.jpg,kaggle_oily_dry_normal,dry,,b7c0dc11ac963d02c1fb0ed00170781000b206f4c93c8751b8b5d08d3ef5b28c,unmapped/extra folder label: dry
dataset/raw/kaggle_oily_dry_normal/Oily-Dry-Skin-Types/train/dry/dry_9cac26f03e339f9ff695_jpg.rf.dac44e7b4ba24a102d4d3c227f8309f3.jpg,kaggle_oily_dry_normal,dry,,1b6fb3535cfe8d31f83123de5b89c5a0c8977e5e9a2ae66851f943720025e668,unmapped/extra folder label: dry
dataset/raw/kaggle_oily_dry_normal/Oily-Dry-Skin-Types/train/dry/dry_9cac26f03e339f9ff695_jpg.rf.e3c5d1495adaf367546c4ebe649596c0.jpg,kaggle_oily_dry_normal,dry,,8767362f46635b58baee15cc02d7120ba7d2581260c2d22bee9b890f73ca9e91,unmapped/extra folder label: dry
dataset/raw/kaggle_oily_dry_normal/Oily-Dry-Skin-Types/train/dry/dry_9d59e9281178b319be16_jpg.rf.a9a66229ae30ba3899cd712eb173d58f.jpg,kaggle_oily_dry_normal,dry,,b69bfbd76b44caee39c42602f9f0d1301280ec344af2efb4565e0e61e342cbc2,unmapped/extra folder label: dry
dataset/raw/kaggle_oily_dry_normal/Oily-Dry-Skin-Types/train/dry/dry_9d59e9281178b319be16_jpg.rf.abc9a06dbc6eccfb24a1f4fbac113304.jpg,kaggle_oily_dry_normal,dry,,5ac4d8e4171a0889ee331319b645b4d0fb071002dcc01710a18d5281cf8db0bf,unmapped/extra folder label: dry
dataset/raw/kaggle_oily_dry_normal/Oily-Dry-Skin-Types/train/dry/dry_9d59e9281178b319be16_jpg.rf.f2b6ce2c20255cb0a789e09842de02ac.jpg,kaggle_oily_dry_normal,dry,,a09d5b427b42ec68af243da21c0305a9a3468b836f9c8bf1db7a627750addaa9,unmapped/extra folder label: dry
dataset/raw/kaggle_oily_dry_normal/Oily-Dry-Skin-Types/train/dry/dry_a13dc35f842f15d92080_jpg.rf.86e42e8c0363b004545a83c1c098e484.jpg,kaggle_oily_dry_normal,dry,,6d4eb7eefd0583c8e35f886fe69d2950ce65ad0848ff37300280f8241c7dd10d,unmapped/extra folder label: dry
dataset/raw/kaggle_oily_dry_normal/Oily-Dry-Skin-Types/train/dry/dry_a13dc35f842f15d92080_jpg.rf.b06f4c1d399d6898fc3015feafae88f8.jpg,kaggle_oily_dry_normal,dry,,f8c3821114b736da279e5caca140b99e5889290152559dc7ea0966a26dcb90cd,unmapped/extra folder label: dry
dataset/raw/kaggle_oily_dry_normal/Oily-Dry-Skin-Types/train/dry/dry_a13dc35f842f15d92080_jpg.rf.d2ed8209637d7e0f24af48587d8e1df2.jpg,kaggle_oily_dry_normal,dry,,4ae4be33c92c0c13141310c5d154a4d61c4db5438f4f6b4b4e990d429c68df3a,unmapped/extra folder label: dry
dataset/raw/kaggle_oily_dry_normal/Oily-Dry-Skin-Types/train/dry/dry_a2e58a191f5be94f4df5_jpg.rf.9908b656c694ebbdb3a5fe21bfc55410.jpg,kaggle_oily_dry_normal,dry,,1cc38899234d6c602737d4b751bd66f4c26f7b56171260af59f5216472f3b673,unmapped/extra folder label: dry
dataset/raw/kaggle_oily_dry_normal/Oily-Dry-Skin-Types/train/dry/dry_a2e58a191f5be94f4df5_jpg.rf.a7e8a46222a0fed05e879001731efed4.jpg,kaggle_oily_dry_normal,dry,,9ad10914b75f9f631c603fc3fa4f2753f341cdbc88c0acc04848bff7af450856,unmapped/extra folder label: dry
dataset/raw/kaggle_oily_dry_normal/Oily-Dry-Skin-Types/train/dry/dry_a2e58a191f5be94f4df5_jpg.rf.f31c51e76b004c38982b09391301785e.jpg,kaggle_oily_dry_normal,dry,,8cf1dd35c1c2f72ed30c03643ea65d3702494bf24435d8eaaeeab92c5fb7bbbe,unmapped/extra folder label: dry
dataset/raw/kaggle_oily_dry_normal/Oily-Dry-Skin-Types/train/dry/dry_a35d67ed5c4b845db239_jpg.rf.3d1e512afe583935b16614473a2d7665.jpg,kaggle_oily_dry_normal,dry,,1d39f32d88676b820e255649230347065ec003b4d503ca38c846b921aa9af881,unmapped/extra folder label: dry
dataset/raw/kaggle_oily_dry_normal/Oily-Dry-Skin-Types/train/dry/dry_a35d67ed5c4b845db239_jpg.rf.5344d256c29f0b7718797de924d4689d.jpg,kaggle_oily_dry_normal,dry,,f4e1cbb7d60cf5933ce8f80a3065e1004d06fa4289a622ae5734cc5d70d08c01,unmapped/extra folder label: dry
dataset/raw/kaggle_oily_dry_normal/Oily-Dry-Skin-Types/train/dry/dry_a35d67ed5c4b845db239_jpg.rf.62bb34c10f9fa007bffad290a496ff6d.jpg,kaggle_oily_dry_normal,dry,,c1f0a475455588401df75cff8faa3e509fd55d047b60c28040cae62cf33a87d4,unmapped/extra folder label: dry
dataset/raw/kaggle_oily_dry_normal/Oily-Dry-Skin-Types/train/dry/dry_a5aa27e750d4e674218b_jpg.rf.2724f06cb885c79c81054393097d9260.jpg,kaggle_oily_dry_normal,dry,,8c41de6784a568f8e37a2b7eedd4f7fb31d217b2382ae4ef95a2e771e24c3167,unmapped/extra folder label: dry
dataset/raw/kaggle_oily_dry_normal/Oily-Dry-Skin-Types/train/dry/dry_a5aa27e750d4e674218b_jpg.rf.5dbbe50ff2928bfd1dc50d4fe34727be.jpg,kaggle_oily_dry_normal,dry,,4f761f4afebfcccdc6b80f326cab759184231aa64110ae80083d73f4b7a34713,unmapped/extra folder label: dry
dataset/raw/kaggle_oily_dry_normal/Oily-Dry-Skin-Types/train/dry/dry_a5aa27e750d4e674218b_jpg.rf.c0a80a59d38b309cf45a1682b504ce80.jpg,kaggle_oily_dry_normal,dry,,8e2f31ac5ce4974dd058806bc2fc781f61218cc331696d9733cf0300c2d71439,unmapped/extra folder label: dry
dataset/raw/kaggle_oily_dry_normal/Oily-Dry-Skin-Types/train/dry/dry_a6462ad0ce7d718e5166_jpg.rf.323bee2ca6fae901b3f1247733782335.jpg,kaggle_oily_dry_normal,dry,,1ae93c6f796bb9da089b9088a068a9b86aeaed032077a14ddfd10c1258634679,unmapped/extra folder label: dry
dataset/raw/kaggle_oily_dry_normal/Oily-Dry-Skin-Types/train/dry/dry_a6462ad0ce7d718e5166_jpg.rf.abc3c8bea82679b9f8084df6529ba94e.jpg,kaggle_oily_dry_normal,dry,,370a3eadd034b812e1d754707fececa2955bf5929bb571184c0dc5970e825509,unmapped/extra folder label: dry
dataset/raw/kaggle_oily_dry_normal/Oily-Dry-Skin-Types/train/dry/dry_a6462ad0ce7d718e5166_jpg.rf.b0385b53f2a1e2d850f07414e5d730a9.jpg,kaggle_oily_dry_normal,dry,,fd334a3ab91f305a6a3e760488f623419dc9a398f2d625711f57bf0cea8dbdb7,unmapped/extra folder label: dry
dataset/raw/kaggle_oily_dry_normal/Oily-Dry-Skin-Types/train/dry/dry_a69a9324a5a425cec720_jpg.rf.6e7fc32a846e3a93028514a7e1e17f7f.jpg,kaggle_oily_dry_normal,dry,,3cea32db93c695dc36d98cbed06db9359282aaf72b08f2e0212752abab533e8d,unmapped/extra folder label: dry
dataset/raw/kaggle_oily_dry_normal/Oily-Dry-Skin-Types/train/dry/dry_a69a9324a5a425cec720_jpg.rf.86a21e02da83da8500214fe41e9c0cd9.jpg,kaggle_oily_dry_normal,dry,,0bcd0957ed4ea72e8bf1f81af795d7ac8393d96d95c73bcdee8960c51be528c9,unmapped/extra folder label: dry
dataset/raw/kaggle_oily_dry_normal/Oily-Dry-Skin-Types/train/dry/dry_a69a9324a5a425cec720_jpg.rf.f07fb1517bead12c8483a0ecec0c976d.jpg,kaggle_oily_dry_normal,dry,,608c10559dfbee664bccb05c505e218e593ab77886608dd657db6f8e26792117,unmapped/extra folder label: dry
dataset/raw/kaggle_oily_dry_normal/Oily-Dry-Skin-Types/train/dry/dry_a6cce2e40db992d4971b_jpg.rf.45198242e89b6abd18b5c0395d7589c7.jpg,kaggle_oily_dry_normal,dry,,c8f3846ae179513a542aa925c2b2c64981c9c003aeff5707dd03bdb39eb3d9f0,unmapped/extra folder label: dry
dataset/raw/kaggle_oily_dry_normal/Oily-Dry-Skin-Types/train/dry/dry_a6cce2e40db992d4971b_jpg.rf.5ec8636847d3ef1ae5439da625012c7d.jpg,kaggle_oily_dry_normal,dry,,244d0fcfc2995ea90c4bb934a0e7b2aa0671e8f0885d3040b9230120a784aa63,unmapped/extra folder label: dry
dataset/raw/kaggle_oily_dry_normal/Oily-Dry-Skin-Types/train/dry/dry_a6cce2e40db992d4971b_jpg.rf.f0ffb9810847a698f0638501474adad6.jpg,kaggle_oily_dry_normal,dry,,6bd358af7574fd12cc449b52e5877d472256f54ae628d06d4bb922ef03cedfb7,unmapped/extra folder label: dry
dataset/raw/kaggle_oily_dry_normal/Oily-Dry-Skin-Types/train/dry/dry_a9dbd078400fa00cae2a_jpg.rf.a5529ba0a9a9f7a31fec99bacd92e806.jpg,kaggle_oily_dry_normal,dry,,20739b17bbbdff938bae27374f6496f348496e5e05cf767694d81cec4371d8e6,unmapped/extra folder label: dry
dataset/raw/kaggle_oily_dry_normal/Oily-Dry-Skin-Types/train/dry/dry_a9dbd078400fa00cae2a_jpg.rf.afd6c327703c237dd37f2cd2c928d4b7.jpg,kaggle_oily_dry_normal,dry,,6c0d5ca306dd7e9fbcab4bb210425ed19a0ff5f03980a4c66f84fd7cf7a1310f,unmapped/extra folder label: dry
dataset/raw/kaggle_oily_dry_normal/Oily-Dry-Skin-Types/train/dry/dry_a9dbd078400fa00cae2a_jpg.rf.df18e2052888acec93bf5cfb5ee245aa.jpg,kaggle_oily_dry_normal,dry,,d45ab303782bc694029db85ae99a4dd59fd784ec9073d27f1bf3876e3b4c39a3,unmapped/extra folder label: dry
dataset/raw/kaggle_oily_dry_normal/Oily-Dry-Skin-Types/train/dry/dry_aa22f8d51047f4e99e39_jpg.rf.0a3c0679113e6c23715956e45b75aebb.jpg,kaggle_oily_dry_normal,dry,,570b5c401cda4e099b1f999ed552d9ea176d2705c33d5992bf2bcf4ad73567a2,unmapped/extra folder label: dry
dataset/raw/kaggle_oily_dry_normal/Oily-Dry-Skin-Types/train/dry/dry_aa22f8d51047f4e99e39_jpg.rf.2e5119adb54cf0f7a4cfd8d720462b85.jpg,kaggle_oily_dry_normal,dry,,0ed58ec505b8da0c9d5d7739e0988f36a29fe3a11f026575d890e20fb22de342,unmapped/extra folder label: dry
dataset/raw/kaggle_oily_dry_normal/Oily-Dry-Skin-Types/train/dry/dry_aa22f8d51047f4e99e39_jpg.rf.774f3a47ecd2e199a30597a400b69a27.jpg,kaggle_oily_dry_normal,dry,,abfcba81dbb6df15aba295b12e88aa3485872f4738cfe6ce09ea700b0ef98460,unmapped/extra folder label: dry
dataset/raw/kaggle_oily_dry_normal/Oily-Dry-Skin-Types/train/dry/dry_ab2094adfec7bd038190_jpg.rf.1f8ed7a266ad495129d886512d840c26.jpg,kaggle_oily_dry_normal,dry,,13978f49e402eb661bfd3a396e49f2abc10b8c90d504f04b463db62e6f187040,unmapped/extra folder label: dry
dataset/raw/kaggle_oily_dry_normal/Oily-Dry-Skin-Types/train/dry/dry_ab2094adfec7bd038190_jpg.rf.27839968f2e8a05ee199fe7854a0d736.jpg,kaggle_oily_dry_normal,dry,,1dc123e9803e934ae33a8afdbf41698a6d23bc3f1c8023c7c469213498d99af7,unmapped/extra folder label: dry
dataset/raw/kaggle_oily_dry_normal/Oily-Dry-Skin-Types/train/dry/dry_ab2094adfec7bd038190_jpg.rf.7ebd3bb1bf7c94abff588b9ed47f343d.jpg,kaggle_oily_dry_normal,dry,,b7111dee1f37313cdd8c2e1b46898fec61a1c9ef52cdd1b7408a7e1193a006fa,unmapped/extra folder label: dry
dataset/raw/kaggle_oily_dry_normal/Oily-Dry-Skin-Types/train/dry/dry_ab24bd04bd9b3c9532f1_jpg.rf.692d29c6ffa34b6cc92d501885d7bd01.jpg,kaggle_oily_dry_normal,dry,,0e02f688301c4a42a7e1929f2c1b8b1ea547b2f8a7f79cb0567d7fec151287dc,unmapped/extra folder label: dry
dataset/raw/kaggle_oily_dry_normal/Oily-Dry-Skin-Types/train/dry/dry_ab24bd04bd9b3c9532f1_jpg.rf.bf6b476679947b53d846551f06f9ff57.jpg,kaggle_oily_dry_normal,dry,,6a44d5c66f0bb0d90aa401a0191d6af6a1311105c05f1b574d3339bfbbb52c61,unmapped/extra folder label: dry
dataset/raw/kaggle_oily_dry_normal/Oily-Dry-Skin-Types/train/dry/dry_ab24bd04bd9b3c9532f1_jpg.rf.fafff4ed6bd53796aa733b1501eb6c28.jpg,kaggle_oily_dry_normal,dry,,66edd5bcd6ef0c2a844df88e8e5fdaf59ea72c947e696f1410af99d1fc2998bf,unmapped/extra folder label: dry
dataset/raw/kaggle_oily_dry_normal/Oily-Dry-Skin-Types/train/dry/dry_b1096d607e7093383c9e_jpg.rf.20b943005d57a16a2729b2c0bb89bfae.jpg,kaggle_oily_dry_normal,dry,,c806ab54ed99e3ed3d2c40cd83d29582d1217d9d43e0cb0f010fc420d650b028,unmapped/extra folder label: dry
dataset/raw/kaggle_oily_dry_normal/Oily-Dry-Skin-Types/train/dry/dry_b1096d607e7093383c9e_jpg.rf.4c1ee2b5336834a440f5b694ee3a7d31.jpg,kaggle_oily_dry_normal,dry,,04a8738a803becb697b5f512f88dad35c511c5c6a210c95bd2630f612dffe629,unmapped/extra folder label: dry
dataset/raw/kaggle_oily_dry_normal/Oily-Dry-Skin-Types/train/dry/dry_b1096d607e7093383c9e_jpg.rf.c9cbee7ea0c99abc3cb9b54ee1f42b14.jpg,kaggle_oily_dry_normal,dry,,a3330611e0b572e4156e935340735995adf7f254e9cba90e9eabc5475ed2aad1,unmapped/extra folder label: dry
dataset/raw/kaggle_oily_dry_normal/Oily-Dry-Skin-Types/train/dry/dry_b197c5702179b83423bb_jpg.rf.4ba50f783e8941cd2e7b8e8cf3c8bf26.jpg,kaggle_oily_dry_normal,dry,,fd3acb0f0b2bf02bdadeb5c57ad6cbb6b24fc7806bc6983190a5eac0f036d22b,unmapped/extra folder label: dry
dataset/raw/kaggle_oily_dry_normal/Oily-Dry-Skin-Types/train/dry/dry_b197c5702179b83423bb_jpg.rf.79b3b2a4aba529c80215ef81c99c7393.jpg,kaggle_oily_dry_normal,dry,,5f905bdd7abfa397da4ae1d513078383a6e80139fb1130b4240a0273a52c56d9,unmapped/extra folder label: dry
dataset/raw/kaggle_oily_dry_normal/Oily-Dry-Skin-Types/train/dry/dry_b197c5702179b83423bb_jpg.rf.9b809332a588bd53ab4fe654c686f6cf.jpg,kaggle_oily_dry_normal,dry,,ac2568fd843a6a74d18b678dfc783f0c1bb2326bb5d6056cbfb16be493a5a4a6,unmapped/extra folder label: dry
dataset/raw/kaggle_oily_dry_normal/Oily-Dry-Skin-Types/train/dry/dry_b348b289327238e357b4_jpg.rf.4d07aa0f024d65895557ccb4a7fad157.jpg,kaggle_oily_dry_normal,dry,,da41fc4053edf1c3025ea161f06fcf78234cb9083427f8df60a7987e18598e59,unmapped/extra folder label: dry
dataset/raw/kaggle_oily_dry_normal/Oily-Dry-Skin-Types/train/dry/dry_b348b289327238e357b4_jpg.rf.551dc6c950f771819ce98bb72eca61b8.jpg,kaggle_oily_dry_normal,dry,,e2bd757f6faef1a29643132c6a6f176647d959e841e66c7acab1db9d0ce84d50,unmapped/extra folder label: dry
dataset/raw/kaggle_oily_dry_normal/Oily-Dry-Skin-Types/train/dry/dry_b348b289327238e357b4_jpg.rf.6d4114021df1f3242b5edb54a33ec70e.jpg,kaggle_oily_dry_normal,dry,,9fc9cea043603257e874cb69460846c99bb6599826e1d780f23f4e092da4e75e,unmapped/extra folder label: dry
dataset/raw/kaggle_oily_dry_normal/Oily-Dry-Skin-Types/train/dry/dry_b370df1d92318ba68ac0_jpg.rf.95975dc5153ca6101808b22aaab4f99f.jpg,kaggle_oily_dry_normal,dry,,5fc794819b4286c12a805f7153cb54f96d26290d8a2b7089e6237e94301d6265,unmapped/extra folder label: dry
dataset/raw/kaggle_oily_dry_normal/Oily-Dry-Skin-Types/train/dry/dry_b370df1d92318ba68ac0_jpg.rf.9de74f896b4a7637bb8d1bd02f47c4f3.jpg,kaggle_oily_dry_normal,dry,,3e1d3cb3257cd084f039209ba7025c4f988b5866e4aa0aa1df77d08d329c1386,unmapped/extra folder label: dry
dataset/raw/kaggle_oily_dry_normal/Oily-Dry-Skin-Types/train/dry/dry_b370df1d92318ba68ac0_jpg.rf.cbcc5f576ae20becac79abe404407c78.jpg,kaggle_oily_dry_normal,dry,,7be10e323e1c3d06aaf2ee49db4ba9c0db110b1f5bc7d34bc7847751d7c0b7be,unmapped/extra folder label: dry
dataset/raw/kaggle_oily_dry_normal/Oily-Dry-Skin-Types/train/dry/dry_b3a1f61e5e88812b6ad3_jpg.rf.118f21a832c771f6ec309e67e094038d.jpg,kaggle_oily_dry_normal,dry,,74ef8b8971e40bb1e1f9fa55d584da5073b2344cb0dff1c1312948fdd790f81f,unmapped/extra folder label: dry
dataset/raw/kaggle_oily_dry_normal/Oily-Dry-Skin-Types/train/dry/dry_b3a1f61e5e88812b6ad3_jpg.rf.4f1020e8d49bfcc03824bed1a55b170a.jpg,kaggle_oily_dry_normal,dry,,bef02a5b2f1d29da72c37bb33009a2768e2dd9c42315f008f59caa4309613340,unmapped/extra folder label: dry
dataset/raw/kaggle_oily_dry_normal/Oily-Dry-Skin-Types/train/dry/dry_b3a1f61e5e88812b6ad3_jpg.rf.613154803454b1eda32bcd048424ac50.jpg,kaggle_oily_dry_normal,dry,,5e5027bc8d96b530128c9dd8a7d0830cc8a74115ada7303795d174ed28265ae8,unmapped/extra folder label: dry
dataset/raw/kaggle_oily_dry_normal/Oily-Dry-Skin-Types/train/dry/dry_b44de84c272df4bfe339_jpg.rf.028fd3dbf71f292cbf0bdc7e218f46a0.jpg,kaggle_oily_dry_normal,dry,,e54b4500f5167877ee8902f2cb26bd230a79bb4a451d21d1f99e4dade2c44cfe,unmapped/extra folder label: dry
dataset/raw/kaggle_oily_dry_normal/Oily-Dry-Skin-Types/train/dry/dry_b44de84c272df4bfe339_jpg.rf.62c4403acc7e7c54f62f884ace0bc5e2.jpg,kaggle_oily_dry_normal,dry,,f9df83ffb68cda89bbec88ff1a3b8e73b0326f98a020bd8e5d2958326da04ca6,unmapped/extra folder label: dry
dataset/raw/kaggle_oily_dry_normal/Oily-Dry-Skin-Types/train/dry/dry_b44de84c272df4bfe339_jpg.rf.dc9552c5b5d9d3d69987ca0a274597af.jpg,kaggle_oily_dry_normal,dry,,6ce9fdd6fb41a2c6c29ccc15009c9c9d3762747296d0d8f1286a8ae043c4329a,unmapped/extra folder label: dry
dataset/raw/kaggle_oily_dry_normal/Oily-Dry-Skin-Types/train/dry/dry_b4fa3907233fd813764a_jpg.rf.28e7137639b8db5aff2f007f015a868b.jpg,kaggle_oily_dry_normal,dry,,bb5a23bac7bc9bed03f0da9860c428ed918b07d75e43065d7aed732911003da6,unmapped/extra folder label: dry
dataset/raw/kaggle_oily_dry_normal/Oily-Dry-Skin-Types/train/dry/dry_b4fa3907233fd813764a_jpg.rf.4e432a46f8386bad31e583e5bd55829c.jpg,kaggle_oily_dry_normal,dry,,0b503a15b5d9c9bd8bd5998ddae0ad6c9ed1f27f50d561bf7c2ac9eea5e9e4f1,unmapped/extra folder label: dry
dataset/raw/kaggle_oily_dry_normal/Oily-Dry-Skin-Types/train/dry/dry_b4fa3907233fd813764a_jpg.rf.8f07400bb78fc7429306cdb07382f290.jpg,kaggle_oily_dry_normal,dry,,492f97501f4279fe9b40da63ad86821cad19cde2ee0a3e6660e67c25b677ae99,unmapped/extra folder label: dry
dataset/raw/kaggle_oily_dry_normal/Oily-Dry-Skin-Types/train/dry/dry_b6b618bf512f37685b21_jpg.rf.97f0afcee0468a89f48579cbdeb00a62.jpg,kaggle_oily_dry_normal,dry,,7091935605148162ef80e07946def6b8fee894fb215cb4fe977af8fd72a01d78,unmapped/extra folder label: dry
dataset/raw/kaggle_oily_dry_normal/Oily-Dry-Skin-Types/train/dry/dry_b6b618bf512f37685b21_jpg.rf.99dcda6780518c02aad59541cb979502.jpg,kaggle_oily_dry_normal,dry,,37d69d5881ab248f2e2e6418f9d3696a2c234478cd2e6f5047227e5ecb216610,unmapped/extra folder label: dry
dataset/raw/kaggle_oily_dry_normal/Oily-Dry-Skin-Types/train/dry/dry_b6b618bf512f37685b21_jpg.rf.df41e4eb0cb62d011ada2bb3e798b272.jpg,kaggle_oily_dry_normal,dry,,2739efc608d4fe471ca23c24577e247bfbb880cf72ccb20afaba9b17cb0a3310,unmapped/extra folder label: dry
dataset/raw/kaggle_oily_dry_normal/Oily-Dry-Skin-Types/train/dry/dry_b6e19643f8ac3df37c18_jpg.rf.3afbd0c8794f820bfb1100aaf64cca35.jpg,kaggle_oily_dry_normal,dry,,15f83c05c6ec7985b533c5e16953e84a9c7ca7bef53f1ab090095b3c933d0bcb,unmapped/extra folder label: dry
dataset/raw/kaggle_oily_dry_normal/Oily-Dry-Skin-Types/train/dry/dry_b6e19643f8ac3df37c18_jpg.rf.55f888e425f5f3c0b52e922bffbb4874.jpg,kaggle_oily_dry_normal,dry,,8006ad410b9f2636cc71849cf3a8b05d4fcfca860e8b7d65403973079e796d15,unmapped/extra folder label: dry
dataset/raw/kaggle_oily_dry_normal/Oily-Dry-Skin-Types/train/dry/dry_b6e19643f8ac3df37c18_jpg.rf.d3e2f07a8ffe38058aa629cfc0b9d1ad.jpg,kaggle_oily_dry_normal,dry,,cd7b021c7eb940d66664f1c6f5a88890c7c374207345060f955fa3994c0de4a6,unmapped/extra folder label: dry
dataset/raw/kaggle_oily_dry_normal/Oily-Dry-Skin-Types/train/dry/dry_b8b03e486b0bd1c73343_jpg.rf.0eb57a8a82c60f1ff24faec1747fd9b3.jpg,kaggle_oily_dry_normal,dry,,34e773e0ef03116fbde06f33ca702c7b7a33c7b59db3f1a535b0136ee31f714b,unmapped/extra folder label: dry
dataset/raw/kaggle_oily_dry_normal/Oily-Dry-Skin-Types/train/dry/dry_b8b03e486b0bd1c73343_jpg.rf.e5705e830822c89938f318da40ade703.jpg,kaggle_oily_dry_normal,dry,,1e2c4d49365e5442b3f446918dd0b319ef561863b6111e46adb4248c6017099d,unmapped/extra folder label: dry
dataset/raw/kaggle_oily_dry_normal/Oily-Dry-Skin-Types/train/dry/dry_ba43086ceb69089f048e_jpg.rf.107698b0e3b276827d53bb77ed22a10c.jpg,kaggle_oily_dry_normal,dry,,b9182740a3b1533c3e1f8e130497b411f746b925881f4e6d16facdbbb0914072,unmapped/extra folder label: dry
dataset/raw/kaggle_oily_dry_normal/Oily-Dry-Skin-Types/train/dry/dry_ba43086ceb69089f048e_jpg.rf.10b84c97be7986518f26798d4ddce3ca.jpg,kaggle_oily_dry_normal,dry,,a8c028409266b793769c89e2d9d5d2124d55b1e57164b285ec56d3674d7238a0,unmapped/extra folder label: dry
dataset/raw/kaggle_oily_dry_normal/Oily-Dry-Skin-Types/train/dry/dry_ba43086ceb69089f048e_jpg.rf.dfce200026bec2d130e2558f7516e67b.jpg,kaggle_oily_dry_normal,dry,,02c241d4a423b84bbc9939ee2300a25af4b9170dc066ab1fbc9408924a5dfda8,unmapped/extra folder label: dry
dataset/raw/kaggle_oily_dry_normal/Oily-Dry-Skin-Types/train/dry/dry_bcfdff9759ebf4ed7e28_jpg.rf.28f054cdba181fce22aeae48b1bee95d.jpg,kaggle_oily_dry_normal,dry,,b8754eb48da2f3ac70b441193cc0d1160465d10ec09d87168bb997bc4f70d872,unmapped/extra folder label: dry
dataset/raw/kaggle_oily_dry_normal/Oily-Dry-Skin-Types/train/dry/dry_bcfdff9759ebf4ed7e28_jpg.rf.30101eaed5c833372a9b2d8aeade47ed.jpg,kaggle_oily_dry_normal,dry,,a16817c3f9f3861bc94ce28020e0107f4b81c2eedc67a5171dde1ed5203b8d71,unmapped/extra folder label: dry
dataset/raw/kaggle_oily_dry_normal/Oily-Dry-Skin-Types/train/dry/dry_bcfdff9759ebf4ed7e28_jpg.rf.b046628ce82aba12489b989aeb056346.jpg,kaggle_oily_dry_normal,dry,,37bac7e39a28bfc92b527dabc29a602a1de46593307da347a7125b4f011a6e25,unmapped/extra folder label: dry
dataset/raw/kaggle_oily_dry_normal/Oily-Dry-Skin-Types/train/dry/dry_bd0a8eaa7f83661e3e9f_jpg.rf.959c26b2bb1e4cbc14a35f5e88aa9ff9.jpg,kaggle_oily_dry_normal,dry,,97ec7da9a1e9196c7824d03d5827a5ab33e98107e7a0d45f1cc3cad8a4d1ca55,unmapped/extra folder label: dry
dataset/raw/kaggle_oily_dry_normal/Oily-Dry-Skin-Types/train/dry/dry_bd0a8eaa7f83661e3e9f_jpg.rf.a1f5120a8eaf4513e51e87499ad8eaa9.jpg,kaggle_oily_dry_normal,dry,,1b222cd85fb600ed02bbd799b176febfe863168851e48ac489b8fd1efd337304,unmapped/extra folder label: dry
dataset/raw/kaggle_oily_dry_normal/Oily-Dry-Skin-Types/train/dry/dry_bd0a8eaa7f83661e3e9f_jpg.rf.ca9cd394b37ef4178ff621c16c400740.jpg,kaggle_oily_dry_normal,dry,,90b0a312f2d5611ccd10acfb65f0c93b8ccac06b99c8dcf8a80b29b1add75cb3,unmapped/extra folder label: dry
dataset/raw/kaggle_oily_dry_normal/Oily-Dry-Skin-Types/train/dry/dry_be047d0e7d2513f90355_jpg.rf.563253ec2c763e0e030bbda855beaf19.jpg,kaggle_oily_dry_normal,dry,,211449c758e982c5c8de0422f089d0c6bace07de497ec9123105d9bc7b22d099,unmapped/extra folder label: dry
dataset/raw/kaggle_oily_dry_normal/Oily-Dry-Skin-Types/train/dry/dry_be047d0e7d2513f90355_jpg.rf.73e87fa0dbb6988c357901e794b87360.jpg,kaggle_oily_dry_normal,dry,,6462ae6277f8ea5ebcfda7d8ac602ee272b2adb1ac360b7f36f0ed00e7ce79c2,unmapped/extra folder label: dry
dataset/raw/kaggle_oily_dry_normal/Oily-Dry-Skin-Types/train/dry/dry_be047d0e7d2513f90355_jpg.rf.e7dd56ccbee9a2a3f1e82288dba49714.jpg,kaggle_oily_dry_normal,dry,,0f7677405abc79d04ffb5b8db036b7566ef1ca5341c0490081200324bde585e4,unmapped/extra folder label: dry
dataset/raw/kaggle_oily_dry_normal/Oily-Dry-Skin-Types/train/dry/dry_beb86b734ab3d46d02b1_jpg.rf.01c122f7bbe1034829193a7cfd53056e.jpg,kaggle_oily_dry_normal,dry,,4dfaf2de93f654d97c06e6bf0533c7e8368d728612a96f57371b2e7ef23dcb85,unmapped/extra folder label: dry
dataset/raw/kaggle_oily_dry_normal/Oily-Dry-Skin-Types/train/dry/dry_beb86b734ab3d46d02b1_jpg.rf.782464f8e04693e7f88b1ab0ac72f8b3.jpg,kaggle_oily_dry_normal,dry,,9a2693f7858263ec71ea8d44abf97ab87ec0573cd81d41709657632fdc8d2fba,unmapped/extra folder label: dry
dataset/raw/kaggle_oily_dry_normal/Oily-Dry-Skin-Types/train/dry/dry_beb86b734ab3d46d02b1_jpg.rf.9f68d6dd8c36e8cd55937b7ddced4867.jpg,kaggle_oily_dry_normal,dry,,1cbf7974abd39ae2d5d0ed0da4d22e4062597eec59514e8e3bee2a31d462d33d,unmapped/extra folder label: dry
dataset/raw/kaggle_oily_dry_normal/Oily-Dry-Skin-Types/train/dry/dry_bedf9f06af9d70c08a99_jpg.rf.1992555d61a6cc7a231a803e78d75498.jpg,kaggle_oily_dry_normal,dry,,38bff0ae6c94ab20b50ec44e979e4c34008d22852cf22c6172e71d3d42ee5c09,unmapped/extra folder label: dry
dataset/raw/kaggle_oily_dry_normal/Oily-Dry-Skin-Types/train/dry/dry_bedf9f06af9d70c08a99_jpg.rf.1c0f44af5d56eeaa9d20ab594ca8f0e5.jpg,kaggle_oily_dry_normal,dry,,07c5079ebc7a7f8c4b2d40c66555ce02c32a60a9079cf272e1eeff8c61a3e885,unmapped/extra folder label: dry
dataset/raw/kaggle_oily_dry_normal/Oily-Dry-Skin-Types/train/dry/dry_bedf9f06af9d70c08a99_jpg.rf.abe0c1ebee53549e6aee20333ee8d8b7.jpg,kaggle_oily_dry_normal,dry,,5400b7972bbc8d918f4a79b1b78ba802e357c26aa540713231958f942626d254,unmapped/extra folder label: dry
dataset/raw/kaggle_oily_dry_normal/Oily-Dry-Skin-Types/train/dry/dry_bf39f291f6c3c010f2d5_jpg.rf.3304e8ca3044573be315d5ac5a391067.jpg,kaggle_oily_dry_normal,dry,,2c80131608efd5f59170dc1537fdaeff824e61fe351397d8cb8b38bf456d9899,unmapped/extra folder label: dry
dataset/raw/kaggle_oily_dry_normal/Oily-Dry-Skin-Types/train/dry/dry_bf39f291f6c3c010f2d5_jpg.rf.735f7028cb1218d741ebe1b0b79c0dd2.jpg,kaggle_oily_dry_normal,dry,,c2e98c2279e5aa11555ae9df899305aac3aa72b836987272a02ea1fe6d1c409a,unmapped/extra folder label: dry
dataset/raw/kaggle_oily_dry_normal/Oily-Dry-Skin-Types/train/dry/dry_bf39f291f6c3c010f2d5_jpg.rf.b18a3d96db175c52622e387c2717965f.jpg,kaggle_oily_dry_normal,dry,,3873fc803f8f0bad611a7b6556e58f295709c9e2dee3f5efb2e5546819b4373e,unmapped/extra folder label: dry
dataset/raw/kaggle_oily_dry_normal/Oily-Dry-Skin-Types/train/dry/dry_bf47fca36d39cb8f9667_jpg.rf.693007d2fd1fcb62f013ed40cc39d2e7.jpg,kaggle_oily_dry_normal,dry,,bd1c77fa54042ee7649ec04057b06a2dab4127fb2a586c08e5118e263d8b0d07,unmapped/extra folder label: dry
dataset/raw/kaggle_oily_dry_normal/Oily-Dry-Skin-Types/train/dry/dry_bf47fca36d39cb8f9667_jpg.rf.9beeaa639a6e0d33126ddf71e0a884ea.jpg,kaggle_oily_dry_normal,dry,,278a085692f19932786eeecfe42ae30331cb36d5efbc50187caef2e297348cd8,unmapped/extra folder label: dry
dataset/raw/kaggle_oily_dry_normal/Oily-Dry-Skin-Types/train/dry/dry_bf47fca36d39cb8f9667_jpg.rf.b018d8680e401fc9f7005a6b8140bf52.jpg,kaggle_oily_dry_normal,dry,,998d6ca9f9d6e9fa80b6337377ca540f5358f2af88990a5f6504aefb0684c9b0,unmapped/extra folder label: dry
dataset/raw/kaggle_oily_dry_normal/Oily-Dry-Skin-Types/train/dry/dry_c07cf129df8737a400b9_jpg.rf.3795b0de17c11b79573b30ce4fc5e0fb.jpg,kaggle_oily_dry_normal,dry,,c664ef5c00dd3b2c72664368997ce57f1bdb6ae7010c5ac3374f7c0effe66640,unmapped/extra folder label: dry
dataset/raw/kaggle_oily_dry_normal/Oily-Dry-Skin-Types/train/dry/dry_c07cf129df8737a400b9_jpg.rf.7855038c780d0f05c4ffe575fe11db1c.jpg,kaggle_oily_dry_normal,dry,,a0c917c0b2dbfc3e9a4d3ec5eae54dceb332b492fe0c9fc50d4881237cc23dbe,unmapped/extra folder label: dry
dataset/raw/kaggle_oily_dry_normal/Oily-Dry-Skin-Types/train/dry/dry_c07cf129df8737a400b9_jpg.rf.9531751ed2956d972b61ffccfea3b249.jpg,kaggle_oily_dry_normal,dry,,df606e43cc38fad1655367dd1533aa187b2634314e46c79091c4b19db94115c0,unmapped/extra folder label: dry
dataset/raw/kaggle_oily_dry_normal/Oily-Dry-Skin-Types/train/dry/dry_c114f2dbaa95c6210da3_jpg.rf.0087f03147cd82a4b81f47d9bfda17a2.jpg,kaggle_oily_dry_normal,dry,,ebf03b0eb8bfa5a6381c498eb532d1db02448841f4f037fa7b3891ee817d47c0,unmapped/extra folder label: dry
dataset/raw/kaggle_oily_dry_normal/Oily-Dry-Skin-Types/train/dry/dry_c114f2dbaa95c6210da3_jpg.rf.7fb8144dd460114d67f8a143940c46c1.jpg,kaggle_oily_dry_normal,dry,,9adb941e380971f7e873530bcae6ba98ad1e3a10eacf28bde05c21dc487d858d,unmapped/extra folder label: dry
dataset/raw/kaggle_oily_dry_normal/Oily-Dry-Skin-Types/train/dry/dry_c114f2dbaa95c6210da3_jpg.rf.94e65495e7f795962536096f721dbbf8.jpg,kaggle_oily_dry_normal,dry,,d62b8bd65d990d7938df10d4b1ad11852d9326f1629903819fa564db95cfcfbb,unmapped/extra folder label: dry
dataset/raw/kaggle_oily_dry_normal/Oily-Dry-Skin-Types/train/dry/dry_c261ff1146e2dd5450b0_jpg.rf.43c239d40e586010e29870bcf5e076be.jpg,kaggle_oily_dry_normal,dry,,c1223543abc4f73ca4772e7d11b915d39f0b53e812ee7a88dc24a74154f99f02,unmapped/extra folder label: dry
dataset/raw/kaggle_oily_dry_normal/Oily-Dry-Skin-Types/train/dry/dry_c261ff1146e2dd5450b0_jpg.rf.cd5b5161a81b281356264d686f84bbdb.jpg,kaggle_oily_dry_normal,dry,,c2da6c1598b983895a1cc6588f4c20b4fc821f3a1f1a9eeb9d2a34c6879c9e0b,unmapped/extra folder label: dry
dataset/raw/kaggle_oily_dry_normal/Oily-Dry-Skin-Types/train/dry/dry_c261ff1146e2dd5450b0_jpg.rf.fb892b47b25af9eae0b47ca3c874f0ed.jpg,kaggle_oily_dry_normal,dry,,85d900618fc2dc4511783ddeb672c05d309505e9c1c4078aad0be24f8e6a4ba6,unmapped/extra folder label: dry
dataset/raw/kaggle_oily_dry_normal/Oily-Dry-Skin-Types/train/dry/dry_c33d151231167b894091_jpg.rf.55564286acf7a23c1485751f63b5afa2.jpg,kaggle_oily_dry_normal,dry,,aef58df698496101182d27fff213b14e27479f08bfe193a50757a0153c12b833,unmapped/extra folder label: dry
dataset/raw/kaggle_oily_dry_normal/Oily-Dry-Skin-Types/train/dry/dry_c33d151231167b894091_jpg.rf.831a526c17a2629302115b198ff758fe.jpg,kaggle_oily_dry_normal,dry,,d67dfcaf1adff39b2dcb66fe408f408a4f7727737d97d02fe67867a64cd495c8,unmapped/extra folder label: dry
dataset/raw/kaggle_oily_dry_normal/Oily-Dry-Skin-Types/train/dry/dry_c33d151231167b894091_jpg.rf.cd177e20715758556df497c9710f68cb.jpg,kaggle_oily_dry_normal,dry,,e9fab3a66c8c386fe0d45bb9995a2a6f5527d41f818476ec269c4e96c23339db,unmapped/extra folder label: dry
dataset/raw/kaggle_oily_dry_normal/Oily-Dry-Skin-Types/train/dry/dry_c37ce3491d3481b982b7_jpg.rf.0ecbc7173b17b02d11a103e5d34f5d97.jpg,kaggle_oily_dry_normal,dry,,faa23d3912ba1b90da2b62d4a5246aebd65ce2d5e1e44d6b2b86824987b1cef4,unmapped/extra folder label: dry
dataset/raw/kaggle_oily_dry_normal/Oily-Dry-Skin-Types/train/dry/dry_c37ce3491d3481b982b7_jpg.rf.27c2bb557dfb03c5b80e410e9cade80f.jpg,kaggle_oily_dry_normal,dry,,ff9ac0b15541f433236decee1e64f5ac8661ff2495cd09ce47706f0d64b0569e,unmapped/extra folder label: dry
dataset/raw/kaggle_oily_dry_normal/Oily-Dry-Skin-Types/train/dry/dry_c37ce3491d3481b982b7_jpg.rf.e66690bde254a25fa99c83708178cfdc.jpg,kaggle_oily_dry_normal,dry,,4e19c372ab26c3adf3f2e4b8b2657a1eeec3bbe1b31cdc4754d8dd8bc7a3b10d,unmapped/extra folder label: dry
dataset/raw/kaggle_oily_dry_normal/Oily-Dry-Skin-Types/train/dry/dry_c6a9db491703ff378226_jpg.rf.21df0171ad89a15407d323a61e680e0d.jpg,kaggle_oily_dry_normal,dry,,314e3eee6c1330846a0519573e0995a88fad75ced3f85f4f5c8cde2e91dd5288,unmapped/extra folder label: dry
dataset/raw/kaggle_oily_dry_normal/Oily-Dry-Skin-Types/train/dry/dry_c6a9db491703ff378226_jpg.rf.2b3fb81407b696d69c6575a9ca73c89e.jpg,kaggle_oily_dry_normal,dry,,f4f9bde604a8b5674a83412b16b9b77e8851c980e3bc310ca5076e615cfa152e,unmapped/extra folder label: dry
dataset/raw/kaggle_oily_dry_normal/Oily-Dry-Skin-Types/train/dry/dry_c6a9db491703ff378226_jpg.rf.c611038cbbb1b7a0d7b4ce744cac5b72.jpg,kaggle_oily_dry_normal,dry,,0e36a08c594e78c4b3164362436809ed9a2f021359146c12477d05eb71e61f08,unmapped/extra folder label: dry
dataset/raw/kaggle_oily_dry_normal/Oily-Dry-Skin-Types/train/dry/dry_cafd1685d1752d62aa8e_jpg.rf.497cfc7843b298dd26a54603951bb6ac.jpg,kaggle_oily_dry_normal,dry,,ca73e7634d170a2aa784b2fc7d4ec34a6382d868716882eb9ceb2d115ba9d38d,unmapped/extra folder label: dry
dataset/raw/kaggle_oily_dry_normal/Oily-Dry-Skin-Types/train/dry/dry_cafd1685d1752d62aa8e_jpg.rf.4eaae9b54d3652896990b965e2d8dd4b.jpg,kaggle_oily_dry_normal,dry,,3e2c19c9e890b9c0331f829bfeec91b7949f67fb3b8b2d3af82b6c286ac690e1,unmapped/extra folder label: dry
dataset/raw/kaggle_oily_dry_normal/Oily-Dry-Skin-Types/train/dry/dry_cafd1685d1752d62aa8e_jpg.rf.c594f5d52fc3aa163ac9bbd63d54c3a1.jpg,kaggle_oily_dry_normal,dry,,d6da2ca66d006631244bbdbd0986ef58a64d119017096b228f56f13246f14958,unmapped/extra folder label: dry
dataset/raw/kaggle_oily_dry_normal/Oily-Dry-Skin-Types/train/dry/dry_cb335527faf6af7f4cbd_jpg.rf.0542f1dbc2aa24f0b9325281bc49a7e7.jpg,kaggle_oily_dry_normal,dry,,8dfa3a2cb9880dd9d9990e28a9a0de2b5c8e798efa4128457e7b6a684f2454be,unmapped/extra folder label: dry
dataset/raw/kaggle_oily_dry_normal/Oily-Dry-Skin-Types/train/dry/dry_cb335527faf6af7f4cbd_jpg.rf.6bde8450708e3044c134c7eddd449d97.jpg,kaggle_oily_dry_normal,dry,,d3dccb2e624fdd19ae61e1386cbd90c238b9344b2595abdbd736011a383583b2,unmapped/extra folder label: dry
dataset/raw/kaggle_oily_dry_normal/Oily-Dry-Skin-Types/train/dry/dry_cb335527faf6af7f4cbd_jpg.rf.ce19eb3d7ea97b7e235f02c579636da3.jpg,kaggle_oily_dry_normal,dry,,d98b55c9620f2546664ba33c7909ed8835983a287396597deb6dfa07cc28a246,unmapped/extra folder label: dry
dataset/raw/kaggle_oily_dry_normal/Oily-Dry-Skin-Types/train/dry/dry_cbc7d9562dea01afe481_jpg.rf.4b1507308418e55ba1ea55da00e16940.jpg,kaggle_oily_dry_normal,dry,,46ce81423d357dc1afbf8cd8b1bb92221818f56b1dfdfb0ad6ad39fb8c38971e,unmapped/extra folder label: dry
dataset/raw/kaggle_oily_dry_normal/Oily-Dry-Skin-Types/train/dry/dry_cbc7d9562dea01afe481_jpg.rf.cc96fadc32d758459503de355d28d687.jpg,kaggle_oily_dry_normal,dry,,bafddc9a93b0117f5a9489cfd06346aa511617bdd866af6a8dca6d1062962bde,unmapped/extra folder label: dry
dataset/raw/kaggle_oily_dry_normal/Oily-Dry-Skin-Types/train/dry/dry_cbc7d9562dea01afe481_jpg.rf.f7d814d0f65c9fdcb22e62d167673f62.jpg,kaggle_oily_dry_normal,dry,,d9c4e2ecaca3d84bd7f1e7db34ae4277f62b86bd8b30faba3eb0906e22541276,unmapped/extra folder label: dry
dataset/raw/kaggle_oily_dry_normal/Oily-Dry-Skin-Types/train/dry/dry_cd200fe37c1429385e7a_jpg.rf.010564da19e33ec3b89f4ddde282aa23.jpg,kaggle_oily_dry_normal,dry,,e86bab625e5c05c2a5fc6403757c4c1db585f5205edbdf08fcd9c257f7e3aeb6,unmapped/extra folder label: dry
dataset/raw/kaggle_oily_dry_normal/Oily-Dry-Skin-Types/train/dry/dry_cd200fe37c1429385e7a_jpg.rf.721ce12b450ab40f96ffba6f6080cc6a.jpg,kaggle_oily_dry_normal,dry,,60b62ad0b289d05ab8b9c3c3317b0c1cc696e6169cb03f15960ba0e46c7a3295,unmapped/extra folder label: dry
dataset/raw/kaggle_oily_dry_normal/Oily-Dry-Skin-Types/train/dry/dry_cd200fe37c1429385e7a_jpg.rf.861a18e0e04be8d29a1038dd80f8df7b.jpg,kaggle_oily_dry_normal,dry,,8a89e0f12f6c67e5bdf33a561bd419039aeb0667cef635d54faf19847f459dc8,unmapped/extra folder label: dry
dataset/raw/kaggle_oily_dry_normal/Oily-Dry-Skin-Types/train/dry/dry_cd8ca8319e415c223e12_jpg.rf.38750eec2e728d135c9283519ffbd9e9.jpg,kaggle_oily_dry_normal,dry,,a38c6ab5771f17eda4534bc9c88dbe7147d6ada0e87fa0d2afb018d806714cc8,unmapped/extra folder label: dry
dataset/raw/kaggle_oily_dry_normal/Oily-Dry-Skin-Types/train/dry/dry_cd8ca8319e415c223e12_jpg.rf.b5bb11fe6bc4decd17d85ef4c7d7404c.jpg,kaggle_oily_dry_normal,dry,,742ba646b81a0a6a70ae5b973a001e6be99d629b6f08547bd66aac444a5a8bd3,unmapped/extra folder label: dry
dataset/raw/kaggle_oily_dry_normal/Oily-Dry-Skin-Types/train/dry/dry_cd8ca8319e415c223e12_jpg.rf.ed74e6065cdf34941aa3b254a94154a3.jpg,kaggle_oily_dry_normal,dry,,c5cdf715952a4ad10b66904850136811094e656240f6b372b67713031a49ddd1,unmapped/extra folder label: dry
dataset/raw/kaggle_oily_dry_normal/Oily-Dry-Skin-Types/train/dry/dry_cde20d23c54b25f3075c_jpg.rf.3997f01235c0b8d40172bb692689cc74.jpg,kaggle_oily_dry_normal,dry,,9f16249bfbeb80f86e01eb35a55a6805d65f295c85436e5ccd6cb785ab65daf9,unmapped/extra folder label: dry
dataset/raw/kaggle_oily_dry_normal/Oily-Dry-Skin-Types/train/dry/dry_cde20d23c54b25f3075c_jpg.rf.62cfb776bb47bf821b7f379a464f3a79.jpg,kaggle_oily_dry_normal,dry,,1159940af7bf027d9b66d60645c6a1fa1a8dc6aa1c155e6287132c0c9a6cf0d3,unmapped/extra folder label: dry
dataset/raw/kaggle_oily_dry_normal/Oily-Dry-Skin-Types/train/dry/dry_cde20d23c54b25f3075c_jpg.rf.83c181e2b7207b0c5df2f27465ce22df.jpg,kaggle_oily_dry_normal,dry,,172a3254402d50b5119c81fa49baeb0b859e53efe324f4a3f865423ede3072a1,unmapped/extra folder label: dry
dataset/raw/kaggle_oily_dry_normal/Oily-Dry-Skin-Types/train/dry/dry_ce3e0d6ce48ddd2088e0_jpg.rf.c01bbdf524206e820a9a68c08a95cd5c.jpg,kaggle_oily_dry_normal,dry,,811283ee9fcd77f9e6ec513759ed18400133d365571d6cb80167080d87b07a3d,unmapped/extra folder label: dry
dataset/raw/kaggle_oily_dry_normal/Oily-Dry-Skin-Types/train/dry/dry_ce3e0d6ce48ddd2088e0_jpg.rf.d3a001357ea563520075a91dfd0514be.jpg,kaggle_oily_dry_normal,dry,,309f277f0ef3c71e2ccb62bfffb88dffc9e4d5c308a074ced5638defba183742,unmapped/extra folder label: dry
dataset/raw/kaggle_oily_dry_normal/Oily-Dry-Skin-Types/train/dry/dry_ce3e0d6ce48ddd2088e0_jpg.rf.d7c7bfec2c0a1b326602877ded40f4b8.jpg,kaggle_oily_dry_normal,dry,,392ad8e85227912733a0728756943a7b0f18a064caff230a4c0f7644e8d318cd,unmapped/extra folder label: dry
dataset/raw/kaggle_oily_dry_normal/Oily-Dry-Skin-Types/train/dry/dry_cf1281585bc0cf972c34_jpg.rf.4ee15e07393895503c2fa166c0a9cbd9.jpg,kaggle_oily_dry_normal,dry,,135052c438ab07c331c952302e217666e477e64f0c1bc1ea87ba7bacb37bae40,unmapped/extra folder label: dry
dataset/raw/kaggle_oily_dry_normal/Oily-Dry-Skin-Types/train/dry/dry_cf1281585bc0cf972c34_jpg.rf.7af7e4f3b760c81e9c155251497b30e0.jpg,kaggle_oily_dry_normal,dry,,a1621fc86d05798a26a760292b3094c7a16da982fe1f21785a4e92c7d62a15a2,unmapped/extra folder label: dry
dataset/raw/kaggle_oily_dry_normal/Oily-Dry-Skin-Types/train/dry/dry_cf50bf97d954d18138d2_jpg.rf.341193b85ccd5a3dc5782f851151a961.jpg,kaggle_oily_dry_normal,dry,,f57820e6a25ef184b48a69d98aedf6ff1636936c954d30fd0b9874c8c14c4367,unmapped/extra folder label: dry
dataset/raw/kaggle_oily_dry_normal/Oily-Dry-Skin-Types/train/dry/dry_cf50bf97d954d18138d2_jpg.rf.5f29150bde3a89be14eb62599fcbe7f4.jpg,kaggle_oily_dry_normal,dry,,2a71bcb08c815f9511fc6ad01f4c4e381e717eca643355a5cf6c078971111da2,unmapped/extra folder label: dry
dataset/raw/kaggle_oily_dry_normal/Oily-Dry-Skin-Types/train/dry/dry_d197914e018991c5a570_jpg.rf.853ec7267b4c86d15586aa0988dca563.jpg,kaggle_oily_dry_normal,dry,,dec7b8fc5c3d5e4ed6a642c0e559b0c8d65a469e3fa95ab1a040653fa9a1b0ff,unmapped/extra folder label: dry
dataset/raw/kaggle_oily_dry_normal/Oily-Dry-Skin-Types/train/dry/dry_d197914e018991c5a570_jpg.rf.c6e1ff85f8caefc1ee726e9b66a008a6.jpg,kaggle_oily_dry_normal,dry,,b4782f7cbe1dccb009d654fe63708552f01466bd9a4254d985dd5688cd7390fc,unmapped/extra folder label: dry
dataset/raw/kaggle_oily_dry_normal/Oily-Dry-Skin-Types/train/dry/dry_d197914e018991c5a570_jpg.rf.e1013e1aaa4832987111c4a537ec37c7.jpg,kaggle_oily_dry_normal,dry,,86f85ea7730a7652964333246bb646a975d5f7362bd5f5f72b5cedad8a338889,unmapped/extra folder label: dry
dataset/raw/kaggle_oily_dry_normal/Oily-Dry-Skin-Types/train/dry/dry_d22ed353be0a5d2ca6c9_jpg.rf.113f780924aff6cc3cb661c528cffadd.jpg,kaggle_oily_dry_normal,dry,,b11de9dcfaf1093dbf65ef61ff3e762faa562b8911fded8693deb021fe284ef5,unmapped/extra folder label: dry
dataset/raw/kaggle_oily_dry_normal/Oily-Dry-Skin-Types/train/dry/dry_d22ed353be0a5d2ca6c9_jpg.rf.28c4b86a74f1d3e1952522c32f334107.jpg,kaggle_oily_dry_normal,dry,,fd5000cc7c6d25f7c1dfaf9b26dde94368b334cbb04f5716515741230ed241fe,unmapped/extra folder label: dry
dataset/raw/kaggle_oily_dry_normal/Oily-Dry-Skin-Types/train/dry/dry_d22ed353be0a5d2ca6c9_jpg.rf.531512bda03ef4b6ed1937ab2dc32072.jpg,kaggle_oily_dry_normal,dry,,ed20d13ea4c815956e36694d5e0beaf09d62d4ff93f6f8b0dc62b76b66f9b959,unmapped/extra folder label: dry
dataset/raw/kaggle_oily_dry_normal/Oily-Dry-Skin-Types/train/dry/dry_d33e1d6711cc3b329efd_jpg.rf.1d007712ab4c84d94b73afff0aecb7fa.jpg,kaggle_oily_dry_normal,dry,,c1df5db19a669cfb7225c51639e95a26ad9b6e65eb28204d29624c41e48eca91,unmapped/extra folder label: dry
dataset/raw/kaggle_oily_dry_normal/Oily-Dry-Skin-Types/train/dry/dry_d33e1d6711cc3b329efd_jpg.rf.b527b7bc415dd742f2bd041f9d6d5665.jpg,kaggle_oily_dry_normal,dry,,39876784f54d224b37a5cbf5da507f0e8e41f735a1fb82d5729aacd99a7726e0,unmapped/extra folder label: dry
dataset/raw/kaggle_oily_dry_normal/Oily-Dry-Skin-Types/train/dry/dry_d33e1d6711cc3b329efd_jpg.rf.d32b4a4a31fde77bdbacb6b91f8da154.jpg,kaggle_oily_dry_normal,dry,,271a4d1e2b95e14bd1f442f6d2c47553a01020a39ab44369824e60b5202ce555,unmapped/extra folder label: dry
dataset/raw/kaggle_oily_dry_normal/Oily-Dry-Skin-Types/train/dry/dry_d62c41fb3d5227063fe8_jpg.rf.352eb9223d5b16b8696722c154f38e7f.jpg,kaggle_oily_dry_normal,dry,,3988f042405e7d266f7da0ce78f3473dfc8a7ee9b254c7b8b8c1ab1dedc55cfd,unmapped/extra folder label: dry
dataset/raw/kaggle_oily_dry_normal/Oily-Dry-Skin-Types/train/dry/dry_d62c41fb3d5227063fe8_jpg.rf.52a0d7743ca769cb4c3ede43172dbcda.jpg,kaggle_oily_dry_normal,dry,,1e8ad969190c45aafc30f53988a21ef48c38e4dffd41f3e0ced6fc4bf08d2874,unmapped/extra folder label: dry
dataset/raw/kaggle_oily_dry_normal/Oily-Dry-Skin-Types/train/dry/dry_d62c41fb3d5227063fe8_jpg.rf.8174ec0ae36f04a82eb38d05c3a36020.jpg,kaggle_oily_dry_normal,dry,,d1279c29a6121063786d8c9eb6f4b3d73ddcae420ed0320d6fe8cee49b4d35a1,unmapped/extra folder label: dry
dataset/raw/kaggle_oily_dry_normal/Oily-Dry-Skin-Types/train/dry/dry_d848a0c23d45f5cba270_jpg.rf.4504472e24daa016e4337055520a0211.jpg,kaggle_oily_dry_normal,dry,,a83c8a14483d5e97bf9ea531d6c513e7b0131060f5c619731bb0cb5b8a8848bf,unmapped/extra folder label: dry
dataset/raw/kaggle_oily_dry_normal/Oily-Dry-Skin-Types/train/dry/dry_d848a0c23d45f5cba270_jpg.rf.5564c99837d8d0bbbc9e0ca9fef5b65c.jpg,kaggle_oily_dry_normal,dry,,689973b8b8fed6ba47132be96a37a0953af35ebac4b12392bc65b79cd1edc1e8,unmapped/extra folder label: dry
dataset/raw/kaggle_oily_dry_normal/Oily-Dry-Skin-Types/train/dry/dry_d848a0c23d45f5cba270_jpg.rf.883b3ee14060063c2c6863c8eb1c4d05.jpg,kaggle_oily_dry_normal,dry,,41a6db3d2405f6fac1739d24693a899da778f665b26a1899d9ba41f782bd6817,unmapped/extra folder label: dry
dataset/raw/kaggle_oily_dry_normal/Oily-Dry-Skin-Types/train/dry/dry_d87b6823e6f6427ef4c6_jpg.rf.7e199b162d82eb477bf57dd6fc570ca5.jpg,kaggle_oily_dry_normal,dry,,dc7610d7ca4677940661de2d0e80f168b7892515a72174ecc10f90db19dafab1,unmapped/extra folder label: dry
dataset/raw/kaggle_oily_dry_normal/Oily-Dry-Skin-Types/train/dry/dry_d87b6823e6f6427ef4c6_jpg.rf.a78d77aae5e24ff6cecca73b84d2dc52.jpg,kaggle_oily_dry_normal,dry,,64ccaf1097d9601415f4cf60db70770cff81ed859ed7b587fa441c755db7cc62,unmapped/extra folder label: dry
dataset/raw/kaggle_oily_dry_normal/Oily-Dry-Skin-Types/train/dry/dry_d87b6823e6f6427ef4c6_jpg.rf.d87227d34a080098ba9a252424a0bdd2.jpg,kaggle_oily_dry_normal,dry,,ef7d1043504827622b058471a851814fc1fc0eab15f09cdd5adf350268eb410a,unmapped/extra folder label: dry
dataset/raw/kaggle_oily_dry_normal/Oily-Dry-Skin-Types/train/dry/dry_d9cac0f138c33b674999_jpg.rf.805a2a1720b2d512f3f2f44519ad8e38.jpg,kaggle_oily_dry_normal,dry,,e0a490bde466a80a64e207046b99e4a2a5bb24c13b151ff62ebe46768ada27c1,unmapped/extra folder label: dry
dataset/raw/kaggle_oily_dry_normal/Oily-Dry-Skin-Types/train/dry/dry_d9cac0f138c33b674999_jpg.rf.cd3186aca95d9ad7bc2adc3c849b1ac0.jpg,kaggle_oily_dry_normal,dry,,17737f4898171b928add41e4f8ffe67fa627d80ea1f0c77ea8785954851761c3,unmapped/extra folder label: dry
dataset/raw/kaggle_oily_dry_normal/Oily-Dry-Skin-Types/train/dry/dry_d9cac0f138c33b674999_jpg.rf.ce191692f257430ca71de93553edbffc.jpg,kaggle_oily_dry_normal,dry,,ec6a6cb5912714d24c4a14179a40c48119a7b25901d16b80520bde7cc2cb8fd9,unmapped/extra folder label: dry
dataset/raw/kaggle_oily_dry_normal/Oily-Dry-Skin-Types/train/dry/dry_db2a9e7bb1d91bf1068d_jpg.rf.5596f988ae09b0850274a412630b310d.jpg,kaggle_oily_dry_normal,dry,,bfb738fefcef9dc3efbc6d174efe554d69f201dbc73e36008fadb4df2753ab08,unmapped/extra folder label: dry
dataset/raw/kaggle_oily_dry_normal/Oily-Dry-Skin-Types/train/dry/dry_db2a9e7bb1d91bf1068d_jpg.rf.d931cc4641161bf21c11a0cf61d419f8.jpg,kaggle_oily_dry_normal,dry,,9fa2c9660b40df241376782c5685db0c826a9d9c3f153742c1987d22fcdfc094,unmapped/extra folder label: dry
dataset/raw/kaggle_oily_dry_normal/Oily-Dry-Skin-Types/train/dry/dry_db2a9e7bb1d91bf1068d_jpg.rf.e77bc7a4ae5cf4bd92a4aa4af9b5a1f1.jpg,kaggle_oily_dry_normal,dry,,cf82a5db1c4619a0f608077dba6181b32fe82e9f156e9704dc17072144c09e7f,unmapped/extra folder label: dry
dataset/raw/kaggle_oily_dry_normal/Oily-Dry-Skin-Types/train/dry/dry_dc565843549511c8e1d5_jpg.rf.1209d7d072b688e7b90cb62c25a528c1.jpg,kaggle_oily_dry_normal,dry,,f15f3a034774796c0f35884452c8d7c85c8811d3a4d0be0e5ae2a00896513f64,unmapped/extra folder label: dry
dataset/raw/kaggle_oily_dry_normal/Oily-Dry-Skin-Types/train/dry/dry_dc565843549511c8e1d5_jpg.rf.6c8ca1e4d4c8d45d2aaf1134a34e1901.jpg,kaggle_oily_dry_normal,dry,,b3ef69a3ad859c6c22746a8fb3721c110c0bc9bc295fc2fbb0fcd73f83534c4e,unmapped/extra folder label: dry
dataset/raw/kaggle_oily_dry_normal/Oily-Dry-Skin-Types/train/dry/dry_dc565843549511c8e1d5_jpg.rf.ad14a7186bfaba93cc1a37cd0a86bc65.jpg,kaggle_oily_dry_normal,dry,,f0324dfdcf59a60a7d3fce68495a230d7920da72e5c82ab33a4a7a395eb2c1e5,unmapped/extra folder label: dry
dataset/raw/kaggle_oily_dry_normal/Oily-Dry-Skin-Types/train/dry/dry_dd7bc50071d6ed63f839_jpg.rf.5e520f91395936fa78465505cde531a6.jpg,kaggle_oily_dry_normal,dry,,622c24076ff2ee92d05b16f133ef7feddfedd2d83fe141c9614b7f8e33d9de84,unmapped/extra folder label: dry
dataset/raw/kaggle_oily_dry_normal/Oily-Dry-Skin-Types/train/dry/dry_dd7bc50071d6ed63f839_jpg.rf.6ab2aa82eafa543240a8f003e1013c12.jpg,kaggle_oily_dry_normal,dry,,eefe73ae3e5fd81f439bad8cdaaf5fbe7a0e0a1bcde27a6c0077eb6b5edd238c,unmapped/extra folder label: dry
dataset/raw/kaggle_oily_dry_normal/Oily-Dry-Skin-Types/train/dry/dry_dd7bc50071d6ed63f839_jpg.rf.e4cd5767dc84fae4c7661371a084e223.jpg,kaggle_oily_dry_normal,dry,,fb44fff7a0c7a7a053262640c60c07b2080cc4f77f0b4bd288850b1e2557a930,unmapped/extra folder label: dry
dataset/raw/kaggle_oily_dry_normal/Oily-Dry-Skin-Types/train/dry/dry_ddfbeb65a6508870eea4_jpg.rf.3dbf699abe3ef684e02967e4b43e2b3c.jpg,kaggle_oily_dry_normal,dry,,48f75001bc9c38875b8a466a6bc339cf2f13d8aeefe6f2eb70a6f611c8f68f16,unmapped/extra folder label: dry
dataset/raw/kaggle_oily_dry_normal/Oily-Dry-Skin-Types/train/dry/dry_ddfbeb65a6508870eea4_jpg.rf.5fad6ac994dcec04ed9104d3eb3a0d46.jpg,kaggle_oily_dry_normal,dry,,d391a0e881f15863c5a0c2f0f9f7032e0a254ebceaceafca1401600fdd9e1d9a,unmapped/extra folder label: dry
dataset/raw/kaggle_oily_dry_normal/Oily-Dry-Skin-Types/train/dry/dry_ddfbeb65a6508870eea4_jpg.rf.db4f71f980112a8485df9db5507f57f0.jpg,kaggle_oily_dry_normal,dry,,d35b0b750281c19549ac868d4d12f5572f6cf5ed9b9f425cc921154134d6d9a5,unmapped/extra folder label: dry
dataset/raw/kaggle_oily_dry_normal/Oily-Dry-Skin-Types/train/dry/dry_ded9f7a6131df5bdc061_jpg.rf.18c137878f2604d9716611d01cf514c7.jpg,kaggle_oily_dry_normal,dry,,b5a9bd5c43bf4dd6e2cfe0483abbb5f5d8d56f61640fd6bb4cdc2ab27762fe16,unmapped/extra folder label: dry
dataset/raw/kaggle_oily_dry_normal/Oily-Dry-Skin-Types/train/dry/dry_ded9f7a6131df5bdc061_jpg.rf.ae5a710c2bce048d8b1100ef176f10f5.jpg,kaggle_oily_dry_normal,dry,,012f5d14295cde73c4059a2e825aec5a9efe7cc3704fccd7ca416e35ae88c58f,unmapped/extra folder label: dry
dataset/raw/kaggle_oily_dry_normal/Oily-Dry-Skin-Types/train/dry/dry_ded9f7a6131df5bdc061_jpg.rf.c53806d60840298fee21855506804f1f.jpg,kaggle_oily_dry_normal,dry,,9e09bfe98163d6e61b0f1fb9e90f6a0003462b25f1262e3d6ab99d0daf38312c,unmapped/extra folder label: dry
dataset/raw/kaggle_oily_dry_normal/Oily-Dry-Skin-Types/train/dry/dry_df6b42013b85662caba1_jpg.rf.0ea70bc9388d70b3d5d8cdc103067bd5.jpg,kaggle_oily_dry_normal,dry,,c7545e50c3845ba60baf46d42e56af60b09fe4029c2b659bcb6742789ae96e77,unmapped/extra folder label: dry
dataset/raw/kaggle_oily_dry_normal/Oily-Dry-Skin-Types/train/dry/dry_df6b42013b85662caba1_jpg.rf.6b30c8df6e6ea880c6df6e39a92ea3ac.jpg,kaggle_oily_dry_normal,dry,,1fbcd45291cbb41b100a55898f5b52b6c0f17503b60f36f8350b68dfdd0552ba,unmapped/extra folder label: dry
dataset/raw/kaggle_oily_dry_normal/Oily-Dry-Skin-Types/train/dry/dry_df6b42013b85662caba1_jpg.rf.b3e4cbf6ee1cbb2ce1df0487b3fbd1ef.jpg,kaggle_oily_dry_normal,dry,,10ce144528b1f47a56ec0d4b060f3ca41ef25c2f6204c83a0d46f0b8f5177e59,unmapped/extra folder label: dry
dataset/raw/kaggle_oily_dry_normal/Oily-Dry-Skin-Types/train/dry/dry_dfb11d8fb03df2b4fdc9_jpg.rf.0dc0a19e58da9b5ee7c76b7cbd894bc6.jpg,kaggle_oily_dry_normal,dry,,0fef4f6fa585fcbeedd31fb4f83387e77b0667e52731130f2bfaa0fd73ac8e0f,unmapped/extra folder label: dry
dataset/raw/kaggle_oily_dry_normal/Oily-Dry-Skin-Types/train/dry/dry_dfb11d8fb03df2b4fdc9_jpg.rf.690d7ac9571399eecbd8678c4e1e3891.jpg,kaggle_oily_dry_normal,dry,,ff4c2a37e7607c8de736f410526f6d3d4e4e27bfe7dcd9316d650c87bb25be5c,unmapped/extra folder label: dry
dataset/raw/kaggle_oily_dry_normal/Oily-Dry-Skin-Types/train/dry/dry_dfb11d8fb03df2b4fdc9_jpg.rf.7815a9f24a77fc873a7b9a571470313f.jpg,kaggle_oily_dry_normal,dry,,e1ca3a5ee60652a6b43ddf3435115e80e50e4e3e8d2de04546c79e4903f7fb67,unmapped/extra folder label: dry
dataset/raw/kaggle_oily_dry_normal/Oily-Dry-Skin-Types/train/dry/dry_dfb8d2eb7fd00732cc8f_jpg.rf.4f63eccb2f43e0e8127385754b4c1722.jpg,kaggle_oily_dry_normal,dry,,04ec53ad7007cf7026dbf2ab10293b5e030598849cfded83b60740769e8cd753,unmapped/extra folder label: dry
dataset/raw/kaggle_oily_dry_normal/Oily-Dry-Skin-Types/train/dry/dry_dfb8d2eb7fd00732cc8f_jpg.rf.cdf252ef3fcc8ca03b65880276f61ce2.jpg,kaggle_oily_dry_normal,dry,,e0b07ea7c542c3db7eecb30743cf1d33f9b45f08d181b994038a1a02802a3452,unmapped/extra folder label: dry
dataset/raw/kaggle_oily_dry_normal/Oily-Dry-Skin-Types/train/dry/dry_dfb8d2eb7fd00732cc8f_jpg.rf.d6032adc455e109935d55ff8ed6efdd3.jpg,kaggle_oily_dry_normal,dry,,de3c09a22cffabf8aa931d96a88a166972b7cad5ba04680e925f7b751c4c42ff,unmapped/extra folder label: dry
dataset/raw/kaggle_oily_dry_normal/Oily-Dry-Skin-Types/train/dry/dry_e12ebb796c236c40e733_jpg.rf.5e0652869fc78db39f8adfb00d718834.jpg,kaggle_oily_dry_normal,dry,,fc33442a2d3f8a4b05f1c791c0185e4356434991f30bbab2a58a72d058bf4102,unmapped/extra folder label: dry
dataset/raw/kaggle_oily_dry_normal/Oily-Dry-Skin-Types/train/dry/dry_e12ebb796c236c40e733_jpg.rf.a77e7fdd1d4c89fdbbba218c58499f26.jpg,kaggle_oily_dry_normal,dry,,276b7fc1fe2696c4675f69d5aa9f09a7e71774ca6f52fe9930d9d160cfabbd98,unmapped/extra folder label: dry
dataset/raw/kaggle_oily_dry_normal/Oily-Dry-Skin-Types/train/dry/dry_e12ebb796c236c40e733_jpg.rf.bbb4e50d2846a919e7c086cac308fb2b.jpg,kaggle_oily_dry_normal,dry,,532f005a2c8f1ea8a460726f432d2a0ac0e4f81c590e864d776aaa8051867b7c,unmapped/extra folder label: dry
dataset/raw/kaggle_oily_dry_normal/Oily-Dry-Skin-Types/train/dry/dry_e5bc20447905d03837f5_jpg.rf.75fbc92217cdc2d70ff0ee8bd2c1839c.jpg,kaggle_oily_dry_normal,dry,,095114b0e3c577cd82f636f255a8832240591a68c287179033d64f43a24d5e4a,unmapped/extra folder label: dry
dataset/raw/kaggle_oily_dry_normal/Oily-Dry-Skin-Types/train/dry/dry_e5bc20447905d03837f5_jpg.rf.8312cdfdf5990874b75db5bf21f6ac1f.jpg,kaggle_oily_dry_normal,dry,,94e3d8bb2a69e30c17413d561c2728ea146e6818bfc52d8ffb6ff474ce616a7c,unmapped/extra folder label: dry
dataset/raw/kaggle_oily_dry_normal/Oily-Dry-Skin-Types/train/dry/dry_e5bc20447905d03837f5_jpg.rf.8c9f3a9cc5cd1871dc6aedb4a98d6a26.jpg,kaggle_oily_dry_normal,dry,,f3736b7d5c2ce27f054796fa2acee7c206f7aa0adbbc6300dfc9946309a61b9f,unmapped/extra folder label: dry
dataset/raw/kaggle_oily_dry_normal/Oily-Dry-Skin-Types/train/dry/dry_e612e14ede77ea08e356_jpg.rf.9aeaf63e74914fd0bf49e428af58b579.jpg,kaggle_oily_dry_normal,dry,,2755a282abd8246395f5b85b9574aadd96d92c7caeb1f34ca13eb5eb3b197b51,unmapped/extra folder label: dry
dataset/raw/kaggle_oily_dry_normal/Oily-Dry-Skin-Types/train/dry/dry_e612e14ede77ea08e356_jpg.rf.a0848b0681a12caec64367ce2498b476.jpg,kaggle_oily_dry_normal,dry,,e643d04151a8a9ff842e2e93ede1e9d54ec9424e3c45ffcf587f27e6cd2e7b88,unmapped/extra folder label: dry
dataset/raw/kaggle_oily_dry_normal/Oily-Dry-Skin-Types/train/dry/dry_e612e14ede77ea08e356_jpg.rf.be09e836ea910cba759764514dd9eb1c.jpg,kaggle_oily_dry_normal,dry,,4ee921026cb3ef737c482990178324aab0874fcab9e163ffa2f8806577622854,unmapped/extra folder label: dry
dataset/raw/kaggle_oily_dry_normal/Oily-Dry-Skin-Types/train/dry/dry_e6da0d5885a2761f7138_jpg.rf.350f4cf77cc39e240862226926de11ef.jpg,kaggle_oily_dry_normal,dry,,ba38bb544a20d85fa6eecb3a971e643cf469f370dba481cfce792f66be97f1b4,unmapped/extra folder label: dry
dataset/raw/kaggle_oily_dry_normal/Oily-Dry-Skin-Types/train/dry/dry_e6da0d5885a2761f7138_jpg.rf.38c31b8fde7a17d2d80654c4b74a8524.jpg,kaggle_oily_dry_normal,dry,,0d2cffa5053664f3ccad2fff627ac09410965e1806a9f0d5246b7bf1b0360f23,unmapped/extra folder label: dry
dataset/raw/kaggle_oily_dry_normal/Oily-Dry-Skin-Types/train/dry/dry_e6da0d5885a2761f7138_jpg.rf.513281bd38cffdd8b29d386833cb6351.jpg,kaggle_oily_dry_normal,dry,,c52edb109df95a92c52417a52ae5863fe8dcfd639e02245e51ca9a7d55bcaee6,unmapped/extra folder label: dry
dataset/raw/kaggle_oily_dry_normal/Oily-Dry-Skin-Types/train/dry/dry_e7c89bc4618f5585a464_jpg.rf.3d8d6a6e73b1fd6da17f5fd4f8d82e56.jpg,kaggle_oily_dry_normal,dry,,84f3a00ccb93682517ad9c4de51422f07b6a559f4b76860496a6eb996259cea3,unmapped/extra folder label: dry
dataset/raw/kaggle_oily_dry_normal/Oily-Dry-Skin-Types/train/dry/dry_e7c89bc4618f5585a464_jpg.rf.66acb51405b07ad69118cb88c6adb75c.jpg,kaggle_oily_dry_normal,dry,,7b985e9f1dd1624e9ee1c24928b6d50ff953a662a68b0f57d5010e6428269154,unmapped/extra folder label: dry
dataset/raw/kaggle_oily_dry_normal/Oily-Dry-Skin-Types/train/dry/dry_e7c89bc4618f5585a464_jpg.rf.e930b6477d1371e80bed960d94454ee8.jpg,kaggle_oily_dry_normal,dry,,efffca3d6b687b3e8f61a3d06119e9ed57ef98af8133d6f0ec7e626707b34d55,unmapped/extra folder label: dry
dataset/raw/kaggle_oily_dry_normal/Oily-Dry-Skin-Types/train/dry/dry_e8b9b83f919551f87e22_jpg.rf.58ceca15800e0578dfc87503ee463e18.jpg,kaggle_oily_dry_normal,dry,,489657e2efce0f932c94382bfb7fc105509026094e0f1ffe6c0e2d5831ce7cfa,unmapped/extra folder label: dry
dataset/raw/kaggle_oily_dry_normal/Oily-Dry-Skin-Types/train/dry/dry_e8b9b83f919551f87e22_jpg.rf.90b7598dbb52d9cf047a4c254305affe.jpg,kaggle_oily_dry_normal,dry,,b99c6dc5ea0c642931e43b0aef2b66047df10b9ad4d7a18500077398189c2221,unmapped/extra folder label: dry
dataset/raw/kaggle_oily_dry_normal/Oily-Dry-Skin-Types/train/dry/dry_e8b9b83f919551f87e22_jpg.rf.d8767a5ad4f7fb8128a76b4a0c0eaeda.jpg,kaggle_oily_dry_normal,dry,,3f931b9f9a2dfadc2fe1b1bfae70803267ffc8d11edc17513540a83c61e4b0ff,unmapped/extra folder label: dry
dataset/raw/kaggle_oily_dry_normal/Oily-Dry-Skin-Types/train/dry/dry_e98bc8a717696cd7dad2_jpg.rf.546d5dbbad9215c5c48cb0a6fa0a1569.jpg,kaggle_oily_dry_normal,dry,,bd9c8950618074c460379c435efc2f58889c751deced362a7a615de208611edf,unmapped/extra folder label: dry
dataset/raw/kaggle_oily_dry_normal/Oily-Dry-Skin-Types/train/dry/dry_e98bc8a717696cd7dad2_jpg.rf.dab6a1715b862f712ba459af9786e1dc.jpg,kaggle_oily_dry_normal,dry,,6c8d51c044ed1c96ee6e8c64124ead08f2ecfbec22d4f232a842d6d568822694,unmapped/extra folder label: dry
dataset/raw/kaggle_oily_dry_normal/Oily-Dry-Skin-Types/train/dry/dry_e98bc8a717696cd7dad2_jpg.rf.e5f40b3803acb0d0a006ea8eccafcdf9.jpg,kaggle_oily_dry_normal,dry,,4bc339785cac708a1aa55649c63029a355351e73b55074e6c8d7d01cf4afe001,unmapped/extra folder label: dry
dataset/raw/kaggle_oily_dry_normal/Oily-Dry-Skin-Types/train/dry/dry_ea5d47e6d21d1c52c409_jpg.rf.24e85c85b49a6bd1198733931efbbadc.jpg,kaggle_oily_dry_normal,dry,,05f896189947a9a6d9b2fa19bd5a512bf96cbfd72c27ee9c3076cb2ee7c9dea1,unmapped/extra folder label: dry
dataset/raw/kaggle_oily_dry_normal/Oily-Dry-Skin-Types/train/dry/dry_ea5d47e6d21d1c52c409_jpg.rf.a8fe5e37382e533bb7d401eccb1056de.jpg,kaggle_oily_dry_normal,dry,,085e70119eb5e7d3debc04bef5422f6210b855dbc5f597d6b86e9ebf2bfff4d8,unmapped/extra folder label: dry
dataset/raw/kaggle_oily_dry_normal/Oily-Dry-Skin-Types/train/dry/dry_ea5d47e6d21d1c52c409_jpg.rf.ae2581ae9f217efe7ba41d8bc93657ce.jpg,kaggle_oily_dry_normal,dry,,4b5ca2a1086d0b35565ec2ee97ebc9a15f2a8de8f3a302043860ca553e49a764,unmapped/extra folder label: dry
dataset/raw/kaggle_oily_dry_normal/Oily-Dry-Skin-Types/train/dry/dry_ebdb39b507ed04c00b19_jpg.rf.0be7ddce72e3c4a57180b28fc1e1120a.jpg,kaggle_oily_dry_normal,dry,,076c3c7816a0b194975a7fa6434a0ea13de3d65064713835039d69afa02473ba,unmapped/extra folder label: dry
dataset/raw/kaggle_oily_dry_normal/Oily-Dry-Skin-Types/train/dry/dry_ebdb39b507ed04c00b19_jpg.rf.86a086a340e3f4dd47bd5c1530dc49fa.jpg,kaggle_oily_dry_normal,dry,,e457670b92d85a0bf274e39d7c9b15bba922af682a52b5b011501c87347c5ed8,unmapped/extra folder label: dry
dataset/raw/kaggle_oily_dry_normal/Oily-Dry-Skin-Types/train/dry/dry_ebdb39b507ed04c00b19_jpg.rf.8829d0e2f9fe8456e31351ffec392f47.jpg,kaggle_oily_dry_normal,dry,,0f6c320ddcc89bd4aae7cfd622a3f010c84d59b7859a01df7e562405fbb03e1b,unmapped/extra folder label: dry
dataset/raw/kaggle_oily_dry_normal/Oily-Dry-Skin-Types/train/dry/dry_ed34be4db7bc534192d4_jpg.rf.81d86fdfbd9e2e9d07985144b0543fbb.jpg,kaggle_oily_dry_normal,dry,,b645022b08bc1ffd529f5a953f2bb18c090329b787225a6054cf362c993d9c7f,unmapped/extra folder label: dry
dataset/raw/kaggle_oily_dry_normal/Oily-Dry-Skin-Types/train/dry/dry_ed34be4db7bc534192d4_jpg.rf.aad0e42dc72806b4d5c1729f4bb444c1.jpg,kaggle_oily_dry_normal,dry,,a56e297d756c5a051ee1591f4f482e97c4c8204da5f0ec70088d1c302da83437,unmapped/extra folder label: dry
dataset/raw/kaggle_oily_dry_normal/Oily-Dry-Skin-Types/train/dry/dry_ed34be4db7bc534192d4_jpg.rf.bc230dbef094f64ae262f918ebaf3e03.jpg,kaggle_oily_dry_normal,dry,,305a9fc309d9b817016baef0d1d490502f33b8a3457b4226ce145bd60ac3201a,unmapped/extra folder label: dry
dataset/raw/kaggle_oily_dry_normal/Oily-Dry-Skin-Types/train/dry/dry_ee3321d1ce9ebfa99ae6_jpg.rf.05b89526e1ad5392059e8415ada4971f.jpg,kaggle_oily_dry_normal,dry,,dea307b186c582b0bb68ee44582ed5620b47bb9984d6bd5f06760777fee5eec1,unmapped/extra folder label: dry
dataset/raw/kaggle_oily_dry_normal/Oily-Dry-Skin-Types/train/dry/dry_ee3321d1ce9ebfa99ae6_jpg.rf.36e660c59d5fc3ae8681987f0113b17a.jpg,kaggle_oily_dry_normal,dry,,09b71662fc05e2cd33689973ec1ef600ef14aa701afc5aae063b443fd06da59e,unmapped/extra folder label: dry
dataset/raw/kaggle_oily_dry_normal/Oily-Dry-Skin-Types/train/dry/dry_ee3321d1ce9ebfa99ae6_jpg.rf.69300155945315d7455e12bf4a44faec.jpg,kaggle_oily_dry_normal,dry,,b5d27f4e13c02f938ee8d77421ec8aa576576217040d34b18ab8e0ad99cf7b9b,unmapped/extra folder label: dry
dataset/raw/kaggle_oily_dry_normal/Oily-Dry-Skin-Types/train/dry/dry_f1bd1df64fa5297b592a_jpg.rf.2083bb7ab410cfdef34238dbea361d40.jpg,kaggle_oily_dry_normal,dry,,a2d30b0aedaab2745ef8eec0abf2e0bffce422fdcd3f209771ad2e1bd9fc0899,unmapped/extra folder label: dry
dataset/raw/kaggle_oily_dry_normal/Oily-Dry-Skin-Types/train/dry/dry_f1bd1df64fa5297b592a_jpg.rf.9ac039a11dfa492305a5154de0c7813e.jpg,kaggle_oily_dry_normal,dry,,4d9eef208bdb02f170f71fb341f1f8a346a7fe655982d3cd121ba9d08dad4078,unmapped/extra folder label: dry
dataset/raw/kaggle_oily_dry_normal/Oily-Dry-Skin-Types/train/dry/dry_f1bd1df64fa5297b592a_jpg.rf.af22f83c7c4858ab0813fdd4b3adde27.jpg,kaggle_oily_dry_normal,dry,,849c8262cdebc922d916292f18d1b7f9949183152d55589976d1253f8e585886,unmapped/extra folder label: dry
dataset/raw/kaggle_oily_dry_normal/Oily-Dry-Skin-Types/train/dry/dry_f2bf28f76da4c8c548f5_jpg.rf.9618b0e11f8178f5b214e2e96e3ba893.jpg,kaggle_oily_dry_normal,dry,,37965c0c12226b7d9f288be7f0579f9ab473b1b39ff5ab15cfe21bc6e813b992,unmapped/extra folder label: dry
dataset/raw/kaggle_oily_dry_normal/Oily-Dry-Skin-Types/train/dry/dry_f2bf28f76da4c8c548f5_jpg.rf.bf776a70e7f122cdcd233ff33d4484ae.jpg,kaggle_oily_dry_normal,dry,,88d2fd3e8c8b218163e476f7630c1b06e33ee36158d7c0f0098b7203c79a51be,unmapped/extra folder label: dry
dataset/raw/kaggle_oily_dry_normal/Oily-Dry-Skin-Types/train/dry/dry_f2bf28f76da4c8c548f5_jpg.rf.ce00a58434b0488bc8bf6ba2e5534140.jpg,kaggle_oily_dry_normal,dry,,63961d098c21b5400c457ac19395338e24d92a46add29be44e0e0428b0fd3f10,unmapped/extra folder label: dry
dataset/raw/kaggle_oily_dry_normal/Oily-Dry-Skin-Types/train/dry/dry_f2cb6c02e424c6b7efc2_jpg.rf.51e94eccf6d37e76400211c74f276080.jpg,kaggle_oily_dry_normal,dry,,32601cbe232f6c40b4da71294e5f73858ff840dda1885976d0f456e86ffdf3b5,unmapped/extra folder label: dry
dataset/raw/kaggle_oily_dry_normal/Oily-Dry-Skin-Types/train/dry/dry_f2cb6c02e424c6b7efc2_jpg.rf.8ddc10a60e09114dacca29a88343301c.jpg,kaggle_oily_dry_normal,dry,,7962f2d4664e88cfe48754e02f89f85d690ccba237e611d0ce8ba6ab9dd79245,unmapped/extra folder label: dry
dataset/raw/kaggle_oily_dry_normal/Oily-Dry-Skin-Types/train/dry/dry_f2cb6c02e424c6b7efc2_jpg.rf.b8d533c0f15e955a25e90af037c34f22.jpg,kaggle_oily_dry_normal,dry,,b9cd48443ae6928d0cf29d03b7a09cae7ae6b44e919ca3ffd1cf13a7f0a381fd,unmapped/extra folder label: dry
dataset/raw/kaggle_oily_dry_normal/Oily-Dry-Skin-Types/train/dry/dry_f307dc1043669bfdd7f0_jpg.rf.4d3b6d298d80d53648a4534d47f21c76.jpg,kaggle_oily_dry_normal,dry,,526f6c0fe5a2ec1da19bced25b1975451a34620665c5a67e576e12c7b597ca9f,unmapped/extra folder label: dry
dataset/raw/kaggle_oily_dry_normal/Oily-Dry-Skin-Types/train/dry/dry_f307dc1043669bfdd7f0_jpg.rf.a3493e099c77f2cce30c7de0f908687d.jpg,kaggle_oily_dry_normal,dry,,b9891a18a88090c37dfc7bea4c351571f3be7b29edcefac1c2933365f4d7fbe5,unmapped/extra folder label: dry
dataset/raw/kaggle_oily_dry_normal/Oily-Dry-Skin-Types/train/dry/dry_f307dc1043669bfdd7f0_jpg.rf.b28ac4d3776a26a164be436a0fc630c0.jpg,kaggle_oily_dry_normal,dry,,99d826b9464cb4dd92340224304dbadd9ac3e20e7dbcd44a7a1bdd368f640346,unmapped/extra folder label: dry
dataset/raw/kaggle_oily_dry_normal/Oily-Dry-Skin-Types/train/dry/dry_f46826664f76d8527bc3_jpg.rf.15ffd11db34a4aeae5072213460fbca8.jpg,kaggle_oily_dry_normal,dry,,5b455dfb18700c6005455685d0833cfb0f15d4bbbdb5aa5b383c989c2ad47c26,unmapped/extra folder label: dry
dataset/raw/kaggle_oily_dry_normal/Oily-Dry-Skin-Types/train/dry/dry_f46826664f76d8527bc3_jpg.rf.8fecc0a39f3d0bec5118c65073e83e76.jpg,kaggle_oily_dry_normal,dry,,d3210f1131ce3caa79961d38748f531e82513058a77abbeb5836b510eafde886,unmapped/extra folder label: dry
dataset/raw/kaggle_oily_dry_normal/Oily-Dry-Skin-Types/train/dry/dry_f46826664f76d8527bc3_jpg.rf.a30c1a5d5b3309b87b602eba04108b78.jpg,kaggle_oily_dry_normal,dry,,853a183c705ca747395f8295a5d653c58578fd514c3790067d47dd9fb25681c0,unmapped/extra folder label: dry
dataset/raw/kaggle_oily_dry_normal/Oily-Dry-Skin-Types/train/dry/dry_f546fdf27bf752288cf1_jpg.rf.32070c09535aecba6b3d259de6773a40.jpg,kaggle_oily_dry_normal,dry,,184b604dd51f746097bb18180762c390b7b09cc1d51892d29e47ff4f2d6576ab,unmapped/extra folder label: dry
dataset/raw/kaggle_oily_dry_normal/Oily-Dry-Skin-Types/train/dry/dry_f546fdf27bf752288cf1_jpg.rf.d1cf550d1201e6671a607bf7ea279737.jpg,kaggle_oily_dry_normal,dry,,07dc8e5e4b1cd527cca0d012ab17ec707ed7102afb31b41a7e2fd38d8cf92e62,unmapped/extra folder label: dry
dataset/raw/kaggle_oily_dry_normal/Oily-Dry-Skin-Types/train/dry/dry_f546fdf27bf752288cf1_jpg.rf.e22d08d297ce0e1455744f8702024439.jpg,kaggle_oily_dry_normal,dry,,afc85750473f0c47c7278c333c4a0afd399752a598870a952d785080ba839b2e,unmapped/extra folder label: dry
dataset/raw/kaggle_oily_dry_normal/Oily-Dry-Skin-Types/train/dry/dry_f7199e2399c68af82d8d_jpg.rf.3515a606e9407d29e66d7a11e71764d1.jpg,kaggle_oily_dry_normal,dry,,d08b4d666d8422ec30df5c0a155c4b8197d9c6d901fe303d1967445f81a07d01,unmapped/extra folder label: dry
dataset/raw/kaggle_oily_dry_normal/Oily-Dry-Skin-Types/train/dry/dry_f7199e2399c68af82d8d_jpg.rf.932a3219db1990f3614038793157d722.jpg,kaggle_oily_dry_normal,dry,,f48ff8331c72410d944b8f01be31345891c03f80af9b1f520a2bba5b1f0a768f,unmapped/extra folder label: dry
dataset/raw/kaggle_oily_dry_normal/Oily-Dry-Skin-Types/train/dry/dry_f7199e2399c68af82d8d_jpg.rf.d0e2703e2d9347fb9c4c92a9e48299f1.jpg,kaggle_oily_dry_normal,dry,,7a3957090ebb00737aac001ae58004b79cf776e4f1a2ad80e9e56dc07e98555b,unmapped/extra folder label: dry
dataset/raw/kaggle_oily_dry_normal/Oily-Dry-Skin-Types/train/dry/dry_fb69d95f59d28a89f730_jpg.rf.8cc58bf578b8b85f006fff55c72b6d85.jpg,kaggle_oily_dry_normal,dry,,3521b916ef2b383c30f68499b36f9337ce572ed55effb212bc24838707ec9ca2,unmapped/extra folder label: dry
dataset/raw/kaggle_oily_dry_normal/Oily-Dry-Skin-Types/train/dry/dry_fb69d95f59d28a89f730_jpg.rf.ba0ed1e6a27b744556c1c68c65f47077.jpg,kaggle_oily_dry_normal,dry,,338a327872195908cb957b20da080eda208e87b32c56e6f4fdabb7fe3c8677fa,unmapped/extra folder label: dry
dataset/raw/kaggle_oily_dry_normal/Oily-Dry-Skin-Types/train/dry/dry_fb69d95f59d28a89f730_jpg.rf.da27fed4e2a091bd919ff230c665bd1c.jpg,kaggle_oily_dry_normal,dry,,e2ca9e4e1acff809eef67c8dec6761fd95bc974163fe67bd7367e122ad4d0a46,unmapped/extra folder label: dry
dataset/raw/kaggle_oily_dry_normal/Oily-Dry-Skin-Types/train/dry/dry_fd0b5b3025430f0248f4_jpg.rf.6ac65f8c7eff4229e41109189f214fe6.jpg,kaggle_oily_dry_normal,dry,,57419f40e1548c1e154febb52a4807b03b1ede3a9dcdee050560a32b806128dd,unmapped/extra folder label: dry
dataset/raw/kaggle_oily_dry_normal/Oily-Dry-Skin-Types/train/dry/dry_fd0b5b3025430f0248f4_jpg.rf.8087877edc812881632692c18470bdc4.jpg,kaggle_oily_dry_normal,dry,,e9fbce8261fade97090666117ac167e1bca2484c4bfc8edcf4d1ab33574d1d25,unmapped/extra folder label: dry
dataset/raw/kaggle_oily_dry_normal/Oily-Dry-Skin-Types/train/dry/dry_fd0b5b3025430f0248f4_jpg.rf.b8b5a4016687e5db9c06548a68fba6c5.jpg,kaggle_oily_dry_normal,dry,,72ed8b4ce298df70d77311f4a5ff6998880a040ffa8189b0ee2a2eac80f52f0a,unmapped/extra folder label: dry
dataset/raw/kaggle_oily_dry_normal/Oily-Dry-Skin-Types/train/oily/oily_0033afe2a6242dbbf7b4_jpg.rf.1023a066d893bf63d76708986ee60d39 - Copy.jpg,kaggle_oily_dry_normal,oily,,0fd97b2830234ff3a4d1a8866a410a4cabd4afd787c8e18827e07481e393442a,unmapped/extra folder label: oily
dataset/raw/kaggle_oily_dry_normal/Oily-Dry-Skin-Types/train/oily/oily_0033afe2a6242dbbf7b4_jpg.rf.1023a066d893bf63d76708986ee60d39.jpg,kaggle_oily_dry_normal,oily,,0fd97b2830234ff3a4d1a8866a410a4cabd4afd787c8e18827e07481e393442a,unmapped/extra folder label: oily
dataset/raw/kaggle_oily_dry_normal/Oily-Dry-Skin-Types/train/oily/oily_0033afe2a6242dbbf7b4_jpg.rf.9065be5689544b4d5346d30954795160 - Copy.jpg,kaggle_oily_dry_normal,oily,,9089685b0d6763d6eeba008ffd970b4f53754b437b11e795627c18bf12bb23bf,unmapped/extra folder label: oily
dataset/raw/kaggle_oily_dry_normal/Oily-Dry-Skin-Types/train/oily/oily_0033afe2a6242dbbf7b4_jpg.rf.9065be5689544b4d5346d30954795160.jpg,kaggle_oily_dry_normal,oily,,9089685b0d6763d6eeba008ffd970b4f53754b437b11e795627c18bf12bb23bf,unmapped/extra folder label: oily
dataset/raw/kaggle_oily_dry_normal/Oily-Dry-Skin-Types/train/oily/oily_0033afe2a6242dbbf7b4_jpg.rf.91683c16edb4441751193af5489bfcd8 - Copy.jpg,kaggle_oily_dry_normal,oily,,b8167e649f3f99b836611e3061fdce9fa4cdf5a971042c0e19ed78e23fb2a296,unmapped/extra folder label: oily
dataset/raw/kaggle_oily_dry_normal/Oily-Dry-Skin-Types/train/oily/oily_0033afe2a6242dbbf7b4_jpg.rf.91683c16edb4441751193af5489bfcd8.jpg,kaggle_oily_dry_normal,oily,,b8167e649f3f99b836611e3061fdce9fa4cdf5a971042c0e19ed78e23fb2a296,unmapped/extra folder label: oily
dataset/raw/kaggle_oily_dry_normal/Oily-Dry-Skin-Types/train/oily/oily_00ce529a17456957207d_jpg.rf.153dfc485de8ee6965db9e04eb7f8216 - Copy.jpg,kaggle_oily_dry_normal,oily,,bcffea3a040e955136433612832a8ca13f9d8989e63a8d2c0370e19704e6a43d,unmapped/extra folder label: oily
dataset/raw/kaggle_oily_dry_normal/Oily-Dry-Skin-Types/train/oily/oily_00ce529a17456957207d_jpg.rf.153dfc485de8ee6965db9e04eb7f8216.jpg,kaggle_oily_dry_normal,oily,,bcffea3a040e955136433612832a8ca13f9d8989e63a8d2c0370e19704e6a43d,unmapped/extra folder label: oily
dataset/raw/kaggle_oily_dry_normal/Oily-Dry-Skin-Types/train/oily/oily_00ce529a17456957207d_jpg.rf.503351beed9e8798404e130f5415365b - Copy.jpg,kaggle_oily_dry_normal,oily,,cded6bfa78df023d67f47ce21fbbf538b23eaca7011e222c3ac81271951f786f,unmapped/extra folder label: oily
dataset/raw/kaggle_oily_dry_normal/Oily-Dry-Skin-Types/train/oily/oily_00ce529a17456957207d_jpg.rf.503351beed9e8798404e130f5415365b.jpg,kaggle_oily_dry_normal,oily,,cded6bfa78df023d67f47ce21fbbf538b23eaca7011e222c3ac81271951f786f,unmapped/extra folder label: oily
dataset/raw/kaggle_oily_dry_normal/Oily-Dry-Skin-Types/train/oily/oily_00ce529a17456957207d_jpg.rf.8018ab477bec965a152d84ab3683c44e - Copy.jpg,kaggle_oily_dry_normal,oily,,f58449991d68a78ae3a348f05bb8ac9e0ef0046075abe3adde804f1feb15fe80,unmapped/extra folder label: oily
dataset/raw/kaggle_oily_dry_normal/Oily-Dry-Skin-Types/train/oily/oily_00ce529a17456957207d_jpg.rf.8018ab477bec965a152d84ab3683c44e.jpg,kaggle_oily_dry_normal,oily,,f58449991d68a78ae3a348f05bb8ac9e0ef0046075abe3adde804f1feb15fe80,unmapped/extra folder label: oily
dataset/raw/kaggle_oily_dry_normal/Oily-Dry-Skin-Types/train/oily/oily_021e826dd8fd78c2e8f5_jpg.rf.4bfb4d0b008773ada048f4abe7058581 - Copy.jpg,kaggle_oily_dry_normal,oily,,37589eed071cca1e001179f9f5f84a4df4cc054ac3eb750ce0d423f0e34919fa,unmapped/extra folder label: oily
dataset/raw/kaggle_oily_dry_normal/Oily-Dry-Skin-Types/train/oily/oily_021e826dd8fd78c2e8f5_jpg.rf.4bfb4d0b008773ada048f4abe7058581.jpg,kaggle_oily_dry_normal,oily,,37589eed071cca1e001179f9f5f84a4df4cc054ac3eb750ce0d423f0e34919fa,unmapped/extra folder label: oily
dataset/raw/kaggle_oily_dry_normal/Oily-Dry-Skin-Types/train/oily/oily_021e826dd8fd78c2e8f5_jpg.rf.ccab46f3eff2b6cb4ad0ff723526a9c5 - Copy.jpg,kaggle_oily_dry_normal,oily,,4750770207eae4493a5a049eb18b992040b025432f8fbe8a75b4cc7da12e9f47,unmapped/extra folder label: oily
dataset/raw/kaggle_oily_dry_normal/Oily-Dry-Skin-Types/train/oily/oily_021e826dd8fd78c2e8f5_jpg.rf.ccab46f3eff2b6cb4ad0ff723526a9c5.jpg,kaggle_oily_dry_normal,oily,,4750770207eae4493a5a049eb18b992040b025432f8fbe8a75b4cc7da12e9f47,unmapped/extra folder label: oily
dataset/raw/kaggle_oily_dry_normal/Oily-Dry-Skin-Types/train/oily/oily_021e826dd8fd78c2e8f5_jpg.rf.fd6c3947d13652e3a75df488b07e6513 - Copy.jpg,kaggle_oily_dry_normal,oily,,f419327ac4a16c9f6f45a9bbac862ace86af5923931d54a5e80f9dc4fb66d293,unmapped/extra folder label: oily
dataset/raw/kaggle_oily_dry_normal/Oily-Dry-Skin-Types/train/oily/oily_021e826dd8fd78c2e8f5_jpg.rf.fd6c3947d13652e3a75df488b07e6513.jpg,kaggle_oily_dry_normal,oily,,f419327ac4a16c9f6f45a9bbac862ace86af5923931d54a5e80f9dc4fb66d293,unmapped/extra folder label: oily
dataset/raw/kaggle_oily_dry_normal/Oily-Dry-Skin-Types/train/oily/oily_029b69a5e5d65cfae84b_jpg.rf.ec764dff773b7d439c605835ee27cacb - Copy.jpg,kaggle_oily_dry_normal,oily,,e68972913118bd17d82c5439ba47155a179f0a1f0d5a4dcc30d260f6eb0990b6,unmapped/extra folder label: oily
dataset/raw/kaggle_oily_dry_normal/Oily-Dry-Skin-Types/train/oily/oily_029b69a5e5d65cfae84b_jpg.rf.ec764dff773b7d439c605835ee27cacb.jpg,kaggle_oily_dry_normal,oily,,e68972913118bd17d82c5439ba47155a179f0a1f0d5a4dcc30d260f6eb0990b6,unmapped/extra folder label: oily
dataset/raw/kaggle_oily_dry_normal/Oily-Dry-Skin-Types/train/oily/oily_029b69a5e5d65cfae84b_jpg.rf.f4cb4a18f5c26a9c750315deeb2ba4ab - Copy.jpg,kaggle_oily_dry_normal,oily,,78be217cd3bd443ae2c16e68701f38a196ace5c55f5991007644cc748e532eed,unmapped/extra folder label: oily
dataset/raw/kaggle_oily_dry_normal/Oily-Dry-Skin-Types/train/oily/oily_029b69a5e5d65cfae84b_jpg.rf.f4cb4a18f5c26a9c750315deeb2ba4ab.jpg,kaggle_oily_dry_normal,oily,,78be217cd3bd443ae2c16e68701f38a196ace5c55f5991007644cc748e532eed,unmapped/extra folder label: oily
dataset/raw/kaggle_oily_dry_normal/Oily-Dry-Skin-Types/train/oily/oily_029b69a5e5d65cfae84b_jpg.rf.ff47fa30536a080f424dd80be11eb23b - Copy.jpg,kaggle_oily_dry_normal,oily,,46bd6648d732945fd276429349e743bc4f7246e32acfd0d0893824f8cd0fba2d,unmapped/extra folder label: oily
dataset/raw/kaggle_oily_dry_normal/Oily-Dry-Skin-Types/train/oily/oily_029b69a5e5d65cfae84b_jpg.rf.ff47fa30536a080f424dd80be11eb23b.jpg,kaggle_oily_dry_normal,oily,,46bd6648d732945fd276429349e743bc4f7246e32acfd0d0893824f8cd0fba2d,unmapped/extra folder label: oily
dataset/raw/kaggle_oily_dry_normal/Oily-Dry-Skin-Types/train/oily/oily_02acff5368afeeae6ee7_jpg.rf.08b53d3612fc3f823c85beff40cff7cc - Copy.jpg,kaggle_oily_dry_normal,oily,,abdcf6437e367c3c8f0f3da57ba80bf556065ec83ec1cff3bf9bdbec84a27af1,unmapped/extra folder label: oily
dataset/raw/kaggle_oily_dry_normal/Oily-Dry-Skin-Types/train/oily/oily_02acff5368afeeae6ee7_jpg.rf.08b53d3612fc3f823c85beff40cff7cc.jpg,kaggle_oily_dry_normal,oily,,abdcf6437e367c3c8f0f3da57ba80bf556065ec83ec1cff3bf9bdbec84a27af1,unmapped/extra folder label: oily
dataset/raw/kaggle_oily_dry_normal/Oily-Dry-Skin-Types/train/oily/oily_02acff5368afeeae6ee7_jpg.rf.2bc3c0cc0ac2c34273351429395feb9d - Copy.jpg,kaggle_oily_dry_normal,oily,,8aa82a69b348430f8b66c8f53f323ac95fd044d965ec68852210e617928e380b,unmapped/extra folder label: oily
dataset/raw/kaggle_oily_dry_normal/Oily-Dry-Skin-Types/train/oily/oily_02acff5368afeeae6ee7_jpg.rf.2bc3c0cc0ac2c34273351429395feb9d.jpg,kaggle_oily_dry_normal,oily,,8aa82a69b348430f8b66c8f53f323ac95fd044d965ec68852210e617928e380b,unmapped/extra folder label: oily
dataset/raw/kaggle_oily_dry_normal/Oily-Dry-Skin-Types/train/oily/oily_02acff5368afeeae6ee7_jpg.rf.715ca91c52b729dce702646a19a232a4 - Copy.jpg,kaggle_oily_dry_normal,oily,,65e42343f8c5430369afbec87c3341ef6b6d555b177cb8308994ea6a63d3f5e2,unmapped/extra folder label: oily
dataset/raw/kaggle_oily_dry_normal/Oily-Dry-Skin-Types/train/oily/oily_02acff5368afeeae6ee7_jpg.rf.715ca91c52b729dce702646a19a232a4.jpg,kaggle_oily_dry_normal,oily,,65e42343f8c5430369afbec87c3341ef6b6d555b177cb8308994ea6a63d3f5e2,unmapped/extra folder label: oily
dataset/raw/kaggle_oily_dry_normal/Oily-Dry-Skin-Types/train/oily/oily_03010ea3e69097b6b2a2_jpg.rf.3e2c3e4ba64e9ae80abca92efe6c8d48 - Copy.jpg,kaggle_oily_dry_normal,oily,,2518d3ea5cfb0a4c2bfd401234718d6f30df6bd47e5c7f11b77065ac12841a0a,unmapped/extra folder label: oily
dataset/raw/kaggle_oily_dry_normal/Oily-Dry-Skin-Types/train/oily/oily_03010ea3e69097b6b2a2_jpg.rf.3e2c3e4ba64e9ae80abca92efe6c8d48.jpg,kaggle_oily_dry_normal,oily,,2518d3ea5cfb0a4c2bfd401234718d6f30df6bd47e5c7f11b77065ac12841a0a,unmapped/extra folder label: oily
dataset/raw/kaggle_oily_dry_normal/Oily-Dry-Skin-Types/train/oily/oily_03010ea3e69097b6b2a2_jpg.rf.4d75804c8e432a97167deac483eb0753 - Copy.jpg,kaggle_oily_dry_normal,oily,,2bbc1853499da8c091f7d414832097ed8089ee28c3e40ad41c4407f8bd2e7833,unmapped/extra folder label: oily
dataset/raw/kaggle_oily_dry_normal/Oily-Dry-Skin-Types/train/oily/oily_03010ea3e69097b6b2a2_jpg.rf.4d75804c8e432a97167deac483eb0753.jpg,kaggle_oily_dry_normal,oily,,2bbc1853499da8c091f7d414832097ed8089ee28c3e40ad41c4407f8bd2e7833,unmapped/extra folder label: oily
dataset/raw/kaggle_oily_dry_normal/Oily-Dry-Skin-Types/train/oily/oily_03010ea3e69097b6b2a2_jpg.rf.72b48216fca831f31448e71ca5ac461a - Copy.jpg,kaggle_oily_dry_normal,oily,,6fc6adf699282d88e62c480c124657ce039ad62a6546b8f35f0fa586dd7fdf55,unmapped/extra folder label: oily
dataset/raw/kaggle_oily_dry_normal/Oily-Dry-Skin-Types/train/oily/oily_03010ea3e69097b6b2a2_jpg.rf.72b48216fca831f31448e71ca5ac461a.jpg,kaggle_oily_dry_normal,oily,,6fc6adf699282d88e62c480c124657ce039ad62a6546b8f35f0fa586dd7fdf55,unmapped/extra folder label: oily
dataset/raw/kaggle_oily_dry_normal/Oily-Dry-Skin-Types/train/oily/oily_063c9437d912fdeda9ad_jpg.rf.7663bc5d58ca79dfe7485d2dae1d37d4.jpg,kaggle_oily_dry_normal,oily,,5fc7738ff92fcbff69125b2a743fcaa3f2d4c0ce07dbf8afb36d98e69b4bc9d6,unmapped/extra folder label: oily
dataset/raw/kaggle_oily_dry_normal/Oily-Dry-Skin-Types/train/oily/oily_063c9437d912fdeda9ad_jpg.rf.b97a94a41275dc10ceea4020cef0bdd9 - Copy.jpg,kaggle_oily_dry_normal,oily,,e3111fec70b29ee65d1093789e398550f88f57356c291ae05f49f0b20c5bdaf8,unmapped/extra folder label: oily
dataset/raw/kaggle_oily_dry_normal/Oily-Dry-Skin-Types/train/oily/oily_063c9437d912fdeda9ad_jpg.rf.b97a94a41275dc10ceea4020cef0bdd9.jpg,kaggle_oily_dry_normal,oily,,e3111fec70b29ee65d1093789e398550f88f57356c291ae05f49f0b20c5bdaf8,unmapped/extra folder label: oily
dataset/raw/kaggle_oily_dry_normal/Oily-Dry-Skin-Types/train/oily/oily_06bf6d0bef1c1ab0195d_jpg.rf.6c9ad0881a2110f38cd02fbb8878c8c1 - Copy.jpg,kaggle_oily_dry_normal,oily,,0807b8d69fc215849496a5e567354074207c39701805ce5b8f7415edac2422ac,unmapped/extra folder label: oily
dataset/raw/kaggle_oily_dry_normal/Oily-Dry-Skin-Types/train/oily/oily_06bf6d0bef1c1ab0195d_jpg.rf.6c9ad0881a2110f38cd02fbb8878c8c1.jpg,kaggle_oily_dry_normal,oily,,0807b8d69fc215849496a5e567354074207c39701805ce5b8f7415edac2422ac,unmapped/extra folder label: oily
dataset/raw/kaggle_oily_dry_normal/Oily-Dry-Skin-Types/train/oily/oily_06bf6d0bef1c1ab0195d_jpg.rf.7fe784e9d611f2111adcdff9befeaae7 - Copy.jpg,kaggle_oily_dry_normal,oily,,c0eca5b8969f57fab7d14f812ea083ce0a25c94a2674d11906868115132f089b,unmapped/extra folder label: oily
dataset/raw/kaggle_oily_dry_normal/Oily-Dry-Skin-Types/train/oily/oily_06bf6d0bef1c1ab0195d_jpg.rf.7fe784e9d611f2111adcdff9befeaae7.jpg,kaggle_oily_dry_normal,oily,,c0eca5b8969f57fab7d14f812ea083ce0a25c94a2674d11906868115132f089b,unmapped/extra folder label: oily
dataset/raw/kaggle_oily_dry_normal/Oily-Dry-Skin-Types/train/oily/oily_06bf6d0bef1c1ab0195d_jpg.rf.ef2c1ad63fc6daf2cd385707191ef0a4 - Copy.jpg,kaggle_oily_dry_normal,oily,,017018c4b8838d60885bf86709196c68c1320418516597a9c106c6e09d8835ec,unmapped/extra folder label: oily
dataset/raw/kaggle_oily_dry_normal/Oily-Dry-Skin-Types/train/oily/oily_06bf6d0bef1c1ab0195d_jpg.rf.ef2c1ad63fc6daf2cd385707191ef0a4.jpg,kaggle_oily_dry_normal,oily,,017018c4b8838d60885bf86709196c68c1320418516597a9c106c6e09d8835ec,unmapped/extra folder label: oily
dataset/raw/kaggle_oily_dry_normal/Oily-Dry-Skin-Types/train/oily/oily_0889f3b817e44318b076_jpg.rf.046f71b102c41ea7cff1706eb1b2bd7c - Copy.jpg,kaggle_oily_dry_normal,oily,,4efebc01a5125aa8028557e4da1ec5d6fcf68114b9d6b2d421fe66d70978b27d,unmapped/extra folder label: oily
dataset/raw/kaggle_oily_dry_normal/Oily-Dry-Skin-Types/train/oily/oily_0889f3b817e44318b076_jpg.rf.046f71b102c41ea7cff1706eb1b2bd7c.jpg,kaggle_oily_dry_normal,oily,,4efebc01a5125aa8028557e4da1ec5d6fcf68114b9d6b2d421fe66d70978b27d,unmapped/extra folder label: oily
dataset/raw/kaggle_oily_dry_normal/Oily-Dry-Skin-Types/train/oily/oily_0889f3b817e44318b076_jpg.rf.d98adb92e427ef7aaeb73de5588f3236 - Copy.jpg,kaggle_oily_dry_normal,oily,,a99d60117fee2acee1b6ccde6aaaafdb8c32ee307bf8b819bb8db37e2bda8497,unmapped/extra folder label: oily
dataset/raw/kaggle_oily_dry_normal/Oily-Dry-Skin-Types/train/oily/oily_0889f3b817e44318b076_jpg.rf.d98adb92e427ef7aaeb73de5588f3236.jpg,kaggle_oily_dry_normal,oily,,a99d60117fee2acee1b6ccde6aaaafdb8c32ee307bf8b819bb8db37e2bda8497,unmapped/extra folder label: oily
dataset/raw/kaggle_oily_dry_normal/Oily-Dry-Skin-Types/train/oily/oily_0889f3b817e44318b076_jpg.rf.e6f4e83b344674cd03c2e7cb2382c5ed - Copy.jpg,kaggle_oily_dry_normal,oily,,efaaacc6f4fec36763a33a337ec918eec163c12b685d2dfea35b680ed8cceea0,unmapped/extra folder label: oily
dataset/raw/kaggle_oily_dry_normal/Oily-Dry-Skin-Types/train/oily/oily_0889f3b817e44318b076_jpg.rf.e6f4e83b344674cd03c2e7cb2382c5ed.jpg,kaggle_oily_dry_normal,oily,,efaaacc6f4fec36763a33a337ec918eec163c12b685d2dfea35b680ed8cceea0,unmapped/extra folder label: oily
dataset/raw/kaggle_oily_dry_normal/Oily-Dry-Skin-Types/train/oily/oily_09630580013ecf4d80e7_jpg.rf.1821d4d799db8a9ade18a7ac17ef221d.jpg,kaggle_oily_dry_normal,oily,,e124fbc8cf4427a17768289eab6e7685b4d6ca57c684cc96c4dc2332a7fa64af,unmapped/extra folder label: oily
dataset/raw/kaggle_oily_dry_normal/Oily-Dry-Skin-Types/train/oily/oily_09630580013ecf4d80e7_jpg.rf.77a6e12eaa3f9dad33c7491492f9de4a.jpg,kaggle_oily_dry_normal,oily,,2556a417211d40e45aa34aa3e58c9772c8f2b6407276e0df3c794a0efdc26bcf,unmapped/extra folder label: oily
dataset/raw/kaggle_oily_dry_normal/Oily-Dry-Skin-Types/train/oily/oily_09630580013ecf4d80e7_jpg.rf.f0860761184bfe22ab84a850d9988e0d.jpg,kaggle_oily_dry_normal,oily,,6caa9790fd45983a6a9b15253472a682b7f82c2aac8c9ae8c15faa8e8c6c2566,unmapped/extra folder label: oily
dataset/raw/kaggle_oily_dry_normal/Oily-Dry-Skin-Types/train/oily/oily_0997f02ba99a00439079_jpg.rf.0c7c20e107886c9296a801cfc0d2c6d7 - Copy.jpg,kaggle_oily_dry_normal,oily,,b5a0344073d75a80240dd315b89fc61ace2c9b7f9b99902af9e4d4f1d76e925b,unmapped/extra folder label: oily
dataset/raw/kaggle_oily_dry_normal/Oily-Dry-Skin-Types/train/oily/oily_0997f02ba99a00439079_jpg.rf.0c7c20e107886c9296a801cfc0d2c6d7.jpg,kaggle_oily_dry_normal,oily,,b5a0344073d75a80240dd315b89fc61ace2c9b7f9b99902af9e4d4f1d76e925b,unmapped/extra folder label: oily
dataset/raw/kaggle_oily_dry_normal/Oily-Dry-Skin-Types/train/oily/oily_0997f02ba99a00439079_jpg.rf.9d02ee792c05a201d6c3bb3a3cd40a42 - Copy.jpg,kaggle_oily_dry_normal,oily,,b23633ef6cd84533968b19e261e4054ec2b301efd2dabab27eea42d502f6b966,unmapped/extra folder label: oily
dataset/raw/kaggle_oily_dry_normal/Oily-Dry-Skin-Types/train/oily/oily_0997f02ba99a00439079_jpg.rf.9d02ee792c05a201d6c3bb3a3cd40a42.jpg,kaggle_oily_dry_normal,oily,,b23633ef6cd84533968b19e261e4054ec2b301efd2dabab27eea42d502f6b966,unmapped/extra folder label: oily
dataset/raw/kaggle_oily_dry_normal/Oily-Dry-Skin-Types/train/oily/oily_0997f02ba99a00439079_jpg.rf.f5bc95a68c6991000586e4d1adc44aeb - Copy.jpg,kaggle_oily_dry_normal,oily,,cbc003ad34450b31579e2078612f78ee2d4571931015d712e8970f3220c5c438,unmapped/extra folder label: oily
dataset/raw/kaggle_oily_dry_normal/Oily-Dry-Skin-Types/train/oily/oily_0997f02ba99a00439079_jpg.rf.f5bc95a68c6991000586e4d1adc44aeb.jpg,kaggle_oily_dry_normal,oily,,cbc003ad34450b31579e2078612f78ee2d4571931015d712e8970f3220c5c438,unmapped/extra folder label: oily
dataset/raw/kaggle_oily_dry_normal/Oily-Dry-Skin-Types/train/oily/oily_09d84e0b79b0e6ded6ab_jpg.rf.18ad999e372040d9b816ef2c4cd398e8 - Copy.jpg,kaggle_oily_dry_normal,oily,,ed4fceaefc1c658670782e94dc6996ff6748c5ba104eca3dcce6ae2599a6ea68,unmapped/extra folder label: oily
dataset/raw/kaggle_oily_dry_normal/Oily-Dry-Skin-Types/train/oily/oily_09d84e0b79b0e6ded6ab_jpg.rf.18ad999e372040d9b816ef2c4cd398e8.jpg,kaggle_oily_dry_normal,oily,,ed4fceaefc1c658670782e94dc6996ff6748c5ba104eca3dcce6ae2599a6ea68,unmapped/extra folder label: oily
dataset/raw/kaggle_oily_dry_normal/Oily-Dry-Skin-Types/train/oily/oily_09d84e0b79b0e6ded6ab_jpg.rf.ddb93af7dc2f6455d12fa4303ae3e5cc - Copy.jpg,kaggle_oily_dry_normal,oily,,3cc01c01065e852520d4707eb37ee781132232b9f1f82d3898d0ccaab765a8be,unmapped/extra folder label: oily
dataset/raw/kaggle_oily_dry_normal/Oily-Dry-Skin-Types/train/oily/oily_09d84e0b79b0e6ded6ab_jpg.rf.ddb93af7dc2f6455d12fa4303ae3e5cc.jpg,kaggle_oily_dry_normal,oily,,3cc01c01065e852520d4707eb37ee781132232b9f1f82d3898d0ccaab765a8be,unmapped/extra folder label: oily
dataset/raw/kaggle_oily_dry_normal/Oily-Dry-Skin-Types/train/oily/oily_0d852556c21686e16906_jpg.rf.30a84748412c51c7490001e78ac9b158 - Copy.jpg,kaggle_oily_dry_normal,oily,,5a2da66e310d5c62c36b177d64d78726da493f7ed24466465c14df9c3ea35eb1,unmapped/extra folder label: oily
dataset/raw/kaggle_oily_dry_normal/Oily-Dry-Skin-Types/train/oily/oily_0d852556c21686e16906_jpg.rf.30a84748412c51c7490001e78ac9b158.jpg,kaggle_oily_dry_normal,oily,,5a2da66e310d5c62c36b177d64d78726da493f7ed24466465c14df9c3ea35eb1,unmapped/extra folder label: oily
dataset/raw/kaggle_oily_dry_normal/Oily-Dry-Skin-Types/train/oily/oily_0d852556c21686e16906_jpg.rf.a2b255a4ff59743f63d37f4f0794e987 - Copy.jpg,kaggle_oily_dry_normal,oily,,824ed1c753e25a1aab4bba740518a2e14a5b444d8167b4ba1bace7f5ef786f47,unmapped/extra folder label: oily
dataset/raw/kaggle_oily_dry_normal/Oily-Dry-Skin-Types/train/oily/oily_0d852556c21686e16906_jpg.rf.a2b255a4ff59743f63d37f4f0794e987.jpg,kaggle_oily_dry_normal,oily,,824ed1c753e25a1aab4bba740518a2e14a5b444d8167b4ba1bace7f5ef786f47,unmapped/extra folder label: oily
dataset/raw/kaggle_oily_dry_normal/Oily-Dry-Skin-Types/train/oily/oily_0d852556c21686e16906_jpg.rf.ad7301f227724a0be01520bbff918009 - Copy.jpg,kaggle_oily_dry_normal,oily,,59282b0c821a6c0e367ca8b8634bc4d1ee34267fd6f1aed63811b2bd5f3d3873,unmapped/extra folder label: oily
dataset/raw/kaggle_oily_dry_normal/Oily-Dry-Skin-Types/train/oily/oily_0d852556c21686e16906_jpg.rf.ad7301f227724a0be01520bbff918009.jpg,kaggle_oily_dry_normal,oily,,59282b0c821a6c0e367ca8b8634bc4d1ee34267fd6f1aed63811b2bd5f3d3873,unmapped/extra folder label: oily
dataset/raw/kaggle_oily_dry_normal/Oily-Dry-Skin-Types/train/oily/oily_0e46bd272a1d73fdc3ce_jpg.rf.1da05c02e78bdf2af098027b3f5323be - Copy.jpg,kaggle_oily_dry_normal,oily,,1d6a491fa24169462de04ff9b899b16d9b5aad298dc7ff5af646429312a22d69,unmapped/extra folder label: oily
dataset/raw/kaggle_oily_dry_normal/Oily-Dry-Skin-Types/train/oily/oily_0e46bd272a1d73fdc3ce_jpg.rf.1da05c02e78bdf2af098027b3f5323be.jpg,kaggle_oily_dry_normal,oily,,1d6a491fa24169462de04ff9b899b16d9b5aad298dc7ff5af646429312a22d69,unmapped/extra folder label: oily
dataset/raw/kaggle_oily_dry_normal/Oily-Dry-Skin-Types/train/oily/oily_0e46bd272a1d73fdc3ce_jpg.rf.4fd5168bb5d4523e90adf9ec47f3d1c2 - Copy.jpg,kaggle_oily_dry_normal,oily,,b6760cee01b593d0813ee3305b497855b0057670c5fb0de4f68527e78ba0045e,unmapped/extra folder label: oily
dataset/raw/kaggle_oily_dry_normal/Oily-Dry-Skin-Types/train/oily/oily_0e46bd272a1d73fdc3ce_jpg.rf.4fd5168bb5d4523e90adf9ec47f3d1c2.jpg,kaggle_oily_dry_normal,oily,,b6760cee01b593d0813ee3305b497855b0057670c5fb0de4f68527e78ba0045e,unmapped/extra folder label: oily
dataset/raw/kaggle_oily_dry_normal/Oily-Dry-Skin-Types/train/oily/oily_0e46bd272a1d73fdc3ce_jpg.rf.6152bd835c00a1f24cbf806a96644bfe - Copy.jpg,kaggle_oily_dry_normal,oily,,aad713081ff7c0ee35c2d795e3548f5e8cbe81c3530e49d023c7fb263ca55fbf,unmapped/extra folder label: oily
dataset/raw/kaggle_oily_dry_normal/Oily-Dry-Skin-Types/train/oily/oily_0e46bd272a1d73fdc3ce_jpg.rf.6152bd835c00a1f24cbf806a96644bfe.jpg,kaggle_oily_dry_normal,oily,,aad713081ff7c0ee35c2d795e3548f5e8cbe81c3530e49d023c7fb263ca55fbf,unmapped/extra folder label: oily
dataset/raw/kaggle_oily_dry_normal/Oily-Dry-Skin-Types/train/oily/oily_0f13738e2c6d2d61e5d8_jpg.rf.42c186eed2cd52a4cc30951f40470dda - Copy.jpg,kaggle_oily_dry_normal,oily,,9af9d6b8c8d6618a64547d94da5bd5cfe5a6ff118bd24145de3e7da4a96c1880,unmapped/extra folder label: oily
dataset/raw/kaggle_oily_dry_normal/Oily-Dry-Skin-Types/train/oily/oily_0f13738e2c6d2d61e5d8_jpg.rf.42c186eed2cd52a4cc30951f40470dda.jpg,kaggle_oily_dry_normal,oily,,9af9d6b8c8d6618a64547d94da5bd5cfe5a6ff118bd24145de3e7da4a96c1880,unmapped/extra folder label: oily
dataset/raw/kaggle_oily_dry_normal/Oily-Dry-Skin-Types/train/oily/oily_0f13738e2c6d2d61e5d8_jpg.rf.802bb6d2d4008bc740b46efd77400e72 - Copy.jpg,kaggle_oily_dry_normal,oily,,2b338d5e5d8f7e411f91ce71094f61bd12da116cf5ecb649fed029a740573a43,unmapped/extra folder label: oily
dataset/raw/kaggle_oily_dry_normal/Oily-Dry-Skin-Types/train/oily/oily_0f13738e2c6d2d61e5d8_jpg.rf.802bb6d2d4008bc740b46efd77400e72.jpg,kaggle_oily_dry_normal,oily,,2b338d5e5d8f7e411f91ce71094f61bd12da116cf5ecb649fed029a740573a43,unmapped/extra folder label: oily
dataset/raw/kaggle_oily_dry_normal/Oily-Dry-Skin-Types/train/oily/oily_0f13738e2c6d2d61e5d8_jpg.rf.f56886ff700303041090784739ce6374 - Copy.jpg,kaggle_oily_dry_normal,oily,,e9abfad200c71722b13586f93c04b43f340b5bdd2f77dfab7f3579fce248a9e0,unmapped/extra folder label: oily
dataset/raw/kaggle_oily_dry_normal/Oily-Dry-Skin-Types/train/oily/oily_0f13738e2c6d2d61e5d8_jpg.rf.f56886ff700303041090784739ce6374.jpg,kaggle_oily_dry_normal,oily,,e9abfad200c71722b13586f93c04b43f340b5bdd2f77dfab7f3579fce248a9e0,unmapped/extra folder label: oily
dataset/raw/kaggle_oily_dry_normal/Oily-Dry-Skin-Types/train/oily/oily_11011d4168e332664ded_jpg.rf.370f66d7217f551b5315ab289ca09cef.jpg,kaggle_oily_dry_normal,oily,,341f37bef6363a78f76d924faef60536a7054c174ca0fe23708e2d0b293e2290,unmapped/extra folder label: oily
dataset/raw/kaggle_oily_dry_normal/Oily-Dry-Skin-Types/train/oily/oily_11011d4168e332664ded_jpg.rf.8caa46885a1e6405efb18905b49b6957.jpg,kaggle_oily_dry_normal,oily,,9da4663da4d0102f070c68eab54c8e12cc3a9c8113b7caeb4bae436cbf8cf3d0,unmapped/extra folder label: oily
dataset/raw/kaggle_oily_dry_normal/Oily-Dry-Skin-Types/train/oily/oily_11011d4168e332664ded_jpg.rf.9c6152ad2bca164be3e5b6e0542d468d.jpg,kaggle_oily_dry_normal,oily,,f9246a810e99022189512396a3605018b164faeab7a4beb85fc54d2e9a8df51d,unmapped/extra folder label: oily
dataset/raw/kaggle_oily_dry_normal/Oily-Dry-Skin-Types/train/oily/oily_118163ef4bd425107cd5_jpg.rf.323faf360c57cbb048e7c1daa8e44b42.jpg,kaggle_oily_dry_normal,oily,,51b2d41bf25378109e52f3206e8e37f1b6e7c102a88f7b3bf810e852ccdb2b21,unmapped/extra folder label: oily
dataset/raw/kaggle_oily_dry_normal/Oily-Dry-Skin-Types/train/oily/oily_118163ef4bd425107cd5_jpg.rf.76437d2dda1375bd527440dae76ec891.jpg,kaggle_oily_dry_normal,oily,,6c223538ecf00cba77babf4377439aade39a968250f7b1e0e5ddaf370120a5e1,unmapped/extra folder label: oily
dataset/raw/kaggle_oily_dry_normal/Oily-Dry-Skin-Types/train/oily/oily_118163ef4bd425107cd5_jpg.rf.af9392abd9f7a8d4e83b20e5372d63d9.jpg,kaggle_oily_dry_normal,oily,,0b0a1b61c6b37399150535a9f69d1b34d9fe55611914e606ea4e4071e32ed3ce,unmapped/extra folder label: oily
dataset/raw/kaggle_oily_dry_normal/Oily-Dry-Skin-Types/train/oily/oily_14115c8459531fd42e33_jpg.rf.712708418f1652c378652d600ce2ad96.jpg,kaggle_oily_dry_normal,oily,,0061b2f5ef71df886e99cd5b1a850691f22bf00682e6fe580117bb9a9cdbda7f,unmapped/extra folder label: oily
dataset/raw/kaggle_oily_dry_normal/Oily-Dry-Skin-Types/train/oily/oily_14115c8459531fd42e33_jpg.rf.8736c413ac1524db5fef3109f9e235c2.jpg,kaggle_oily_dry_normal,oily,,be834550377954021c7efa221f3b317955afc7484de858a60bfa76606eb63834,unmapped/extra folder label: oily
dataset/raw/kaggle_oily_dry_normal/Oily-Dry-Skin-Types/train/oily/oily_14115c8459531fd42e33_jpg.rf.9c270481b9efc12283a41824c8c0a6a9.jpg,kaggle_oily_dry_normal,oily,,8b798d0d998e5c98a997f34df5ac6f0bc27d0dd7c014bbec85231e7e948781a7,unmapped/extra folder label: oily
dataset/raw/kaggle_oily_dry_normal/Oily-Dry-Skin-Types/train/oily/oily_14300ff1365d94ce44c0_jpg.rf.2ab57b045469917e50aa34c6f67fcaf0.jpg,kaggle_oily_dry_normal,oily,,4a594945a196fb10f2fea29c6f963af81dbd88439dba582bd0a940017d6cdfc9,unmapped/extra folder label: oily
dataset/raw/kaggle_oily_dry_normal/Oily-Dry-Skin-Types/train/oily/oily_14300ff1365d94ce44c0_jpg.rf.7ab338ff0a32fc9ff3ac4e7dce9e1827.jpg,kaggle_oily_dry_normal,oily,,3eb810fcaff4b8d8330dbb1e824328b49a6c3592899a0912ccf2ba9498f69c50,unmapped/extra folder label: oily
dataset/raw/kaggle_oily_dry_normal/Oily-Dry-Skin-Types/train/oily/oily_14300ff1365d94ce44c0_jpg.rf.c440e13be955b23830bf3a141ee5c3b0.jpg,kaggle_oily_dry_normal,oily,,bb224200b55469915c433c84313ed40f70b04ba9be8ced462b31c359f6c6788e,unmapped/extra folder label: oily
dataset/raw/kaggle_oily_dry_normal/Oily-Dry-Skin-Types/train/oily/oily_157e4dea7576d3502424_jpg.rf.65e6da9d475a81d6e574b4be8cd54349 - Copy.jpg,kaggle_oily_dry_normal,oily,,e8ad2bcc6e9bf49cb0f33b1e104be54d26e43101617064d5ce20161070b18954,unmapped/extra folder label: oily
dataset/raw/kaggle_oily_dry_normal/Oily-Dry-Skin-Types/train/oily/oily_157e4dea7576d3502424_jpg.rf.65e6da9d475a81d6e574b4be8cd54349.jpg,kaggle_oily_dry_normal,oily,,e8ad2bcc6e9bf49cb0f33b1e104be54d26e43101617064d5ce20161070b18954,unmapped/extra folder label: oily
dataset/raw/kaggle_oily_dry_normal/Oily-Dry-Skin-Types/train/oily/oily_157e4dea7576d3502424_jpg.rf.b54a8f815bfc00423595628bad4dec42 - Copy.jpg,kaggle_oily_dry_normal,oily,,d901561c4fa15662cd126b08b22a4f810f69a87f31f76e74c52ebda7a7ccb790,unmapped/extra folder label: oily
dataset/raw/kaggle_oily_dry_normal/Oily-Dry-Skin-Types/train/oily/oily_157e4dea7576d3502424_jpg.rf.b54a8f815bfc00423595628bad4dec42.jpg,kaggle_oily_dry_normal,oily,,d901561c4fa15662cd126b08b22a4f810f69a87f31f76e74c52ebda7a7ccb790,unmapped/extra folder label: oily
dataset/raw/kaggle_oily_dry_normal/Oily-Dry-Skin-Types/train/oily/oily_157e4dea7576d3502424_jpg.rf.c23e4984772677f428bb829efb830478 - Copy.jpg,kaggle_oily_dry_normal,oily,,cbe2d4300bafe345a96f025976ef7414cb276b7700baae38997bf314e5bfdb7f,unmapped/extra folder label: oily
dataset/raw/kaggle_oily_dry_normal/Oily-Dry-Skin-Types/train/oily/oily_157e4dea7576d3502424_jpg.rf.c23e4984772677f428bb829efb830478.jpg,kaggle_oily_dry_normal,oily,,cbe2d4300bafe345a96f025976ef7414cb276b7700baae38997bf314e5bfdb7f,unmapped/extra folder label: oily
dataset/raw/kaggle_oily_dry_normal/Oily-Dry-Skin-Types/train/oily/oily_16ee8079dd45e929ea95_jpg.rf.00fb4943e8d437093b0f313dec81ff2f - Copy.jpg,kaggle_oily_dry_normal,oily,,7af4cd9901a4a5b3b48fffcbde6eceb6755809477ea1204ea99d25b643913e75,unmapped/extra folder label: oily
dataset/raw/kaggle_oily_dry_normal/Oily-Dry-Skin-Types/train/oily/oily_16ee8079dd45e929ea95_jpg.rf.00fb4943e8d437093b0f313dec81ff2f.jpg,kaggle_oily_dry_normal,oily,,7af4cd9901a4a5b3b48fffcbde6eceb6755809477ea1204ea99d25b643913e75,unmapped/extra folder label: oily
dataset/raw/kaggle_oily_dry_normal/Oily-Dry-Skin-Types/train/oily/oily_16ee8079dd45e929ea95_jpg.rf.759eda79c2678bd1bdb89c3f80baa267 - Copy.jpg,kaggle_oily_dry_normal,oily,,d77895551fe02da56b530d5f3fb99b3c633103de6f203bb618534086dbe9d83d,unmapped/extra folder label: oily
dataset/raw/kaggle_oily_dry_normal/Oily-Dry-Skin-Types/train/oily/oily_16ee8079dd45e929ea95_jpg.rf.759eda79c2678bd1bdb89c3f80baa267.jpg,kaggle_oily_dry_normal,oily,,d77895551fe02da56b530d5f3fb99b3c633103de6f203bb618534086dbe9d83d,unmapped/extra folder label: oily
dataset/raw/kaggle_oily_dry_normal/Oily-Dry-Skin-Types/train/oily/oily_16ee8079dd45e929ea95_jpg.rf.a524b0cdd2ab7604b399a0dfd0988114 - Copy.jpg,kaggle_oily_dry_normal,oily,,beee04714a7af4226aa7fc0b2d1ef484d38efacc9e18b9cb1289771f9b5aa560,unmapped/extra folder label: oily
dataset/raw/kaggle_oily_dry_normal/Oily-Dry-Skin-Types/train/oily/oily_16ee8079dd45e929ea95_jpg.rf.a524b0cdd2ab7604b399a0dfd0988114.jpg,kaggle_oily_dry_normal,oily,,beee04714a7af4226aa7fc0b2d1ef484d38efacc9e18b9cb1289771f9b5aa560,unmapped/extra folder label: oily
dataset/raw/kaggle_oily_dry_normal/Oily-Dry-Skin-Types/train/oily/oily_1894d9e3a028c0bd5c14_jpg.rf.1a431c4535adaa51a18ae6e8bbe37c7b - Copy.jpg,kaggle_oily_dry_normal,oily,,613a67e38ce2254c983d998016baf5403492d68d143a1ff2a58ab8c234a23220,unmapped/extra folder label: oily
dataset/raw/kaggle_oily_dry_normal/Oily-Dry-Skin-Types/train/oily/oily_18960f1a8c44ffa4eaf7_jpg.rf.1523413ea96b9e119274ed0645658823.jpg,kaggle_oily_dry_normal,oily,,6d32847b437212168515a119d6788d5b973527c0cbee1720762a887bfcbe8609,unmapped/extra folder label: oily
dataset/raw/kaggle_oily_dry_normal/Oily-Dry-Skin-Types/train/oily/oily_18960f1a8c44ffa4eaf7_jpg.rf.41a894faf83b989d33ee8123a97b3030.jpg,kaggle_oily_dry_normal,oily,,0687bcd9ed122b274e9526c3b34f427fb52ba9960a7f8c2281a3bf7879bd1de8,unmapped/extra folder label: oily
dataset/raw/kaggle_oily_dry_normal/Oily-Dry-Skin-Types/train/oily/oily_18960f1a8c44ffa4eaf7_jpg.rf.d2b701be91a3e9f86e60f1578c111e90.jpg,kaggle_oily_dry_normal,oily,,826ef84fd814e2393bd634c698be16ed43e579ad1b9f7ef251a12f784d150ce1,unmapped/extra folder label: oily
dataset/raw/kaggle_oily_dry_normal/Oily-Dry-Skin-Types/train/oily/oily_1914936ec86a6078e6e4_jpg.rf.7d389566a9237ef2f08354329a8a0f37.jpg,kaggle_oily_dry_normal,oily,,463d351b3bdf0762a0ecea4ab2c7f1da45cabfcf6ecab87110aa28e06fd54e02,unmapped/extra folder label: oily
dataset/raw/kaggle_oily_dry_normal/Oily-Dry-Skin-Types/train/oily/oily_1914936ec86a6078e6e4_jpg.rf.f7ee95736e1b003686df31bbd3d147b2.jpg,kaggle_oily_dry_normal,oily,,a57e5b99ffbb1a823ee80d7dfd7958d91ad0fb5b9da035cbf0c8772403ddf295,unmapped/extra folder label: oily
dataset/raw/kaggle_oily_dry_normal/Oily-Dry-Skin-Types/train/oily/oily_1914936ec86a6078e6e4_jpg.rf.fe0493fbedf792b44e9c67681d1a40be.jpg,kaggle_oily_dry_normal,oily,,a376cefc2a060938cd07eb1b3c8b1dc4c20e9948fd62bc3cc1b6d8aea489a9cc,unmapped/extra folder label: oily
dataset/raw/kaggle_oily_dry_normal/Oily-Dry-Skin-Types/train/oily/oily_19453a8291045d156a95_jpg.rf.0b1d226cca50d7511c9174ac0d2ce619.jpg,kaggle_oily_dry_normal,oily,,729497eb7df34ee66dcc0ddb2fa5a72a87e2de1bd7f9e5e215e3e8ba7dec5160,unmapped/extra folder label: oily
dataset/raw/kaggle_oily_dry_normal/Oily-Dry-Skin-Types/train/oily/oily_19453a8291045d156a95_jpg.rf.5d52949b32f2e0be785f4bb36a63587f.jpg,kaggle_oily_dry_normal,oily,,bda29f51cc78174f62ecd0b88a966ece2f5399b7f8db53a9010e41ffdc314280,unmapped/extra folder label: oily
dataset/raw/kaggle_oily_dry_normal/Oily-Dry-Skin-Types/train/oily/oily_19453a8291045d156a95_jpg.rf.9a6db4f719b87e8827d06af07443682a.jpg,kaggle_oily_dry_normal,oily,,9a4408a051b5605cdb872192d5192aa90cf9d8f4b7fa5de9055a52e23ea5dad1,unmapped/extra folder label: oily
dataset/raw/kaggle_oily_dry_normal/Oily-Dry-Skin-Types/train/oily/oily_19783dc3e44993c30fb0_jpg.rf.01fc30dab6e6972c225896636bc5a2fe.jpg,kaggle_oily_dry_normal,oily,,40ccb8b5c707372c4c8d12cb47948e7c64c262788112479e3e53e805de383029,unmapped/extra folder label: oily
dataset/raw/kaggle_oily_dry_normal/Oily-Dry-Skin-Types/train/oily/oily_19783dc3e44993c30fb0_jpg.rf.449fa18af907f775620741097b2d7f7e.jpg,kaggle_oily_dry_normal,oily,,37eb3aab502af77a55ad93948c1652f5c29088e499f6921bf56e89ca1a63fb78,unmapped/extra folder label: oily
dataset/raw/kaggle_oily_dry_normal/Oily-Dry-Skin-Types/train/oily/oily_19783dc3e44993c30fb0_jpg.rf.a8a5742a027282ccefcdf613683cff38.jpg,kaggle_oily_dry_normal,oily,,b8fb872b32a73d5b31c58d31156f2b411e2a320ae5aaa2cd30e7d0984124895e,unmapped/extra folder label: oily
dataset/raw/kaggle_oily_dry_normal/Oily-Dry-Skin-Types/train/oily/oily_19f6a71befdac4bcfcbb_jpg.rf.a70033c342a76131d8f962a62f2c0296 - Copy.jpg,kaggle_oily_dry_normal,oily,,4b00990f2d829b23b00a8f813c9c89faa1fe9c653227d850fcf7c04d515cf1cb,unmapped/extra folder label: oily
dataset/raw/kaggle_oily_dry_normal/Oily-Dry-Skin-Types/train/oily/oily_19f6a71befdac4bcfcbb_jpg.rf.a70033c342a76131d8f962a62f2c0296.jpg,kaggle_oily_dry_normal,oily,,4b00990f2d829b23b00a8f813c9c89faa1fe9c653227d850fcf7c04d515cf1cb,unmapped/extra folder label: oily
dataset/raw/kaggle_oily_dry_normal/Oily-Dry-Skin-Types/train/oily/oily_19f6a71befdac4bcfcbb_jpg.rf.b4b025a6bb39f8c084d9fc7a8a460733 - Copy.jpg,kaggle_oily_dry_normal,oily,,d5cc5dd7eeaaa3c06878b08d8af6250906fa71af7f8f7de76360fe8b6fb42570,unmapped/extra folder label: oily
dataset/raw/kaggle_oily_dry_normal/Oily-Dry-Skin-Types/train/oily/oily_19f6a71befdac4bcfcbb_jpg.rf.b4b025a6bb39f8c084d9fc7a8a460733.jpg,kaggle_oily_dry_normal,oily,,d5cc5dd7eeaaa3c06878b08d8af6250906fa71af7f8f7de76360fe8b6fb42570,unmapped/extra folder label: oily
dataset/raw/kaggle_oily_dry_normal/Oily-Dry-Skin-Types/train/oily/oily_19f6a71befdac4bcfcbb_jpg.rf.fdbc86751bf9aaf1cb10df15779c909b - Copy.jpg,kaggle_oily_dry_normal,oily,,c07cdd67ccd3e12376e32cfa8510459ff79791d24e3d755f8a12034504f5e51a,unmapped/extra folder label: oily
dataset/raw/kaggle_oily_dry_normal/Oily-Dry-Skin-Types/train/oily/oily_19f6a71befdac4bcfcbb_jpg.rf.fdbc86751bf9aaf1cb10df15779c909b.jpg,kaggle_oily_dry_normal,oily,,c07cdd67ccd3e12376e32cfa8510459ff79791d24e3d755f8a12034504f5e51a,unmapped/extra folder label: oily
dataset/raw/kaggle_oily_dry_normal/Oily-Dry-Skin-Types/train/oily/oily_1ad8dd370f07c0d257a0_jpg.rf.33c191d49e0fdd3f52d140ca0e766ff7 - Copy.jpg,kaggle_oily_dry_normal,oily,,81b3c3f88d1ea8accdf1ee1c513df8c39839842296df0e49bfe8a00e59dd60c3,unmapped/extra folder label: oily
dataset/raw/kaggle_oily_dry_normal/Oily-Dry-Skin-Types/train/oily/oily_1ad8dd370f07c0d257a0_jpg.rf.33c191d49e0fdd3f52d140ca0e766ff7.jpg,kaggle_oily_dry_normal,oily,,81b3c3f88d1ea8accdf1ee1c513df8c39839842296df0e49bfe8a00e59dd60c3,unmapped/extra folder label: oily
dataset/raw/kaggle_oily_dry_normal/Oily-Dry-Skin-Types/train/oily/oily_1ad8dd370f07c0d257a0_jpg.rf.8945e26a0d02ea24e7d43ed63e93e504 - Copy.jpg,kaggle_oily_dry_normal,oily,,1ee2d878595c0278df18615abf971c3175fb746604d2fe50189249c8715060a4,unmapped/extra folder label: oily
dataset/raw/kaggle_oily_dry_normal/Oily-Dry-Skin-Types/train/oily/oily_1ad8dd370f07c0d257a0_jpg.rf.8945e26a0d02ea24e7d43ed63e93e504.jpg,kaggle_oily_dry_normal,oily,,1ee2d878595c0278df18615abf971c3175fb746604d2fe50189249c8715060a4,unmapped/extra folder label: oily
dataset/raw/kaggle_oily_dry_normal/Oily-Dry-Skin-Types/train/oily/oily_1ad8dd370f07c0d257a0_jpg.rf.e22ef81898808882c898b66b83242dc9 - Copy.jpg,kaggle_oily_dry_normal,oily,,4d7f890611405a21fb0d6153a4b13aaad5659b43c57a9b155b6292ac47febd05,unmapped/extra folder label: oily
dataset/raw/kaggle_oily_dry_normal/Oily-Dry-Skin-Types/train/oily/oily_1ad8dd370f07c0d257a0_jpg.rf.e22ef81898808882c898b66b83242dc9.jpg,kaggle_oily_dry_normal,oily,,4d7f890611405a21fb0d6153a4b13aaad5659b43c57a9b155b6292ac47febd05,unmapped/extra folder label: oily
dataset/raw/kaggle_oily_dry_normal/Oily-Dry-Skin-Types/train/oily/oily_1ce986274b5d6037a4f2_jpg.rf.1356115c7761221567b540f93ec2d6fc - Copy.jpg,kaggle_oily_dry_normal,oily,,8e2ed502ab3b05c15f3226bc480755770346bec14e6feb74776e9b297a743dc4,unmapped/extra folder label: oily
dataset/raw/kaggle_oily_dry_normal/Oily-Dry-Skin-Types/train/oily/oily_1ce986274b5d6037a4f2_jpg.rf.1356115c7761221567b540f93ec2d6fc.jpg,kaggle_oily_dry_normal,oily,,8e2ed502ab3b05c15f3226bc480755770346bec14e6feb74776e9b297a743dc4,unmapped/extra folder label: oily
dataset/raw/kaggle_oily_dry_normal/Oily-Dry-Skin-Types/train/oily/oily_1ce986274b5d6037a4f2_jpg.rf.83ee2ed2955a8b534e5627ad65a2f514 - Copy.jpg,kaggle_oily_dry_normal,oily,,e532d4c77dd07a315dbe875e8874daededda9ac907a64bbdb33c73b1aa6b270c,unmapped/extra folder label: oily
dataset/raw/kaggle_oily_dry_normal/Oily-Dry-Skin-Types/train/oily/oily_1ce986274b5d6037a4f2_jpg.rf.83ee2ed2955a8b534e5627ad65a2f514.jpg,kaggle_oily_dry_normal,oily,,e532d4c77dd07a315dbe875e8874daededda9ac907a64bbdb33c73b1aa6b270c,unmapped/extra folder label: oily
dataset/raw/kaggle_oily_dry_normal/Oily-Dry-Skin-Types/train/oily/oily_1ce986274b5d6037a4f2_jpg.rf.bef704d4af87c3cefd15212c5b40e07c - Copy.jpg,kaggle_oily_dry_normal,oily,,f1b097acd8430df85eadcf8022d9481d4c8fe0451ad25d11b30b7cb400ce2dde,unmapped/extra folder label: oily
dataset/raw/kaggle_oily_dry_normal/Oily-Dry-Skin-Types/train/oily/oily_1ce986274b5d6037a4f2_jpg.rf.bef704d4af87c3cefd15212c5b40e07c.jpg,kaggle_oily_dry_normal,oily,,f1b097acd8430df85eadcf8022d9481d4c8fe0451ad25d11b30b7cb400ce2dde,unmapped/extra folder label: oily
dataset/raw/kaggle_oily_dry_normal/Oily-Dry-Skin-Types/train/oily/oily_1e11a4d70bb311f48c7c_jpg.rf.4a08314c8329103c7db26ae249af1fe3 - Copy.jpg,kaggle_oily_dry_normal,oily,,638972e324c45c59b31bfade83993871d4478b8e867d48ba26e90e912ab6ce28,unmapped/extra folder label: oily
dataset/raw/kaggle_oily_dry_normal/Oily-Dry-Skin-Types/train/oily/oily_1e11a4d70bb311f48c7c_jpg.rf.4a08314c8329103c7db26ae249af1fe3.jpg,kaggle_oily_dry_normal,oily,,638972e324c45c59b31bfade83993871d4478b8e867d48ba26e90e912ab6ce28,unmapped/extra folder label: oily
dataset/raw/kaggle_oily_dry_normal/Oily-Dry-Skin-Types/train/oily/oily_1e11a4d70bb311f48c7c_jpg.rf.68646182e9227c51d576bc128f1f03ce - Copy.jpg,kaggle_oily_dry_normal,oily,,0bbda710a9b93e385a957925e5a51d0d065053b65ed71f69218badb7532e83d8,unmapped/extra folder label: oily
dataset/raw/kaggle_oily_dry_normal/Oily-Dry-Skin-Types/train/oily/oily_1e11a4d70bb311f48c7c_jpg.rf.68646182e9227c51d576bc128f1f03ce.jpg,kaggle_oily_dry_normal,oily,,0bbda710a9b93e385a957925e5a51d0d065053b65ed71f69218badb7532e83d8,unmapped/extra folder label: oily
dataset/raw/kaggle_oily_dry_normal/Oily-Dry-Skin-Types/train/oily/oily_1e11a4d70bb311f48c7c_jpg.rf.ff8ce2222ef32cc06c99f89214135e2d - Copy.jpg,kaggle_oily_dry_normal,oily,,4c88f397016701795c8f5af1a97805257a0f272240df6582132d1423dc64b53f,unmapped/extra folder label: oily
dataset/raw/kaggle_oily_dry_normal/Oily-Dry-Skin-Types/train/oily/oily_1e11a4d70bb311f48c7c_jpg.rf.ff8ce2222ef32cc06c99f89214135e2d.jpg,kaggle_oily_dry_normal,oily,,4c88f397016701795c8f5af1a97805257a0f272240df6582132d1423dc64b53f,unmapped/extra folder label: oily
dataset/raw/kaggle_oily_dry_normal/Oily-Dry-Skin-Types/train/oily/oily_2239669500aee2fce5be_jpg.rf.88f21999d6124934c704535ba76f3abf.jpg,kaggle_oily_dry_normal,oily,,bf015a7a3d74b6e34ce20652c049c8ad6f9c92e4addc01d1d0151b0c64d91667,unmapped/extra folder label: oily
dataset/raw/kaggle_oily_dry_normal/Oily-Dry-Skin-Types/train/oily/oily_2239669500aee2fce5be_jpg.rf.c64a9768423b4a66ce280eb78ce2c2d0.jpg,kaggle_oily_dry_normal,oily,,f797c8c5ba35c4513a0292d8c87b23562f06ef4283442155f27076dd8b3c3032,unmapped/extra folder label: oily
dataset/raw/kaggle_oily_dry_normal/Oily-Dry-Skin-Types/train/oily/oily_2239669500aee2fce5be_jpg.rf.ce6d283211dfbbcbaa9848aaab89002f.jpg,kaggle_oily_dry_normal,oily,,9588b9c3d0701648e5c891d0d5f68eb2a5c9d8284c4a3bdce97564c168be1a3f,unmapped/extra folder label: oily
dataset/raw/kaggle_oily_dry_normal/Oily-Dry-Skin-Types/train/oily/oily_22c14743eaa2735f8a07_jpg.rf.24736ed113b650f4a3d935995020c354 - Copy.jpg,kaggle_oily_dry_normal,oily,,942380b063080e2fc6469a953902d44d80daf9e0b66e882dfb9cdcbfe54a2381,unmapped/extra folder label: oily
dataset/raw/kaggle_oily_dry_normal/Oily-Dry-Skin-Types/train/oily/oily_22c14743eaa2735f8a07_jpg.rf.24736ed113b650f4a3d935995020c354.jpg,kaggle_oily_dry_normal,oily,,942380b063080e2fc6469a953902d44d80daf9e0b66e882dfb9cdcbfe54a2381,unmapped/extra folder label: oily
dataset/raw/kaggle_oily_dry_normal/Oily-Dry-Skin-Types/train/oily/oily_22c14743eaa2735f8a07_jpg.rf.b6d75c98eec3c850ec626241fd5fa0a5 - Copy.jpg,kaggle_oily_dry_normal,oily,,bd0e3e57f6f5ece2f71130ae11cdce492f15f2e09ec5b7d34216dab7fd1957f9,unmapped/extra folder label: oily
dataset/raw/kaggle_oily_dry_normal/Oily-Dry-Skin-Types/train/oily/oily_22c14743eaa2735f8a07_jpg.rf.b6d75c98eec3c850ec626241fd5fa0a5.jpg,kaggle_oily_dry_normal,oily,,bd0e3e57f6f5ece2f71130ae11cdce492f15f2e09ec5b7d34216dab7fd1957f9,unmapped/extra folder label: oily
dataset/raw/kaggle_oily_dry_normal/Oily-Dry-Skin-Types/train/oily/oily_22c14743eaa2735f8a07_jpg.rf.df9331aff506101fe656a984a0455a1e - Copy.jpg,kaggle_oily_dry_normal,oily,,b95cb0d87113a043cfe65fd17e2d68bbdd0ee52796237265fe2cf23b4e9adcf1,unmapped/extra folder label: oily
dataset/raw/kaggle_oily_dry_normal/Oily-Dry-Skin-Types/train/oily/oily_22c14743eaa2735f8a07_jpg.rf.df9331aff506101fe656a984a0455a1e.jpg,kaggle_oily_dry_normal,oily,,b95cb0d87113a043cfe65fd17e2d68bbdd0ee52796237265fe2cf23b4e9adcf1,unmapped/extra folder label: oily
dataset/raw/kaggle_oily_dry_normal/Oily-Dry-Skin-Types/train/oily/oily_2305f05613dbc8dd6b1d_jpg.rf.09cbcc318299eb758b870d95a4864fcb - Copy.jpg,kaggle_oily_dry_normal,oily,,2bdd91d95b4a655f3b5232746ca9473546b0a8d674e73b827917700c95bce0cb,unmapped/extra folder label: oily
dataset/raw/kaggle_oily_dry_normal/Oily-Dry-Skin-Types/train/oily/oily_2305f05613dbc8dd6b1d_jpg.rf.09cbcc318299eb758b870d95a4864fcb.jpg,kaggle_oily_dry_normal,oily,,2bdd91d95b4a655f3b5232746ca9473546b0a8d674e73b827917700c95bce0cb,unmapped/extra folder label: oily
dataset/raw/kaggle_oily_dry_normal/Oily-Dry-Skin-Types/train/oily/oily_2305f05613dbc8dd6b1d_jpg.rf.1891baa5d3323806fb40e690fba3ab3d - Copy.jpg,kaggle_oily_dry_normal,oily,,a29c0021a58da0b3044402ad64c5d8161709113291d1f9dbc64bc1213f474e4d,unmapped/extra folder label: oily
dataset/raw/kaggle_oily_dry_normal/Oily-Dry-Skin-Types/train/oily/oily_2305f05613dbc8dd6b1d_jpg.rf.1891baa5d3323806fb40e690fba3ab3d.jpg,kaggle_oily_dry_normal,oily,,a29c0021a58da0b3044402ad64c5d8161709113291d1f9dbc64bc1213f474e4d,unmapped/extra folder label: oily
dataset/raw/kaggle_oily_dry_normal/Oily-Dry-Skin-Types/train/oily/oily_2305f05613dbc8dd6b1d_jpg.rf.e0966603cc650a23d4ee1c7c6206b0d6 - Copy.jpg,kaggle_oily_dry_normal,oily,,c48f1ee45b744a2a7cd81efe92f6ad38956b97de567baf41f019099c4bfd6825,unmapped/extra folder label: oily
dataset/raw/kaggle_oily_dry_normal/Oily-Dry-Skin-Types/train/oily/oily_2305f05613dbc8dd6b1d_jpg.rf.e0966603cc650a23d4ee1c7c6206b0d6.jpg,kaggle_oily_dry_normal,oily,,c48f1ee45b744a2a7cd81efe92f6ad38956b97de567baf41f019099c4bfd6825,unmapped/extra folder label: oily
dataset/raw/kaggle_oily_dry_normal/Oily-Dry-Skin-Types/train/oily/oily_23c3f763dad8eee143f2_jpg.rf.25f9b4656c0dcbb93aea4ef3c8f3d226 - Copy.jpg,kaggle_oily_dry_normal,oily,,f185a8602192452dc45af7666e73c0f58a1c49b85913e8119b2dc37543528633,unmapped/extra folder label: oily
dataset/raw/kaggle_oily_dry_normal/Oily-Dry-Skin-Types/train/oily/oily_23c3f763dad8eee143f2_jpg.rf.25f9b4656c0dcbb93aea4ef3c8f3d226.jpg,kaggle_oily_dry_normal,oily,,f185a8602192452dc45af7666e73c0f58a1c49b85913e8119b2dc37543528633,unmapped/extra folder label: oily
dataset/raw/kaggle_oily_dry_normal/Oily-Dry-Skin-Types/train/oily/oily_23c3f763dad8eee143f2_jpg.rf.49ad0a083a4249fbd104ff2c02a7b95e - Copy.jpg,kaggle_oily_dry_normal,oily,,56076751697e92084b2b26903f6a31c92fd86504d8acfb340f4d3e0a6a8ec2d5,unmapped/extra folder label: oily
dataset/raw/kaggle_oily_dry_normal/Oily-Dry-Skin-Types/train/oily/oily_23c3f763dad8eee143f2_jpg.rf.49ad0a083a4249fbd104ff2c02a7b95e.jpg,kaggle_oily_dry_normal,oily,,56076751697e92084b2b26903f6a31c92fd86504d8acfb340f4d3e0a6a8ec2d5,unmapped/extra folder label: oily
dataset/raw/kaggle_oily_dry_normal/Oily-Dry-Skin-Types/train/oily/oily_23c3f763dad8eee143f2_jpg.rf.8778b81693d9a1840648041f4c020f0c - Copy.jpg,kaggle_oily_dry_normal,oily,,b7a6a3360b0411b2e1efd623b731022ac6d9dde87ebb5a8ff7e0226555b1da56,unmapped/extra folder label: oily
dataset/raw/kaggle_oily_dry_normal/Oily-Dry-Skin-Types/train/oily/oily_23c3f763dad8eee143f2_jpg.rf.8778b81693d9a1840648041f4c020f0c.jpg,kaggle_oily_dry_normal,oily,,b7a6a3360b0411b2e1efd623b731022ac6d9dde87ebb5a8ff7e0226555b1da56,unmapped/extra folder label: oily
dataset/raw/kaggle_oily_dry_normal/Oily-Dry-Skin-Types/train/oily/oily_24d08ed2b8ccac9d7643_jpg.rf.09581b3cf0da2dd392ed390d8aecefb8 - Copy.jpg,kaggle_oily_dry_normal,oily,,e6e0abfd40a2402f3a83b1d1987aab844c2bd4c13c91393e25e1020a492c3fd4,unmapped/extra folder label: oily
dataset/raw/kaggle_oily_dry_normal/Oily-Dry-Skin-Types/train/oily/oily_24d08ed2b8ccac9d7643_jpg.rf.09581b3cf0da2dd392ed390d8aecefb8.jpg,kaggle_oily_dry_normal,oily,,e6e0abfd40a2402f3a83b1d1987aab844c2bd4c13c91393e25e1020a492c3fd4,unmapped/extra folder label: oily
dataset/raw/kaggle_oily_dry_normal/Oily-Dry-Skin-Types/train/oily/oily_24d08ed2b8ccac9d7643_jpg.rf.162a99cf968101cfa3ae7e6428326d5e - Copy.jpg,kaggle_oily_dry_normal,oily,,62bfa3a6b52cdc707b88cdd9a3bee60a0b94fa11a15c7d36b9a8ce286713bd33,unmapped/extra folder label: oily
dataset/raw/kaggle_oily_dry_normal/Oily-Dry-Skin-Types/train/oily/oily_24d08ed2b8ccac9d7643_jpg.rf.162a99cf968101cfa3ae7e6428326d5e.jpg,kaggle_oily_dry_normal,oily,,62bfa3a6b52cdc707b88cdd9a3bee60a0b94fa11a15c7d36b9a8ce286713bd33,unmapped/extra folder label: oily
dataset/raw/kaggle_oily_dry_normal/Oily-Dry-Skin-Types/train/oily/oily_24d08ed2b8ccac9d7643_jpg.rf.41a67fba854d1fee9e6c3d11c7a24aa3 - Copy.jpg,kaggle_oily_dry_normal,oily,,19e6c477d2da3de603be6347e4f112be907ee416c980b8910ae9058d2526e346,unmapped/extra folder label: oily
dataset/raw/kaggle_oily_dry_normal/Oily-Dry-Skin-Types/train/oily/oily_24d08ed2b8ccac9d7643_jpg.rf.41a67fba854d1fee9e6c3d11c7a24aa3.jpg,kaggle_oily_dry_normal,oily,,19e6c477d2da3de603be6347e4f112be907ee416c980b8910ae9058d2526e346,unmapped/extra folder label: oily
dataset/raw/kaggle_oily_dry_normal/Oily-Dry-Skin-Types/train/oily/oily_24db908fd824a566526a_jpg.rf.742a5f5c292cb6d269b2680455b1c0da - Copy.jpg,kaggle_oily_dry_normal,oily,,3a389e4615623d949a87286e72d54b70029fac81a5689d74a1f20065b1a16f6c,unmapped/extra folder label: oily
dataset/raw/kaggle_oily_dry_normal/Oily-Dry-Skin-Types/train/oily/oily_24db908fd824a566526a_jpg.rf.742a5f5c292cb6d269b2680455b1c0da.jpg,kaggle_oily_dry_normal,oily,,3a389e4615623d949a87286e72d54b70029fac81a5689d74a1f20065b1a16f6c,unmapped/extra folder label: oily
dataset/raw/kaggle_oily_dry_normal/Oily-Dry-Skin-Types/train/oily/oily_24db908fd824a566526a_jpg.rf.9bb09afb94aedc7ad989c9aff18cd34d - Copy.jpg,kaggle_oily_dry_normal,oily,,2715677dd598de0180f373fe4608749836af319f908a772ff259b1e84c9669e7,unmapped/extra folder label: oily
dataset/raw/kaggle_oily_dry_normal/Oily-Dry-Skin-Types/train/oily/oily_24db908fd824a566526a_jpg.rf.9bb09afb94aedc7ad989c9aff18cd34d.jpg,kaggle_oily_dry_normal,oily,,2715677dd598de0180f373fe4608749836af319f908a772ff259b1e84c9669e7,unmapped/extra folder label: oily
dataset/raw/kaggle_oily_dry_normal/Oily-Dry-Skin-Types/train/oily/oily_24db908fd824a566526a_jpg.rf.f41f617bc79b90e28bbe96c6c38df741 - Copy.jpg,kaggle_oily_dry_normal,oily,,dd0486c077ee30d3dd9bbdc17fa5efa3cb3e31b3eb9d070921d2ab044dd3503a,unmapped/extra folder label: oily
dataset/raw/kaggle_oily_dry_normal/Oily-Dry-Skin-Types/train/oily/oily_24db908fd824a566526a_jpg.rf.f41f617bc79b90e28bbe96c6c38df741.jpg,kaggle_oily_dry_normal,oily,,dd0486c077ee30d3dd9bbdc17fa5efa3cb3e31b3eb9d070921d2ab044dd3503a,unmapped/extra folder label: oily
dataset/raw/kaggle_oily_dry_normal/Oily-Dry-Skin-Types/train/oily/oily_27e6c317dd364370ac36_jpg.rf.06ce8838dfd3f4022188871a7f638a9b - Copy.jpg,kaggle_oily_dry_normal,oily,,bfda16b4883002189d27be2336244812866091633a85082e49829445ead02dc2,unmapped/extra folder label: oily
dataset/raw/kaggle_oily_dry_normal/Oily-Dry-Skin-Types/train/oily/oily_27e6c317dd364370ac36_jpg.rf.06ce8838dfd3f4022188871a7f638a9b.jpg,kaggle_oily_dry_normal,oily,,bfda16b4883002189d27be2336244812866091633a85082e49829445ead02dc2,unmapped/extra folder label: oily
dataset/raw/kaggle_oily_dry_normal/Oily-Dry-Skin-Types/train/oily/oily_27e6c317dd364370ac36_jpg.rf.154e01d057c2203e2c45740b10027c4b - Copy.jpg,kaggle_oily_dry_normal,oily,,e02dfb99cd94c7b5f032948480362cf27120384d4b78b3b57f495189b60b9ba7,unmapped/extra folder label: oily
dataset/raw/kaggle_oily_dry_normal/Oily-Dry-Skin-Types/train/oily/oily_27e6c317dd364370ac36_jpg.rf.154e01d057c2203e2c45740b10027c4b.jpg,kaggle_oily_dry_normal,oily,,e02dfb99cd94c7b5f032948480362cf27120384d4b78b3b57f495189b60b9ba7,unmapped/extra folder label: oily
dataset/raw/kaggle_oily_dry_normal/Oily-Dry-Skin-Types/train/oily/oily_27e6c317dd364370ac36_jpg.rf.621e5f2023b853062e16602d5b71b8c9 - Copy.jpg,kaggle_oily_dry_normal,oily,,f398d02297ffc0fc19fa346ce630dc687fa56f5efdec790908eabac117a2a4ff,unmapped/extra folder label: oily
dataset/raw/kaggle_oily_dry_normal/Oily-Dry-Skin-Types/train/oily/oily_27e6c317dd364370ac36_jpg.rf.621e5f2023b853062e16602d5b71b8c9.jpg,kaggle_oily_dry_normal,oily,,f398d02297ffc0fc19fa346ce630dc687fa56f5efdec790908eabac117a2a4ff,unmapped/extra folder label: oily
dataset/raw/kaggle_oily_dry_normal/Oily-Dry-Skin-Types/train/oily/oily_285f866bedc8a399e435_jpg.rf.71b150fa155fb77496c1dc551cc601f4 - Copy.jpg,kaggle_oily_dry_normal,oily,,5dbe34846f0e72f576de176f9441502b1393d980bcbd93a4c3157939a99eebe4,unmapped/extra folder label: oily
dataset/raw/kaggle_oily_dry_normal/Oily-Dry-Skin-Types/train/oily/oily_285f866bedc8a399e435_jpg.rf.71b150fa155fb77496c1dc551cc601f4.jpg,kaggle_oily_dry_normal,oily,,5dbe34846f0e72f576de176f9441502b1393d980bcbd93a4c3157939a99eebe4,unmapped/extra folder label: oily
dataset/raw/kaggle_oily_dry_normal/Oily-Dry-Skin-Types/train/oily/oily_285f866bedc8a399e435_jpg.rf.d1f85488e8f47b24ac5666c3284b960b - Copy.jpg,kaggle_oily_dry_normal,oily,,262914044e7d2eefd55b9999c6afcb6d59dda8ba0cc79dde254832cee95c803a,unmapped/extra folder label: oily
dataset/raw/kaggle_oily_dry_normal/Oily-Dry-Skin-Types/train/oily/oily_285f866bedc8a399e435_jpg.rf.d1f85488e8f47b24ac5666c3284b960b.jpg,kaggle_oily_dry_normal,oily,,262914044e7d2eefd55b9999c6afcb6d59dda8ba0cc79dde254832cee95c803a,unmapped/extra folder label: oily
dataset/raw/kaggle_oily_dry_normal/Oily-Dry-Skin-Types/train/oily/oily_285f866bedc8a399e435_jpg.rf.fb8e91dd272e7fc214e487a99e8b9b85 - Copy.jpg,kaggle_oily_dry_normal,oily,,4bb4a3de4ec7cec55f8eefa58bbb44fd2b8cee63900b159a9842da5fe4922c2e,unmapped/extra folder label: oily
dataset/raw/kaggle_oily_dry_normal/Oily-Dry-Skin-Types/train/oily/oily_285f866bedc8a399e435_jpg.rf.fb8e91dd272e7fc214e487a99e8b9b85.jpg,kaggle_oily_dry_normal,oily,,4bb4a3de4ec7cec55f8eefa58bbb44fd2b8cee63900b159a9842da5fe4922c2e,unmapped/extra folder label: oily
dataset/raw/kaggle_oily_dry_normal/Oily-Dry-Skin-Types/train/oily/oily_288bba0facf1ac7da152_jpg.rf.04ef2f7c204b0b51a5777c40fc553c70 - Copy.jpg,kaggle_oily_dry_normal,oily,,d2abf843eccf5a183dd8378bcb848eb91c0e54941a7d3d782a3b5e79dc914161,unmapped/extra folder label: oily
dataset/raw/kaggle_oily_dry_normal/Oily-Dry-Skin-Types/train/oily/oily_288bba0facf1ac7da152_jpg.rf.04ef2f7c204b0b51a5777c40fc553c70.jpg,kaggle_oily_dry_normal,oily,,d2abf843eccf5a183dd8378bcb848eb91c0e54941a7d3d782a3b5e79dc914161,unmapped/extra folder label: oily
dataset/raw/kaggle_oily_dry_normal/Oily-Dry-Skin-Types/train/oily/oily_288bba0facf1ac7da152_jpg.rf.1cbeb04e73ac554d5da28f081b666b37 - Copy.jpg,kaggle_oily_dry_normal,oily,,b663db450540aaebd58d58ea1098b146f3949c9e154a838786c49afe014a5a6b,unmapped/extra folder label: oily
dataset/raw/kaggle_oily_dry_normal/Oily-Dry-Skin-Types/train/oily/oily_288bba0facf1ac7da152_jpg.rf.1cbeb04e73ac554d5da28f081b666b37.jpg,kaggle_oily_dry_normal,oily,,b663db450540aaebd58d58ea1098b146f3949c9e154a838786c49afe014a5a6b,unmapped/extra folder label: oily
dataset/raw/kaggle_oily_dry_normal/Oily-Dry-Skin-Types/train/oily/oily_288bba0facf1ac7da152_jpg.rf.28f2eb112e954a9a8ccb4a477679f58b - Copy.jpg,kaggle_oily_dry_normal,oily,,34ee6e7f583d48397cd60e610e18a4b1713cad32917ca135bc15b697109a0180,unmapped/extra folder label: oily
dataset/raw/kaggle_oily_dry_normal/Oily-Dry-Skin-Types/train/oily/oily_288bba0facf1ac7da152_jpg.rf.28f2eb112e954a9a8ccb4a477679f58b.jpg,kaggle_oily_dry_normal,oily,,34ee6e7f583d48397cd60e610e18a4b1713cad32917ca135bc15b697109a0180,unmapped/extra folder label: oily
dataset/raw/kaggle_oily_dry_normal/Oily-Dry-Skin-Types/train/oily/oily_2a1b7caf0095ebe6658e_jpg.rf.8ca688883028376eef673101f3f724dd - Copy.jpg,kaggle_oily_dry_normal,oily,,176bfbf7e7c8c90259fc384185307a251ce0f54b7345afd4a1e8805f703f3d89,unmapped/extra folder label: oily
dataset/raw/kaggle_oily_dry_normal/Oily-Dry-Skin-Types/train/oily/oily_2a1b7caf0095ebe6658e_jpg.rf.8ca688883028376eef673101f3f724dd.jpg,kaggle_oily_dry_normal,oily,,176bfbf7e7c8c90259fc384185307a251ce0f54b7345afd4a1e8805f703f3d89,unmapped/extra folder label: oily
dataset/raw/kaggle_oily_dry_normal/Oily-Dry-Skin-Types/train/oily/oily_2a1b7caf0095ebe6658e_jpg.rf.9afa2e149e738e0ea1ac6592d8c16062 - Copy.jpg,kaggle_oily_dry_normal,oily,,caac09ce67b98605a7a3e1bc74defcbe9873f3e96d6d192310fbd6986f664442,unmapped/extra folder label: oily
dataset/raw/kaggle_oily_dry_normal/Oily-Dry-Skin-Types/train/oily/oily_2a1b7caf0095ebe6658e_jpg.rf.9afa2e149e738e0ea1ac6592d8c16062.jpg,kaggle_oily_dry_normal,oily,,caac09ce67b98605a7a3e1bc74defcbe9873f3e96d6d192310fbd6986f664442,unmapped/extra folder label: oily
dataset/raw/kaggle_oily_dry_normal/Oily-Dry-Skin-Types/train/oily/oily_2a1b7caf0095ebe6658e_jpg.rf.cec7af2065d91b12bb5c67f8fc23926c - Copy.jpg,kaggle_oily_dry_normal,oily,,2223dc640ae0ab4cbe286a03bc77605d86274eca27087db510888281233ca758,unmapped/extra folder label: oily
dataset/raw/kaggle_oily_dry_normal/Oily-Dry-Skin-Types/train/oily/oily_2a1b7caf0095ebe6658e_jpg.rf.cec7af2065d91b12bb5c67f8fc23926c.jpg,kaggle_oily_dry_normal,oily,,2223dc640ae0ab4cbe286a03bc77605d86274eca27087db510888281233ca758,unmapped/extra folder label: oily
dataset/raw/kaggle_oily_dry_normal/Oily-Dry-Skin-Types/train/oily/oily_2ae88da3c97f07226d5b_jpg.rf.a313ac1a1fb590af1faded82265d5bf1 - Copy.jpg,kaggle_oily_dry_normal,oily,,4360fa0b66ee68420e377ddd9218c7eeec2658994d14fd88b7ffd79923e78cdc,unmapped/extra folder label: oily
dataset/raw/kaggle_oily_dry_normal/Oily-Dry-Skin-Types/train/oily/oily_2ae88da3c97f07226d5b_jpg.rf.a313ac1a1fb590af1faded82265d5bf1.jpg,kaggle_oily_dry_normal,oily,,4360fa0b66ee68420e377ddd9218c7eeec2658994d14fd88b7ffd79923e78cdc,unmapped/extra folder label: oily
dataset/raw/kaggle_oily_dry_normal/Oily-Dry-Skin-Types/train/oily/oily_2ae88da3c97f07226d5b_jpg.rf.d59b487b4147dba554cb4dcdbc0b9408 - Copy.jpg,kaggle_oily_dry_normal,oily,,e7ee09ed74e267845948dad86c80a215f8c1e053abb336261478e3cd37aed59c,unmapped/extra folder label: oily
dataset/raw/kaggle_oily_dry_normal/Oily-Dry-Skin-Types/train/oily/oily_2ae88da3c97f07226d5b_jpg.rf.d59b487b4147dba554cb4dcdbc0b9408.jpg,kaggle_oily_dry_normal,oily,,e7ee09ed74e267845948dad86c80a215f8c1e053abb336261478e3cd37aed59c,unmapped/extra folder label: oily
dataset/raw/kaggle_oily_dry_normal/Oily-Dry-Skin-Types/train/oily/oily_2ae88da3c97f07226d5b_jpg.rf.f1bfe8f34ad37d5385f2dac224a90e95 - Copy.jpg,kaggle_oily_dry_normal,oily,,dc879bdb3a6558714888e1e46f49b82dc371f945b68bce3f50153262d0b06b60,unmapped/extra folder label: oily
dataset/raw/kaggle_oily_dry_normal/Oily-Dry-Skin-Types/train/oily/oily_2ae88da3c97f07226d5b_jpg.rf.f1bfe8f34ad37d5385f2dac224a90e95.jpg,kaggle_oily_dry_normal,oily,,dc879bdb3a6558714888e1e46f49b82dc371f945b68bce3f50153262d0b06b60,unmapped/extra folder label: oily
dataset/raw/kaggle_oily_dry_normal/Oily-Dry-Skin-Types/train/oily/oily_2b3033454fa19bade3e4_jpg.rf.8a2f1824d5cbbf1c5ab4b87882327994 - Copy.jpg,kaggle_oily_dry_normal,oily,,dcd2b1b622c068f2794f76672c91b0ab136b1e9a9291b5c36291589508385548,unmapped/extra folder label: oily
dataset/raw/kaggle_oily_dry_normal/Oily-Dry-Skin-Types/train/oily/oily_2b3033454fa19bade3e4_jpg.rf.8a2f1824d5cbbf1c5ab4b87882327994.jpg,kaggle_oily_dry_normal,oily,,dcd2b1b622c068f2794f76672c91b0ab136b1e9a9291b5c36291589508385548,unmapped/extra folder label: oily
dataset/raw/kaggle_oily_dry_normal/Oily-Dry-Skin-Types/train/oily/oily_2b3033454fa19bade3e4_jpg.rf.92518cc1c05d0a80bbc4859189105c06 - Copy.jpg,kaggle_oily_dry_normal,oily,,475898b66f9aa822f70e6ba8c113444f21dd5fc06c026533642d615767db62c4,unmapped/extra folder label: oily
dataset/raw/kaggle_oily_dry_normal/Oily-Dry-Skin-Types/train/oily/oily_2b3033454fa19bade3e4_jpg.rf.92518cc1c05d0a80bbc4859189105c06.jpg,kaggle_oily_dry_normal,oily,,475898b66f9aa822f70e6ba8c113444f21dd5fc06c026533642d615767db62c4,unmapped/extra folder label: oily
dataset/raw/kaggle_oily_dry_normal/Oily-Dry-Skin-Types/train/oily/oily_2b3033454fa19bade3e4_jpg.rf.942d3273e15e4691e7d65df6c4fe0909 - Copy.jpg,kaggle_oily_dry_normal,oily,,55f88be394cfadc15364b4954caeae51e47951c4f616dff569fb1526d2e0b97f,unmapped/extra folder label: oily
dataset/raw/kaggle_oily_dry_normal/Oily-Dry-Skin-Types/train/oily/oily_2b3033454fa19bade3e4_jpg.rf.942d3273e15e4691e7d65df6c4fe0909.jpg,kaggle_oily_dry_normal,oily,,55f88be394cfadc15364b4954caeae51e47951c4f616dff569fb1526d2e0b97f,unmapped/extra folder label: oily
dataset/raw/kaggle_oily_dry_normal/Oily-Dry-Skin-Types/train/oily/oily_2cdb581b88b7e8fd4441_jpg.rf.69f8d3f6b5a8828621799d6fd7820e37 - Copy.jpg,kaggle_oily_dry_normal,oily,,415a62e0af508cac7efda4ba4bb5902727efd6dbbacd915c13d10fe3f57f9dab,unmapped/extra folder label: oily
dataset/raw/kaggle_oily_dry_normal/Oily-Dry-Skin-Types/train/oily/oily_2cdb581b88b7e8fd4441_jpg.rf.69f8d3f6b5a8828621799d6fd7820e37.jpg,kaggle_oily_dry_normal,oily,,415a62e0af508cac7efda4ba4bb5902727efd6dbbacd915c13d10fe3f57f9dab,unmapped/extra folder label: oily
dataset/raw/kaggle_oily_dry_normal/Oily-Dry-Skin-Types/train/oily/oily_2cdb581b88b7e8fd4441_jpg.rf.f0a17ca24835514efd1e18ee2e0fa841 - Copy.jpg,kaggle_oily_dry_normal,oily,,4c37057e0ca69a2ef09a8637ebcbf87d90709f7dd679685498de56b2286a4e5b,unmapped/extra folder label: oily
dataset/raw/kaggle_oily_dry_normal/Oily-Dry-Skin-Types/train/oily/oily_2cdb581b88b7e8fd4441_jpg.rf.f0a17ca24835514efd1e18ee2e0fa841.jpg,kaggle_oily_dry_normal,oily,,4c37057e0ca69a2ef09a8637ebcbf87d90709f7dd679685498de56b2286a4e5b,unmapped/extra folder label: oily
dataset/raw/kaggle_oily_dry_normal/Oily-Dry-Skin-Types/train/oily/oily_2cdb581b88b7e8fd4441_jpg.rf.ffbd448f4ceedaddc04bcd79a582da48 - Copy.jpg,kaggle_oily_dry_normal,oily,,f557c695aca0decac0fcc77f8739f18299a9ab7db38534ae3f344309bc5557da,unmapped/extra folder label: oily
dataset/raw/kaggle_oily_dry_normal/Oily-Dry-Skin-Types/train/oily/oily_2cdb581b88b7e8fd4441_jpg.rf.ffbd448f4ceedaddc04bcd79a582da48.jpg,kaggle_oily_dry_normal,oily,,f557c695aca0decac0fcc77f8739f18299a9ab7db38534ae3f344309bc5557da,unmapped/extra folder label: oily
dataset/raw/kaggle_oily_dry_normal/Oily-Dry-Skin-Types/train/oily/oily_2fc9e195830724f52f7b_jpg.rf.9ca029be46ee3354be7a570f12b6827b - Copy.jpg,kaggle_oily_dry_normal,oily,,96865624e62f74d7200608327f3a3b1e694dfdab2a36bb8724565336b5008a3c,unmapped/extra folder label: oily
dataset/raw/kaggle_oily_dry_normal/Oily-Dry-Skin-Types/train/oily/oily_2fc9e195830724f52f7b_jpg.rf.9ca029be46ee3354be7a570f12b6827b.jpg,kaggle_oily_dry_normal,oily,,96865624e62f74d7200608327f3a3b1e694dfdab2a36bb8724565336b5008a3c,unmapped/extra folder label: oily
dataset/raw/kaggle_oily_dry_normal/Oily-Dry-Skin-Types/train/oily/oily_2fc9e195830724f52f7b_jpg.rf.defbde47ce25b9313ca7b6cedec2d0c2 - Copy.jpg,kaggle_oily_dry_normal,oily,,3521f976208f3a5a5e656153592786d724cfb6de01bb2b308c49a8c851f26766,unmapped/extra folder label: oily
dataset/raw/kaggle_oily_dry_normal/Oily-Dry-Skin-Types/train/oily/oily_2fc9e195830724f52f7b_jpg.rf.defbde47ce25b9313ca7b6cedec2d0c2.jpg,kaggle_oily_dry_normal,oily,,3521f976208f3a5a5e656153592786d724cfb6de01bb2b308c49a8c851f26766,unmapped/extra folder label: oily
dataset/raw/kaggle_oily_dry_normal/Oily-Dry-Skin-Types/train/oily/oily_2fc9e195830724f52f7b_jpg.rf.fb4dd16d7dfe2f556ffb61a46f8421f5 - Copy.jpg,kaggle_oily_dry_normal,oily,,6d25f04cf4be6ae932dc4a7d18699212f6ed2a31054c7b25948997a779308f53,unmapped/extra folder label: oily
dataset/raw/kaggle_oily_dry_normal/Oily-Dry-Skin-Types/train/oily/oily_2fc9e195830724f52f7b_jpg.rf.fb4dd16d7dfe2f556ffb61a46f8421f5.jpg,kaggle_oily_dry_normal,oily,,6d25f04cf4be6ae932dc4a7d18699212f6ed2a31054c7b25948997a779308f53,unmapped/extra folder label: oily
dataset/raw/kaggle_oily_dry_normal/Oily-Dry-Skin-Types/train/oily/oily_30ed482de9cdef9fe257_jpg.rf.0a5891c854981d307bb13905ca7b12d5 - Copy.jpg,kaggle_oily_dry_normal,oily,,059df1006a5d1bde2913fe9e34810413695e580fc552b041ee848a4ebe6b601f,unmapped/extra folder label: oily
dataset/raw/kaggle_oily_dry_normal/Oily-Dry-Skin-Types/train/oily/oily_30ed482de9cdef9fe257_jpg.rf.0a5891c854981d307bb13905ca7b12d5.jpg,kaggle_oily_dry_normal,oily,,059df1006a5d1bde2913fe9e34810413695e580fc552b041ee848a4ebe6b601f,unmapped/extra folder label: oily
dataset/raw/kaggle_oily_dry_normal/Oily-Dry-Skin-Types/train/oily/oily_30ed482de9cdef9fe257_jpg.rf.6a1b1de16c136045a56550f6799b72bc - Copy.jpg,kaggle_oily_dry_normal,oily,,f5a514009f8070caca1cd42e4161e76a21bd7c8720e368e8d1d7fd9d1d1c417c,unmapped/extra folder label: oily
dataset/raw/kaggle_oily_dry_normal/Oily-Dry-Skin-Types/train/oily/oily_30ed482de9cdef9fe257_jpg.rf.6a1b1de16c136045a56550f6799b72bc.jpg,kaggle_oily_dry_normal,oily,,f5a514009f8070caca1cd42e4161e76a21bd7c8720e368e8d1d7fd9d1d1c417c,unmapped/extra folder label: oily
dataset/raw/kaggle_oily_dry_normal/Oily-Dry-Skin-Types/train/oily/oily_30ed482de9cdef9fe257_jpg.rf.770d4fbbe8f198263ac570341d1453ba - Copy.jpg,kaggle_oily_dry_normal,oily,,34af2c49c0aa25eaa978d673f78b4fc4cda98125b56cc30b89be4273919e7191,unmapped/extra folder label: oily
dataset/raw/kaggle_oily_dry_normal/Oily-Dry-Skin-Types/train/oily/oily_30ed482de9cdef9fe257_jpg.rf.770d4fbbe8f198263ac570341d1453ba.jpg,kaggle_oily_dry_normal,oily,,34af2c49c0aa25eaa978d673f78b4fc4cda98125b56cc30b89be4273919e7191,unmapped/extra folder label: oily
dataset/raw/kaggle_oily_dry_normal/Oily-Dry-Skin-Types/train/oily/oily_32f8b095bbecc51c94ac_jpg.rf.0f036255e10de08ea7b4a5c86715a582 - Copy.jpg,kaggle_oily_dry_normal,oily,,715a1a154c3b0651231b707fd3dda843d8cf60533cb7be0376aade0530a7eec8,unmapped/extra folder label: oily
dataset/raw/kaggle_oily_dry_normal/Oily-Dry-Skin-Types/train/oily/oily_32f8b095bbecc51c94ac_jpg.rf.0f036255e10de08ea7b4a5c86715a582.jpg,kaggle_oily_dry_normal,oily,,715a1a154c3b0651231b707fd3dda843d8cf60533cb7be0376aade0530a7eec8,unmapped/extra folder label: oily
dataset/raw/kaggle_oily_dry_normal/Oily-Dry-Skin-Types/train/oily/oily_32f8b095bbecc51c94ac_jpg.rf.1bb7d3496ef7fbbe2b6619e0f329b09f - Copy.jpg,kaggle_oily_dry_normal,oily,,0d63dc39c3d995f00359482e2aa343eac07c749498b61afad0d395fd38fe265c,unmapped/extra folder label: oily
dataset/raw/kaggle_oily_dry_normal/Oily-Dry-Skin-Types/train/oily/oily_32f8b095bbecc51c94ac_jpg.rf.1bb7d3496ef7fbbe2b6619e0f329b09f.jpg,kaggle_oily_dry_normal,oily,,0d63dc39c3d995f00359482e2aa343eac07c749498b61afad0d395fd38fe265c,unmapped/extra folder label: oily
dataset/raw/kaggle_oily_dry_normal/Oily-Dry-Skin-Types/train/oily/oily_32f8b095bbecc51c94ac_jpg.rf.925926e4cd5910a571e72d223f94c96a - Copy.jpg,kaggle_oily_dry_normal,oily,,1c277cdde778f1fb0f0ed1edf4557b0a86727ab49ab3c2c094c794d17770f27b,unmapped/extra folder label: oily
dataset/raw/kaggle_oily_dry_normal/Oily-Dry-Skin-Types/train/oily/oily_32f8b095bbecc51c94ac_jpg.rf.925926e4cd5910a571e72d223f94c96a.jpg,kaggle_oily_dry_normal,oily,,1c277cdde778f1fb0f0ed1edf4557b0a86727ab49ab3c2c094c794d17770f27b,unmapped/extra folder label: oily
dataset/raw/kaggle_oily_dry_normal/Oily-Dry-Skin-Types/train/oily/oily_367f0bad18808accb3e5_jpg.rf.32d2d71f546bb6c949710d6d48ce3a0f - Copy.jpg,kaggle_oily_dry_normal,oily,,912f58786d1c78d4a98d9ea49eb03b2c14c8b94fc6da777a48517f13d572b1b3,unmapped/extra folder label: oily
dataset/raw/kaggle_oily_dry_normal/Oily-Dry-Skin-Types/train/oily/oily_367f0bad18808accb3e5_jpg.rf.32d2d71f546bb6c949710d6d48ce3a0f.jpg,kaggle_oily_dry_normal,oily,,912f58786d1c78d4a98d9ea49eb03b2c14c8b94fc6da777a48517f13d572b1b3,unmapped/extra folder label: oily
dataset/raw/kaggle_oily_dry_normal/Oily-Dry-Skin-Types/train/oily/oily_367f0bad18808accb3e5_jpg.rf.32d3bd51d907096afd9736bbcd78af52 - Copy.jpg,kaggle_oily_dry_normal,oily,,1ef6ef29695e03039caba2a9243377357e6815fede1e15e8bbe2e5ab8540d130,unmapped/extra folder label: oily
dataset/raw/kaggle_oily_dry_normal/Oily-Dry-Skin-Types/train/oily/oily_367f0bad18808accb3e5_jpg.rf.32d3bd51d907096afd9736bbcd78af52.jpg,kaggle_oily_dry_normal,oily,,1ef6ef29695e03039caba2a9243377357e6815fede1e15e8bbe2e5ab8540d130,unmapped/extra folder label: oily
dataset/raw/kaggle_oily_dry_normal/Oily-Dry-Skin-Types/train/oily/oily_367f0bad18808accb3e5_jpg.rf.cc6b805d0658ff9e77742c8264bcf40c - Copy.jpg,kaggle_oily_dry_normal,oily,,46c0d4883a68bf9ed8342dd9505062b5150145a5d67644fccc04ae1aa1e7e92d,unmapped/extra folder label: oily
dataset/raw/kaggle_oily_dry_normal/Oily-Dry-Skin-Types/train/oily/oily_367f0bad18808accb3e5_jpg.rf.cc6b805d0658ff9e77742c8264bcf40c.jpg,kaggle_oily_dry_normal,oily,,46c0d4883a68bf9ed8342dd9505062b5150145a5d67644fccc04ae1aa1e7e92d,unmapped/extra folder label: oily
dataset/raw/kaggle_oily_dry_normal/Oily-Dry-Skin-Types/train/oily/oily_36c5d08d77509e6853a8_jpg.rf.488d99ebbdd1aed82eb0699ee8fea3c8 - Copy.jpg,kaggle_oily_dry_normal,oily,,39749fe12fb4fe30f70d8bf141eaf1decb8e74de0d1b830e356cc7028814b313,unmapped/extra folder label: oily
dataset/raw/kaggle_oily_dry_normal/Oily-Dry-Skin-Types/train/oily/oily_36c5d08d77509e6853a8_jpg.rf.488d99ebbdd1aed82eb0699ee8fea3c8.jpg,kaggle_oily_dry_normal,oily,,39749fe12fb4fe30f70d8bf141eaf1decb8e74de0d1b830e356cc7028814b313,unmapped/extra folder label: oily
dataset/raw/kaggle_oily_dry_normal/Oily-Dry-Skin-Types/train/oily/oily_36c5d08d77509e6853a8_jpg.rf.b161b9bb103bd3d55654715bf66b066b - Copy.jpg,kaggle_oily_dry_normal,oily,,3ca5a28bca6c08260c4fa1da9b13a106cf132cb55804fb354c226021ba59c707,unmapped/extra folder label: oily
dataset/raw/kaggle_oily_dry_normal/Oily-Dry-Skin-Types/train/oily/oily_36c5d08d77509e6853a8_jpg.rf.b161b9bb103bd3d55654715bf66b066b.jpg,kaggle_oily_dry_normal,oily,,3ca5a28bca6c08260c4fa1da9b13a106cf132cb55804fb354c226021ba59c707,unmapped/extra folder label: oily
dataset/raw/kaggle_oily_dry_normal/Oily-Dry-Skin-Types/train/oily/oily_36c5d08d77509e6853a8_jpg.rf.baa3038ff6a27e50022dfec9eb535552 - Copy.jpg,kaggle_oily_dry_normal,oily,,28bd3a9cb661dc7e84dfe2f3f13a40df267e61fd064d8aad29dd630beb49a343,unmapped/extra folder label: oily
dataset/raw/kaggle_oily_dry_normal/Oily-Dry-Skin-Types/train/oily/oily_36c5d08d77509e6853a8_jpg.rf.baa3038ff6a27e50022dfec9eb535552.jpg,kaggle_oily_dry_normal,oily,,28bd3a9cb661dc7e84dfe2f3f13a40df267e61fd064d8aad29dd630beb49a343,unmapped/extra folder label: oily
dataset/raw/kaggle_oily_dry_normal/Oily-Dry-Skin-Types/train/oily/oily_37111b6f26848bd7803e_jpg.rf.83b2977c8d764a3e5b46e5c54074ff4c.jpg,kaggle_oily_dry_normal,oily,,ff04350a6625246233a73b213ce2972ef458a3bd923e3982f9bdfbbcabc0a2e7,unmapped/extra folder label: oily
dataset/raw/kaggle_oily_dry_normal/Oily-Dry-Skin-Types/train/oily/oily_37111b6f26848bd7803e_jpg.rf.d6604f8fa629bd4bd3034730d303634f.jpg,kaggle_oily_dry_normal,oily,,5a80cbf92b5aaaa522aeff8cf813aa7e44a8e687c2f028513586b6e983602d9c,unmapped/extra folder label: oily
dataset/raw/kaggle_oily_dry_normal/Oily-Dry-Skin-Types/train/oily/oily_37111b6f26848bd7803e_jpg.rf.f0a02c6e432ae2f310ae407bf785ae8e.jpg,kaggle_oily_dry_normal,oily,,95ea2e0034215997c81f0ed02127b347e2e16e9a01be4397de5fc36effa0bd0b,unmapped/extra folder label: oily
dataset/raw/kaggle_oily_dry_normal/Oily-Dry-Skin-Types/train/oily/oily_3c50a762c75621e99c88_jpg.rf.12cd10f5ff383579cace52ca51354500 - Copy.jpg,kaggle_oily_dry_normal,oily,,7f65c27dafb103bf187f19f5e7efd00cc21bc6cd010f4f042d3000937f1dd786,unmapped/extra folder label: oily
dataset/raw/kaggle_oily_dry_normal/Oily-Dry-Skin-Types/train/oily/oily_3c50a762c75621e99c88_jpg.rf.12cd10f5ff383579cace52ca51354500.jpg,kaggle_oily_dry_normal,oily,,7f65c27dafb103bf187f19f5e7efd00cc21bc6cd010f4f042d3000937f1dd786,unmapped/extra folder label: oily
dataset/raw/kaggle_oily_dry_normal/Oily-Dry-Skin-Types/train/oily/oily_3c50a762c75621e99c88_jpg.rf.43e52d11ebe45636412bdf96c73029f6 - Copy.jpg,kaggle_oily_dry_normal,oily,,21c929e20fbbcda04a297602f986880e2a919bc61d3cf1e3cecff9b36e287439,unmapped/extra folder label: oily
dataset/raw/kaggle_oily_dry_normal/Oily-Dry-Skin-Types/train/oily/oily_3c50a762c75621e99c88_jpg.rf.43e52d11ebe45636412bdf96c73029f6.jpg,kaggle_oily_dry_normal,oily,,21c929e20fbbcda04a297602f986880e2a919bc61d3cf1e3cecff9b36e287439,unmapped/extra folder label: oily
dataset/raw/kaggle_oily_dry_normal/Oily-Dry-Skin-Types/train/oily/oily_3c50a762c75621e99c88_jpg.rf.c31639a365502af92a46fe1cffbe324d - Copy.jpg,kaggle_oily_dry_normal,oily,,5a41220a3d0c325b6e4cff180a04010970d9f786678f2b110e245dff57109f98,unmapped/extra folder label: oily
dataset/raw/kaggle_oily_dry_normal/Oily-Dry-Skin-Types/train/oily/oily_3c50a762c75621e99c88_jpg.rf.c31639a365502af92a46fe1cffbe324d.jpg,kaggle_oily_dry_normal,oily,,5a41220a3d0c325b6e4cff180a04010970d9f786678f2b110e245dff57109f98,unmapped/extra folder label: oily
dataset/raw/kaggle_oily_dry_normal/Oily-Dry-Skin-Types/train/oily/oily_3cae428761b4575eca4b_jpg.rf.115345081ad84cf6a973e2520322681d - Copy.jpg,kaggle_oily_dry_normal,oily,,94b9452565d23764012d71f797055b819275c5d8d2f76e723942d5a06dc2c503,unmapped/extra folder label: oily
dataset/raw/kaggle_oily_dry_normal/Oily-Dry-Skin-Types/train/oily/oily_3cae428761b4575eca4b_jpg.rf.115345081ad84cf6a973e2520322681d.jpg,kaggle_oily_dry_normal,oily,,94b9452565d23764012d71f797055b819275c5d8d2f76e723942d5a06dc2c503,unmapped/extra folder label: oily
dataset/raw/kaggle_oily_dry_normal/Oily-Dry-Skin-Types/train/oily/oily_3cae428761b4575eca4b_jpg.rf.97d1f2041fa4860af33a48ac522ccc8a - Copy.jpg,kaggle_oily_dry_normal,oily,,2da844e898a0eae9675ee5139ca73bcafdaf51aa38857a9b463f9051a360186a,unmapped/extra folder label: oily
dataset/raw/kaggle_oily_dry_normal/Oily-Dry-Skin-Types/train/oily/oily_3cae428761b4575eca4b_jpg.rf.97d1f2041fa4860af33a48ac522ccc8a.jpg,kaggle_oily_dry_normal,oily,,2da844e898a0eae9675ee5139ca73bcafdaf51aa38857a9b463f9051a360186a,unmapped/extra folder label: oily
dataset/raw/kaggle_oily_dry_normal/Oily-Dry-Skin-Types/train/oily/oily_3cae428761b4575eca4b_jpg.rf.fa5c07fc32816d202f7b7df6ebf02736 - Copy.jpg,kaggle_oily_dry_normal,oily,,16969a1bc883851bc2a2021ec9467c0cc1598def928f5ccfde3673a278265be2,unmapped/extra folder label: oily
dataset/raw/kaggle_oily_dry_normal/Oily-Dry-Skin-Types/train/oily/oily_3cae428761b4575eca4b_jpg.rf.fa5c07fc32816d202f7b7df6ebf02736.jpg,kaggle_oily_dry_normal,oily,,16969a1bc883851bc2a2021ec9467c0cc1598def928f5ccfde3673a278265be2,unmapped/extra folder label: oily
dataset/raw/kaggle_oily_dry_normal/Oily-Dry-Skin-Types/train/oily/oily_3d282a23605fb4946192_jpg.rf.2e162820d80d59ae7fc01fcaa4b076a5 - Copy.jpg,kaggle_oily_dry_normal,oily,,c3ae2183f366fd0fe8a67c04471c3100b265d2effcf8d26c9ce1df1b2848369a,unmapped/extra folder label: oily
dataset/raw/kaggle_oily_dry_normal/Oily-Dry-Skin-Types/train/oily/oily_3d282a23605fb4946192_jpg.rf.2e162820d80d59ae7fc01fcaa4b076a5.jpg,kaggle_oily_dry_normal,oily,,c3ae2183f366fd0fe8a67c04471c3100b265d2effcf8d26c9ce1df1b2848369a,unmapped/extra folder label: oily
dataset/raw/kaggle_oily_dry_normal/Oily-Dry-Skin-Types/train/oily/oily_3d282a23605fb4946192_jpg.rf.80ae94ca15f38a8cab9d8e336fc6a266 - Copy.jpg,kaggle_oily_dry_normal,oily,,6a6ed7bc131ba2903a7c2de527966de68321342279fed80d97d1ae502b143a21,unmapped/extra folder label: oily
dataset/raw/kaggle_oily_dry_normal/Oily-Dry-Skin-Types/train/oily/oily_3d282a23605fb4946192_jpg.rf.80ae94ca15f38a8cab9d8e336fc6a266.jpg,kaggle_oily_dry_normal,oily,,6a6ed7bc131ba2903a7c2de527966de68321342279fed80d97d1ae502b143a21,unmapped/extra folder label: oily
dataset/raw/kaggle_oily_dry_normal/Oily-Dry-Skin-Types/train/oily/oily_3d282a23605fb4946192_jpg.rf.d32cfea128add9de74a2706f140e86c5 - Copy.jpg,kaggle_oily_dry_normal,oily,,2697fda3f6d4d729b066fa6c2bec3137ccc4c9d83cf6c6ee21c30681dc23f4e6,unmapped/extra folder label: oily
dataset/raw/kaggle_oily_dry_normal/Oily-Dry-Skin-Types/train/oily/oily_3d282a23605fb4946192_jpg.rf.d32cfea128add9de74a2706f140e86c5.jpg,kaggle_oily_dry_normal,oily,,2697fda3f6d4d729b066fa6c2bec3137ccc4c9d83cf6c6ee21c30681dc23f4e6,unmapped/extra folder label: oily
dataset/raw/kaggle_oily_dry_normal/Oily-Dry-Skin-Types/train/oily/oily_3ef1a5c97745129eb6d6_jpg.rf.4f5009a1507423231bfd1370d1ecaa5a - Copy.jpg,kaggle_oily_dry_normal,oily,,c16681131ba1c7402e76ad83446143cc6adbc2acbe99aae6b25580aeb278eb84,unmapped/extra folder label: oily
dataset/raw/kaggle_oily_dry_normal/Oily-Dry-Skin-Types/train/oily/oily_3ef1a5c97745129eb6d6_jpg.rf.4f5009a1507423231bfd1370d1ecaa5a.jpg,kaggle_oily_dry_normal,oily,,c16681131ba1c7402e76ad83446143cc6adbc2acbe99aae6b25580aeb278eb84,unmapped/extra folder label: oily
dataset/raw/kaggle_oily_dry_normal/Oily-Dry-Skin-Types/train/oily/oily_3ef1a5c97745129eb6d6_jpg.rf.9e71723821537d34fa82ce2b706c92fe - Copy.jpg,kaggle_oily_dry_normal,oily,,b2ba6cbb23dc9caaaf260d2addc7353bc9bcea37fc0631eabc78390e3c78f3fb,unmapped/extra folder label: oily
dataset/raw/kaggle_oily_dry_normal/Oily-Dry-Skin-Types/train/oily/oily_3ef1a5c97745129eb6d6_jpg.rf.9e71723821537d34fa82ce2b706c92fe.jpg,kaggle_oily_dry_normal,oily,,b2ba6cbb23dc9caaaf260d2addc7353bc9bcea37fc0631eabc78390e3c78f3fb,unmapped/extra folder label: oily
dataset/raw/kaggle_oily_dry_normal/Oily-Dry-Skin-Types/train/oily/oily_3ef1a5c97745129eb6d6_jpg.rf.c8b30259d8d10d9422f0d3ff4a7aa49f - Copy.jpg,kaggle_oily_dry_normal,oily,,11ab800d1087ebcf3dcd1fd750ed5cb4106af5bf1d21c5fa0fbbd4386d764bc9,unmapped/extra folder label: oily
dataset/raw/kaggle_oily_dry_normal/Oily-Dry-Skin-Types/train/oily/oily_3ef1a5c97745129eb6d6_jpg.rf.c8b30259d8d10d9422f0d3ff4a7aa49f.jpg,kaggle_oily_dry_normal,oily,,11ab800d1087ebcf3dcd1fd750ed5cb4106af5bf1d21c5fa0fbbd4386d764bc9,unmapped/extra folder label: oily
dataset/raw/kaggle_oily_dry_normal/Oily-Dry-Skin-Types/train/oily/oily_3f4dfe94774aa9536338_jpg.rf.63de051fa731de75ee11ea72aac96dc3 - Copy.jpg,kaggle_oily_dry_normal,oily,,68fb3961dd287bd6ac07e9e5194882c77a45c71e58187e100d9095c47ff37891,unmapped/extra folder label: oily
dataset/raw/kaggle_oily_dry_normal/Oily-Dry-Skin-Types/train/oily/oily_3f4dfe94774aa9536338_jpg.rf.63de051fa731de75ee11ea72aac96dc3.jpg,kaggle_oily_dry_normal,oily,,68fb3961dd287bd6ac07e9e5194882c77a45c71e58187e100d9095c47ff37891,unmapped/extra folder label: oily
dataset/raw/kaggle_oily_dry_normal/Oily-Dry-Skin-Types/train/oily/oily_3f4dfe94774aa9536338_jpg.rf.867f5838bd6ecbfd970d9e885efffbd4 - Copy.jpg,kaggle_oily_dry_normal,oily,,85981d611cf4e98d395979661afcaafdd16b9a2851a7651b75cdb3cc4b2d75bc,unmapped/extra folder label: oily
dataset/raw/kaggle_oily_dry_normal/Oily-Dry-Skin-Types/train/oily/oily_3f4dfe94774aa9536338_jpg.rf.867f5838bd6ecbfd970d9e885efffbd4.jpg,kaggle_oily_dry_normal,oily,,85981d611cf4e98d395979661afcaafdd16b9a2851a7651b75cdb3cc4b2d75bc,unmapped/extra folder label: oily
dataset/raw/kaggle_oily_dry_normal/Oily-Dry-Skin-Types/train/oily/oily_3f4dfe94774aa9536338_jpg.rf.c2a319144514ffee348f69fe298d1497 - Copy.jpg,kaggle_oily_dry_normal,oily,,ec8e2ee75efd977d83e728d9889d08f477987ce436b3bfef30b434b4ae2863a8,unmapped/extra folder label: oily
dataset/raw/kaggle_oily_dry_normal/Oily-Dry-Skin-Types/train/oily/oily_3f4dfe94774aa9536338_jpg.rf.c2a319144514ffee348f69fe298d1497.jpg,kaggle_oily_dry_normal,oily,,ec8e2ee75efd977d83e728d9889d08f477987ce436b3bfef30b434b4ae2863a8,unmapped/extra folder label: oily
dataset/raw/kaggle_oily_dry_normal/Oily-Dry-Skin-Types/train/oily/oily_3f8072c555504d75091b_jpg.rf.3f21abddf10806ba7d9c3ef570e0f3b8 - Copy.jpg,kaggle_oily_dry_normal,oily,,87aaf5c5d3916bf87d86627a5b3ae443bc8ae06e25393e496ede67450785cbb6,unmapped/extra folder label: oily
dataset/raw/kaggle_oily_dry_normal/Oily-Dry-Skin-Types/train/oily/oily_3f8072c555504d75091b_jpg.rf.3f21abddf10806ba7d9c3ef570e0f3b8.jpg,kaggle_oily_dry_normal,oily,,87aaf5c5d3916bf87d86627a5b3ae443bc8ae06e25393e496ede67450785cbb6,unmapped/extra folder label: oily
dataset/raw/kaggle_oily_dry_normal/Oily-Dry-Skin-Types/train/oily/oily_3f8072c555504d75091b_jpg.rf.8194a7ef76fff9ad8e38ee3e6c4b3160 - Copy.jpg,kaggle_oily_dry_normal,oily,,ffc85dd655e27399fbc17c05fbb33dd505b7844830babf995e674f83a89805e0,unmapped/extra folder label: oily
dataset/raw/kaggle_oily_dry_normal/Oily-Dry-Skin-Types/train/oily/oily_3f8072c555504d75091b_jpg.rf.8194a7ef76fff9ad8e38ee3e6c4b3160.jpg,kaggle_oily_dry_normal,oily,,ffc85dd655e27399fbc17c05fbb33dd505b7844830babf995e674f83a89805e0,unmapped/extra folder label: oily
dataset/raw/kaggle_oily_dry_normal/Oily-Dry-Skin-Types/train/oily/oily_3f8072c555504d75091b_jpg.rf.f694e0f0193fbd54956ce00220a7924b - Copy.jpg,kaggle_oily_dry_normal,oily,,44005e59af07c42d12792022e04fc1ada4d65f4074b0c563d6edb1faaa08486a,unmapped/extra folder label: oily
dataset/raw/kaggle_oily_dry_normal/Oily-Dry-Skin-Types/train/oily/oily_3f8072c555504d75091b_jpg.rf.f694e0f0193fbd54956ce00220a7924b.jpg,kaggle_oily_dry_normal,oily,,44005e59af07c42d12792022e04fc1ada4d65f4074b0c563d6edb1faaa08486a,unmapped/extra folder label: oily
dataset/raw/kaggle_oily_dry_normal/Oily-Dry-Skin-Types/train/oily/oily_3fe4adc9d6c9bcead953_jpg.rf.8abc15ab699864fe66a3425a69f21450 - Copy.jpg,kaggle_oily_dry_normal,oily,,8e9b96e1ad2f90be059894d56f286864d924b338ae59b80f8205fb6f784f01a0,unmapped/extra folder label: oily
dataset/raw/kaggle_oily_dry_normal/Oily-Dry-Skin-Types/train/oily/oily_3fe4adc9d6c9bcead953_jpg.rf.8abc15ab699864fe66a3425a69f21450.jpg,kaggle_oily_dry_normal,oily,,8e9b96e1ad2f90be059894d56f286864d924b338ae59b80f8205fb6f784f01a0,unmapped/extra folder label: oily
dataset/raw/kaggle_oily_dry_normal/Oily-Dry-Skin-Types/train/oily/oily_3fe4adc9d6c9bcead953_jpg.rf.8b663d22685218ea3d141cfdb31b0817 - Copy.jpg,kaggle_oily_dry_normal,oily,,9f64d8b0e14a9521998e9cf625ee5c8e5425800abe650d8c3cbff9b7aca72573,unmapped/extra folder label: oily
dataset/raw/kaggle_oily_dry_normal/Oily-Dry-Skin-Types/train/oily/oily_3fe4adc9d6c9bcead953_jpg.rf.8b663d22685218ea3d141cfdb31b0817.jpg,kaggle_oily_dry_normal,oily,,9f64d8b0e14a9521998e9cf625ee5c8e5425800abe650d8c3cbff9b7aca72573,unmapped/extra folder label: oily
dataset/raw/kaggle_oily_dry_normal/Oily-Dry-Skin-Types/train/oily/oily_3fe4adc9d6c9bcead953_jpg.rf.bce5cac9dc05df80fb70dd7d228510fc - Copy.jpg,kaggle_oily_dry_normal,oily,,9889fd6bcd49c67004fd16ea3d874c5b832549f5394dc4d2cba94f6da8ec7b0a,unmapped/extra folder label: oily
dataset/raw/kaggle_oily_dry_normal/Oily-Dry-Skin-Types/train/oily/oily_3fe4adc9d6c9bcead953_jpg.rf.bce5cac9dc05df80fb70dd7d228510fc.jpg,kaggle_oily_dry_normal,oily,,9889fd6bcd49c67004fd16ea3d874c5b832549f5394dc4d2cba94f6da8ec7b0a,unmapped/extra folder label: oily
dataset/raw/kaggle_oily_dry_normal/Oily-Dry-Skin-Types/train/oily/oily_40c9ee7092ec5884e713_jpg.rf.35d629cbdc8cf364e1d80adf8b10b9e5 - Copy.jpg,kaggle_oily_dry_normal,oily,,5760f15da42c539194fd29ff754191d1ca8c9b59dafe127900aa2c4f2cb723af,unmapped/extra folder label: oily
dataset/raw/kaggle_oily_dry_normal/Oily-Dry-Skin-Types/train/oily/oily_40c9ee7092ec5884e713_jpg.rf.35d629cbdc8cf364e1d80adf8b10b9e5.jpg,kaggle_oily_dry_normal,oily,,5760f15da42c539194fd29ff754191d1ca8c9b59dafe127900aa2c4f2cb723af,unmapped/extra folder label: oily
dataset/raw/kaggle_oily_dry_normal/Oily-Dry-Skin-Types/train/oily/oily_40c9ee7092ec5884e713_jpg.rf.6c1a22e6785bc512a6a5e2bc90d76fe0 - Copy.jpg,kaggle_oily_dry_normal,oily,,ffb080da66c0e0e6d5139f1467b31238fd39bbbfa69482454aaf8e24cb90e742,unmapped/extra folder label: oily
dataset/raw/kaggle_oily_dry_normal/Oily-Dry-Skin-Types/train/oily/oily_40c9ee7092ec5884e713_jpg.rf.6c1a22e6785bc512a6a5e2bc90d76fe0.jpg,kaggle_oily_dry_normal,oily,,ffb080da66c0e0e6d5139f1467b31238fd39bbbfa69482454aaf8e24cb90e742,unmapped/extra folder label: oily
dataset/raw/kaggle_oily_dry_normal/Oily-Dry-Skin-Types/train/oily/oily_40c9ee7092ec5884e713_jpg.rf.f00a93541108f421bc8eb5f287cde43f - Copy.jpg,kaggle_oily_dry_normal,oily,,c0c7689426ddbfe3ff8deb58bdfd069e4634833fe788c5d1f497b09841c2ddae,unmapped/extra folder label: oily
dataset/raw/kaggle_oily_dry_normal/Oily-Dry-Skin-Types/train/oily/oily_40c9ee7092ec5884e713_jpg.rf.f00a93541108f421bc8eb5f287cde43f.jpg,kaggle_oily_dry_normal,oily,,c0c7689426ddbfe3ff8deb58bdfd069e4634833fe788c5d1f497b09841c2ddae,unmapped/extra folder label: oily
dataset/raw/kaggle_oily_dry_normal/Oily-Dry-Skin-Types/train/oily/oily_4196de3853b203c216e1_jpg.rf.6ef084e9a3fe401e5af971d3ec9905f6 - Copy.jpg,kaggle_oily_dry_normal,oily,,83a92b17f69780b3d5e48d1de72292079879b350bc19b13541b562d9306c93c2,unmapped/extra folder label: oily
dataset/raw/kaggle_oily_dry_normal/Oily-Dry-Skin-Types/train/oily/oily_4196de3853b203c216e1_jpg.rf.6ef084e9a3fe401e5af971d3ec9905f6.jpg,kaggle_oily_dry_normal,oily,,83a92b17f69780b3d5e48d1de72292079879b350bc19b13541b562d9306c93c2,unmapped/extra folder label: oily
dataset/raw/kaggle_oily_dry_normal/Oily-Dry-Skin-Types/train/oily/oily_4196de3853b203c216e1_jpg.rf.dde3e96643604c99b89a8ef84a0bd829 - Copy.jpg,kaggle_oily_dry_normal,oily,,71daedf4a0ee3fe1e92c3b473f693fad72b01c3e7673ea37bc917d1c6d0e4e08,unmapped/extra folder label: oily
dataset/raw/kaggle_oily_dry_normal/Oily-Dry-Skin-Types/train/oily/oily_4196de3853b203c216e1_jpg.rf.dde3e96643604c99b89a8ef84a0bd829.jpg,kaggle_oily_dry_normal,oily,,71daedf4a0ee3fe1e92c3b473f693fad72b01c3e7673ea37bc917d1c6d0e4e08,unmapped/extra folder label: oily
dataset/raw/kaggle_oily_dry_normal/Oily-Dry-Skin-Types/train/oily/oily_4196de3853b203c216e1_jpg.rf.e6e1b869bec3dc49832b8bd62476e8a4 - Copy.jpg,kaggle_oily_dry_normal,oily,,a19c77b73c92f64eb98cc559e2f22fbf33adebfed31d33ed440ccaf578fe09ab,unmapped/extra folder label: oily
dataset/raw/kaggle_oily_dry_normal/Oily-Dry-Skin-Types/train/oily/oily_4196de3853b203c216e1_jpg.rf.e6e1b869bec3dc49832b8bd62476e8a4.jpg,kaggle_oily_dry_normal,oily,,a19c77b73c92f64eb98cc559e2f22fbf33adebfed31d33ed440ccaf578fe09ab,unmapped/extra folder label: oily
dataset/raw/kaggle_oily_dry_normal/Oily-Dry-Skin-Types/train/oily/oily_42102c171424789c85d7_jpg.rf.3c9b7d69c203b6a956d079e11270070a.jpg,kaggle_oily_dry_normal,oily,,5e2df43125c56c44cd8a87a727e5e426379e051b3f773a6ed8e8bf146df81aca,unmapped/extra folder label: oily
dataset/raw/kaggle_oily_dry_normal/Oily-Dry-Skin-Types/train/oily/oily_42102c171424789c85d7_jpg.rf.d28241d5f817de5ee3e5faad6fa7ed8d.jpg,kaggle_oily_dry_normal,oily,,9574f657ab1f252ccc8c045d6fd9cfdd202208b1df8fcd1bed93ec0d6395b2ee,unmapped/extra folder label: oily
dataset/raw/kaggle_oily_dry_normal/Oily-Dry-Skin-Types/train/oily/oily_42102c171424789c85d7_jpg.rf.f6679d8aad1887a60c0e8ada3400ba51.jpg,kaggle_oily_dry_normal,oily,,368ae3beac3eddd937cf2138ef3e3900678c8940031a8c2447fc4dfebb966ead,unmapped/extra folder label: oily
dataset/raw/kaggle_oily_dry_normal/Oily-Dry-Skin-Types/train/oily/oily_4214ac4065cc4662a529_jpg.rf.dae3b53f6150aefe25a789431e5317cb - Copy.jpg,kaggle_oily_dry_normal,oily,,1ddc8ec5a1521d6820a355c02c06dfc76969115cc8bd0f7f3176d5535892998a,unmapped/extra folder label: oily
dataset/raw/kaggle_oily_dry_normal/Oily-Dry-Skin-Types/train/oily/oily_4214ac4065cc4662a529_jpg.rf.dae3b53f6150aefe25a789431e5317cb.jpg,kaggle_oily_dry_normal,oily,,1ddc8ec5a1521d6820a355c02c06dfc76969115cc8bd0f7f3176d5535892998a,unmapped/extra folder label: oily
dataset/raw/kaggle_oily_dry_normal/Oily-Dry-Skin-Types/train/oily/oily_4214ac4065cc4662a529_jpg.rf.e1c155f43bfe06f30d43b0ffb51b0508 - Copy.jpg,kaggle_oily_dry_normal,oily,,c360d4ba4f593ebffe5ccdbada74b9bfb6b830d04d1d2d872a9af1cdf5d1af16,unmapped/extra folder label: oily
dataset/raw/kaggle_oily_dry_normal/Oily-Dry-Skin-Types/train/oily/oily_4214ac4065cc4662a529_jpg.rf.e1c155f43bfe06f30d43b0ffb51b0508.jpg,kaggle_oily_dry_normal,oily,,c360d4ba4f593ebffe5ccdbada74b9bfb6b830d04d1d2d872a9af1cdf5d1af16,unmapped/extra folder label: oily
dataset/raw/kaggle_oily_dry_normal/Oily-Dry-Skin-Types/train/oily/oily_4214ac4065cc4662a529_jpg.rf.fef5b02974c3acab5289751a836b3492 - Copy.jpg,kaggle_oily_dry_normal,oily,,b45ac1b256387c0c628b91e032cbeddd4b1abd3056a139a95bab8992d76de9c9,unmapped/extra folder label: oily
dataset/raw/kaggle_oily_dry_normal/Oily-Dry-Skin-Types/train/oily/oily_4214ac4065cc4662a529_jpg.rf.fef5b02974c3acab5289751a836b3492.jpg,kaggle_oily_dry_normal,oily,,b45ac1b256387c0c628b91e032cbeddd4b1abd3056a139a95bab8992d76de9c9,unmapped/extra folder label: oily
dataset/raw/kaggle_oily_dry_normal/Oily-Dry-Skin-Types/train/oily/oily_42371e21d8cbda5aa5d4_jpg.rf.2ee5d36dd673469205a1b27f61f4cfef.jpg,kaggle_oily_dry_normal,oily,,9af590eb834f82761cc1ef3eaf90845c9e2b11b1c9b41069db8d3b335e5006cb,unmapped/extra folder label: oily
dataset/raw/kaggle_oily_dry_normal/Oily-Dry-Skin-Types/train/oily/oily_42371e21d8cbda5aa5d4_jpg.rf.7ae13b6f1df3d2a9b5e8b7629799c8da.jpg,kaggle_oily_dry_normal,oily,,eed274b76b5d9e1f79d30659faa84e2d6aa7931824de31476bd1eaa65f0293ca,unmapped/extra folder label: oily
dataset/raw/kaggle_oily_dry_normal/Oily-Dry-Skin-Types/train/oily/oily_42371e21d8cbda5aa5d4_jpg.rf.a39a0ce5040b68b22587bc5f4c8ba7b2.jpg,kaggle_oily_dry_normal,oily,,1fa6cd3d64fdf3e0d1b5e75b5fbdc0452daed68ede943be39adf61cde802825a,unmapped/extra folder label: oily
dataset/raw/kaggle_oily_dry_normal/Oily-Dry-Skin-Types/train/oily/oily_43c2213d65291b4d3a51_jpg.rf.300f9e14d7edf1c88259b4d40f23fefb - Copy.jpg,kaggle_oily_dry_normal,oily,,35047cd529c6123f6abb62e8524fbc9af87e29af6bfe8ce76799557798ae60e0,unmapped/extra folder label: oily
dataset/raw/kaggle_oily_dry_normal/Oily-Dry-Skin-Types/train/oily/oily_43c2213d65291b4d3a51_jpg.rf.300f9e14d7edf1c88259b4d40f23fefb.jpg,kaggle_oily_dry_normal,oily,,35047cd529c6123f6abb62e8524fbc9af87e29af6bfe8ce76799557798ae60e0,unmapped/extra folder label: oily
dataset/raw/kaggle_oily_dry_normal/Oily-Dry-Skin-Types/train/oily/oily_43c2213d65291b4d3a51_jpg.rf.690e6d5286c6141a03b92facf8295704 - Copy.jpg,kaggle_oily_dry_normal,oily,,f295f517a5793aa2b43d6ed49efe8700a1b13ab698366b07f30a9a79812b1e20,unmapped/extra folder label: oily
dataset/raw/kaggle_oily_dry_normal/Oily-Dry-Skin-Types/train/oily/oily_43c2213d65291b4d3a51_jpg.rf.690e6d5286c6141a03b92facf8295704.jpg,kaggle_oily_dry_normal,oily,,f295f517a5793aa2b43d6ed49efe8700a1b13ab698366b07f30a9a79812b1e20,unmapped/extra folder label: oily
dataset/raw/kaggle_oily_dry_normal/Oily-Dry-Skin-Types/train/oily/oily_43c2213d65291b4d3a51_jpg.rf.bfccce2189fc6966c057e1905ace8247 - Copy.jpg,kaggle_oily_dry_normal,oily,,772fb3a1f702b56ccd3f068c202e1e4dfb02229fe851961669b75180314bf906,unmapped/extra folder label: oily
dataset/raw/kaggle_oily_dry_normal/Oily-Dry-Skin-Types/train/oily/oily_43c2213d65291b4d3a51_jpg.rf.bfccce2189fc6966c057e1905ace8247.jpg,kaggle_oily_dry_normal,oily,,772fb3a1f702b56ccd3f068c202e1e4dfb02229fe851961669b75180314bf906,unmapped/extra folder label: oily
dataset/raw/kaggle_oily_dry_normal/Oily-Dry-Skin-Types/train/oily/oily_456309334779a197dc32_jpg.rf.567ca60479c6b07efc578a0914697343.jpg,kaggle_oily_dry_normal,oily,,65b48980eade7886445206f1e6f530841a1d7bd32d857edb8280fc2672653b4d,unmapped/extra folder label: oily
dataset/raw/kaggle_oily_dry_normal/Oily-Dry-Skin-Types/train/oily/oily_456309334779a197dc32_jpg.rf.62a4f0ce9a9d577eb765f99adf4e0544.jpg,kaggle_oily_dry_normal,oily,,b0accd0364d9c65e2f5d2043b82b909a5dd0de2c0652e39e0aa58188ff317611,unmapped/extra folder label: oily
dataset/raw/kaggle_oily_dry_normal/Oily-Dry-Skin-Types/train/oily/oily_456309334779a197dc32_jpg.rf.b8362a968ef69ac234ed3693f25fb6c3.jpg,kaggle_oily_dry_normal,oily,,3db70ce2481a98d8a5f3a4b3c8ddd77b46a1232778a768eb2b9a2ce7482d61b7,unmapped/extra folder label: oily
dataset/raw/kaggle_oily_dry_normal/Oily-Dry-Skin-Types/train/oily/oily_457abd24bbbe7a8baa1b_jpg.rf.2d28d5fb22300484b4c47ca3b4151e61 - Copy.jpg,kaggle_oily_dry_normal,oily,,de3526980488a5242dc5eb6a37c1ce4372b263c9a1ee6cd8a2f558a22da67401,unmapped/extra folder label: oily
dataset/raw/kaggle_oily_dry_normal/Oily-Dry-Skin-Types/train/oily/oily_457abd24bbbe7a8baa1b_jpg.rf.2d28d5fb22300484b4c47ca3b4151e61.jpg,kaggle_oily_dry_normal,oily,,de3526980488a5242dc5eb6a37c1ce4372b263c9a1ee6cd8a2f558a22da67401,unmapped/extra folder label: oily
dataset/raw/kaggle_oily_dry_normal/Oily-Dry-Skin-Types/train/oily/oily_457abd24bbbe7a8baa1b_jpg.rf.b5d4183784c8cdec5a182cc1e0a871c6 - Copy.jpg,kaggle_oily_dry_normal,oily,,a7c7734e752a81d9004438ffdc2e1613e7e12788c6d4dd8d7e95477a2c6096e4,unmapped/extra folder label: oily
dataset/raw/kaggle_oily_dry_normal/Oily-Dry-Skin-Types/train/oily/oily_457abd24bbbe7a8baa1b_jpg.rf.b5d4183784c8cdec5a182cc1e0a871c6.jpg,kaggle_oily_dry_normal,oily,,a7c7734e752a81d9004438ffdc2e1613e7e12788c6d4dd8d7e95477a2c6096e4,unmapped/extra folder label: oily
dataset/raw/kaggle_oily_dry_normal/Oily-Dry-Skin-Types/train/oily/oily_457abd24bbbe7a8baa1b_jpg.rf.eda629f03596e7c02b61d6d2d1be291a - Copy.jpg,kaggle_oily_dry_normal,oily,,4967daea4b463f47e79b04d33c435c4be76a87e57a012bba5d3d3733a815e3e9,unmapped/extra folder label: oily
dataset/raw/kaggle_oily_dry_normal/Oily-Dry-Skin-Types/train/oily/oily_457abd24bbbe7a8baa1b_jpg.rf.eda629f03596e7c02b61d6d2d1be291a.jpg,kaggle_oily_dry_normal,oily,,4967daea4b463f47e79b04d33c435c4be76a87e57a012bba5d3d3733a815e3e9,unmapped/extra folder label: oily
dataset/raw/kaggle_oily_dry_normal/Oily-Dry-Skin-Types/train/oily/oily_45cdfba1c2c2c2861481_jpg.rf.015366c3ce8e30d52bb5674bd65bb50b - Copy.jpg,kaggle_oily_dry_normal,oily,,dadcc318009acd854035daded99b98e56c1d2301ecc653dd930388235c34ec36,unmapped/extra folder label: oily
dataset/raw/kaggle_oily_dry_normal/Oily-Dry-Skin-Types/train/oily/oily_45cdfba1c2c2c2861481_jpg.rf.015366c3ce8e30d52bb5674bd65bb50b.jpg,kaggle_oily_dry_normal,oily,,dadcc318009acd854035daded99b98e56c1d2301ecc653dd930388235c34ec36,unmapped/extra folder label: oily
dataset/raw/kaggle_oily_dry_normal/Oily-Dry-Skin-Types/train/oily/oily_45cdfba1c2c2c2861481_jpg.rf.71a0d38a87aa7884881070f879185121 - Copy.jpg,kaggle_oily_dry_normal,oily,,8c27f400d1359fb32bc6cef28672d001debbe3e8b67b64f8f01af64d0d7cb1a6,unmapped/extra folder label: oily
dataset/raw/kaggle_oily_dry_normal/Oily-Dry-Skin-Types/train/oily/oily_45cdfba1c2c2c2861481_jpg.rf.71a0d38a87aa7884881070f879185121.jpg,kaggle_oily_dry_normal,oily,,8c27f400d1359fb32bc6cef28672d001debbe3e8b67b64f8f01af64d0d7cb1a6,unmapped/extra folder label: oily
dataset/raw/kaggle_oily_dry_normal/Oily-Dry-Skin-Types/train/oily/oily_45cdfba1c2c2c2861481_jpg.rf.9c309d9ab64475a697e98402eaf40d87 - Copy.jpg,kaggle_oily_dry_normal,oily,,790252917a50d98e1429e0262bfa541efea7dbf26cb03d53cb1503d9d8bad0b1,unmapped/extra folder label: oily
dataset/raw/kaggle_oily_dry_normal/Oily-Dry-Skin-Types/train/oily/oily_45cdfba1c2c2c2861481_jpg.rf.9c309d9ab64475a697e98402eaf40d87.jpg,kaggle_oily_dry_normal,oily,,790252917a50d98e1429e0262bfa541efea7dbf26cb03d53cb1503d9d8bad0b1,unmapped/extra folder label: oily
dataset/raw/kaggle_oily_dry_normal/Oily-Dry-Skin-Types/train/oily/oily_473346417b848c5760f3_jpg.rf.5c0b0f5b7efbbd22490e960f4afeb232.jpg,kaggle_oily_dry_normal,oily,,13f3d50ded6aeaac98a8479305e596279115bb8e9caa6c335b2cf53a43a36d44,unmapped/extra folder label: oily
dataset/raw/kaggle_oily_dry_normal/Oily-Dry-Skin-Types/train/oily/oily_473346417b848c5760f3_jpg.rf.a7a8793b7a90d773c7c1210ca626025a.jpg,kaggle_oily_dry_normal,oily,,3a1844b0fe514d3a6fecefde25185048b793329f7a9b07f30d9244ed05965fc4,unmapped/extra folder label: oily
dataset/raw/kaggle_oily_dry_normal/Oily-Dry-Skin-Types/train/oily/oily_473346417b848c5760f3_jpg.rf.c7f044f3224afe33ed3f6ff3574b37da.jpg,kaggle_oily_dry_normal,oily,,f894d90cf730d7b7d12802ed2609e21d27d602d99455000d1b7970d554646e05,unmapped/extra folder label: oily
dataset/raw/kaggle_oily_dry_normal/Oily-Dry-Skin-Types/train/oily/oily_4b86102cdee1ca19241e_jpg.rf.2f886d13b4dd332222e56e8f0f3b7109 - Copy.jpg,kaggle_oily_dry_normal,oily,,35d879b737d45909d8e641277cded04529c820989a4951ad8b70ae63b3f2ead7,unmapped/extra folder label: oily
dataset/raw/kaggle_oily_dry_normal/Oily-Dry-Skin-Types/train/oily/oily_4b86102cdee1ca19241e_jpg.rf.2f886d13b4dd332222e56e8f0f3b7109.jpg,kaggle_oily_dry_normal,oily,,35d879b737d45909d8e641277cded04529c820989a4951ad8b70ae63b3f2ead7,unmapped/extra folder label: oily
dataset/raw/kaggle_oily_dry_normal/Oily-Dry-Skin-Types/train/oily/oily_4b86102cdee1ca19241e_jpg.rf.764db44ca10fac765743b00e549707e5 - Copy.jpg,kaggle_oily_dry_normal,oily,,1c9dc1ec880dd5aaf117f6377dfa415902a29409049ba2fc0adbd69c4a6e2084,unmapped/extra folder label: oily
dataset/raw/kaggle_oily_dry_normal/Oily-Dry-Skin-Types/train/oily/oily_4b86102cdee1ca19241e_jpg.rf.764db44ca10fac765743b00e549707e5.jpg,kaggle_oily_dry_normal,oily,,1c9dc1ec880dd5aaf117f6377dfa415902a29409049ba2fc0adbd69c4a6e2084,unmapped/extra folder label: oily
dataset/raw/kaggle_oily_dry_normal/Oily-Dry-Skin-Types/train/oily/oily_4b86102cdee1ca19241e_jpg.rf.99d0bab8355390ac175e098de3575513 - Copy.jpg,kaggle_oily_dry_normal,oily,,e8f158dcf804ebfbe4a5f3310b706942c35c2625d454f0fda2fa916ba647fc2e,unmapped/extra folder label: oily
dataset/raw/kaggle_oily_dry_normal/Oily-Dry-Skin-Types/train/oily/oily_4b86102cdee1ca19241e_jpg.rf.99d0bab8355390ac175e098de3575513.jpg,kaggle_oily_dry_normal,oily,,e8f158dcf804ebfbe4a5f3310b706942c35c2625d454f0fda2fa916ba647fc2e,unmapped/extra folder label: oily
dataset/raw/kaggle_oily_dry_normal/Oily-Dry-Skin-Types/train/oily/oily_4dbad6db8b7dcd57939a_jpg.rf.d98498b4266f219701aea05be17cf83c - Copy.jpg,kaggle_oily_dry_normal,oily,,187000c84938f6fc8209dce2b4adf541bbfcebd954c8ff10968f26a105fe354e,unmapped/extra folder label: oily
dataset/raw/kaggle_oily_dry_normal/Oily-Dry-Skin-Types/train/oily/oily_4dbad6db8b7dcd57939a_jpg.rf.d98498b4266f219701aea05be17cf83c.jpg,kaggle_oily_dry_normal,oily,,187000c84938f6fc8209dce2b4adf541bbfcebd954c8ff10968f26a105fe354e,unmapped/extra folder label: oily
dataset/raw/kaggle_oily_dry_normal/Oily-Dry-Skin-Types/train/oily/oily_4dbad6db8b7dcd57939a_jpg.rf.f10e3d4f1117e0f84edaf2e69c16d7f7 - Copy.jpg,kaggle_oily_dry_normal,oily,,ead77ab5ab0dd1b8a3bcc54d147be8649005f90d3b74b5310cc1da5d0c1d2e86,unmapped/extra folder label: oily
dataset/raw/kaggle_oily_dry_normal/Oily-Dry-Skin-Types/train/oily/oily_4dbad6db8b7dcd57939a_jpg.rf.f10e3d4f1117e0f84edaf2e69c16d7f7.jpg,kaggle_oily_dry_normal,oily,,ead77ab5ab0dd1b8a3bcc54d147be8649005f90d3b74b5310cc1da5d0c1d2e86,unmapped/extra folder label: oily
dataset/raw/kaggle_oily_dry_normal/Oily-Dry-Skin-Types/train/oily/oily_4dbad6db8b7dcd57939a_jpg.rf.f1a91046dcf0e8870bd4eb6f1f0f793b - Copy.jpg,kaggle_oily_dry_normal,oily,,548541602493c948787af8e17544603d27131a5e2469ff70a1b7eee7a5c4ef36,unmapped/extra folder label: oily
dataset/raw/kaggle_oily_dry_normal/Oily-Dry-Skin-Types/train/oily/oily_4dbad6db8b7dcd57939a_jpg.rf.f1a91046dcf0e8870bd4eb6f1f0f793b.jpg,kaggle_oily_dry_normal,oily,,548541602493c948787af8e17544603d27131a5e2469ff70a1b7eee7a5c4ef36,unmapped/extra folder label: oily
dataset/raw/kaggle_oily_dry_normal/Oily-Dry-Skin-Types/train/oily/oily_4dfa0f5c548828cc97ec_jpg.rf.6d4123bbc6469ee2a474a551d15849f6 - Copy.jpg,kaggle_oily_dry_normal,oily,,b79eacb666f62049a650116ccadcb66b196b3ea940f50cf53f41d27bcf29a809,unmapped/extra folder label: oily
dataset/raw/kaggle_oily_dry_normal/Oily-Dry-Skin-Types/train/oily/oily_4dfa0f5c548828cc97ec_jpg.rf.6d4123bbc6469ee2a474a551d15849f6.jpg,kaggle_oily_dry_normal,oily,,b79eacb666f62049a650116ccadcb66b196b3ea940f50cf53f41d27bcf29a809,unmapped/extra folder label: oily
dataset/raw/kaggle_oily_dry_normal/Oily-Dry-Skin-Types/train/oily/oily_4dfa0f5c548828cc97ec_jpg.rf.7413f82067671c63ec40fa75d41bcd33 - Copy.jpg,kaggle_oily_dry_normal,oily,,bf0d37d114ea1ccd882dc6390134c3b56b0b9aa5b302881653030a28af6326f8,unmapped/extra folder label: oily
dataset/raw/kaggle_oily_dry_normal/Oily-Dry-Skin-Types/train/oily/oily_4dfa0f5c548828cc97ec_jpg.rf.7413f82067671c63ec40fa75d41bcd33.jpg,kaggle_oily_dry_normal,oily,,bf0d37d114ea1ccd882dc6390134c3b56b0b9aa5b302881653030a28af6326f8,unmapped/extra folder label: oily
dataset/raw/kaggle_oily_dry_normal/Oily-Dry-Skin-Types/train/oily/oily_4dfa0f5c548828cc97ec_jpg.rf.e1452b57be170b8b82946aa1e326920f - Copy.jpg,kaggle_oily_dry_normal,oily,,95b628e326f2b4d3bb6284831ddc6ca422eb92ff6dddf1c88d69c230dba53d3c,unmapped/extra folder label: oily
dataset/raw/kaggle_oily_dry_normal/Oily-Dry-Skin-Types/train/oily/oily_4dfa0f5c548828cc97ec_jpg.rf.e1452b57be170b8b82946aa1e326920f.jpg,kaggle_oily_dry_normal,oily,,95b628e326f2b4d3bb6284831ddc6ca422eb92ff6dddf1c88d69c230dba53d3c,unmapped/extra folder label: oily
dataset/raw/kaggle_oily_dry_normal/Oily-Dry-Skin-Types/train/oily/oily_4e44fd089d5cb62f0655_jpg.rf.3c14a6304f2489d7c4c841133d947bf7 - Copy.jpg,kaggle_oily_dry_normal,oily,,3b88ac9b77f8c07d1432676041b9b20995dd95f394a028bd682f4c8ad010677c,unmapped/extra folder label: oily
dataset/raw/kaggle_oily_dry_normal/Oily-Dry-Skin-Types/train/oily/oily_4e44fd089d5cb62f0655_jpg.rf.3c14a6304f2489d7c4c841133d947bf7.jpg,kaggle_oily_dry_normal,oily,,3b88ac9b77f8c07d1432676041b9b20995dd95f394a028bd682f4c8ad010677c,unmapped/extra folder label: oily
dataset/raw/kaggle_oily_dry_normal/Oily-Dry-Skin-Types/train/oily/oily_4e44fd089d5cb62f0655_jpg.rf.7da77c65227b95b08ed03f1d468c056b - Copy.jpg,kaggle_oily_dry_normal,oily,,d60e051927e0e8931f321002060d9026e0b2697a0bc15eec6c57d8b84a906884,unmapped/extra folder label: oily
dataset/raw/kaggle_oily_dry_normal/Oily-Dry-Skin-Types/train/oily/oily_4e44fd089d5cb62f0655_jpg.rf.7da77c65227b95b08ed03f1d468c056b.jpg,kaggle_oily_dry_normal,oily,,d60e051927e0e8931f321002060d9026e0b2697a0bc15eec6c57d8b84a906884,unmapped/extra folder label: oily
dataset/raw/kaggle_oily_dry_normal/Oily-Dry-Skin-Types/train/oily/oily_4e44fd089d5cb62f0655_jpg.rf.9ffcc277cb3c82e06e576fcb3d78deef - Copy.jpg,kaggle_oily_dry_normal,oily,,f28e1412315f2842ae979d74e94951ac50c5c83e13617860012491b1180a4ed2,unmapped/extra folder label: oily
dataset/raw/kaggle_oily_dry_normal/Oily-Dry-Skin-Types/train/oily/oily_4e44fd089d5cb62f0655_jpg.rf.9ffcc277cb3c82e06e576fcb3d78deef.jpg,kaggle_oily_dry_normal,oily,,f28e1412315f2842ae979d74e94951ac50c5c83e13617860012491b1180a4ed2,unmapped/extra folder label: oily
dataset/raw/kaggle_oily_dry_normal/Oily-Dry-Skin-Types/train/oily/oily_4f5c0cf14250da99f98a_jpg.rf.04bd72c2546d249db09900aae65b2c85 - Copy.jpg,kaggle_oily_dry_normal,oily,,1e5ee69ed133a16d6b913dc10e3eac3d3f3bab1a683d63057b53ddcfa94f189a,unmapped/extra folder label: oily
dataset/raw/kaggle_oily_dry_normal/Oily-Dry-Skin-Types/train/oily/oily_4f5c0cf14250da99f98a_jpg.rf.04bd72c2546d249db09900aae65b2c85.jpg,kaggle_oily_dry_normal,oily,,1e5ee69ed133a16d6b913dc10e3eac3d3f3bab1a683d63057b53ddcfa94f189a,unmapped/extra folder label: oily
dataset/raw/kaggle_oily_dry_normal/Oily-Dry-Skin-Types/train/oily/oily_4f5c0cf14250da99f98a_jpg.rf.83ecb9121cefde78d616da7f676f8819 - Copy.jpg,kaggle_oily_dry_normal,oily,,67a57ff40938cafb306344446c4860b07cf9044e40d71ad18512a87a37ab216c,unmapped/extra folder label: oily
dataset/raw/kaggle_oily_dry_normal/Oily-Dry-Skin-Types/train/oily/oily_4f5c0cf14250da99f98a_jpg.rf.83ecb9121cefde78d616da7f676f8819.jpg,kaggle_oily_dry_normal,oily,,67a57ff40938cafb306344446c4860b07cf9044e40d71ad18512a87a37ab216c,unmapped/extra folder label: oily
dataset/raw/kaggle_oily_dry_normal/Oily-Dry-Skin-Types/train/oily/oily_4f5c0cf14250da99f98a_jpg.rf.dfb10d6777d6fa167142b6880f6b66bc - Copy.jpg,kaggle_oily_dry_normal,oily,,186cc5f3fe641178afea2170d0818b050539c5c873f2c2e556438a460566d6f1,unmapped/extra folder label: oily
dataset/raw/kaggle_oily_dry_normal/Oily-Dry-Skin-Types/train/oily/oily_4f5c0cf14250da99f98a_jpg.rf.dfb10d6777d6fa167142b6880f6b66bc.jpg,kaggle_oily_dry_normal,oily,,186cc5f3fe641178afea2170d0818b050539c5c873f2c2e556438a460566d6f1,unmapped/extra folder label: oily
dataset/raw/kaggle_oily_dry_normal/Oily-Dry-Skin-Types/train/oily/oily_50b6ecef89abe40d5cb6_jpg.rf.6e24a9e57bb39a6156a201ae755030a1 - Copy.jpg,kaggle_oily_dry_normal,oily,,04f5477ab29a1d88b9eade269430aaa8cdea442cb47eb79d81a72cb2190de20f,unmapped/extra folder label: oily
dataset/raw/kaggle_oily_dry_normal/Oily-Dry-Skin-Types/train/oily/oily_50b6ecef89abe40d5cb6_jpg.rf.6e24a9e57bb39a6156a201ae755030a1.jpg,kaggle_oily_dry_normal,oily,,04f5477ab29a1d88b9eade269430aaa8cdea442cb47eb79d81a72cb2190de20f,unmapped/extra folder label: oily
dataset/raw/kaggle_oily_dry_normal/Oily-Dry-Skin-Types/train/oily/oily_50b6ecef89abe40d5cb6_jpg.rf.90bb2a3f4f063d8adc7aa297546bf82d - Copy.jpg,kaggle_oily_dry_normal,oily,,7349b0466500367527ffca9c1b6a52d15f3cd1d4c0d02fdf04ddf39b9da19d6f,unmapped/extra folder label: oily
dataset/raw/kaggle_oily_dry_normal/Oily-Dry-Skin-Types/train/oily/oily_50b6ecef89abe40d5cb6_jpg.rf.90bb2a3f4f063d8adc7aa297546bf82d.jpg,kaggle_oily_dry_normal,oily,,7349b0466500367527ffca9c1b6a52d15f3cd1d4c0d02fdf04ddf39b9da19d6f,unmapped/extra folder label: oily
dataset/raw/kaggle_oily_dry_normal/Oily-Dry-Skin-Types/train/oily/oily_50b6ecef89abe40d5cb6_jpg.rf.d88bf3bce68d6fc6f3e579a3d772705f - Copy.jpg,kaggle_oily_dry_normal,oily,,d09c8780b3f1c2cf4a57b8445bc1529de3453a2ee87828310fb2054c6a678908,unmapped/extra folder label: oily
dataset/raw/kaggle_oily_dry_normal/Oily-Dry-Skin-Types/train/oily/oily_50b6ecef89abe40d5cb6_jpg.rf.d88bf3bce68d6fc6f3e579a3d772705f.jpg,kaggle_oily_dry_normal,oily,,d09c8780b3f1c2cf4a57b8445bc1529de3453a2ee87828310fb2054c6a678908,unmapped/extra folder label: oily
dataset/raw/kaggle_oily_dry_normal/Oily-Dry-Skin-Types/train/oily/oily_5195a4490ec4b75f2a97_jpg.rf.1ab8c55c026ad33bcb98bdfc419f1182 - Copy.jpg,kaggle_oily_dry_normal,oily,,446f830f001807deb4e76c9e94803a0895874a74a457d362ae1add2add7c5e4c,unmapped/extra folder label: oily
dataset/raw/kaggle_oily_dry_normal/Oily-Dry-Skin-Types/train/oily/oily_5195a4490ec4b75f2a97_jpg.rf.1ab8c55c026ad33bcb98bdfc419f1182.jpg,kaggle_oily_dry_normal,oily,,446f830f001807deb4e76c9e94803a0895874a74a457d362ae1add2add7c5e4c,unmapped/extra folder label: oily
dataset/raw/kaggle_oily_dry_normal/Oily-Dry-Skin-Types/train/oily/oily_5195a4490ec4b75f2a97_jpg.rf.7f773b664feb53e4fecde63c53940914 - Copy.jpg,kaggle_oily_dry_normal,oily,,7ee5fb1a754cb286e076ae7e3044eb728fafc507f632c05e947c4e095ef0e287,unmapped/extra folder label: oily
dataset/raw/kaggle_oily_dry_normal/Oily-Dry-Skin-Types/train/oily/oily_5195a4490ec4b75f2a97_jpg.rf.7f773b664feb53e4fecde63c53940914.jpg,kaggle_oily_dry_normal,oily,,7ee5fb1a754cb286e076ae7e3044eb728fafc507f632c05e947c4e095ef0e287,unmapped/extra folder label: oily
dataset/raw/kaggle_oily_dry_normal/Oily-Dry-Skin-Types/train/oily/oily_5195a4490ec4b75f2a97_jpg.rf.9145326b5582fb83e3667f849ca3dde7 - Copy.jpg,kaggle_oily_dry_normal,oily,,33fe25b7349bf46c545d9008cb3a16802cd730e305f53e9838d5a1360bdc314b,unmapped/extra folder label: oily
dataset/raw/kaggle_oily_dry_normal/Oily-Dry-Skin-Types/train/oily/oily_5195a4490ec4b75f2a97_jpg.rf.9145326b5582fb83e3667f849ca3dde7.jpg,kaggle_oily_dry_normal,oily,,33fe25b7349bf46c545d9008cb3a16802cd730e305f53e9838d5a1360bdc314b,unmapped/extra folder label: oily
dataset/raw/kaggle_oily_dry_normal/Oily-Dry-Skin-Types/train/oily/oily_53f865477b6815109a91_jpg.rf.593d5049eff2542e55da7a74b780c96b - Copy.jpg,kaggle_oily_dry_normal,oily,,6fa55a4ceb127778d78336619044bc5e10ad1ba827a4435e35590a23a9e9cbd8,unmapped/extra folder label: oily
dataset/raw/kaggle_oily_dry_normal/Oily-Dry-Skin-Types/train/oily/oily_53f865477b6815109a91_jpg.rf.593d5049eff2542e55da7a74b780c96b.jpg,kaggle_oily_dry_normal,oily,,6fa55a4ceb127778d78336619044bc5e10ad1ba827a4435e35590a23a9e9cbd8,unmapped/extra folder label: oily
dataset/raw/kaggle_oily_dry_normal/Oily-Dry-Skin-Types/train/oily/oily_53f865477b6815109a91_jpg.rf.82d77c4472c6ffe3c8500737968984cd - Copy.jpg,kaggle_oily_dry_normal,oily,,799823bdd21f0f2f60c7600ee9ff6288b27ad410201faef4651bec9ad2640efa,unmapped/extra folder label: oily
dataset/raw/kaggle_oily_dry_normal/Oily-Dry-Skin-Types/train/oily/oily_53f865477b6815109a91_jpg.rf.82d77c4472c6ffe3c8500737968984cd.jpg,kaggle_oily_dry_normal,oily,,799823bdd21f0f2f60c7600ee9ff6288b27ad410201faef4651bec9ad2640efa,unmapped/extra folder label: oily
dataset/raw/kaggle_oily_dry_normal/Oily-Dry-Skin-Types/train/oily/oily_53f865477b6815109a91_jpg.rf.e1e5a8b0783c57161b30c5a2dacbfdc4 - Copy.jpg,kaggle_oily_dry_normal,oily,,000356d337ccd4c9b7edef876c6150062ee517bb73a75d698d66e88b7fb86750,unmapped/extra folder label: oily
dataset/raw/kaggle_oily_dry_normal/Oily-Dry-Skin-Types/train/oily/oily_53f865477b6815109a91_jpg.rf.e1e5a8b0783c57161b30c5a2dacbfdc4.jpg,kaggle_oily_dry_normal,oily,,000356d337ccd4c9b7edef876c6150062ee517bb73a75d698d66e88b7fb86750,unmapped/extra folder label: oily
dataset/raw/kaggle_oily_dry_normal/Oily-Dry-Skin-Types/train/oily/oily_54d7e7e9bce13361b29c_jpg.rf.050699e5fea12faa9289fec88ebb6f03 - Copy.jpg,kaggle_oily_dry_normal,oily,,195bbca6e47b5902e588a33c7d029f5c79c7afccae6d19125771a9478467a9b1,unmapped/extra folder label: oily
dataset/raw/kaggle_oily_dry_normal/Oily-Dry-Skin-Types/train/oily/oily_54d7e7e9bce13361b29c_jpg.rf.050699e5fea12faa9289fec88ebb6f03.jpg,kaggle_oily_dry_normal,oily,,195bbca6e47b5902e588a33c7d029f5c79c7afccae6d19125771a9478467a9b1,unmapped/extra folder label: oily
dataset/raw/kaggle_oily_dry_normal/Oily-Dry-Skin-Types/train/oily/oily_54d7e7e9bce13361b29c_jpg.rf.26df2bfabe63179b85dd31a12038b7bb - Copy.jpg,kaggle_oily_dry_normal,oily,,41ab65ac8c1742a7d8aada9cfcbc0427e75dc8e77e61e6f8e1d4ab95d2a95b74,unmapped/extra folder label: oily
dataset/raw/kaggle_oily_dry_normal/Oily-Dry-Skin-Types/train/oily/oily_54d7e7e9bce13361b29c_jpg.rf.26df2bfabe63179b85dd31a12038b7bb.jpg,kaggle_oily_dry_normal,oily,,41ab65ac8c1742a7d8aada9cfcbc0427e75dc8e77e61e6f8e1d4ab95d2a95b74,unmapped/extra folder label: oily
dataset/raw/kaggle_oily_dry_normal/Oily-Dry-Skin-Types/train/oily/oily_54d7e7e9bce13361b29c_jpg.rf.4297c257d251dfecf14d0f400a732dc6 - Copy.jpg,kaggle_oily_dry_normal,oily,,dbaf19f123227e350dc05e1ffbe295e4abbd6d9842b6cab9fb71b86d4bb50e28,unmapped/extra folder label: oily
dataset/raw/kaggle_oily_dry_normal/Oily-Dry-Skin-Types/train/oily/oily_54d7e7e9bce13361b29c_jpg.rf.4297c257d251dfecf14d0f400a732dc6.jpg,kaggle_oily_dry_normal,oily,,dbaf19f123227e350dc05e1ffbe295e4abbd6d9842b6cab9fb71b86d4bb50e28,unmapped/extra folder label: oily
dataset/raw/kaggle_oily_dry_normal/Oily-Dry-Skin-Types/train/oily/oily_566686bf93fa20a72095_jpg.rf.03fb6fd5980c01d90678476dac2d48fb.jpg,kaggle_oily_dry_normal,oily,,9ffdf72a81cf2ca825eca62de63e1435a00368886898f25e7979f9322ca39f01,unmapped/extra folder label: oily
dataset/raw/kaggle_oily_dry_normal/Oily-Dry-Skin-Types/train/oily/oily_566686bf93fa20a72095_jpg.rf.75e1a30a21557b33b4f19a583aa43b3f.jpg,kaggle_oily_dry_normal,oily,,f1965d0e5e0a8efd6377f27c6dc99abb0001a15dd5995c3348ae5033df9812b5,unmapped/extra folder label: oily
dataset/raw/kaggle_oily_dry_normal/Oily-Dry-Skin-Types/train/oily/oily_566686bf93fa20a72095_jpg.rf.9d12587c6d7936a7dc0af1d461c30181.jpg,kaggle_oily_dry_normal,oily,,0cd15c48928ed7462226799e9cebcd7ceab4e123f78773fc968ae5e8cc8ae541,unmapped/extra folder label: oily
dataset/raw/kaggle_oily_dry_normal/Oily-Dry-Skin-Types/train/oily/oily_57a7a9c7839385c34d32_jpg.rf.05f632fa765dfa202fc652bfbc6ff531 - Copy.jpg,kaggle_oily_dry_normal,oily,,4c57812a18e3be5c028d5e52d9458a74321674ab6a50ed18c139be8d77c98726,unmapped/extra folder label: oily
dataset/raw/kaggle_oily_dry_normal/Oily-Dry-Skin-Types/train/oily/oily_57a7a9c7839385c34d32_jpg.rf.05f632fa765dfa202fc652bfbc6ff531.jpg,kaggle_oily_dry_normal,oily,,4c57812a18e3be5c028d5e52d9458a74321674ab6a50ed18c139be8d77c98726,unmapped/extra folder label: oily
dataset/raw/kaggle_oily_dry_normal/Oily-Dry-Skin-Types/train/oily/oily_57a7a9c7839385c34d32_jpg.rf.a6993d8fe66c2836b58f67798d895e44 - Copy.jpg,kaggle_oily_dry_normal,oily,,0ea5a18dcc819b566bae488997d2669afc5c4f4a264ac9c9f5134f915077d8ea,unmapped/extra folder label: oily
dataset/raw/kaggle_oily_dry_normal/Oily-Dry-Skin-Types/train/oily/oily_57a7a9c7839385c34d32_jpg.rf.a6993d8fe66c2836b58f67798d895e44.jpg,kaggle_oily_dry_normal,oily,,0ea5a18dcc819b566bae488997d2669afc5c4f4a264ac9c9f5134f915077d8ea,unmapped/extra folder label: oily
dataset/raw/kaggle_oily_dry_normal/Oily-Dry-Skin-Types/train/oily/oily_57a7a9c7839385c34d32_jpg.rf.c66c94a1fab00d58938731e4bcb3a825 - Copy.jpg,kaggle_oily_dry_normal,oily,,6908f80c4be8d62197825e4b923e0b33685e4e73fedb4949b7348dbdbd157c76,unmapped/extra folder label: oily
dataset/raw/kaggle_oily_dry_normal/Oily-Dry-Skin-Types/train/oily/oily_57a7a9c7839385c34d32_jpg.rf.c66c94a1fab00d58938731e4bcb3a825.jpg,kaggle_oily_dry_normal,oily,,6908f80c4be8d62197825e4b923e0b33685e4e73fedb4949b7348dbdbd157c76,unmapped/extra folder label: oily
dataset/raw/kaggle_oily_dry_normal/Oily-Dry-Skin-Types/train/oily/oily_57e65be6a10d2eaa9d46_jpg.rf.05710a468ed1af6dd8c4bcf48189a184 - Copy.jpg,kaggle_oily_dry_normal,oily,,8e97c75378a56f8510c96e4b9fd330d8c302c24e486c0f9fcc88fcd9e7946fa4,unmapped/extra folder label: oily
dataset/raw/kaggle_oily_dry_normal/Oily-Dry-Skin-Types/train/oily/oily_57e65be6a10d2eaa9d46_jpg.rf.05710a468ed1af6dd8c4bcf48189a184.jpg,kaggle_oily_dry_normal,oily,,8e97c75378a56f8510c96e4b9fd330d8c302c24e486c0f9fcc88fcd9e7946fa4,unmapped/extra folder label: oily
dataset/raw/kaggle_oily_dry_normal/Oily-Dry-Skin-Types/train/oily/oily_57e65be6a10d2eaa9d46_jpg.rf.57bcc620e270fc1179ded4fe325041d4 - Copy.jpg,kaggle_oily_dry_normal,oily,,5a784515b397f48b88f5e9e424112552eab7ee4b5fe89839e75b6ec89b2d9889,unmapped/extra folder label: oily
dataset/raw/kaggle_oily_dry_normal/Oily-Dry-Skin-Types/train/oily/oily_57e65be6a10d2eaa9d46_jpg.rf.57bcc620e270fc1179ded4fe325041d4.jpg,kaggle_oily_dry_normal,oily,,5a784515b397f48b88f5e9e424112552eab7ee4b5fe89839e75b6ec89b2d9889,unmapped/extra folder label: oily
dataset/raw/kaggle_oily_dry_normal/Oily-Dry-Skin-Types/train/oily/oily_57e65be6a10d2eaa9d46_jpg.rf.971ae113e96a7a30cce24f616db97fd6 - Copy.jpg,kaggle_oily_dry_normal,oily,,925b3b7bc12f7644ac6928b3c4140fbd80b7fcbc2956595087372e4ded24195c,unmapped/extra folder label: oily
dataset/raw/kaggle_oily_dry_normal/Oily-Dry-Skin-Types/train/oily/oily_57e65be6a10d2eaa9d46_jpg.rf.971ae113e96a7a30cce24f616db97fd6.jpg,kaggle_oily_dry_normal,oily,,925b3b7bc12f7644ac6928b3c4140fbd80b7fcbc2956595087372e4ded24195c,unmapped/extra folder label: oily
dataset/raw/kaggle_oily_dry_normal/Oily-Dry-Skin-Types/train/oily/oily_5878c81fbaae3aefd9ed_jpg.rf.0825118331db23ad342d1a15fae8d2ea - Copy.jpg,kaggle_oily_dry_normal,oily,,0b6bb05d70bf907440482e7607eaf98eff0cfe34437e3b367e764d9d581c6cd9,unmapped/extra folder label: oily
dataset/raw/kaggle_oily_dry_normal/Oily-Dry-Skin-Types/train/oily/oily_5878c81fbaae3aefd9ed_jpg.rf.0825118331db23ad342d1a15fae8d2ea.jpg,kaggle_oily_dry_normal,oily,,0b6bb05d70bf907440482e7607eaf98eff0cfe34437e3b367e764d9d581c6cd9,unmapped/extra folder label: oily
dataset/raw/kaggle_oily_dry_normal/Oily-Dry-Skin-Types/train/oily/oily_5878c81fbaae3aefd9ed_jpg.rf.0b0fdf2c87c9242dd9eab417b34c9f85 - Copy.jpg,kaggle_oily_dry_normal,oily,,5948f698b3a9c751e59ead758528218ae6a44674174f717524c827a1b69311a4,unmapped/extra folder label: oily
dataset/raw/kaggle_oily_dry_normal/Oily-Dry-Skin-Types/train/oily/oily_5878c81fbaae3aefd9ed_jpg.rf.0b0fdf2c87c9242dd9eab417b34c9f85.jpg,kaggle_oily_dry_normal,oily,,5948f698b3a9c751e59ead758528218ae6a44674174f717524c827a1b69311a4,unmapped/extra folder label: oily
dataset/raw/kaggle_oily_dry_normal/Oily-Dry-Skin-Types/train/oily/oily_5878c81fbaae3aefd9ed_jpg.rf.39af6b6942d80dc31cdfad65a9ecb765 - Copy.jpg,kaggle_oily_dry_normal,oily,,9bfae974d66eeb02be9679049c46bf11dc227280679315de416506812774319a,unmapped/extra folder label: oily
dataset/raw/kaggle_oily_dry_normal/Oily-Dry-Skin-Types/train/oily/oily_5878c81fbaae3aefd9ed_jpg.rf.39af6b6942d80dc31cdfad65a9ecb765.jpg,kaggle_oily_dry_normal,oily,,9bfae974d66eeb02be9679049c46bf11dc227280679315de416506812774319a,unmapped/extra folder label: oily
dataset/raw/kaggle_oily_dry_normal/Oily-Dry-Skin-Types/train/oily/oily_58af23ce352206a200e7_jpg.rf.436bce7fb4e91bd12d63e78e6e19ec83 - Copy.jpg,kaggle_oily_dry_normal,oily,,1909019a260557ad0bc1fbcf183acf95b03d27222763b191730a0dfc268fa359,unmapped/extra folder label: oily
dataset/raw/kaggle_oily_dry_normal/Oily-Dry-Skin-Types/train/oily/oily_58af23ce352206a200e7_jpg.rf.436bce7fb4e91bd12d63e78e6e19ec83.jpg,kaggle_oily_dry_normal,oily,,1909019a260557ad0bc1fbcf183acf95b03d27222763b191730a0dfc268fa359,unmapped/extra folder label: oily
dataset/raw/kaggle_oily_dry_normal/Oily-Dry-Skin-Types/train/oily/oily_58af23ce352206a200e7_jpg.rf.51c7ee5cf02e01de8f425f7171eb3e9c - Copy.jpg,kaggle_oily_dry_normal,oily,,ad901c5d2e08bf82fc2d64cb9647f04a103d48ba359731bd3cd845c7160f15c1,unmapped/extra folder label: oily
dataset/raw/kaggle_oily_dry_normal/Oily-Dry-Skin-Types/train/oily/oily_58af23ce352206a200e7_jpg.rf.51c7ee5cf02e01de8f425f7171eb3e9c.jpg,kaggle_oily_dry_normal,oily,,ad901c5d2e08bf82fc2d64cb9647f04a103d48ba359731bd3cd845c7160f15c1,unmapped/extra folder label: oily
dataset/raw/kaggle_oily_dry_normal/Oily-Dry-Skin-Types/train/oily/oily_58af23ce352206a200e7_jpg.rf.ab1b2910c015f26a9fedf24b7695a917 - Copy.jpg,kaggle_oily_dry_normal,oily,,5cd95879f6862f63d15c16f57e16f19a46436cb6d8754d36283d096d38a7e1a8,unmapped/extra folder label: oily
dataset/raw/kaggle_oily_dry_normal/Oily-Dry-Skin-Types/train/oily/oily_58af23ce352206a200e7_jpg.rf.ab1b2910c015f26a9fedf24b7695a917.jpg,kaggle_oily_dry_normal,oily,,5cd95879f6862f63d15c16f57e16f19a46436cb6d8754d36283d096d38a7e1a8,unmapped/extra folder label: oily
dataset/raw/kaggle_oily_dry_normal/Oily-Dry-Skin-Types/train/oily/oily_5952ac8c206a45bc8d6c_jpg.rf.1fad7fc7dd486f8fd95ccdd294e61488 - Copy.jpg,kaggle_oily_dry_normal,oily,,028a5966c2350c5a21b7e67466f06da6e7940bdb895507b17a5a65d8744ca704,unmapped/extra folder label: oily
dataset/raw/kaggle_oily_dry_normal/Oily-Dry-Skin-Types/train/oily/oily_5952ac8c206a45bc8d6c_jpg.rf.1fad7fc7dd486f8fd95ccdd294e61488.jpg,kaggle_oily_dry_normal,oily,,028a5966c2350c5a21b7e67466f06da6e7940bdb895507b17a5a65d8744ca704,unmapped/extra folder label: oily
dataset/raw/kaggle_oily_dry_normal/Oily-Dry-Skin-Types/train/oily/oily_5952ac8c206a45bc8d6c_jpg.rf.88d2bf634cbd7eac9d72216017b46e0a - Copy.jpg,kaggle_oily_dry_normal,oily,,8ccc37e9774f894b53df4bebf8e0895547be69395b76caff4b1ecc9c7af5d481,unmapped/extra folder label: oily
dataset/raw/kaggle_oily_dry_normal/Oily-Dry-Skin-Types/train/oily/oily_5952ac8c206a45bc8d6c_jpg.rf.88d2bf634cbd7eac9d72216017b46e0a.jpg,kaggle_oily_dry_normal,oily,,8ccc37e9774f894b53df4bebf8e0895547be69395b76caff4b1ecc9c7af5d481,unmapped/extra folder label: oily
dataset/raw/kaggle_oily_dry_normal/Oily-Dry-Skin-Types/train/oily/oily_5952ac8c206a45bc8d6c_jpg.rf.fb01250adc9f0f9be786be25ec09ad6b - Copy.jpg,kaggle_oily_dry_normal,oily,,9be73e13c0e95418e679950efa5abb378be80cb44e241a570f91e0615efacd5b,unmapped/extra folder label: oily
dataset/raw/kaggle_oily_dry_normal/Oily-Dry-Skin-Types/train/oily/oily_5952ac8c206a45bc8d6c_jpg.rf.fb01250adc9f0f9be786be25ec09ad6b.jpg,kaggle_oily_dry_normal,oily,,9be73e13c0e95418e679950efa5abb378be80cb44e241a570f91e0615efacd5b,unmapped/extra folder label: oily
dataset/raw/kaggle_oily_dry_normal/Oily-Dry-Skin-Types/train/oily/oily_59761d656ce7baf8748a_jpg.rf.0daa151a69d0b22ff6dc2dc4a26200f7.jpg,kaggle_oily_dry_normal,oily,,fd5d883e012145603a9780676eced46684d33dd3e82fd22511c764d5936ed6b0,unmapped/extra folder label: oily
dataset/raw/kaggle_oily_dry_normal/Oily-Dry-Skin-Types/train/oily/oily_59761d656ce7baf8748a_jpg.rf.32e8e1a0d7b823cd6abb03f6ef2aa780.jpg,kaggle_oily_dry_normal,oily,,35390835d74ee03761d4f417115b350ec74e3246105c4c820c200dae5d340bdb,unmapped/extra folder label: oily
dataset/raw/kaggle_oily_dry_normal/Oily-Dry-Skin-Types/train/oily/oily_5aa6e0aa1ea3dfc1bbe3_jpg.rf.1bfd5f88644a4dbc214c05276da25a44 - Copy.jpg,kaggle_oily_dry_normal,oily,,50b3d63131491d2e956309ebdcbca0dfe0d20cdebe258c7f3718887b753100ac,unmapped/extra folder label: oily
dataset/raw/kaggle_oily_dry_normal/Oily-Dry-Skin-Types/train/oily/oily_5aa6e0aa1ea3dfc1bbe3_jpg.rf.1bfd5f88644a4dbc214c05276da25a44.jpg,kaggle_oily_dry_normal,oily,,50b3d63131491d2e956309ebdcbca0dfe0d20cdebe258c7f3718887b753100ac,unmapped/extra folder label: oily
dataset/raw/kaggle_oily_dry_normal/Oily-Dry-Skin-Types/train/oily/oily_5aa6e0aa1ea3dfc1bbe3_jpg.rf.5d7d1e0a193e8ca418a2bc2e9ad76db1 - Copy.jpg,kaggle_oily_dry_normal,oily,,00d03a98088678064b4500c62536fb2370d433ae321a54329d9f3d61d04fb631,unmapped/extra folder label: oily
dataset/raw/kaggle_oily_dry_normal/Oily-Dry-Skin-Types/train/oily/oily_5aa6e0aa1ea3dfc1bbe3_jpg.rf.5d7d1e0a193e8ca418a2bc2e9ad76db1.jpg,kaggle_oily_dry_normal,oily,,00d03a98088678064b4500c62536fb2370d433ae321a54329d9f3d61d04fb631,unmapped/extra folder label: oily
dataset/raw/kaggle_oily_dry_normal/Oily-Dry-Skin-Types/train/oily/oily_5aa6e0aa1ea3dfc1bbe3_jpg.rf.accc4d427ea99a349062955c2ce9cdd5 - Copy.jpg,kaggle_oily_dry_normal,oily,,982328d5aa62f8a18dc6cd4eb5a8bae379ef8344dea9b32160fef4f21ed2e3b0,unmapped/extra folder label: oily
dataset/raw/kaggle_oily_dry_normal/Oily-Dry-Skin-Types/train/oily/oily_5aa6e0aa1ea3dfc1bbe3_jpg.rf.accc4d427ea99a349062955c2ce9cdd5.jpg,kaggle_oily_dry_normal,oily,,982328d5aa62f8a18dc6cd4eb5a8bae379ef8344dea9b32160fef4f21ed2e3b0,unmapped/extra folder label: oily
dataset/raw/kaggle_oily_dry_normal/Oily-Dry-Skin-Types/train/oily/oily_5c8a1bbff929743d4c35_jpg.rf.2ec1612b06514fc136565850ad770f4d - Copy.jpg,kaggle_oily_dry_normal,oily,,541d012fb78d565c98d3430ebae98624ac8d70b674084726f104a54c31c23dd9,unmapped/extra folder label: oily
dataset/raw/kaggle_oily_dry_normal/Oily-Dry-Skin-Types/train/oily/oily_5c8a1bbff929743d4c35_jpg.rf.2ec1612b06514fc136565850ad770f4d.jpg,kaggle_oily_dry_normal,oily,,541d012fb78d565c98d3430ebae98624ac8d70b674084726f104a54c31c23dd9,unmapped/extra folder label: oily
dataset/raw/kaggle_oily_dry_normal/Oily-Dry-Skin-Types/train/oily/oily_5c8a1bbff929743d4c35_jpg.rf.9d824f1dad5ed328b10922dd78657e5d - Copy.jpg,kaggle_oily_dry_normal,oily,,e722626ba049a34f58e5fa517aa3716d46211f5a1a5f6c0152fce851adc0364b,unmapped/extra folder label: oily
dataset/raw/kaggle_oily_dry_normal/Oily-Dry-Skin-Types/train/oily/oily_5c8a1bbff929743d4c35_jpg.rf.9d824f1dad5ed328b10922dd78657e5d.jpg,kaggle_oily_dry_normal,oily,,e722626ba049a34f58e5fa517aa3716d46211f5a1a5f6c0152fce851adc0364b,unmapped/extra folder label: oily
dataset/raw/kaggle_oily_dry_normal/Oily-Dry-Skin-Types/train/oily/oily_5c8a1bbff929743d4c35_jpg.rf.e252e59a8aa8b30931b30bb449220a29 - Copy.jpg,kaggle_oily_dry_normal,oily,,7c838d58316727ced7fe88b7f5448713c7b0ed05676472b759a75c0dae479c19,unmapped/extra folder label: oily
dataset/raw/kaggle_oily_dry_normal/Oily-Dry-Skin-Types/train/oily/oily_5c8a1bbff929743d4c35_jpg.rf.e252e59a8aa8b30931b30bb449220a29.jpg,kaggle_oily_dry_normal,oily,,7c838d58316727ced7fe88b7f5448713c7b0ed05676472b759a75c0dae479c19,unmapped/extra folder label: oily
dataset/raw/kaggle_oily_dry_normal/Oily-Dry-Skin-Types/train/oily/oily_5e2b3407644f276c0e58_jpg.rf.1379b416248ca6953c150eb576d1b343 - Copy.jpg,kaggle_oily_dry_normal,oily,,5c824b31d3e7d38486b5d0fffafc712f8b746bb57961d5cd62cca5ea4279a559,unmapped/extra folder label: oily
dataset/raw/kaggle_oily_dry_normal/Oily-Dry-Skin-Types/train/oily/oily_5e2b3407644f276c0e58_jpg.rf.1379b416248ca6953c150eb576d1b343.jpg,kaggle_oily_dry_normal,oily,,5c824b31d3e7d38486b5d0fffafc712f8b746bb57961d5cd62cca5ea4279a559,unmapped/extra folder label: oily
dataset/raw/kaggle_oily_dry_normal/Oily-Dry-Skin-Types/train/oily/oily_5e2b3407644f276c0e58_jpg.rf.4d97728e316ca4ba6143f299c75dc0c6 - Copy.jpg,kaggle_oily_dry_normal,oily,,c35d212129b476aea32bd0a46c3c74bd434cccf3ee84825d0eb8d9681d93f09a,unmapped/extra folder label: oily
dataset/raw/kaggle_oily_dry_normal/Oily-Dry-Skin-Types/train/oily/oily_5e2b3407644f276c0e58_jpg.rf.4d97728e316ca4ba6143f299c75dc0c6.jpg,kaggle_oily_dry_normal,oily,,c35d212129b476aea32bd0a46c3c74bd434cccf3ee84825d0eb8d9681d93f09a,unmapped/extra folder label: oily
dataset/raw/kaggle_oily_dry_normal/Oily-Dry-Skin-Types/train/oily/oily_5e2b3407644f276c0e58_jpg.rf.c502062a7ed06c05d498f2e557cf0e20 - Copy.jpg,kaggle_oily_dry_normal,oily,,bba28d5f71ca288164bd1fa2f1b55a0694a9c8316a51233d60d8407c7debd325,unmapped/extra folder label: oily
dataset/raw/kaggle_oily_dry_normal/Oily-Dry-Skin-Types/train/oily/oily_5e2b3407644f276c0e58_jpg.rf.c502062a7ed06c05d498f2e557cf0e20.jpg,kaggle_oily_dry_normal,oily,,bba28d5f71ca288164bd1fa2f1b55a0694a9c8316a51233d60d8407c7debd325,unmapped/extra folder label: oily
dataset/raw/kaggle_oily_dry_normal/Oily-Dry-Skin-Types/train/oily/oily_5e36fe85aba42c39c283_jpg.rf.3b30ff9a609083bfc72801644dba3eef - Copy.jpg,kaggle_oily_dry_normal,oily,,18b644abe75fff800cd76a2c43751ef8be70259db8c968fc25eb206c7cb6d89a,unmapped/extra folder label: oily
dataset/raw/kaggle_oily_dry_normal/Oily-Dry-Skin-Types/train/oily/oily_5e36fe85aba42c39c283_jpg.rf.3b30ff9a609083bfc72801644dba3eef.jpg,kaggle_oily_dry_normal,oily,,18b644abe75fff800cd76a2c43751ef8be70259db8c968fc25eb206c7cb6d89a,unmapped/extra folder label: oily
dataset/raw/kaggle_oily_dry_normal/Oily-Dry-Skin-Types/train/oily/oily_5e36fe85aba42c39c283_jpg.rf.42c3acbb56fa7b17f70c98f5cea32b2d - Copy.jpg,kaggle_oily_dry_normal,oily,,b2b22f482223795359391e285975e54ff943cbb55f0752b8ad6b2df060f3503c,unmapped/extra folder label: oily
dataset/raw/kaggle_oily_dry_normal/Oily-Dry-Skin-Types/train/oily/oily_5e36fe85aba42c39c283_jpg.rf.42c3acbb56fa7b17f70c98f5cea32b2d.jpg,kaggle_oily_dry_normal,oily,,b2b22f482223795359391e285975e54ff943cbb55f0752b8ad6b2df060f3503c,unmapped/extra folder label: oily
dataset/raw/kaggle_oily_dry_normal/Oily-Dry-Skin-Types/train/oily/oily_5e36fe85aba42c39c283_jpg.rf.7a4442e2f382ab8ce53c24568d48c4ac - Copy.jpg,kaggle_oily_dry_normal,oily,,df119e818b4d4f581904c8f819e26e715d6d3eb5306394146f2ea7a3fa1a8662,unmapped/extra folder label: oily
dataset/raw/kaggle_oily_dry_normal/Oily-Dry-Skin-Types/train/oily/oily_5e36fe85aba42c39c283_jpg.rf.7a4442e2f382ab8ce53c24568d48c4ac.jpg,kaggle_oily_dry_normal,oily,,df119e818b4d4f581904c8f819e26e715d6d3eb5306394146f2ea7a3fa1a8662,unmapped/extra folder label: oily
dataset/raw/kaggle_oily_dry_normal/Oily-Dry-Skin-Types/train/oily/oily_5e3cf44ea1926672a761_jpg.rf.09d732e9cc5073cb640cc6f72fbeafcb - Copy.jpg,kaggle_oily_dry_normal,oily,,32f8b889c9de1deda28eb0dcc55cbcfa9e00dd6411d7e4d87c4623f48f8372b5,unmapped/extra folder label: oily
dataset/raw/kaggle_oily_dry_normal/Oily-Dry-Skin-Types/train/oily/oily_5e3cf44ea1926672a761_jpg.rf.09d732e9cc5073cb640cc6f72fbeafcb.jpg,kaggle_oily_dry_normal,oily,,32f8b889c9de1deda28eb0dcc55cbcfa9e00dd6411d7e4d87c4623f48f8372b5,unmapped/extra folder label: oily
dataset/raw/kaggle_oily_dry_normal/Oily-Dry-Skin-Types/train/oily/oily_5e3cf44ea1926672a761_jpg.rf.2a93d9d9aebfe488d580e490b5a526be - Copy.jpg,kaggle_oily_dry_normal,oily,,367c3ba85aceb0c25cc09dbc52b86507451114841ccb3bcbeb1c9b63d121a6d8,unmapped/extra folder label: oily
dataset/raw/kaggle_oily_dry_normal/Oily-Dry-Skin-Types/train/oily/oily_5e3cf44ea1926672a761_jpg.rf.2a93d9d9aebfe488d580e490b5a526be.jpg,kaggle_oily_dry_normal,oily,,367c3ba85aceb0c25cc09dbc52b86507451114841ccb3bcbeb1c9b63d121a6d8,unmapped/extra folder label: oily
dataset/raw/kaggle_oily_dry_normal/Oily-Dry-Skin-Types/train/oily/oily_5e3cf44ea1926672a761_jpg.rf.6ee405574d219dc4ba9c728691d7ae5a - Copy.jpg,kaggle_oily_dry_normal,oily,,3e4ae45ad2a69bf2f6f262c4b8e4274d865172ce66f047d0954ea1f9e4830604,unmapped/extra folder label: oily
dataset/raw/kaggle_oily_dry_normal/Oily-Dry-Skin-Types/train/oily/oily_5e3cf44ea1926672a761_jpg.rf.6ee405574d219dc4ba9c728691d7ae5a.jpg,kaggle_oily_dry_normal,oily,,3e4ae45ad2a69bf2f6f262c4b8e4274d865172ce66f047d0954ea1f9e4830604,unmapped/extra folder label: oily
dataset/raw/kaggle_oily_dry_normal/Oily-Dry-Skin-Types/train/oily/oily_5efdc7cd8b31ce4c07b6_jpg.rf.0f5e8cc10feeebd2bbe8305d495cf562 - Copy.jpg,kaggle_oily_dry_normal,oily,,990ae4b8e8cac96e232c1f544e8c0d161fdb8be51d294e3b63f23d8847116c0f,unmapped/extra folder label: oily
dataset/raw/kaggle_oily_dry_normal/Oily-Dry-Skin-Types/train/oily/oily_5efdc7cd8b31ce4c07b6_jpg.rf.0f5e8cc10feeebd2bbe8305d495cf562.jpg,kaggle_oily_dry_normal,oily,,990ae4b8e8cac96e232c1f544e8c0d161fdb8be51d294e3b63f23d8847116c0f,unmapped/extra folder label: oily
dataset/raw/kaggle_oily_dry_normal/Oily-Dry-Skin-Types/train/oily/oily_5efdc7cd8b31ce4c07b6_jpg.rf.1ae658aa3e23c084423095ae0a475fd4 - Copy.jpg,kaggle_oily_dry_normal,oily,,cf317044e9333016f19c6634f78f2d7ac3ebc06728263958078b788a68aadf1c,unmapped/extra folder label: oily
dataset/raw/kaggle_oily_dry_normal/Oily-Dry-Skin-Types/train/oily/oily_5efdc7cd8b31ce4c07b6_jpg.rf.1ae658aa3e23c084423095ae0a475fd4.jpg,kaggle_oily_dry_normal,oily,,cf317044e9333016f19c6634f78f2d7ac3ebc06728263958078b788a68aadf1c,unmapped/extra folder label: oily
dataset/raw/kaggle_oily_dry_normal/Oily-Dry-Skin-Types/train/oily/oily_5efdc7cd8b31ce4c07b6_jpg.rf.4b93dcb0448457599f5a886af3976645 - Copy.jpg,kaggle_oily_dry_normal,oily,,b126fd8fa3e7578430d33cb57a72626d7bcc82c1aeaa127ff0facb485c99af7e,unmapped/extra folder label: oily
dataset/raw/kaggle_oily_dry_normal/Oily-Dry-Skin-Types/train/oily/oily_5efdc7cd8b31ce4c07b6_jpg.rf.4b93dcb0448457599f5a886af3976645.jpg,kaggle_oily_dry_normal,oily,,b126fd8fa3e7578430d33cb57a72626d7bcc82c1aeaa127ff0facb485c99af7e,unmapped/extra folder label: oily
dataset/raw/kaggle_oily_dry_normal/Oily-Dry-Skin-Types/train/oily/oily_5ff36311a5a7333d846a_jpg.rf.88a78440fb5d90b2b10f7b0c8359e551 - Copy.jpg,kaggle_oily_dry_normal,oily,,b46feb20821fdb87716176b43c30b9990932f0ff8ff15b724c8c799499b44fff,unmapped/extra folder label: oily
dataset/raw/kaggle_oily_dry_normal/Oily-Dry-Skin-Types/train/oily/oily_5ff36311a5a7333d846a_jpg.rf.88a78440fb5d90b2b10f7b0c8359e551.jpg,kaggle_oily_dry_normal,oily,,b46feb20821fdb87716176b43c30b9990932f0ff8ff15b724c8c799499b44fff,unmapped/extra folder label: oily
dataset/raw/kaggle_oily_dry_normal/Oily-Dry-Skin-Types/train/oily/oily_5ff36311a5a7333d846a_jpg.rf.a5ed223369e16dd3fdc695a6a55cff92 - Copy.jpg,kaggle_oily_dry_normal,oily,,ff4e176be63cc6d4c52113082d06f27333784137137963b1341513a593a53f81,unmapped/extra folder label: oily
dataset/raw/kaggle_oily_dry_normal/Oily-Dry-Skin-Types/train/oily/oily_5ff36311a5a7333d846a_jpg.rf.a5ed223369e16dd3fdc695a6a55cff92.jpg,kaggle_oily_dry_normal,oily,,ff4e176be63cc6d4c52113082d06f27333784137137963b1341513a593a53f81,unmapped/extra folder label: oily
dataset/raw/kaggle_oily_dry_normal/Oily-Dry-Skin-Types/train/oily/oily_5ff36311a5a7333d846a_jpg.rf.e56e932302e47621faf7bb03e0f63a7d - Copy.jpg,kaggle_oily_dry_normal,oily,,4ffe2d65af17815c4aa48c49cf50afc033eb0df45a5ae9955830d5b9a80dc4bd,unmapped/extra folder label: oily
dataset/raw/kaggle_oily_dry_normal/Oily-Dry-Skin-Types/train/oily/oily_5ff36311a5a7333d846a_jpg.rf.e56e932302e47621faf7bb03e0f63a7d.jpg,kaggle_oily_dry_normal,oily,,4ffe2d65af17815c4aa48c49cf50afc033eb0df45a5ae9955830d5b9a80dc4bd,unmapped/extra folder label: oily
dataset/raw/kaggle_oily_dry_normal/Oily-Dry-Skin-Types/train/oily/oily_63df3d8e7855683dc0b2_jpg.rf.171fa43b019defd314ced34e0f0b5d9d - Copy.jpg,kaggle_oily_dry_normal,oily,,e4b11d2da8267a006e7387527cd9a572786e6df66cac5652a45fa3d3065de5f5,unmapped/extra folder label: oily
dataset/raw/kaggle_oily_dry_normal/Oily-Dry-Skin-Types/train/oily/oily_63df3d8e7855683dc0b2_jpg.rf.171fa43b019defd314ced34e0f0b5d9d.jpg,kaggle_oily_dry_normal,oily,,e4b11d2da8267a006e7387527cd9a572786e6df66cac5652a45fa3d3065de5f5,unmapped/extra folder label: oily
dataset/raw/kaggle_oily_dry_normal/Oily-Dry-Skin-Types/train/oily/oily_63df3d8e7855683dc0b2_jpg.rf.3bfe31999b64b5cbc1a2def621719286 - Copy.jpg,kaggle_oily_dry_normal,oily,,4557c9ab4d1d67339c72dd6452c6ea9165f5ad96c8d6c5a0bda0d4e0cccceb36,unmapped/extra folder label: oily
dataset/raw/kaggle_oily_dry_normal/Oily-Dry-Skin-Types/train/oily/oily_63df3d8e7855683dc0b2_jpg.rf.3bfe31999b64b5cbc1a2def621719286.jpg,kaggle_oily_dry_normal,oily,,4557c9ab4d1d67339c72dd6452c6ea9165f5ad96c8d6c5a0bda0d4e0cccceb36,unmapped/extra folder label: oily
dataset/raw/kaggle_oily_dry_normal/Oily-Dry-Skin-Types/train/oily/oily_63df3d8e7855683dc0b2_jpg.rf.ce234297c2fd72fc55b441d8363a7533 - Copy.jpg,kaggle_oily_dry_normal,oily,,3e38dd7984e1199f45db0e41f7d08158256c4fe74be58b924a483a37ad5efd9c,unmapped/extra folder label: oily
dataset/raw/kaggle_oily_dry_normal/Oily-Dry-Skin-Types/train/oily/oily_63df3d8e7855683dc0b2_jpg.rf.ce234297c2fd72fc55b441d8363a7533.jpg,kaggle_oily_dry_normal,oily,,3e38dd7984e1199f45db0e41f7d08158256c4fe74be58b924a483a37ad5efd9c,unmapped/extra folder label: oily
dataset/raw/kaggle_oily_dry_normal/Oily-Dry-Skin-Types/train/oily/oily_6432db3dd454280616a9_jpg.rf.52ad6f1726ac44b3ac32d26d313bc785 - Copy.jpg,kaggle_oily_dry_normal,oily,,e8f5e23eb4d4f911ce2d7407db9b042912211bea8d0faa28db1d25719b9a9f3b,unmapped/extra folder label: oily
dataset/raw/kaggle_oily_dry_normal/Oily-Dry-Skin-Types/train/oily/oily_6432db3dd454280616a9_jpg.rf.52ad6f1726ac44b3ac32d26d313bc785.jpg,kaggle_oily_dry_normal,oily,,e8f5e23eb4d4f911ce2d7407db9b042912211bea8d0faa28db1d25719b9a9f3b,unmapped/extra folder label: oily
dataset/raw/kaggle_oily_dry_normal/Oily-Dry-Skin-Types/train/oily/oily_6432db3dd454280616a9_jpg.rf.891b12ace67e90c22cd945c31035a28e - Copy.jpg,kaggle_oily_dry_normal,oily,,d6a39e71a97b2ff88c547520a95465392d65a368bc2472ac62e8e84d35df5941,unmapped/extra folder label: oily
dataset/raw/kaggle_oily_dry_normal/Oily-Dry-Skin-Types/train/oily/oily_6432db3dd454280616a9_jpg.rf.891b12ace67e90c22cd945c31035a28e.jpg,kaggle_oily_dry_normal,oily,,d6a39e71a97b2ff88c547520a95465392d65a368bc2472ac62e8e84d35df5941,unmapped/extra folder label: oily
dataset/raw/kaggle_oily_dry_normal/Oily-Dry-Skin-Types/train/oily/oily_6432db3dd454280616a9_jpg.rf.d101d001ce4d1aa1e90fb5cbdb2c86ed - Copy.jpg,kaggle_oily_dry_normal,oily,,703d8307879c8db99c18cf7c2684de667c6fa284dda0b626c3daf8acdf735e40,unmapped/extra folder label: oily
dataset/raw/kaggle_oily_dry_normal/Oily-Dry-Skin-Types/train/oily/oily_6432db3dd454280616a9_jpg.rf.d101d001ce4d1aa1e90fb5cbdb2c86ed.jpg,kaggle_oily_dry_normal,oily,,703d8307879c8db99c18cf7c2684de667c6fa284dda0b626c3daf8acdf735e40,unmapped/extra folder label: oily
dataset/raw/kaggle_oily_dry_normal/Oily-Dry-Skin-Types/train/oily/oily_65ecc2581228c12f8db6_jpg.rf.04c86ba4982c449bd3de8b7f2011d805 - Copy.jpg,kaggle_oily_dry_normal,oily,,0fcfbd7bbb2a82c78b73acc085fb87d9187bd6bd587c3196ec588547554db748,unmapped/extra folder label: oily
dataset/raw/kaggle_oily_dry_normal/Oily-Dry-Skin-Types/train/oily/oily_65ecc2581228c12f8db6_jpg.rf.04c86ba4982c449bd3de8b7f2011d805.jpg,kaggle_oily_dry_normal,oily,,0fcfbd7bbb2a82c78b73acc085fb87d9187bd6bd587c3196ec588547554db748,unmapped/extra folder label: oily
dataset/raw/kaggle_oily_dry_normal/Oily-Dry-Skin-Types/train/oily/oily_65ecc2581228c12f8db6_jpg.rf.3233a50d7e3f7dac299ac1685bf2ac8c - Copy.jpg,kaggle_oily_dry_normal,oily,,aa87d3a1e3dbc4db8cbb6f72b6a79345f5ac9e0c6c45689fce68867d1d6ff7dc,unmapped/extra folder label: oily
dataset/raw/kaggle_oily_dry_normal/Oily-Dry-Skin-Types/train/oily/oily_65ecc2581228c12f8db6_jpg.rf.3233a50d7e3f7dac299ac1685bf2ac8c.jpg,kaggle_oily_dry_normal,oily,,aa87d3a1e3dbc4db8cbb6f72b6a79345f5ac9e0c6c45689fce68867d1d6ff7dc,unmapped/extra folder label: oily
dataset/raw/kaggle_oily_dry_normal/Oily-Dry-Skin-Types/train/oily/oily_65ecc2581228c12f8db6_jpg.rf.56fdf6f159a39ac310561ede0cc4df29 - Copy.jpg,kaggle_oily_dry_normal,oily,,0b7087e41e988367ee599d388230f6001e25df3a5df7295fc38a1d4faa1c8e56,unmapped/extra folder label: oily
dataset/raw/kaggle_oily_dry_normal/Oily-Dry-Skin-Types/train/oily/oily_65ecc2581228c12f8db6_jpg.rf.56fdf6f159a39ac310561ede0cc4df29.jpg,kaggle_oily_dry_normal,oily,,0b7087e41e988367ee599d388230f6001e25df3a5df7295fc38a1d4faa1c8e56,unmapped/extra folder label: oily
dataset/raw/kaggle_oily_dry_normal/Oily-Dry-Skin-Types/train/oily/oily_65ff22cb0310bb6e7ec1_jpg.rf.5bbca6643e9514a44e40ad11a8085733 - Copy.jpg,kaggle_oily_dry_normal,oily,,d617f07d9df4eb41f7aae4b152c01b7ed1970f079c9344730b9f777d64b7d73a,unmapped/extra folder label: oily
dataset/raw/kaggle_oily_dry_normal/Oily-Dry-Skin-Types/train/oily/oily_65ff22cb0310bb6e7ec1_jpg.rf.5bbca6643e9514a44e40ad11a8085733.jpg,kaggle_oily_dry_normal,oily,,d617f07d9df4eb41f7aae4b152c01b7ed1970f079c9344730b9f777d64b7d73a,unmapped/extra folder label: oily
dataset/raw/kaggle_oily_dry_normal/Oily-Dry-Skin-Types/train/oily/oily_65ff22cb0310bb6e7ec1_jpg.rf.cb5bcd9e6753ae9df3cae4ab08a6521a - Copy.jpg,kaggle_oily_dry_normal,oily,,d138d1381db8d08e6e75d57475ffcbc99bf7a7dc150cadcaeed54e1eccef7812,unmapped/extra folder label: oily
dataset/raw/kaggle_oily_dry_normal/Oily-Dry-Skin-Types/train/oily/oily_65ff22cb0310bb6e7ec1_jpg.rf.cb5bcd9e6753ae9df3cae4ab08a6521a.jpg,kaggle_oily_dry_normal,oily,,d138d1381db8d08e6e75d57475ffcbc99bf7a7dc150cadcaeed54e1eccef7812,unmapped/extra folder label: oily
dataset/raw/kaggle_oily_dry_normal/Oily-Dry-Skin-Types/train/oily/oily_65ff22cb0310bb6e7ec1_jpg.rf.e1df7cb2db4078d7cd87e46d3baec388 - Copy.jpg,kaggle_oily_dry_normal,oily,,11eeee810f5b8017e09cf3b61a6dd2fcd3498cfafcce859b01468b88b8fc5aa5,unmapped/extra folder label: oily
dataset/raw/kaggle_oily_dry_normal/Oily-Dry-Skin-Types/train/oily/oily_65ff22cb0310bb6e7ec1_jpg.rf.e1df7cb2db4078d7cd87e46d3baec388.jpg,kaggle_oily_dry_normal,oily,,11eeee810f5b8017e09cf3b61a6dd2fcd3498cfafcce859b01468b88b8fc5aa5,unmapped/extra folder label: oily
dataset/raw/kaggle_oily_dry_normal/Oily-Dry-Skin-Types/train/oily/oily_67ab876cff80cc60d92b_jpg.rf.06fa844114bdc562d0b73fd2f321a303 - Copy.jpg,kaggle_oily_dry_normal,oily,,4fe6a79ec254b6e88726d321e09264a17f5dcbd5dc60791e7c4d426416071998,unmapped/extra folder label: oily
dataset/raw/kaggle_oily_dry_normal/Oily-Dry-Skin-Types/train/oily/oily_67ab876cff80cc60d92b_jpg.rf.06fa844114bdc562d0b73fd2f321a303.jpg,kaggle_oily_dry_normal,oily,,4fe6a79ec254b6e88726d321e09264a17f5dcbd5dc60791e7c4d426416071998,unmapped/extra folder label: oily
dataset/raw/kaggle_oily_dry_normal/Oily-Dry-Skin-Types/train/oily/oily_67ab876cff80cc60d92b_jpg.rf.ae7ba19602a1a90dcdeab425abd68bdc - Copy.jpg,kaggle_oily_dry_normal,oily,,1bbd3bf4fc5926b9f633a9d00bc7643188c65e5b71e1aeaa888c63ac0f4c3f66,unmapped/extra folder label: oily
dataset/raw/kaggle_oily_dry_normal/Oily-Dry-Skin-Types/train/oily/oily_67ab876cff80cc60d92b_jpg.rf.ae7ba19602a1a90dcdeab425abd68bdc.jpg,kaggle_oily_dry_normal,oily,,1bbd3bf4fc5926b9f633a9d00bc7643188c65e5b71e1aeaa888c63ac0f4c3f66,unmapped/extra folder label: oily
dataset/raw/kaggle_oily_dry_normal/Oily-Dry-Skin-Types/train/oily/oily_67ab876cff80cc60d92b_jpg.rf.b558e702ef552233d04a1f11b654c22b - Copy.jpg,kaggle_oily_dry_normal,oily,,093a27fe72e0aaa6bf681cbeb618b261239566f38235cb2040c8084a8c322746,unmapped/extra folder label: oily
dataset/raw/kaggle_oily_dry_normal/Oily-Dry-Skin-Types/train/oily/oily_67ab876cff80cc60d92b_jpg.rf.b558e702ef552233d04a1f11b654c22b.jpg,kaggle_oily_dry_normal,oily,,093a27fe72e0aaa6bf681cbeb618b261239566f38235cb2040c8084a8c322746,unmapped/extra folder label: oily
dataset/raw/kaggle_oily_dry_normal/Oily-Dry-Skin-Types/train/oily/oily_68ea87c18d83a3bd5d32_jpg.rf.08cb5c87507caacf6c427968273b9da5 - Copy.jpg,kaggle_oily_dry_normal,oily,,301c1e052d4d8ff1b5f7041d84d42d41662ceaf75e7ba931ce124c3d36be1193,unmapped/extra folder label: oily
dataset/raw/kaggle_oily_dry_normal/Oily-Dry-Skin-Types/train/oily/oily_68ea87c18d83a3bd5d32_jpg.rf.08cb5c87507caacf6c427968273b9da5.jpg,kaggle_oily_dry_normal,oily,,301c1e052d4d8ff1b5f7041d84d42d41662ceaf75e7ba931ce124c3d36be1193,unmapped/extra folder label: oily
dataset/raw/kaggle_oily_dry_normal/Oily-Dry-Skin-Types/train/oily/oily_68ea87c18d83a3bd5d32_jpg.rf.180791afe8a354a7c535d72328c79c36 - Copy.jpg,kaggle_oily_dry_normal,oily,,8a54737e8001cdc6ec13612b6cd98f57d3250e92e0f2f7f6344c5d947c210c4a,unmapped/extra folder label: oily
dataset/raw/kaggle_oily_dry_normal/Oily-Dry-Skin-Types/train/oily/oily_68ea87c18d83a3bd5d32_jpg.rf.180791afe8a354a7c535d72328c79c36.jpg,kaggle_oily_dry_normal,oily,,8a54737e8001cdc6ec13612b6cd98f57d3250e92e0f2f7f6344c5d947c210c4a,unmapped/extra folder label: oily
dataset/raw/kaggle_oily_dry_normal/Oily-Dry-Skin-Types/train/oily/oily_68ea87c18d83a3bd5d32_jpg.rf.e8e7af9daabfde95f7ad49d7627bb4cf - Copy.jpg,kaggle_oily_dry_normal,oily,,7628261b44933a019ce4c412156dfc85e23895bb7ca41ee73626b2625daef3e9,unmapped/extra folder label: oily
dataset/raw/kaggle_oily_dry_normal/Oily-Dry-Skin-Types/train/oily/oily_68ea87c18d83a3bd5d32_jpg.rf.e8e7af9daabfde95f7ad49d7627bb4cf.jpg,kaggle_oily_dry_normal,oily,,7628261b44933a019ce4c412156dfc85e23895bb7ca41ee73626b2625daef3e9,unmapped/extra folder label: oily
dataset/raw/kaggle_oily_dry_normal/Oily-Dry-Skin-Types/train/oily/oily_69338caee2f7be1a3609_jpg.rf.222aaeb12d4dc687f49af17a9c4aa052.jpg,kaggle_oily_dry_normal,oily,,17b35bab341602f1bc97b111c1a1f99dad808734fbffb83170881efaa61a392c,unmapped/extra folder label: oily
dataset/raw/kaggle_oily_dry_normal/Oily-Dry-Skin-Types/train/oily/oily_69338caee2f7be1a3609_jpg.rf.545d23fcb88bb1f21f14fb42cc7f628d.jpg,kaggle_oily_dry_normal,oily,,6b195d84005981917a257929c3429413659a3aa1d8b85a62f9ab64ec4177d0e7,unmapped/extra folder label: oily
dataset/raw/kaggle_oily_dry_normal/Oily-Dry-Skin-Types/train/oily/oily_69338caee2f7be1a3609_jpg.rf.b8993172545733555b7d577932ab7f54.jpg,kaggle_oily_dry_normal,oily,,86f82c4a001ac494d919607e938b75c4674bda88654be3a0f358f50855013d83,unmapped/extra folder label: oily
dataset/raw/kaggle_oily_dry_normal/Oily-Dry-Skin-Types/train/oily/oily_698c800767fe8306e48a_jpg.rf.38357fd9143e81102b804ee1cd4da738 - Copy.jpg,kaggle_oily_dry_normal,oily,,e5a53a6ac78923d6d6ec54a3b77b774833b6a730268656950b6dbc48a86d325a,unmapped/extra folder label: oily
dataset/raw/kaggle_oily_dry_normal/Oily-Dry-Skin-Types/train/oily/oily_698c800767fe8306e48a_jpg.rf.38357fd9143e81102b804ee1cd4da738.jpg,kaggle_oily_dry_normal,oily,,e5a53a6ac78923d6d6ec54a3b77b774833b6a730268656950b6dbc48a86d325a,unmapped/extra folder label: oily
dataset/raw/kaggle_oily_dry_normal/Oily-Dry-Skin-Types/train/oily/oily_698c800767fe8306e48a_jpg.rf.8cce33ef46abbb90bee45c39fc7abc6e - Copy.jpg,kaggle_oily_dry_normal,oily,,ee2614f3b2a2b4681d40a4f2774ec43b39cd8394ffd0c4512c5a320b06f99d01,unmapped/extra folder label: oily
dataset/raw/kaggle_oily_dry_normal/Oily-Dry-Skin-Types/train/oily/oily_698c800767fe8306e48a_jpg.rf.8cce33ef46abbb90bee45c39fc7abc6e.jpg,kaggle_oily_dry_normal,oily,,ee2614f3b2a2b4681d40a4f2774ec43b39cd8394ffd0c4512c5a320b06f99d01,unmapped/extra folder label: oily
dataset/raw/kaggle_oily_dry_normal/Oily-Dry-Skin-Types/train/oily/oily_698c800767fe8306e48a_jpg.rf.aefaedec75daf7227912cd7599c23080 - Copy.jpg,kaggle_oily_dry_normal,oily,,9bc4a12ec506c22e790bd74b04ecd92dfdf652edbf573e03ac1431c681b3508a,unmapped/extra folder label: oily
dataset/raw/kaggle_oily_dry_normal/Oily-Dry-Skin-Types/train/oily/oily_698c800767fe8306e48a_jpg.rf.aefaedec75daf7227912cd7599c23080.jpg,kaggle_oily_dry_normal,oily,,9bc4a12ec506c22e790bd74b04ecd92dfdf652edbf573e03ac1431c681b3508a,unmapped/extra folder label: oily
dataset/raw/kaggle_oily_dry_normal/Oily-Dry-Skin-Types/train/oily/oily_6a0a6d412eb4026de450_jpg.rf.1c91d04b19b260222f97d7a34f4fdf71 - Copy.jpg,kaggle_oily_dry_normal,oily,,d1934f0ede8c5c342a1a1392fcbd63239aab3f080b6351fbe5d7414db343e049,unmapped/extra folder label: oily
dataset/raw/kaggle_oily_dry_normal/Oily-Dry-Skin-Types/train/oily/oily_6a0a6d412eb4026de450_jpg.rf.1c91d04b19b260222f97d7a34f4fdf71.jpg,kaggle_oily_dry_normal,oily,,d1934f0ede8c5c342a1a1392fcbd63239aab3f080b6351fbe5d7414db343e049,unmapped/extra folder label: oily
dataset/raw/kaggle_oily_dry_normal/Oily-Dry-Skin-Types/train/oily/oily_6a0a6d412eb4026de450_jpg.rf.1e74e52ff51495fac7db17a0de59cb3c - Copy.jpg,kaggle_oily_dry_normal,oily,,d7549cbce347696652796439d4bbefef159c93e8f2ba737541a4a08041cbe320,unmapped/extra folder label: oily
dataset/raw/kaggle_oily_dry_normal/Oily-Dry-Skin-Types/train/oily/oily_6a0a6d412eb4026de450_jpg.rf.1e74e52ff51495fac7db17a0de59cb3c.jpg,kaggle_oily_dry_normal,oily,,d7549cbce347696652796439d4bbefef159c93e8f2ba737541a4a08041cbe320,unmapped/extra folder label: oily
dataset/raw/kaggle_oily_dry_normal/Oily-Dry-Skin-Types/train/oily/oily_6a0a6d412eb4026de450_jpg.rf.8669e4fdc8482dbf9a99e6db50dc6be4 - Copy.jpg,kaggle_oily_dry_normal,oily,,12ed3a908f56822976d4a0c7cf31e7e68063fbe4dbcf74df686b1a15e60c819b,unmapped/extra folder label: oily
dataset/raw/kaggle_oily_dry_normal/Oily-Dry-Skin-Types/train/oily/oily_6a0a6d412eb4026de450_jpg.rf.8669e4fdc8482dbf9a99e6db50dc6be4.jpg,kaggle_oily_dry_normal,oily,,12ed3a908f56822976d4a0c7cf31e7e68063fbe4dbcf74df686b1a15e60c819b,unmapped/extra folder label: oily
dataset/raw/kaggle_oily_dry_normal/Oily-Dry-Skin-Types/train/oily/oily_6ae1bc85ab38675076a3_jpg.rf.089c48bd72d3084cb897493f33adb895 - Copy.jpg,kaggle_oily_dry_normal,oily,,6d9e3f5184b05c6e8ac99ea9a6849be04ba10f2afa9b98c482cd4aee9a25766b,unmapped/extra folder label: oily
dataset/raw/kaggle_oily_dry_normal/Oily-Dry-Skin-Types/train/oily/oily_6ae1bc85ab38675076a3_jpg.rf.089c48bd72d3084cb897493f33adb895.jpg,kaggle_oily_dry_normal,oily,,6d9e3f5184b05c6e8ac99ea9a6849be04ba10f2afa9b98c482cd4aee9a25766b,unmapped/extra folder label: oily
dataset/raw/kaggle_oily_dry_normal/Oily-Dry-Skin-Types/train/oily/oily_6ae1bc85ab38675076a3_jpg.rf.87cfb66789e9885701a6df0745991b94 - Copy.jpg,kaggle_oily_dry_normal,oily,,e87af7fed0a88949b37da65c75e09068e670b42556fb35336ae341e3f3266a10,unmapped/extra folder label: oily
dataset/raw/kaggle_oily_dry_normal/Oily-Dry-Skin-Types/train/oily/oily_6ae1bc85ab38675076a3_jpg.rf.87cfb66789e9885701a6df0745991b94.jpg,kaggle_oily_dry_normal,oily,,e87af7fed0a88949b37da65c75e09068e670b42556fb35336ae341e3f3266a10,unmapped/extra folder label: oily
dataset/raw/kaggle_oily_dry_normal/Oily-Dry-Skin-Types/train/oily/oily_6ae1bc85ab38675076a3_jpg.rf.9a32d91b532f833c9f1803299ae241fc - Copy.jpg,kaggle_oily_dry_normal,oily,,38962e883fecb93b20c7f6a31966a69b0c39d8a4f989c7c1fae25caf9c617dbc,unmapped/extra folder label: oily
dataset/raw/kaggle_oily_dry_normal/Oily-Dry-Skin-Types/train/oily/oily_6ae1bc85ab38675076a3_jpg.rf.9a32d91b532f833c9f1803299ae241fc.jpg,kaggle_oily_dry_normal,oily,,38962e883fecb93b20c7f6a31966a69b0c39d8a4f989c7c1fae25caf9c617dbc,unmapped/extra folder label: oily
dataset/raw/kaggle_oily_dry_normal/Oily-Dry-Skin-Types/train/oily/oily_6b3efbf6c0f3dc5e4ba4_jpg.rf.8a202a7609d69b9a1d79ccab26b4c4af - Copy.jpg,kaggle_oily_dry_normal,oily,,748e8c4863e37eb99dc1d71661612485e08e9628472245ae9397eac2abec0f66,unmapped/extra folder label: oily
dataset/raw/kaggle_oily_dry_normal/Oily-Dry-Skin-Types/train/oily/oily_6b3efbf6c0f3dc5e4ba4_jpg.rf.8a202a7609d69b9a1d79ccab26b4c4af.jpg,kaggle_oily_dry_normal,oily,,748e8c4863e37eb99dc1d71661612485e08e9628472245ae9397eac2abec0f66,unmapped/extra folder label: oily
dataset/raw/kaggle_oily_dry_normal/Oily-Dry-Skin-Types/train/oily/oily_6b3efbf6c0f3dc5e4ba4_jpg.rf.bf8755db9ad513293737abf0381ba575 - Copy.jpg,kaggle_oily_dry_normal,oily,,318f81945d9c57a1822a7e9ebb59dd4b55d57e82c29022796bef10812c7b3094,unmapped/extra folder label: oily
dataset/raw/kaggle_oily_dry_normal/Oily-Dry-Skin-Types/train/oily/oily_6b3efbf6c0f3dc5e4ba4_jpg.rf.bf8755db9ad513293737abf0381ba575.jpg,kaggle_oily_dry_normal,oily,,318f81945d9c57a1822a7e9ebb59dd4b55d57e82c29022796bef10812c7b3094,unmapped/extra folder label: oily
dataset/raw/kaggle_oily_dry_normal/Oily-Dry-Skin-Types/train/oily/oily_6b3efbf6c0f3dc5e4ba4_jpg.rf.f25e973c0b7a8950e533bdd813496c25 - Copy.jpg,kaggle_oily_dry_normal,oily,,6fab72dbf7a81a093503955d2944276a3c06f2ac270924d5d6d63aca204fb686,unmapped/extra folder label: oily
dataset/raw/kaggle_oily_dry_normal/Oily-Dry-Skin-Types/train/oily/oily_6b3efbf6c0f3dc5e4ba4_jpg.rf.f25e973c0b7a8950e533bdd813496c25.jpg,kaggle_oily_dry_normal,oily,,6fab72dbf7a81a093503955d2944276a3c06f2ac270924d5d6d63aca204fb686,unmapped/extra folder label: oily
dataset/raw/kaggle_oily_dry_normal/Oily-Dry-Skin-Types/train/oily/oily_6b864a7c04e5b03dcd2e_jpg.rf.24643ac69dff33871209e7c848989f91 - Copy.jpg,kaggle_oily_dry_normal,oily,,69d3cec6d67ed0d0a95639be664664ef5f30910eab0937a33e4414620da9173c,unmapped/extra folder label: oily
dataset/raw/kaggle_oily_dry_normal/Oily-Dry-Skin-Types/train/oily/oily_6b864a7c04e5b03dcd2e_jpg.rf.24643ac69dff33871209e7c848989f91.jpg,kaggle_oily_dry_normal,oily,,69d3cec6d67ed0d0a95639be664664ef5f30910eab0937a33e4414620da9173c,unmapped/extra folder label: oily
dataset/raw/kaggle_oily_dry_normal/Oily-Dry-Skin-Types/train/oily/oily_6b864a7c04e5b03dcd2e_jpg.rf.62c0f9261f3e63919f4df5e4c4fc241f - Copy.jpg,kaggle_oily_dry_normal,oily,,d8bdeeb0fe6441a2216e3faaf8d00b815017a1d8238e6fdc3da2644426a0eabe,unmapped/extra folder label: oily
dataset/raw/kaggle_oily_dry_normal/Oily-Dry-Skin-Types/train/oily/oily_6b864a7c04e5b03dcd2e_jpg.rf.62c0f9261f3e63919f4df5e4c4fc241f.jpg,kaggle_oily_dry_normal,oily,,d8bdeeb0fe6441a2216e3faaf8d00b815017a1d8238e6fdc3da2644426a0eabe,unmapped/extra folder label: oily
dataset/raw/kaggle_oily_dry_normal/Oily-Dry-Skin-Types/train/oily/oily_6b864a7c04e5b03dcd2e_jpg.rf.f4041346dff445789cca45ee0a9240e6 - Copy.jpg,kaggle_oily_dry_normal,oily,,79733659f91ee13507fc171de0a7106d747d3dafd28853ad8fe5dd37e090808c,unmapped/extra folder label: oily
dataset/raw/kaggle_oily_dry_normal/Oily-Dry-Skin-Types/train/oily/oily_6b864a7c04e5b03dcd2e_jpg.rf.f4041346dff445789cca45ee0a9240e6.jpg,kaggle_oily_dry_normal,oily,,79733659f91ee13507fc171de0a7106d747d3dafd28853ad8fe5dd37e090808c,unmapped/extra folder label: oily
dataset/raw/kaggle_oily_dry_normal/Oily-Dry-Skin-Types/train/oily/oily_6bb2553bae72d6ffe060_jpg.rf.6b7113e21c2d7875e32676bf80e6e5ef - Copy.jpg,kaggle_oily_dry_normal,oily,,9e16cda9c692e3338583e373c287c604c056d1eb6351d8da93f490dd88d4df47,unmapped/extra folder label: oily
dataset/raw/kaggle_oily_dry_normal/Oily-Dry-Skin-Types/train/oily/oily_6bb2553bae72d6ffe060_jpg.rf.6b7113e21c2d7875e32676bf80e6e5ef.jpg,kaggle_oily_dry_normal,oily,,9e16cda9c692e3338583e373c287c604c056d1eb6351d8da93f490dd88d4df47,unmapped/extra folder label: oily
dataset/raw/kaggle_oily_dry_normal/Oily-Dry-Skin-Types/train/oily/oily_6bb2553bae72d6ffe060_jpg.rf.a1a6d8af8e0e2290c165a2560708db13 - Copy.jpg,kaggle_oily_dry_normal,oily,,088ff25f8deb55e39ecd4dcf0c405b9e51652b013d8bb31f274d58904c995dfc,unmapped/extra folder label: oily
dataset/raw/kaggle_oily_dry_normal/Oily-Dry-Skin-Types/train/oily/oily_6bb2553bae72d6ffe060_jpg.rf.a1a6d8af8e0e2290c165a2560708db13.jpg,kaggle_oily_dry_normal,oily,,088ff25f8deb55e39ecd4dcf0c405b9e51652b013d8bb31f274d58904c995dfc,unmapped/extra folder label: oily
dataset/raw/kaggle_oily_dry_normal/Oily-Dry-Skin-Types/train/oily/oily_6bb2553bae72d6ffe060_jpg.rf.dbd84f79e96a94b1637ebd03d477b32c - Copy.jpg,kaggle_oily_dry_normal,oily,,46089864d44163e4a943c754ca4425a204c788afe9323f6bac5fc8f52a707c12,unmapped/extra folder label: oily
dataset/raw/kaggle_oily_dry_normal/Oily-Dry-Skin-Types/train/oily/oily_6bb2553bae72d6ffe060_jpg.rf.dbd84f79e96a94b1637ebd03d477b32c.jpg,kaggle_oily_dry_normal,oily,,46089864d44163e4a943c754ca4425a204c788afe9323f6bac5fc8f52a707c12,unmapped/extra folder label: oily
dataset/raw/kaggle_oily_dry_normal/Oily-Dry-Skin-Types/train/oily/oily_6c43ed2461d82f37ec4f_jpg.rf.3149377267975d897b6ce8ea2451eb21 - Copy.jpg,kaggle_oily_dry_normal,oily,,a419852b37dd661555ae6aba34904a712890c530d2eebd0311552669aff9e56d,unmapped/extra folder label: oily
dataset/raw/kaggle_oily_dry_normal/Oily-Dry-Skin-Types/train/oily/oily_6c43ed2461d82f37ec4f_jpg.rf.3149377267975d897b6ce8ea2451eb21.jpg,kaggle_oily_dry_normal,oily,,a419852b37dd661555ae6aba34904a712890c530d2eebd0311552669aff9e56d,unmapped/extra folder label: oily
dataset/raw/kaggle_oily_dry_normal/Oily-Dry-Skin-Types/train/oily/oily_6c43ed2461d82f37ec4f_jpg.rf.70d0e2e6758fa4f3c9bda96455700127 - Copy.jpg,kaggle_oily_dry_normal,oily,,1016d0c4ac3db966f8e207fc789b6f7a11a84b5bdb064f5a4a35244a4f8a2940,unmapped/extra folder label: oily
dataset/raw/kaggle_oily_dry_normal/Oily-Dry-Skin-Types/train/oily/oily_6c43ed2461d82f37ec4f_jpg.rf.70d0e2e6758fa4f3c9bda96455700127.jpg,kaggle_oily_dry_normal,oily,,1016d0c4ac3db966f8e207fc789b6f7a11a84b5bdb064f5a4a35244a4f8a2940,unmapped/extra folder label: oily
dataset/raw/kaggle_oily_dry_normal/Oily-Dry-Skin-Types/train/oily/oily_6c43ed2461d82f37ec4f_jpg.rf.c9a5a0942fb369cf7b4c5b734331b799 - Copy.jpg,kaggle_oily_dry_normal,oily,,c55b890980dca282f41c119a640ce55b043a36ba44ae19c5e61b058c913b2af6,unmapped/extra folder label: oily
dataset/raw/kaggle_oily_dry_normal/Oily-Dry-Skin-Types/train/oily/oily_6c43ed2461d82f37ec4f_jpg.rf.c9a5a0942fb369cf7b4c5b734331b799.jpg,kaggle_oily_dry_normal,oily,,c55b890980dca282f41c119a640ce55b043a36ba44ae19c5e61b058c913b2af6,unmapped/extra folder label: oily
dataset/raw/kaggle_oily_dry_normal/Oily-Dry-Skin-Types/train/oily/oily_6cdf932b35dd368028f6_jpg.rf.401dd79495cacc637357a91961d52654 - Copy.jpg,kaggle_oily_dry_normal,oily,,26d3e33142475499abac22d88bd0c8d60469f89abf406c3aab8044704f4d9cc1,unmapped/extra folder label: oily
dataset/raw/kaggle_oily_dry_normal/Oily-Dry-Skin-Types/train/oily/oily_6cdf932b35dd368028f6_jpg.rf.401dd79495cacc637357a91961d52654.jpg,kaggle_oily_dry_normal,oily,,26d3e33142475499abac22d88bd0c8d60469f89abf406c3aab8044704f4d9cc1,unmapped/extra folder label: oily
dataset/raw/kaggle_oily_dry_normal/Oily-Dry-Skin-Types/train/oily/oily_6cdf932b35dd368028f6_jpg.rf.733d1394bf5a3d5cc776acb0d0cf6af4 - Copy.jpg,kaggle_oily_dry_normal,oily,,a783e7e0fffd66b19d9f011d320e4fbd5e761cfc014efda0988ebfac0b62d97d,unmapped/extra folder label: oily
dataset/raw/kaggle_oily_dry_normal/Oily-Dry-Skin-Types/train/oily/oily_6cdf932b35dd368028f6_jpg.rf.733d1394bf5a3d5cc776acb0d0cf6af4.jpg,kaggle_oily_dry_normal,oily,,a783e7e0fffd66b19d9f011d320e4fbd5e761cfc014efda0988ebfac0b62d97d,unmapped/extra folder label: oily
dataset/raw/kaggle_oily_dry_normal/Oily-Dry-Skin-Types/train/oily/oily_6cdf932b35dd368028f6_jpg.rf.f981569736eddefc4aff9cc76e3f65a9 - Copy.jpg,kaggle_oily_dry_normal,oily,,f598961c40b9124f26f14d6298c1be812708e103349fcf2d05ee8b95e44bef00,unmapped/extra folder label: oily
dataset/raw/kaggle_oily_dry_normal/Oily-Dry-Skin-Types/train/oily/oily_6cdf932b35dd368028f6_jpg.rf.f981569736eddefc4aff9cc76e3f65a9.jpg,kaggle_oily_dry_normal,oily,,f598961c40b9124f26f14d6298c1be812708e103349fcf2d05ee8b95e44bef00,unmapped/extra folder label: oily
dataset/raw/kaggle_oily_dry_normal/Oily-Dry-Skin-Types/train/oily/oily_6f2c6de2fa9fd9517ba2_jpg.rf.4a041afdabaf38728af13283b67bd5c5 - Copy.jpg,kaggle_oily_dry_normal,oily,,c4bb4e2879b2a3969fae6cc919330e2e522900765808fd791093e58a396484c5,unmapped/extra folder label: oily
dataset/raw/kaggle_oily_dry_normal/Oily-Dry-Skin-Types/train/oily/oily_6f2c6de2fa9fd9517ba2_jpg.rf.4a041afdabaf38728af13283b67bd5c5.jpg,kaggle_oily_dry_normal,oily,,c4bb4e2879b2a3969fae6cc919330e2e522900765808fd791093e58a396484c5,unmapped/extra folder label: oily
dataset/raw/kaggle_oily_dry_normal/Oily-Dry-Skin-Types/train/oily/oily_6f2c6de2fa9fd9517ba2_jpg.rf.6903d88bbbd6e309c2d6696e676310ab - Copy.jpg,kaggle_oily_dry_normal,oily,,bab31cba330ecc5deeaccd4fca6a0f1e9a4d6be39cc5b809ad2f29d454c30dc4,unmapped/extra folder label: oily
dataset/raw/kaggle_oily_dry_normal/Oily-Dry-Skin-Types/train/oily/oily_6f2c6de2fa9fd9517ba2_jpg.rf.6903d88bbbd6e309c2d6696e676310ab.jpg,kaggle_oily_dry_normal,oily,,bab31cba330ecc5deeaccd4fca6a0f1e9a4d6be39cc5b809ad2f29d454c30dc4,unmapped/extra folder label: oily
dataset/raw/kaggle_oily_dry_normal/Oily-Dry-Skin-Types/train/oily/oily_6f2c6de2fa9fd9517ba2_jpg.rf.71f337b45e66d28db4b67bc80f02de7a - Copy.jpg,kaggle_oily_dry_normal,oily,,b7da56d7c6d520a0c7e0baa123b868514f3fb9b8a467142e67c7951aca373d27,unmapped/extra folder label: oily
dataset/raw/kaggle_oily_dry_normal/Oily-Dry-Skin-Types/train/oily/oily_6f2c6de2fa9fd9517ba2_jpg.rf.71f337b45e66d28db4b67bc80f02de7a.jpg,kaggle_oily_dry_normal,oily,,b7da56d7c6d520a0c7e0baa123b868514f3fb9b8a467142e67c7951aca373d27,unmapped/extra folder label: oily
dataset/raw/kaggle_oily_dry_normal/Oily-Dry-Skin-Types/train/oily/oily_729cc3830038c25e12b2_jpg.rf.2baa095a55fc906380e196fc0f54760d - Copy.jpg,kaggle_oily_dry_normal,oily,,afc88a2c4a3e7bb342a76532368aa23d7d4f3a1440072ef8fdec573af9aeae41,unmapped/extra folder label: oily
dataset/raw/kaggle_oily_dry_normal/Oily-Dry-Skin-Types/train/oily/oily_729cc3830038c25e12b2_jpg.rf.2baa095a55fc906380e196fc0f54760d.jpg,kaggle_oily_dry_normal,oily,,afc88a2c4a3e7bb342a76532368aa23d7d4f3a1440072ef8fdec573af9aeae41,unmapped/extra folder label: oily
dataset/raw/kaggle_oily_dry_normal/Oily-Dry-Skin-Types/train/oily/oily_729cc3830038c25e12b2_jpg.rf.de5ca1b2fce5acf49581d8a63e63ec88 - Copy.jpg,kaggle_oily_dry_normal,oily,,00d424bc6dabe5537d5f5fe5b579aa9c29c21f8625365a904399abab2826d9e4,unmapped/extra folder label: oily
dataset/raw/kaggle_oily_dry_normal/Oily-Dry-Skin-Types/train/oily/oily_729cc3830038c25e12b2_jpg.rf.de5ca1b2fce5acf49581d8a63e63ec88.jpg,kaggle_oily_dry_normal,oily,,00d424bc6dabe5537d5f5fe5b579aa9c29c21f8625365a904399abab2826d9e4,unmapped/extra folder label: oily
dataset/raw/kaggle_oily_dry_normal/Oily-Dry-Skin-Types/train/oily/oily_729cc3830038c25e12b2_jpg.rf.fd09b6b2336d073a1abe0e9e0dd8eb31 - Copy.jpg,kaggle_oily_dry_normal,oily,,47a6c0591c592700ae647a11e6ea41fe2cf1da93a468a9d4bc162f049a1dd4ac,unmapped/extra folder label: oily
dataset/raw/kaggle_oily_dry_normal/Oily-Dry-Skin-Types/train/oily/oily_729cc3830038c25e12b2_jpg.rf.fd09b6b2336d073a1abe0e9e0dd8eb31.jpg,kaggle_oily_dry_normal,oily,,47a6c0591c592700ae647a11e6ea41fe2cf1da93a468a9d4bc162f049a1dd4ac,unmapped/extra folder label: oily
dataset/raw/kaggle_oily_dry_normal/Oily-Dry-Skin-Types/train/oily/oily_73891f263bf4457d46f9_jpg.rf.2db441827a6823cd3e3cb29d238b33d7.jpg,kaggle_oily_dry_normal,oily,,c6b0cdab98c2e7a00e1783c9ed86f7f3ef83cf176711383879db6bcf8f2a2c9c,unmapped/extra folder label: oily
dataset/raw/kaggle_oily_dry_normal/Oily-Dry-Skin-Types/train/oily/oily_73891f263bf4457d46f9_jpg.rf.4b5b9f8c6511c776d04ad220d7178c93.jpg,kaggle_oily_dry_normal,oily,,b64d3de32ee027d0d6e114f1c3849e53510c614ec519dc581396929d5b7d862b,unmapped/extra folder label: oily
dataset/raw/kaggle_oily_dry_normal/Oily-Dry-Skin-Types/train/oily/oily_73891f263bf4457d46f9_jpg.rf.da54ed7cba497258012c8e0122500d2e.jpg,kaggle_oily_dry_normal,oily,,cb1e5b8ef94c3ed887b34f4bf78438c74649fd0c5f10ebfd7eb535240a69a7f3,unmapped/extra folder label: oily
dataset/raw/kaggle_oily_dry_normal/Oily-Dry-Skin-Types/train/oily/oily_75dbaca15691aacc8a28_jpg.rf.20881a0458499a11744c6216df83df7a - Copy.jpg,kaggle_oily_dry_normal,oily,,35de08ffb216ed22c26bab3ba744d288024c68af24ff29cdb1d303730f2694ba,unmapped/extra folder label: oily
dataset/raw/kaggle_oily_dry_normal/Oily-Dry-Skin-Types/train/oily/oily_75dbaca15691aacc8a28_jpg.rf.20881a0458499a11744c6216df83df7a.jpg,kaggle_oily_dry_normal,oily,,35de08ffb216ed22c26bab3ba744d288024c68af24ff29cdb1d303730f2694ba,unmapped/extra folder label: oily
dataset/raw/kaggle_oily_dry_normal/Oily-Dry-Skin-Types/train/oily/oily_75dbaca15691aacc8a28_jpg.rf.83fefad9c96bca6de121978ac9d27b7a - Copy.jpg,kaggle_oily_dry_normal,oily,,9ee26c3b785063b411d8fc727bf571909309d849e11fa73265967269a1b334b2,unmapped/extra folder label: oily
dataset/raw/kaggle_oily_dry_normal/Oily-Dry-Skin-Types/train/oily/oily_75dbaca15691aacc8a28_jpg.rf.83fefad9c96bca6de121978ac9d27b7a.jpg,kaggle_oily_dry_normal,oily,,9ee26c3b785063b411d8fc727bf571909309d849e11fa73265967269a1b334b2,unmapped/extra folder label: oily
dataset/raw/kaggle_oily_dry_normal/Oily-Dry-Skin-Types/train/oily/oily_75dbaca15691aacc8a28_jpg.rf.e648e18c3ffe5cb9293eec374605cfed - Copy.jpg,kaggle_oily_dry_normal,oily,,ed067c8dd350a08a0c545910429577338413aa51fb3dffa8ced2b68b8c0e7177,unmapped/extra folder label: oily
dataset/raw/kaggle_oily_dry_normal/Oily-Dry-Skin-Types/train/oily/oily_75dbaca15691aacc8a28_jpg.rf.e648e18c3ffe5cb9293eec374605cfed.jpg,kaggle_oily_dry_normal,oily,,ed067c8dd350a08a0c545910429577338413aa51fb3dffa8ced2b68b8c0e7177,unmapped/extra folder label: oily
dataset/raw/kaggle_oily_dry_normal/Oily-Dry-Skin-Types/train/oily/oily_7803e20751c3a1302e55_jpg.rf.1291a49f129ea7a478aaf05d09ccb938 - Copy.jpg,kaggle_oily_dry_normal,oily,,d4ec96803664aed91856e7c19615c1ddcf502f1dcf8b9b7d1d549d1763afa82e,unmapped/extra folder label: oily
dataset/raw/kaggle_oily_dry_normal/Oily-Dry-Skin-Types/train/oily/oily_7803e20751c3a1302e55_jpg.rf.1291a49f129ea7a478aaf05d09ccb938.jpg,kaggle_oily_dry_normal,oily,,d4ec96803664aed91856e7c19615c1ddcf502f1dcf8b9b7d1d549d1763afa82e,unmapped/extra folder label: oily
dataset/raw/kaggle_oily_dry_normal/Oily-Dry-Skin-Types/train/oily/oily_7803e20751c3a1302e55_jpg.rf.2aa12900184de380d11b044e9ca07fb2 - Copy.jpg,kaggle_oily_dry_normal,oily,,7150bea835720fb7bfbd01ef3500e4083689bba267c1fa3e6e225ec4b8dbb2bf,unmapped/extra folder label: oily
dataset/raw/kaggle_oily_dry_normal/Oily-Dry-Skin-Types/train/oily/oily_7803e20751c3a1302e55_jpg.rf.2aa12900184de380d11b044e9ca07fb2.jpg,kaggle_oily_dry_normal,oily,,7150bea835720fb7bfbd01ef3500e4083689bba267c1fa3e6e225ec4b8dbb2bf,unmapped/extra folder label: oily
dataset/raw/kaggle_oily_dry_normal/Oily-Dry-Skin-Types/train/oily/oily_7803e20751c3a1302e55_jpg.rf.dcf1dc129268d14966a0bfc53b699426 - Copy.jpg,kaggle_oily_dry_normal,oily,,59e3b94688beb0c629f600c45f18765446c7edde73548afd4e9de833cac4e9a9,unmapped/extra folder label: oily
dataset/raw/kaggle_oily_dry_normal/Oily-Dry-Skin-Types/train/oily/oily_7803e20751c3a1302e55_jpg.rf.dcf1dc129268d14966a0bfc53b699426.jpg,kaggle_oily_dry_normal,oily,,59e3b94688beb0c629f600c45f18765446c7edde73548afd4e9de833cac4e9a9,unmapped/extra folder label: oily
dataset/raw/kaggle_oily_dry_normal/Oily-Dry-Skin-Types/train/oily/oily_7a071fda3e1e2d3ec0c7_jpg.rf.2c2dad9cad92baffc67fba75947cc36d - Copy.jpg,kaggle_oily_dry_normal,oily,,efb5831458514213904f033ea9210612bfe608019794691300cd7997758297ad,unmapped/extra folder label: oily
dataset/raw/kaggle_oily_dry_normal/Oily-Dry-Skin-Types/train/oily/oily_7a071fda3e1e2d3ec0c7_jpg.rf.2c2dad9cad92baffc67fba75947cc36d.jpg,kaggle_oily_dry_normal,oily,,efb5831458514213904f033ea9210612bfe608019794691300cd7997758297ad,unmapped/extra folder label: oily
dataset/raw/kaggle_oily_dry_normal/Oily-Dry-Skin-Types/train/oily/oily_7a071fda3e1e2d3ec0c7_jpg.rf.3a2333332c05c08df184ff3a18ba4dd8 - Copy.jpg,kaggle_oily_dry_normal,oily,,07b7b9a182fbbdcc2e8974829fe49371d6c9dbdfa70de0c9f8d258e550859ac6,unmapped/extra folder label: oily
dataset/raw/kaggle_oily_dry_normal/Oily-Dry-Skin-Types/train/oily/oily_7a071fda3e1e2d3ec0c7_jpg.rf.3a2333332c05c08df184ff3a18ba4dd8.jpg,kaggle_oily_dry_normal,oily,,07b7b9a182fbbdcc2e8974829fe49371d6c9dbdfa70de0c9f8d258e550859ac6,unmapped/extra folder label: oily
dataset/raw/kaggle_oily_dry_normal/Oily-Dry-Skin-Types/train/oily/oily_7a071fda3e1e2d3ec0c7_jpg.rf.ff89a078846d0108b39612f845e0c172 - Copy.jpg,kaggle_oily_dry_normal,oily,,c4c232b5eba5378d8ded3a8d99f560234840a0c75b4ef06826c8fe5b033734a4,unmapped/extra folder label: oily
dataset/raw/kaggle_oily_dry_normal/Oily-Dry-Skin-Types/train/oily/oily_7a071fda3e1e2d3ec0c7_jpg.rf.ff89a078846d0108b39612f845e0c172.jpg,kaggle_oily_dry_normal,oily,,c4c232b5eba5378d8ded3a8d99f560234840a0c75b4ef06826c8fe5b033734a4,unmapped/extra folder label: oily
dataset/raw/kaggle_oily_dry_normal/Oily-Dry-Skin-Types/train/oily/oily_7a75f654e350bb869097_jpg.rf.5f7e07a4f1d878a20ad618942a356154 - Copy.jpg,kaggle_oily_dry_normal,oily,,cd1c50a22b6a136f9de0ebe5c4938e2b0dc3361505595df15aee0bdf1ad2fa94,unmapped/extra folder label: oily
dataset/raw/kaggle_oily_dry_normal/Oily-Dry-Skin-Types/train/oily/oily_7a75f654e350bb869097_jpg.rf.5f7e07a4f1d878a20ad618942a356154.jpg,kaggle_oily_dry_normal,oily,,cd1c50a22b6a136f9de0ebe5c4938e2b0dc3361505595df15aee0bdf1ad2fa94,unmapped/extra folder label: oily
dataset/raw/kaggle_oily_dry_normal/Oily-Dry-Skin-Types/train/oily/oily_7a75f654e350bb869097_jpg.rf.d28765bf017a23129923ded4704acedd - Copy.jpg,kaggle_oily_dry_normal,oily,,9a898be49e65c9ff31c4abe8a83048c29562b5818f66876e0f0be9bad33e6b3a,unmapped/extra folder label: oily
dataset/raw/kaggle_oily_dry_normal/Oily-Dry-Skin-Types/train/oily/oily_7a75f654e350bb869097_jpg.rf.d28765bf017a23129923ded4704acedd.jpg,kaggle_oily_dry_normal,oily,,9a898be49e65c9ff31c4abe8a83048c29562b5818f66876e0f0be9bad33e6b3a,unmapped/extra folder label: oily
dataset/raw/kaggle_oily_dry_normal/Oily-Dry-Skin-Types/train/oily/oily_7a75f654e350bb869097_jpg.rf.ff1cb72940424a21b89195739aa040eb - Copy.jpg,kaggle_oily_dry_normal,oily,,8c4747725cf4cad7e7b509b9a585ee43ad59b147c05e44f975fe14f3f6dbb31b,unmapped/extra folder label: oily
dataset/raw/kaggle_oily_dry_normal/Oily-Dry-Skin-Types/train/oily/oily_7a75f654e350bb869097_jpg.rf.ff1cb72940424a21b89195739aa040eb.jpg,kaggle_oily_dry_normal,oily,,8c4747725cf4cad7e7b509b9a585ee43ad59b147c05e44f975fe14f3f6dbb31b,unmapped/extra folder label: oily
dataset/raw/kaggle_oily_dry_normal/Oily-Dry-Skin-Types/train/oily/oily_7ce3b16176d4ce9a0505_jpg.rf.5dcc17b4b1056403d477316ad59526c2 - Copy.jpg,kaggle_oily_dry_normal,oily,,5e26186c85b590fecebd2218c3389d54cfd57667212c700403518f522328f26b,unmapped/extra folder label: oily
dataset/raw/kaggle_oily_dry_normal/Oily-Dry-Skin-Types/train/oily/oily_7ce3b16176d4ce9a0505_jpg.rf.5dcc17b4b1056403d477316ad59526c2.jpg,kaggle_oily_dry_normal,oily,,5e26186c85b590fecebd2218c3389d54cfd57667212c700403518f522328f26b,unmapped/extra folder label: oily
dataset/raw/kaggle_oily_dry_normal/Oily-Dry-Skin-Types/train/oily/oily_7ce3b16176d4ce9a0505_jpg.rf.d56a47e6552de04e342fb03aed81019f - Copy.jpg,kaggle_oily_dry_normal,oily,,ad5938d36befa2186b8032676014e755582ddf8863cd086ac570983b2ad69e2a,unmapped/extra folder label: oily
dataset/raw/kaggle_oily_dry_normal/Oily-Dry-Skin-Types/train/oily/oily_7ce3b16176d4ce9a0505_jpg.rf.d56a47e6552de04e342fb03aed81019f.jpg,kaggle_oily_dry_normal,oily,,ad5938d36befa2186b8032676014e755582ddf8863cd086ac570983b2ad69e2a,unmapped/extra folder label: oily
dataset/raw/kaggle_oily_dry_normal/Oily-Dry-Skin-Types/train/oily/oily_7ce3b16176d4ce9a0505_jpg.rf.f95c0e467291e9f68a459bc40208a9a2 - Copy.jpg,kaggle_oily_dry_normal,oily,,b7f3573d9d0dab00494df0f247d4bc4852552015873f007e2e52a8aea1fc058a,unmapped/extra folder label: oily
dataset/raw/kaggle_oily_dry_normal/Oily-Dry-Skin-Types/train/oily/oily_7ce3b16176d4ce9a0505_jpg.rf.f95c0e467291e9f68a459bc40208a9a2.jpg,kaggle_oily_dry_normal,oily,,b7f3573d9d0dab00494df0f247d4bc4852552015873f007e2e52a8aea1fc058a,unmapped/extra folder label: oily
dataset/raw/kaggle_oily_dry_normal/Oily-Dry-Skin-Types/train/oily/oily_7d2383788d2864c40401_jpg.rf.4836d3a71d8b2fe8cc2fb52e85be5e64 - Copy.jpg,kaggle_oily_dry_normal,oily,,3339adfddab2881fd8dbf1fcff50c03628a3e1cf50aa28692c48cf133307e19a,unmapped/extra folder label: oily
dataset/raw/kaggle_oily_dry_normal/Oily-Dry-Skin-Types/train/oily/oily_7d2383788d2864c40401_jpg.rf.4836d3a71d8b2fe8cc2fb52e85be5e64.jpg,kaggle_oily_dry_normal,oily,,3339adfddab2881fd8dbf1fcff50c03628a3e1cf50aa28692c48cf133307e19a,unmapped/extra folder label: oily
dataset/raw/kaggle_oily_dry_normal/Oily-Dry-Skin-Types/train/oily/oily_7d2383788d2864c40401_jpg.rf.5f7ff92b885f8fefd6a61932f0b3b9c4 - Copy.jpg,kaggle_oily_dry_normal,oily,,01de0e4914212587e3bee68d4b2ec1b2edf8944b571ff6b04e9da23e1dfcc8f8,unmapped/extra folder label: oily
dataset/raw/kaggle_oily_dry_normal/Oily-Dry-Skin-Types/train/oily/oily_7d2383788d2864c40401_jpg.rf.5f7ff92b885f8fefd6a61932f0b3b9c4.jpg,kaggle_oily_dry_normal,oily,,01de0e4914212587e3bee68d4b2ec1b2edf8944b571ff6b04e9da23e1dfcc8f8,unmapped/extra folder label: oily
dataset/raw/kaggle_oily_dry_normal/Oily-Dry-Skin-Types/train/oily/oily_7d2383788d2864c40401_jpg.rf.e892043e49619bf70c87f9a4e8715d65 - Copy.jpg,kaggle_oily_dry_normal,oily,,29c5d6fc294416fc7b1690e9209d8b2cec8831b8cc17f1527d0b088ffabf413e,unmapped/extra folder label: oily
dataset/raw/kaggle_oily_dry_normal/Oily-Dry-Skin-Types/train/oily/oily_7d2383788d2864c40401_jpg.rf.e892043e49619bf70c87f9a4e8715d65.jpg,kaggle_oily_dry_normal,oily,,29c5d6fc294416fc7b1690e9209d8b2cec8831b8cc17f1527d0b088ffabf413e,unmapped/extra folder label: oily
dataset/raw/kaggle_oily_dry_normal/Oily-Dry-Skin-Types/train/oily/oily_7d345a3daf37ea3a325b_jpg.rf.455d916a664e83e2485ea5cf9d23c319 - Copy.jpg,kaggle_oily_dry_normal,oily,,531004e79a885c284a27c1fd60f12126c166e054fe092a115979ef2bf7c7f277,unmapped/extra folder label: oily
dataset/raw/kaggle_oily_dry_normal/Oily-Dry-Skin-Types/train/oily/oily_7d345a3daf37ea3a325b_jpg.rf.455d916a664e83e2485ea5cf9d23c319.jpg,kaggle_oily_dry_normal,oily,,531004e79a885c284a27c1fd60f12126c166e054fe092a115979ef2bf7c7f277,unmapped/extra folder label: oily
dataset/raw/kaggle_oily_dry_normal/Oily-Dry-Skin-Types/train/oily/oily_7d345a3daf37ea3a325b_jpg.rf.c461b9931251d32fe5d93e0635ba8c43 - Copy.jpg,kaggle_oily_dry_normal,oily,,b348a8a80a24230089f43d220eeabf38edd0e7171facbf1ff55d0eb61234b97e,unmapped/extra folder label: oily
dataset/raw/kaggle_oily_dry_normal/Oily-Dry-Skin-Types/train/oily/oily_7d345a3daf37ea3a325b_jpg.rf.c461b9931251d32fe5d93e0635ba8c43.jpg,kaggle_oily_dry_normal,oily,,b348a8a80a24230089f43d220eeabf38edd0e7171facbf1ff55d0eb61234b97e,unmapped/extra folder label: oily
dataset/raw/kaggle_oily_dry_normal/Oily-Dry-Skin-Types/train/oily/oily_7d345a3daf37ea3a325b_jpg.rf.d9b2ff5ce27f92d81fb5eb1241010dc7 - Copy.jpg,kaggle_oily_dry_normal,oily,,ae1f4eafcdf86cf855b3a93f40b5c35d99d4337484251d557eb47925b7e4a9e0,unmapped/extra folder label: oily
dataset/raw/kaggle_oily_dry_normal/Oily-Dry-Skin-Types/train/oily/oily_7d345a3daf37ea3a325b_jpg.rf.d9b2ff5ce27f92d81fb5eb1241010dc7.jpg,kaggle_oily_dry_normal,oily,,ae1f4eafcdf86cf855b3a93f40b5c35d99d4337484251d557eb47925b7e4a9e0,unmapped/extra folder label: oily
dataset/raw/kaggle_oily_dry_normal/Oily-Dry-Skin-Types/train/oily/oily_8061c1e4f92577052458_jpg.rf.2c178b0791402e7c4ed23dc9ad73f295 - Copy.jpg,kaggle_oily_dry_normal,oily,,af59f41f13c32115ccff285eacd30447827e9b7f8050d5027f81f95dc7072a26,unmapped/extra folder label: oily
dataset/raw/kaggle_oily_dry_normal/Oily-Dry-Skin-Types/train/oily/oily_8061c1e4f92577052458_jpg.rf.2c178b0791402e7c4ed23dc9ad73f295.jpg,kaggle_oily_dry_normal,oily,,af59f41f13c32115ccff285eacd30447827e9b7f8050d5027f81f95dc7072a26,unmapped/extra folder label: oily
dataset/raw/kaggle_oily_dry_normal/Oily-Dry-Skin-Types/train/oily/oily_8061c1e4f92577052458_jpg.rf.494c73c18647568680a97cefb0e6abf2 - Copy.jpg,kaggle_oily_dry_normal,oily,,1f59a46d0e5c2a9d7a055a1eb7f1e8c4270f1bdf7fa750689771bba70d9344c0,unmapped/extra folder label: oily
dataset/raw/kaggle_oily_dry_normal/Oily-Dry-Skin-Types/train/oily/oily_8061c1e4f92577052458_jpg.rf.494c73c18647568680a97cefb0e6abf2.jpg,kaggle_oily_dry_normal,oily,,1f59a46d0e5c2a9d7a055a1eb7f1e8c4270f1bdf7fa750689771bba70d9344c0,unmapped/extra folder label: oily
dataset/raw/kaggle_oily_dry_normal/Oily-Dry-Skin-Types/train/oily/oily_8061c1e4f92577052458_jpg.rf.a724eb8eb2fdf9630db523fb3fb35758 - Copy.jpg,kaggle_oily_dry_normal,oily,,5d58b7346366cbe68361f97a51278b2a3d488a2a85e3c19792ae65d2647a1f00,unmapped/extra folder label: oily
dataset/raw/kaggle_oily_dry_normal/Oily-Dry-Skin-Types/train/oily/oily_8061c1e4f92577052458_jpg.rf.a724eb8eb2fdf9630db523fb3fb35758.jpg,kaggle_oily_dry_normal,oily,,5d58b7346366cbe68361f97a51278b2a3d488a2a85e3c19792ae65d2647a1f00,unmapped/extra folder label: oily
dataset/raw/kaggle_oily_dry_normal/Oily-Dry-Skin-Types/train/oily/oily_816ed0f0528aba10f7d0_jpg.rf.273365132acabdcb72260e293b7d7240 - Copy.jpg,kaggle_oily_dry_normal,oily,,ea046b13fc24afe42b311b7c5cbc9a64bbfdbced0c57ded9e44744d663e7108e,unmapped/extra folder label: oily
dataset/raw/kaggle_oily_dry_normal/Oily-Dry-Skin-Types/train/oily/oily_816ed0f0528aba10f7d0_jpg.rf.273365132acabdcb72260e293b7d7240.jpg,kaggle_oily_dry_normal,oily,,ea046b13fc24afe42b311b7c5cbc9a64bbfdbced0c57ded9e44744d663e7108e,unmapped/extra folder label: oily
dataset/raw/kaggle_oily_dry_normal/Oily-Dry-Skin-Types/train/oily/oily_816ed0f0528aba10f7d0_jpg.rf.3a7670230e9996e38a218b83c31f9f75 - Copy.jpg,kaggle_oily_dry_normal,oily,,12ed61d6d2397c49ddc3a589a03f77e89671650e07a0c41929c5a85d2beae3f2,unmapped/extra folder label: oily
dataset/raw/kaggle_oily_dry_normal/Oily-Dry-Skin-Types/train/oily/oily_816ed0f0528aba10f7d0_jpg.rf.3a7670230e9996e38a218b83c31f9f75.jpg,kaggle_oily_dry_normal,oily,,12ed61d6d2397c49ddc3a589a03f77e89671650e07a0c41929c5a85d2beae3f2,unmapped/extra folder label: oily
dataset/raw/kaggle_oily_dry_normal/Oily-Dry-Skin-Types/train/oily/oily_816ed0f0528aba10f7d0_jpg.rf.d0b889f51c0b339f2d1269dff5897764 - Copy.jpg,kaggle_oily_dry_normal,oily,,4bef8a22ddd1814b5e2a69d67f4a008fdc077bfd167b5dc63e45fda5f8c463bf,unmapped/extra folder label: oily
dataset/raw/kaggle_oily_dry_normal/Oily-Dry-Skin-Types/train/oily/oily_816ed0f0528aba10f7d0_jpg.rf.d0b889f51c0b339f2d1269dff5897764.jpg,kaggle_oily_dry_normal,oily,,4bef8a22ddd1814b5e2a69d67f4a008fdc077bfd167b5dc63e45fda5f8c463bf,unmapped/extra folder label: oily
dataset/raw/kaggle_oily_dry_normal/Oily-Dry-Skin-Types/train/oily/oily_81a42538e81df73d08af_jpg.rf.039c63d6969e212cd87a82f486334f12 - Copy.jpg,kaggle_oily_dry_normal,oily,,72e2f3f8f759b3da188ff56c4b016b6d817402115a31b1857af45e6f1cd2bad8,unmapped/extra folder label: oily
dataset/raw/kaggle_oily_dry_normal/Oily-Dry-Skin-Types/train/oily/oily_81a42538e81df73d08af_jpg.rf.039c63d6969e212cd87a82f486334f12.jpg,kaggle_oily_dry_normal,oily,,72e2f3f8f759b3da188ff56c4b016b6d817402115a31b1857af45e6f1cd2bad8,unmapped/extra folder label: oily
dataset/raw/kaggle_oily_dry_normal/Oily-Dry-Skin-Types/train/oily/oily_81a42538e81df73d08af_jpg.rf.1de1b6caf87b8b135c87d6175e4f8488 - Copy.jpg,kaggle_oily_dry_normal,oily,,9a57c2afdcc9d07eba132190137d59270943e933d873e3ac0a8beaac2e00eab8,unmapped/extra folder label: oily
dataset/raw/kaggle_oily_dry_normal/Oily-Dry-Skin-Types/train/oily/oily_81a42538e81df73d08af_jpg.rf.1de1b6caf87b8b135c87d6175e4f8488.jpg,kaggle_oily_dry_normal,oily,,9a57c2afdcc9d07eba132190137d59270943e933d873e3ac0a8beaac2e00eab8,unmapped/extra folder label: oily
dataset/raw/kaggle_oily_dry_normal/Oily-Dry-Skin-Types/train/oily/oily_81a42538e81df73d08af_jpg.rf.e5450901b9ddd18331f612e9117afd66 - Copy.jpg,kaggle_oily_dry_normal,oily,,387a4f0c1c160d6b7182a8921596eb88dd6eb89668e833facc114342462a3a2a,unmapped/extra folder label: oily
dataset/raw/kaggle_oily_dry_normal/Oily-Dry-Skin-Types/train/oily/oily_81a42538e81df73d08af_jpg.rf.e5450901b9ddd18331f612e9117afd66.jpg,kaggle_oily_dry_normal,oily,,387a4f0c1c160d6b7182a8921596eb88dd6eb89668e833facc114342462a3a2a,unmapped/extra folder label: oily
dataset/raw/kaggle_oily_dry_normal/Oily-Dry-Skin-Types/train/oily/oily_8281669de4f0169da29d_jpg.rf.7653b5685bf73eee944e441eab8c8e75.jpg,kaggle_oily_dry_normal,oily,,87d4db5bf2157b0a780f7c668f6ff9861c3db81df0f644ea076b1d0236ba3ce1,unmapped/extra folder label: oily
dataset/raw/kaggle_oily_dry_normal/Oily-Dry-Skin-Types/train/oily/oily_8281669de4f0169da29d_jpg.rf.c389182e4a5b48f3482f72824b56821d.jpg,kaggle_oily_dry_normal,oily,,8a0d5fbf401923c360a08898ec86b590b05c278436c448c396453fb989451d9b,unmapped/extra folder label: oily
dataset/raw/kaggle_oily_dry_normal/Oily-Dry-Skin-Types/train/oily/oily_8281669de4f0169da29d_jpg.rf.c4934f336285174480f02ec7c377dec3.jpg,kaggle_oily_dry_normal,oily,,ed8c8cce1a1d04480ddc497ff93afecadf81a5f78192dcb3b423497d5766ffc0,unmapped/extra folder label: oily
dataset/raw/kaggle_oily_dry_normal/Oily-Dry-Skin-Types/train/oily/oily_8595b2f371ffd1ff2b0e_jpg.rf.01b57176a36cb5ecba786848ab7a834a - Copy.jpg,kaggle_oily_dry_normal,oily,,c6fffa44d1131401176455d15475133bc5891d52f05ab7608ab1e1929bdd2eaa,unmapped/extra folder label: oily
dataset/raw/kaggle_oily_dry_normal/Oily-Dry-Skin-Types/train/oily/oily_8595b2f371ffd1ff2b0e_jpg.rf.01b57176a36cb5ecba786848ab7a834a.jpg,kaggle_oily_dry_normal,oily,,c6fffa44d1131401176455d15475133bc5891d52f05ab7608ab1e1929bdd2eaa,unmapped/extra folder label: oily
dataset/raw/kaggle_oily_dry_normal/Oily-Dry-Skin-Types/train/oily/oily_8595b2f371ffd1ff2b0e_jpg.rf.09af679ae1946b1f5ae8cc23d6ce64f4 - Copy.jpg,kaggle_oily_dry_normal,oily,,ef64e2ceae46b14fbe7fdcb47128346178bd2815b3e44990e2292c807d26b12c,unmapped/extra folder label: oily
dataset/raw/kaggle_oily_dry_normal/Oily-Dry-Skin-Types/train/oily/oily_8595b2f371ffd1ff2b0e_jpg.rf.09af679ae1946b1f5ae8cc23d6ce64f4.jpg,kaggle_oily_dry_normal,oily,,ef64e2ceae46b14fbe7fdcb47128346178bd2815b3e44990e2292c807d26b12c,unmapped/extra folder label: oily
dataset/raw/kaggle_oily_dry_normal/Oily-Dry-Skin-Types/train/oily/oily_8595b2f371ffd1ff2b0e_jpg.rf.972ae5090fa3cf305f497eaf92ebfff5 - Copy.jpg,kaggle_oily_dry_normal,oily,,79a89e10504696aed6ec1975d55bce986302659267cebf4c704574a041eef26a,unmapped/extra folder label: oily
dataset/raw/kaggle_oily_dry_normal/Oily-Dry-Skin-Types/train/oily/oily_8595b2f371ffd1ff2b0e_jpg.rf.972ae5090fa3cf305f497eaf92ebfff5.jpg,kaggle_oily_dry_normal,oily,,79a89e10504696aed6ec1975d55bce986302659267cebf4c704574a041eef26a,unmapped/extra folder label: oily
dataset/raw/kaggle_oily_dry_normal/Oily-Dry-Skin-Types/train/oily/oily_87962ea5affc575bcab3_jpg.rf.5f054f14eccd5f08e4fe81358ae187c3.jpg,kaggle_oily_dry_normal,oily,,5400341ba5af6b2350aeea3b9ef5f15a10d1cd07c59e844df0dca15dda2539b9,unmapped/extra folder label: oily
dataset/raw/kaggle_oily_dry_normal/Oily-Dry-Skin-Types/train/oily/oily_87962ea5affc575bcab3_jpg.rf.806776fcaba7940c901ad4caa57f16b3.jpg,kaggle_oily_dry_normal,oily,,f1b0acd310f7f021ff38bfb0364717ee6848ba5e13f781948b09cd4a2d6b15df,unmapped/extra folder label: oily
dataset/raw/kaggle_oily_dry_normal/Oily-Dry-Skin-Types/train/oily/oily_87962ea5affc575bcab3_jpg.rf.9f6792357ad6aa44a656fa2f776a2eaf.jpg,kaggle_oily_dry_normal,oily,,2f2675d8cdc81de64f8ad3a46cf36ec92004c2605ffb9bcf27b141a431370139,unmapped/extra folder label: oily
dataset/raw/kaggle_oily_dry_normal/Oily-Dry-Skin-Types/train/oily/oily_87bfa67162803013e947_jpg.rf.0d349349a4d599933c1975abed315171 - Copy.jpg,kaggle_oily_dry_normal,oily,,159b091113278999c3c3dd39d83f4e51ce667e91d4ae79d6c259ff9cf8acdb95,unmapped/extra folder label: oily
dataset/raw/kaggle_oily_dry_normal/Oily-Dry-Skin-Types/train/oily/oily_87bfa67162803013e947_jpg.rf.0d349349a4d599933c1975abed315171.jpg,kaggle_oily_dry_normal,oily,,159b091113278999c3c3dd39d83f4e51ce667e91d4ae79d6c259ff9cf8acdb95,unmapped/extra folder label: oily
dataset/raw/kaggle_oily_dry_normal/Oily-Dry-Skin-Types/train/oily/oily_87bfa67162803013e947_jpg.rf.2751cac84ee3ca2f6da147068304dd5f - Copy.jpg,kaggle_oily_dry_normal,oily,,5a751d7b96a69582bda6d580df0c069359889221480ea405fc354190459d5653,unmapped/extra folder label: oily
dataset/raw/kaggle_oily_dry_normal/Oily-Dry-Skin-Types/train/oily/oily_87bfa67162803013e947_jpg.rf.2751cac84ee3ca2f6da147068304dd5f.jpg,kaggle_oily_dry_normal,oily,,5a751d7b96a69582bda6d580df0c069359889221480ea405fc354190459d5653,unmapped/extra folder label: oily
dataset/raw/kaggle_oily_dry_normal/Oily-Dry-Skin-Types/train/oily/oily_87bfa67162803013e947_jpg.rf.548f890b4c1372554969a1c7cf8e9a94 - Copy.jpg,kaggle_oily_dry_normal,oily,,a5e14385d6d62d7193c854c99c1c1faa86f3e95b608e30fcd1f1fd5940cbc22f,unmapped/extra folder label: oily
dataset/raw/kaggle_oily_dry_normal/Oily-Dry-Skin-Types/train/oily/oily_87bfa67162803013e947_jpg.rf.548f890b4c1372554969a1c7cf8e9a94.jpg,kaggle_oily_dry_normal,oily,,a5e14385d6d62d7193c854c99c1c1faa86f3e95b608e30fcd1f1fd5940cbc22f,unmapped/extra folder label: oily
dataset/raw/kaggle_oily_dry_normal/Oily-Dry-Skin-Types/train/oily/oily_88cbb8a449fe8a952396_jpg.rf.183ac2dc0b63df05fb755199e039b69f - Copy.jpg,kaggle_oily_dry_normal,oily,,6ea2d2604afba58447e692300aafd90426c434551d3c5495ed5a0fc6c3e942c0,unmapped/extra folder label: oily
dataset/raw/kaggle_oily_dry_normal/Oily-Dry-Skin-Types/train/oily/oily_88cbb8a449fe8a952396_jpg.rf.183ac2dc0b63df05fb755199e039b69f.jpg,kaggle_oily_dry_normal,oily,,6ea2d2604afba58447e692300aafd90426c434551d3c5495ed5a0fc6c3e942c0,unmapped/extra folder label: oily
dataset/raw/kaggle_oily_dry_normal/Oily-Dry-Skin-Types/train/oily/oily_88cbb8a449fe8a952396_jpg.rf.38158ff1329f8b0aad8c350de92aaad5 - Copy.jpg,kaggle_oily_dry_normal,oily,,4e2319a7fcf7c2fd07f42c85ddd3a018f9e462d8d30ddf0edf8e46e13ec39762,unmapped/extra folder label: oily
dataset/raw/kaggle_oily_dry_normal/Oily-Dry-Skin-Types/train/oily/oily_88cbb8a449fe8a952396_jpg.rf.38158ff1329f8b0aad8c350de92aaad5.jpg,kaggle_oily_dry_normal,oily,,4e2319a7fcf7c2fd07f42c85ddd3a018f9e462d8d30ddf0edf8e46e13ec39762,unmapped/extra folder label: oily
dataset/raw/kaggle_oily_dry_normal/Oily-Dry-Skin-Types/train/oily/oily_88cbb8a449fe8a952396_jpg.rf.b0e3fd5f5e2d4cc4cd7f33f7c71f8fc8 - Copy.jpg,kaggle_oily_dry_normal,oily,,46fd0c44fec63152349f6af960baf969584ae9ae6f97df7ce012c299305e8ea0,unmapped/extra folder label: oily
dataset/raw/kaggle_oily_dry_normal/Oily-Dry-Skin-Types/train/oily/oily_88cbb8a449fe8a952396_jpg.rf.b0e3fd5f5e2d4cc4cd7f33f7c71f8fc8.jpg,kaggle_oily_dry_normal,oily,,46fd0c44fec63152349f6af960baf969584ae9ae6f97df7ce012c299305e8ea0,unmapped/extra folder label: oily
dataset/raw/kaggle_oily_dry_normal/Oily-Dry-Skin-Types/train/oily/oily_8a72f446127aa7964f7d_jpg.rf.04999c5cb8eca30ea1e070b41ad22ea9 - Copy.jpg,kaggle_oily_dry_normal,oily,,4ae25c1099d622c2537c7a45182d7fb4c86c2abb58a6b7fab2be51627049a203,unmapped/extra folder label: oily
dataset/raw/kaggle_oily_dry_normal/Oily-Dry-Skin-Types/train/oily/oily_8a72f446127aa7964f7d_jpg.rf.04999c5cb8eca30ea1e070b41ad22ea9.jpg,kaggle_oily_dry_normal,oily,,4ae25c1099d622c2537c7a45182d7fb4c86c2abb58a6b7fab2be51627049a203,unmapped/extra folder label: oily
dataset/raw/kaggle_oily_dry_normal/Oily-Dry-Skin-Types/train/oily/oily_8a72f446127aa7964f7d_jpg.rf.a76937e4207deb6535f4050e683b8608 - Copy.jpg,kaggle_oily_dry_normal,oily,,f4db7b539712d96d6a2c8eaceef83c0a5ac99a98f899572af6eb82d76e77c814,unmapped/extra folder label: oily
dataset/raw/kaggle_oily_dry_normal/Oily-Dry-Skin-Types/train/oily/oily_8a72f446127aa7964f7d_jpg.rf.a76937e4207deb6535f4050e683b8608.jpg,kaggle_oily_dry_normal,oily,,f4db7b539712d96d6a2c8eaceef83c0a5ac99a98f899572af6eb82d76e77c814,unmapped/extra folder label: oily
dataset/raw/kaggle_oily_dry_normal/Oily-Dry-Skin-Types/train/oily/oily_8a72f446127aa7964f7d_jpg.rf.d34323217f282b61cbdb1e00a34e27ec - Copy.jpg,kaggle_oily_dry_normal,oily,,29e6037c4fb03de2f48d63f939e65e118a48434fd0519e664aaaf5873f9dd8d8,unmapped/extra folder label: oily
dataset/raw/kaggle_oily_dry_normal/Oily-Dry-Skin-Types/train/oily/oily_8a72f446127aa7964f7d_jpg.rf.d34323217f282b61cbdb1e00a34e27ec.jpg,kaggle_oily_dry_normal,oily,,29e6037c4fb03de2f48d63f939e65e118a48434fd0519e664aaaf5873f9dd8d8,unmapped/extra folder label: oily
dataset/raw/kaggle_oily_dry_normal/Oily-Dry-Skin-Types/train/oily/oily_8ac5dc572cebe2495650_jpg.rf.546a233b4e9135c123f94167d9d6d85a - Copy.jpg,kaggle_oily_dry_normal,oily,,58117952ea2dd0c230378e8085f0b9f8c72e0b801fc9d7e16d66c60ac304c6f1,unmapped/extra folder label: oily
dataset/raw/kaggle_oily_dry_normal/Oily-Dry-Skin-Types/train/oily/oily_8ac5dc572cebe2495650_jpg.rf.546a233b4e9135c123f94167d9d6d85a.jpg,kaggle_oily_dry_normal,oily,,58117952ea2dd0c230378e8085f0b9f8c72e0b801fc9d7e16d66c60ac304c6f1,unmapped/extra folder label: oily
dataset/raw/kaggle_oily_dry_normal/Oily-Dry-Skin-Types/train/oily/oily_8ac5dc572cebe2495650_jpg.rf.8bd5a73cb5e2e22219d0a80be00de328 - Copy.jpg,kaggle_oily_dry_normal,oily,,0ef091ed403f3854e77c3730739d404b3b999b7ae32bea33b14ffc75d15df310,unmapped/extra folder label: oily
dataset/raw/kaggle_oily_dry_normal/Oily-Dry-Skin-Types/train/oily/oily_8ac5dc572cebe2495650_jpg.rf.8bd5a73cb5e2e22219d0a80be00de328.jpg,kaggle_oily_dry_normal,oily,,0ef091ed403f3854e77c3730739d404b3b999b7ae32bea33b14ffc75d15df310,unmapped/extra folder label: oily
dataset/raw/kaggle_oily_dry_normal/Oily-Dry-Skin-Types/train/oily/oily_8ac5dc572cebe2495650_jpg.rf.8bf99db91f717735e9c1765083d4dd70 - Copy.jpg,kaggle_oily_dry_normal,oily,,46c7bb5bbb8270ca8d53bde464d14d42c2c4d0a3449dda2223880f3d8678f23b,unmapped/extra folder label: oily
dataset/raw/kaggle_oily_dry_normal/Oily-Dry-Skin-Types/train/oily/oily_8ac5dc572cebe2495650_jpg.rf.8bf99db91f717735e9c1765083d4dd70.jpg,kaggle_oily_dry_normal,oily,,46c7bb5bbb8270ca8d53bde464d14d42c2c4d0a3449dda2223880f3d8678f23b,unmapped/extra folder label: oily
dataset/raw/kaggle_oily_dry_normal/Oily-Dry-Skin-Types/train/oily/oily_8dd9233c498bd5d0533e_jpg.rf.025a802b37d997a45c6392f9f83c5c84 - Copy.jpg,kaggle_oily_dry_normal,oily,,2ee1a056b03336d512d525f574a06325a9c877c0fbd77f589a3b7c646023ae52,unmapped/extra folder label: oily
dataset/raw/kaggle_oily_dry_normal/Oily-Dry-Skin-Types/train/oily/oily_8dd9233c498bd5d0533e_jpg.rf.025a802b37d997a45c6392f9f83c5c84.jpg,kaggle_oily_dry_normal,oily,,2ee1a056b03336d512d525f574a06325a9c877c0fbd77f589a3b7c646023ae52,unmapped/extra folder label: oily
dataset/raw/kaggle_oily_dry_normal/Oily-Dry-Skin-Types/train/oily/oily_8dd9233c498bd5d0533e_jpg.rf.66aed3a4f1a5bbbb6a5c2f9db8222ecd - Copy.jpg,kaggle_oily_dry_normal,oily,,dd4dfba14b9b502815f9acbe97dcd543190d1849bffdbb46b2bb5c5abb226bd2,unmapped/extra folder label: oily
dataset/raw/kaggle_oily_dry_normal/Oily-Dry-Skin-Types/train/oily/oily_8dd9233c498bd5d0533e_jpg.rf.66aed3a4f1a5bbbb6a5c2f9db8222ecd.jpg,kaggle_oily_dry_normal,oily,,dd4dfba14b9b502815f9acbe97dcd543190d1849bffdbb46b2bb5c5abb226bd2,unmapped/extra folder label: oily
dataset/raw/kaggle_oily_dry_normal/Oily-Dry-Skin-Types/train/oily/oily_8dd9233c498bd5d0533e_jpg.rf.cd47706c6082b1d24667a1ec6d5d3415 - Copy.jpg,kaggle_oily_dry_normal,oily,,dff07319741762f73c9f3d6bd9a2ef7bbf7482dfec81bb93b71493ff1b1599ef,unmapped/extra folder label: oily
dataset/raw/kaggle_oily_dry_normal/Oily-Dry-Skin-Types/train/oily/oily_8dd9233c498bd5d0533e_jpg.rf.cd47706c6082b1d24667a1ec6d5d3415.jpg,kaggle_oily_dry_normal,oily,,dff07319741762f73c9f3d6bd9a2ef7bbf7482dfec81bb93b71493ff1b1599ef,unmapped/extra folder label: oily
dataset/raw/kaggle_oily_dry_normal/Oily-Dry-Skin-Types/train/oily/oily_90f7a465fd6a20c63d52_jpg.rf.11bde2cf86f20cf3d3a49a89fa0bb125 - Copy.jpg,kaggle_oily_dry_normal,oily,,32b86a8d830b26bf3d574107383377ee034180d1d446f7692b33830dec9e90f4,unmapped/extra folder label: oily
dataset/raw/kaggle_oily_dry_normal/Oily-Dry-Skin-Types/train/oily/oily_90f7a465fd6a20c63d52_jpg.rf.11bde2cf86f20cf3d3a49a89fa0bb125.jpg,kaggle_oily_dry_normal,oily,,32b86a8d830b26bf3d574107383377ee034180d1d446f7692b33830dec9e90f4,unmapped/extra folder label: oily
dataset/raw/kaggle_oily_dry_normal/Oily-Dry-Skin-Types/train/oily/oily_90f7a465fd6a20c63d52_jpg.rf.38bcd7420215016d48b6415af72de73c - Copy.jpg,kaggle_oily_dry_normal,oily,,0e91f2a8b0daa1a00258549897c58f94b41b6e296142237ab8de13f87150aa1a,unmapped/extra folder label: oily
dataset/raw/kaggle_oily_dry_normal/Oily-Dry-Skin-Types/train/oily/oily_90f7a465fd6a20c63d52_jpg.rf.38bcd7420215016d48b6415af72de73c.jpg,kaggle_oily_dry_normal,oily,,0e91f2a8b0daa1a00258549897c58f94b41b6e296142237ab8de13f87150aa1a,unmapped/extra folder label: oily
dataset/raw/kaggle_oily_dry_normal/Oily-Dry-Skin-Types/train/oily/oily_90f7a465fd6a20c63d52_jpg.rf.534c9acdd35c5b7af9a4c549bf3a4758 - Copy.jpg,kaggle_oily_dry_normal,oily,,14df59cf78e2e7042ee2b5147d23d0386852f834d84af3750fa9e2a583dc532a,unmapped/extra folder label: oily
dataset/raw/kaggle_oily_dry_normal/Oily-Dry-Skin-Types/train/oily/oily_90f7a465fd6a20c63d52_jpg.rf.534c9acdd35c5b7af9a4c549bf3a4758.jpg,kaggle_oily_dry_normal,oily,,14df59cf78e2e7042ee2b5147d23d0386852f834d84af3750fa9e2a583dc532a,unmapped/extra folder label: oily
dataset/raw/kaggle_oily_dry_normal/Oily-Dry-Skin-Types/train/oily/oily_919663e06b624737aa6a_jpg.rf.41f4bf784321e89f1ae5ea03e60ffc10.jpg,kaggle_oily_dry_normal,oily,,9ba58a6d79f00c6195422e6b3d224ccaf522faceccd39ac0632328c5ecfbf48f,unmapped/extra folder label: oily
dataset/raw/kaggle_oily_dry_normal/Oily-Dry-Skin-Types/train/oily/oily_919663e06b624737aa6a_jpg.rf.46be042f64f859e3073320244eabed48.jpg,kaggle_oily_dry_normal,oily,,f5e1c95a34b82908fe87e0e0617464f8af8ff7047f2b4e606824011b33e0d49c,unmapped/extra folder label: oily
dataset/raw/kaggle_oily_dry_normal/Oily-Dry-Skin-Types/train/oily/oily_919663e06b624737aa6a_jpg.rf.f414ded02813884e09d4a47e0c23ca7e.jpg,kaggle_oily_dry_normal,oily,,29710a2ed5394f258771263d16d118d7183be7feda9849cdf19b414619171b25,unmapped/extra folder label: oily
dataset/raw/kaggle_oily_dry_normal/Oily-Dry-Skin-Types/train/oily/oily_92a41a749815a867a157_jpg.rf.9402fb69917c8d327be21411c79d7073 - Copy.jpg,kaggle_oily_dry_normal,oily,,622ef43f13e53c8b8d29f5a944571e32f71498f59f940a1d376801ab1dc5bd07,unmapped/extra folder label: oily
dataset/raw/kaggle_oily_dry_normal/Oily-Dry-Skin-Types/train/oily/oily_92a41a749815a867a157_jpg.rf.9402fb69917c8d327be21411c79d7073.jpg,kaggle_oily_dry_normal,oily,,622ef43f13e53c8b8d29f5a944571e32f71498f59f940a1d376801ab1dc5bd07,unmapped/extra folder label: oily
dataset/raw/kaggle_oily_dry_normal/Oily-Dry-Skin-Types/train/oily/oily_92a41a749815a867a157_jpg.rf.9d4531ecafaea26417e6853d96d856d6 - Copy.jpg,kaggle_oily_dry_normal,oily,,574aa1fadfadf4f67ec1cdb543cadafdce334da81fcc1d04c8d3344627c23454,unmapped/extra folder label: oily
dataset/raw/kaggle_oily_dry_normal/Oily-Dry-Skin-Types/train/oily/oily_92a41a749815a867a157_jpg.rf.9d4531ecafaea26417e6853d96d856d6.jpg,kaggle_oily_dry_normal,oily,,574aa1fadfadf4f67ec1cdb543cadafdce334da81fcc1d04c8d3344627c23454,unmapped/extra folder label: oily
dataset/raw/kaggle_oily_dry_normal/Oily-Dry-Skin-Types/train/oily/oily_92a41a749815a867a157_jpg.rf.a664a2e851f899f2b50e865bf72aad56 - Copy.jpg,kaggle_oily_dry_normal,oily,,768fd867f30622a3bcf7bb9a17f5956838a2b5e0d3186c0e77cfdd5b6afaae6e,unmapped/extra folder label: oily
dataset/raw/kaggle_oily_dry_normal/Oily-Dry-Skin-Types/train/oily/oily_92a41a749815a867a157_jpg.rf.a664a2e851f899f2b50e865bf72aad56.jpg,kaggle_oily_dry_normal,oily,,768fd867f30622a3bcf7bb9a17f5956838a2b5e0d3186c0e77cfdd5b6afaae6e,unmapped/extra folder label: oily
dataset/raw/kaggle_oily_dry_normal/Oily-Dry-Skin-Types/train/oily/oily_9398a48fa348da090dae_jpg.rf.35b8d5940a7304d184dcda4a9018927c - Copy.jpg,kaggle_oily_dry_normal,oily,,bade6201b9c77f8607269efed0e896b040534b21b6f8b06e7eb597760e6a0b91,unmapped/extra folder label: oily
dataset/raw/kaggle_oily_dry_normal/Oily-Dry-Skin-Types/train/oily/oily_9398a48fa348da090dae_jpg.rf.35b8d5940a7304d184dcda4a9018927c.jpg,kaggle_oily_dry_normal,oily,,bade6201b9c77f8607269efed0e896b040534b21b6f8b06e7eb597760e6a0b91,unmapped/extra folder label: oily
dataset/raw/kaggle_oily_dry_normal/Oily-Dry-Skin-Types/train/oily/oily_9398a48fa348da090dae_jpg.rf.e89ba9a623e77c8873deb4231e9d5897 - Copy.jpg,kaggle_oily_dry_normal,oily,,9151972345a5a9493500c266be15d816d469d343abf7a9bb13ca6f724e8d8fb0,unmapped/extra folder label: oily
dataset/raw/kaggle_oily_dry_normal/Oily-Dry-Skin-Types/train/oily/oily_9398a48fa348da090dae_jpg.rf.e89ba9a623e77c8873deb4231e9d5897.jpg,kaggle_oily_dry_normal,oily,,9151972345a5a9493500c266be15d816d469d343abf7a9bb13ca6f724e8d8fb0,unmapped/extra folder label: oily
dataset/raw/kaggle_oily_dry_normal/Oily-Dry-Skin-Types/train/oily/oily_9398a48fa348da090dae_jpg.rf.f464a9d1d33484983a41e72357267fc9 - Copy.jpg,kaggle_oily_dry_normal,oily,,5ecd61f6f98a6448f37f81b1868c04a707ec16c19f47407e174f7d7f4201763a,unmapped/extra folder label: oily
dataset/raw/kaggle_oily_dry_normal/Oily-Dry-Skin-Types/train/oily/oily_9398a48fa348da090dae_jpg.rf.f464a9d1d33484983a41e72357267fc9.jpg,kaggle_oily_dry_normal,oily,,5ecd61f6f98a6448f37f81b1868c04a707ec16c19f47407e174f7d7f4201763a,unmapped/extra folder label: oily
dataset/raw/kaggle_oily_dry_normal/Oily-Dry-Skin-Types/train/oily/oily_947eab011a591a0d4b80_jpg.rf.3761c876888c6c0a0e96731d706b3924 - Copy.jpg,kaggle_oily_dry_normal,oily,,d2ac63cc0c3aff2e2a5ee560c7d3a77c008394a79b7e82076635102dae35d37f,unmapped/extra folder label: oily
dataset/raw/kaggle_oily_dry_normal/Oily-Dry-Skin-Types/train/oily/oily_947eab011a591a0d4b80_jpg.rf.3761c876888c6c0a0e96731d706b3924.jpg,kaggle_oily_dry_normal,oily,,d2ac63cc0c3aff2e2a5ee560c7d3a77c008394a79b7e82076635102dae35d37f,unmapped/extra folder label: oily
dataset/raw/kaggle_oily_dry_normal/Oily-Dry-Skin-Types/train/oily/oily_947eab011a591a0d4b80_jpg.rf.60972fe5d619ee394ebccb158d09526a - Copy.jpg,kaggle_oily_dry_normal,oily,,8a8b2ffd4c9326092c6930392e6a11e51c864a674af6e5e0d472d3c744353488,unmapped/extra folder label: oily
dataset/raw/kaggle_oily_dry_normal/Oily-Dry-Skin-Types/train/oily/oily_947eab011a591a0d4b80_jpg.rf.60972fe5d619ee394ebccb158d09526a.jpg,kaggle_oily_dry_normal,oily,,8a8b2ffd4c9326092c6930392e6a11e51c864a674af6e5e0d472d3c744353488,unmapped/extra folder label: oily
dataset/raw/kaggle_oily_dry_normal/Oily-Dry-Skin-Types/train/oily/oily_947eab011a591a0d4b80_jpg.rf.7063718b834dbdf09f8ad10add7e34d1 - Copy.jpg,kaggle_oily_dry_normal,oily,,dd7ccacb2db831059a28c6c398bb2ec70383554986fc3f025553ddfba538891b,unmapped/extra folder label: oily
dataset/raw/kaggle_oily_dry_normal/Oily-Dry-Skin-Types/train/oily/oily_947eab011a591a0d4b80_jpg.rf.7063718b834dbdf09f8ad10add7e34d1.jpg,kaggle_oily_dry_normal,oily,,dd7ccacb2db831059a28c6c398bb2ec70383554986fc3f025553ddfba538891b,unmapped/extra folder label: oily
dataset/raw/kaggle_oily_dry_normal/Oily-Dry-Skin-Types/train/oily/oily_969f9db48a6b5e5f364e_jpg.rf.38cabbcd561e33bec1d9a0438a76ec43 - Copy.jpg,kaggle_oily_dry_normal,oily,,b51bf1f88addca176080fe4efb53523443c0fc907d7aafc5828aaf7defd7c476,unmapped/extra folder label: oily
dataset/raw/kaggle_oily_dry_normal/Oily-Dry-Skin-Types/train/oily/oily_969f9db48a6b5e5f364e_jpg.rf.38cabbcd561e33bec1d9a0438a76ec43.jpg,kaggle_oily_dry_normal,oily,,b51bf1f88addca176080fe4efb53523443c0fc907d7aafc5828aaf7defd7c476,unmapped/extra folder label: oily
dataset/raw/kaggle_oily_dry_normal/Oily-Dry-Skin-Types/train/oily/oily_969f9db48a6b5e5f364e_jpg.rf.9e3408a197a33968f750df98f31cf7bf - Copy.jpg,kaggle_oily_dry_normal,oily,,d955267417c7ac2d2ffe7994c93faf84fec89e3db43230d3de6e7b9ddd185f8f,unmapped/extra folder label: oily
dataset/raw/kaggle_oily_dry_normal/Oily-Dry-Skin-Types/train/oily/oily_969f9db48a6b5e5f364e_jpg.rf.9e3408a197a33968f750df98f31cf7bf.jpg,kaggle_oily_dry_normal,oily,,d955267417c7ac2d2ffe7994c93faf84fec89e3db43230d3de6e7b9ddd185f8f,unmapped/extra folder label: oily
dataset/raw/kaggle_oily_dry_normal/Oily-Dry-Skin-Types/train/oily/oily_969f9db48a6b5e5f364e_jpg.rf.ed55f5fc7ce15215cf45260eae85d317 - Copy.jpg,kaggle_oily_dry_normal,oily,,a35861737183bfb3eef9c18109dae0d6a691a18fc300adf0a675fd70420a86db,unmapped/extra folder label: oily
dataset/raw/kaggle_oily_dry_normal/Oily-Dry-Skin-Types/train/oily/oily_969f9db48a6b5e5f364e_jpg.rf.ed55f5fc7ce15215cf45260eae85d317.jpg,kaggle_oily_dry_normal,oily,,a35861737183bfb3eef9c18109dae0d6a691a18fc300adf0a675fd70420a86db,unmapped/extra folder label: oily
dataset/raw/kaggle_oily_dry_normal/Oily-Dry-Skin-Types/train/oily/oily_96a0db7e467cf1a22f20_jpg.rf.20b197db62b67b19359cf393d5a5c370 - Copy.jpg,kaggle_oily_dry_normal,oily,,cb3fc89df125053f6acb3e29a73e226972f3c632e31b80a9a1bc9eee67d15bd4,unmapped/extra folder label: oily
dataset/raw/kaggle_oily_dry_normal/Oily-Dry-Skin-Types/train/oily/oily_96a0db7e467cf1a22f20_jpg.rf.20b197db62b67b19359cf393d5a5c370.jpg,kaggle_oily_dry_normal,oily,,cb3fc89df125053f6acb3e29a73e226972f3c632e31b80a9a1bc9eee67d15bd4,unmapped/extra folder label: oily
dataset/raw/kaggle_oily_dry_normal/Oily-Dry-Skin-Types/train/oily/oily_96a0db7e467cf1a22f20_jpg.rf.4963ff6ba31825bc1bf372aba0227faa - Copy.jpg,kaggle_oily_dry_normal,oily,,f4bfbd91dda3a2321efbdf2b243c908b1ed7444de8eedbb75e33b6008b4f90e3,unmapped/extra folder label: oily
dataset/raw/kaggle_oily_dry_normal/Oily-Dry-Skin-Types/train/oily/oily_96a0db7e467cf1a22f20_jpg.rf.4963ff6ba31825bc1bf372aba0227faa.jpg,kaggle_oily_dry_normal,oily,,f4bfbd91dda3a2321efbdf2b243c908b1ed7444de8eedbb75e33b6008b4f90e3,unmapped/extra folder label: oily
dataset/raw/kaggle_oily_dry_normal/Oily-Dry-Skin-Types/train/oily/oily_96a0db7e467cf1a22f20_jpg.rf.af960fbb109321f7fdc2cf282217c780 - Copy.jpg,kaggle_oily_dry_normal,oily,,c48a1e1a5f18cccfb0f7e13d46587e290bb81acbadac92f8b0c6f9757075c30f,unmapped/extra folder label: oily
dataset/raw/kaggle_oily_dry_normal/Oily-Dry-Skin-Types/train/oily/oily_96a0db7e467cf1a22f20_jpg.rf.af960fbb109321f7fdc2cf282217c780.jpg,kaggle_oily_dry_normal,oily,,c48a1e1a5f18cccfb0f7e13d46587e290bb81acbadac92f8b0c6f9757075c30f,unmapped/extra folder label: oily
dataset/raw/kaggle_oily_dry_normal/Oily-Dry-Skin-Types/train/oily/oily_970b00a8c661b24cc9e3_jpg.rf.30f1b98b8d549f4f95a86f2c5feaecdb - Copy.jpg,kaggle_oily_dry_normal,oily,,99be7391aebf4f35b7651895840aad1ee1b1123d7fd3c23c3959be79f3150a00,unmapped/extra folder label: oily
dataset/raw/kaggle_oily_dry_normal/Oily-Dry-Skin-Types/train/oily/oily_970b00a8c661b24cc9e3_jpg.rf.30f1b98b8d549f4f95a86f2c5feaecdb.jpg,kaggle_oily_dry_normal,oily,,99be7391aebf4f35b7651895840aad1ee1b1123d7fd3c23c3959be79f3150a00,unmapped/extra folder label: oily
dataset/raw/kaggle_oily_dry_normal/Oily-Dry-Skin-Types/train/oily/oily_970b00a8c661b24cc9e3_jpg.rf.6999f00d090bb9bad7e65c86f1cc3c9e - Copy.jpg,kaggle_oily_dry_normal,oily,,15b6ebee68ceb594b0f2ffed7614cb9391bf9f53b7531b0f059720ab45a531dc,unmapped/extra folder label: oily
dataset/raw/kaggle_oily_dry_normal/Oily-Dry-Skin-Types/train/oily/oily_970b00a8c661b24cc9e3_jpg.rf.6999f00d090bb9bad7e65c86f1cc3c9e.jpg,kaggle_oily_dry_normal,oily,,15b6ebee68ceb594b0f2ffed7614cb9391bf9f53b7531b0f059720ab45a531dc,unmapped/extra folder label: oily
dataset/raw/kaggle_oily_dry_normal/Oily-Dry-Skin-Types/train/oily/oily_970b00a8c661b24cc9e3_jpg.rf.e5dd0419a1ad8806085652ae5dceeb7e - Copy.jpg,kaggle_oily_dry_normal,oily,,dffe7d330db61c57df1a1a2d16f80da5d6a05a4f275ad99070371721ee6c9adf,unmapped/extra folder label: oily
dataset/raw/kaggle_oily_dry_normal/Oily-Dry-Skin-Types/train/oily/oily_970b00a8c661b24cc9e3_jpg.rf.e5dd0419a1ad8806085652ae5dceeb7e.jpg,kaggle_oily_dry_normal,oily,,dffe7d330db61c57df1a1a2d16f80da5d6a05a4f275ad99070371721ee6c9adf,unmapped/extra folder label: oily
dataset/raw/kaggle_oily_dry_normal/Oily-Dry-Skin-Types/train/oily/oily_99f2c8b7a83dc65bfe0a_jpg.rf.35eff0e8296610b3f1cc0e1204b9a53f - Copy.jpg,kaggle_oily_dry_normal,oily,,b54efbcbc2742c24705f4777d12d3c72813e23ef08d68d24436de45553670d31,unmapped/extra folder label: oily
dataset/raw/kaggle_oily_dry_normal/Oily-Dry-Skin-Types/train/oily/oily_99f2c8b7a83dc65bfe0a_jpg.rf.35eff0e8296610b3f1cc0e1204b9a53f.jpg,kaggle_oily_dry_normal,oily,,b54efbcbc2742c24705f4777d12d3c72813e23ef08d68d24436de45553670d31,unmapped/extra folder label: oily
dataset/raw/kaggle_oily_dry_normal/Oily-Dry-Skin-Types/train/oily/oily_99f2c8b7a83dc65bfe0a_jpg.rf.3b3ec7eaae6e45e8d68ea6bb44af2c6e - Copy.jpg,kaggle_oily_dry_normal,oily,,023c4ef07866e0ea73909ea71a2ffcae8545095ddf206cc9f205a380e3ebaf40,unmapped/extra folder label: oily
dataset/raw/kaggle_oily_dry_normal/Oily-Dry-Skin-Types/train/oily/oily_99f2c8b7a83dc65bfe0a_jpg.rf.3b3ec7eaae6e45e8d68ea6bb44af2c6e.jpg,kaggle_oily_dry_normal,oily,,023c4ef07866e0ea73909ea71a2ffcae8545095ddf206cc9f205a380e3ebaf40,unmapped/extra folder label: oily
dataset/raw/kaggle_oily_dry_normal/Oily-Dry-Skin-Types/train/oily/oily_99f2c8b7a83dc65bfe0a_jpg.rf.97c789248c0cd3e30eb8b4dc6c7b31d8 - Copy.jpg,kaggle_oily_dry_normal,oily,,56ec46989e0fd25a69cef5134e34d43f5daedb59ad9c576da109542bbdc01494,unmapped/extra folder label: oily
dataset/raw/kaggle_oily_dry_normal/Oily-Dry-Skin-Types/train/oily/oily_99f2c8b7a83dc65bfe0a_jpg.rf.97c789248c0cd3e30eb8b4dc6c7b31d8.jpg,kaggle_oily_dry_normal,oily,,56ec46989e0fd25a69cef5134e34d43f5daedb59ad9c576da109542bbdc01494,unmapped/extra folder label: oily
dataset/raw/kaggle_oily_dry_normal/Oily-Dry-Skin-Types/train/oily/oily_9a39158c820bed7b4d4d_jpg.rf.387781af27bde3c0fa771aea9c49c5f9 - Copy.jpg,kaggle_oily_dry_normal,oily,,ae91c6fdabcff913f5c9588d3ecfcbadc8e9ce9de54cb937bdd88104609c37b5,unmapped/extra folder label: oily
dataset/raw/kaggle_oily_dry_normal/Oily-Dry-Skin-Types/train/oily/oily_9a39158c820bed7b4d4d_jpg.rf.387781af27bde3c0fa771aea9c49c5f9.jpg,kaggle_oily_dry_normal,oily,,ae91c6fdabcff913f5c9588d3ecfcbadc8e9ce9de54cb937bdd88104609c37b5,unmapped/extra folder label: oily
dataset/raw/kaggle_oily_dry_normal/Oily-Dry-Skin-Types/train/oily/oily_9a39158c820bed7b4d4d_jpg.rf.966808912e30e1bfbb9ce9b912176ff6 - Copy.jpg,kaggle_oily_dry_normal,oily,,16482d4809c03d1d0d3cbf81263d7f00afe4aba9c4b1af211c55ea8705e1e689,unmapped/extra folder label: oily
dataset/raw/kaggle_oily_dry_normal/Oily-Dry-Skin-Types/train/oily/oily_9a39158c820bed7b4d4d_jpg.rf.966808912e30e1bfbb9ce9b912176ff6.jpg,kaggle_oily_dry_normal,oily,,16482d4809c03d1d0d3cbf81263d7f00afe4aba9c4b1af211c55ea8705e1e689,unmapped/extra folder label: oily
dataset/raw/kaggle_oily_dry_normal/Oily-Dry-Skin-Types/train/oily/oily_9a39158c820bed7b4d4d_jpg.rf.ed2e86d831e3faebf26a0768cb55632f - Copy.jpg,kaggle_oily_dry_normal,oily,,e81086350260a0f955670126c44afa32fca93df696600f9770a39bbdb3143b8b,unmapped/extra folder label: oily
dataset/raw/kaggle_oily_dry_normal/Oily-Dry-Skin-Types/train/oily/oily_9a39158c820bed7b4d4d_jpg.rf.ed2e86d831e3faebf26a0768cb55632f.jpg,kaggle_oily_dry_normal,oily,,e81086350260a0f955670126c44afa32fca93df696600f9770a39bbdb3143b8b,unmapped/extra folder label: oily
dataset/raw/kaggle_oily_dry_normal/Oily-Dry-Skin-Types/train/oily/oily_9cadddbbecbf9c25ff81_jpg.rf.195b165922c061971962910940464b37 - Copy.jpg,kaggle_oily_dry_normal,oily,,1cc02a55b6ea993ead18de3198b5d9bbf5d88d8b9d0100c770fcf5aab807faff,unmapped/extra folder label: oily
dataset/raw/kaggle_oily_dry_normal/Oily-Dry-Skin-Types/train/oily/oily_9cadddbbecbf9c25ff81_jpg.rf.195b165922c061971962910940464b37.jpg,kaggle_oily_dry_normal,oily,,1cc02a55b6ea993ead18de3198b5d9bbf5d88d8b9d0100c770fcf5aab807faff,unmapped/extra folder label: oily
dataset/raw/kaggle_oily_dry_normal/Oily-Dry-Skin-Types/train/oily/oily_9cadddbbecbf9c25ff81_jpg.rf.5ad94f9cd519f439372283dc96d4eb64 - Copy.jpg,kaggle_oily_dry_normal,oily,,ca497793275e68a0f4d51ac99ed6ddbcba71452bf2dc8236d93fcba7cd45d3db,unmapped/extra folder label: oily
dataset/raw/kaggle_oily_dry_normal/Oily-Dry-Skin-Types/train/oily/oily_9cadddbbecbf9c25ff81_jpg.rf.5ad94f9cd519f439372283dc96d4eb64.jpg,kaggle_oily_dry_normal,oily,,ca497793275e68a0f4d51ac99ed6ddbcba71452bf2dc8236d93fcba7cd45d3db,unmapped/extra folder label: oily
dataset/raw/kaggle_oily_dry_normal/Oily-Dry-Skin-Types/train/oily/oily_9cadddbbecbf9c25ff81_jpg.rf.843c37e3e52a70613d9ab8f1e5006428 - Copy.jpg,kaggle_oily_dry_normal,oily,,39b672557e39af73d73cc8f570d0011b533e10955b1d32e8e7e17f22d025cb97,unmapped/extra folder label: oily
dataset/raw/kaggle_oily_dry_normal/Oily-Dry-Skin-Types/train/oily/oily_9cadddbbecbf9c25ff81_jpg.rf.843c37e3e52a70613d9ab8f1e5006428.jpg,kaggle_oily_dry_normal,oily,,39b672557e39af73d73cc8f570d0011b533e10955b1d32e8e7e17f22d025cb97,unmapped/extra folder label: oily
dataset/raw/kaggle_oily_dry_normal/Oily-Dry-Skin-Types/train/oily/oily_9e7626abafa6c0063987_jpg.rf.6aca3e5831454ec60956fa1fee297ddd - Copy.jpg,kaggle_oily_dry_normal,oily,,537098e3f6d8d7c9bc609e1995d0461c28b78e533436911db186677034542f78,unmapped/extra folder label: oily
dataset/raw/kaggle_oily_dry_normal/Oily-Dry-Skin-Types/train/oily/oily_9e7626abafa6c0063987_jpg.rf.6aca3e5831454ec60956fa1fee297ddd.jpg,kaggle_oily_dry_normal,oily,,537098e3f6d8d7c9bc609e1995d0461c28b78e533436911db186677034542f78,unmapped/extra folder label: oily
dataset/raw/kaggle_oily_dry_normal/Oily-Dry-Skin-Types/train/oily/oily_9e7626abafa6c0063987_jpg.rf.847d6d1b686f1dcddcd9864c9fe845b5 - Copy.jpg,kaggle_oily_dry_normal,oily,,a70ff98254837080e22061e621bb643f57f984970ea5f17207565e1e926e2726,unmapped/extra folder label: oily
dataset/raw/kaggle_oily_dry_normal/Oily-Dry-Skin-Types/train/oily/oily_9e7626abafa6c0063987_jpg.rf.847d6d1b686f1dcddcd9864c9fe845b5.jpg,kaggle_oily_dry_normal,oily,,a70ff98254837080e22061e621bb643f57f984970ea5f17207565e1e926e2726,unmapped/extra folder label: oily
dataset/raw/kaggle_oily_dry_normal/Oily-Dry-Skin-Types/train/oily/oily_9e7626abafa6c0063987_jpg.rf.ef8a1316e96a9497a0393c8dfdf5f51e - Copy.jpg,kaggle_oily_dry_normal,oily,,c8378af2f9fcba07b1526a9b25c4edebd11592d85e7c5d051bca866f494d7748,unmapped/extra folder label: oily
dataset/raw/kaggle_oily_dry_normal/Oily-Dry-Skin-Types/train/oily/oily_9e7626abafa6c0063987_jpg.rf.ef8a1316e96a9497a0393c8dfdf5f51e.jpg,kaggle_oily_dry_normal,oily,,c8378af2f9fcba07b1526a9b25c4edebd11592d85e7c5d051bca866f494d7748,unmapped/extra folder label: oily
dataset/raw/kaggle_oily_dry_normal/Oily-Dry-Skin-Types/train/oily/oily_9e898820f79dbb5abecb_jpg.rf.c10da61326928128108cd9a8cc947c3f - Copy.jpg,kaggle_oily_dry_normal,oily,,1c5da747316f85e59e5afe1405654841b4bd871e2b16b913244e2ececefa7ba5,unmapped/extra folder label: oily
dataset/raw/kaggle_oily_dry_normal/Oily-Dry-Skin-Types/train/oily/oily_9e898820f79dbb5abecb_jpg.rf.c10da61326928128108cd9a8cc947c3f.jpg,kaggle_oily_dry_normal,oily,,1c5da747316f85e59e5afe1405654841b4bd871e2b16b913244e2ececefa7ba5,unmapped/extra folder label: oily
dataset/raw/kaggle_oily_dry_normal/Oily-Dry-Skin-Types/train/oily/oily_9e898820f79dbb5abecb_jpg.rf.e683e05b1b108beb9da5c82b598daa2e - Copy.jpg,kaggle_oily_dry_normal,oily,,9bf81940add24c52e1af12dd045de6a767e281347377263dd3536a113b9934c4,unmapped/extra folder label: oily
dataset/raw/kaggle_oily_dry_normal/Oily-Dry-Skin-Types/train/oily/oily_9e898820f79dbb5abecb_jpg.rf.e683e05b1b108beb9da5c82b598daa2e.jpg,kaggle_oily_dry_normal,oily,,9bf81940add24c52e1af12dd045de6a767e281347377263dd3536a113b9934c4,unmapped/extra folder label: oily
dataset/raw/kaggle_oily_dry_normal/Oily-Dry-Skin-Types/train/oily/oily_9e898820f79dbb5abecb_jpg.rf.ffe20f743c14f48da1abb3525b06b13f - Copy.jpg,kaggle_oily_dry_normal,oily,,58cf8548c56309cc4e1451f06fc51cc1327f3b51c3994e46f8039d8543382cdd,unmapped/extra folder label: oily
dataset/raw/kaggle_oily_dry_normal/Oily-Dry-Skin-Types/train/oily/oily_9e898820f79dbb5abecb_jpg.rf.ffe20f743c14f48da1abb3525b06b13f.jpg,kaggle_oily_dry_normal,oily,,58cf8548c56309cc4e1451f06fc51cc1327f3b51c3994e46f8039d8543382cdd,unmapped/extra folder label: oily
dataset/raw/kaggle_oily_dry_normal/Oily-Dry-Skin-Types/train/oily/oily_9fd7382c20e1e7bc5bf6_jpg.rf.0c10bd1f03e8db5c5642ce92f615af4f - Copy.jpg,kaggle_oily_dry_normal,oily,,e1c8ca31fda09cce025ec0b76f0c3df5c92d451b9eae4a7a8f518243eb78c86c,unmapped/extra folder label: oily
dataset/raw/kaggle_oily_dry_normal/Oily-Dry-Skin-Types/train/oily/oily_9fd7382c20e1e7bc5bf6_jpg.rf.0c10bd1f03e8db5c5642ce92f615af4f.jpg,kaggle_oily_dry_normal,oily,,e1c8ca31fda09cce025ec0b76f0c3df5c92d451b9eae4a7a8f518243eb78c86c,unmapped/extra folder label: oily
dataset/raw/kaggle_oily_dry_normal/Oily-Dry-Skin-Types/train/oily/oily_9fd7382c20e1e7bc5bf6_jpg.rf.44473dd6082e09971203f6487ac1bd10 - Copy.jpg,kaggle_oily_dry_normal,oily,,579c6b5570045732231f654e7388059a342700c504e7fdd6c4165895b2664479,unmapped/extra folder label: oily
dataset/raw/kaggle_oily_dry_normal/Oily-Dry-Skin-Types/train/oily/oily_9fd7382c20e1e7bc5bf6_jpg.rf.44473dd6082e09971203f6487ac1bd10.jpg,kaggle_oily_dry_normal,oily,,579c6b5570045732231f654e7388059a342700c504e7fdd6c4165895b2664479,unmapped/extra folder label: oily
dataset/raw/kaggle_oily_dry_normal/Oily-Dry-Skin-Types/train/oily/oily_9fd7382c20e1e7bc5bf6_jpg.rf.dff43da575ea02eeb739967c1675f293 - Copy.jpg,kaggle_oily_dry_normal,oily,,7b6c15a79a85ae1452b0b80a89fc2af019aae87f38d838c856db25a4436edac0,unmapped/extra folder label: oily
dataset/raw/kaggle_oily_dry_normal/Oily-Dry-Skin-Types/train/oily/oily_9fd7382c20e1e7bc5bf6_jpg.rf.dff43da575ea02eeb739967c1675f293.jpg,kaggle_oily_dry_normal,oily,,7b6c15a79a85ae1452b0b80a89fc2af019aae87f38d838c856db25a4436edac0,unmapped/extra folder label: oily
dataset/raw/kaggle_oily_dry_normal/Oily-Dry-Skin-Types/train/oily/oily_a04f2c5dcd09745ba83c_jpg.rf.0675ac7b7efcd5bd1c8de4c0994306da.jpg,kaggle_oily_dry_normal,oily,,e6e18fea35fa4ffccde09e4f8bfabccb98288ce22b8fadda915b649c0e083613,unmapped/extra folder label: oily
dataset/raw/kaggle_oily_dry_normal/Oily-Dry-Skin-Types/train/oily/oily_a04f2c5dcd09745ba83c_jpg.rf.8388d3d19045d9bc112b2fcea4b94edb.jpg,kaggle_oily_dry_normal,oily,,4145d92719ba43ef1d7411e4c04a51c9fbcd3ed2a778799e0d014f18fc5200c4,unmapped/extra folder label: oily
dataset/raw/kaggle_oily_dry_normal/Oily-Dry-Skin-Types/train/oily/oily_a04f2c5dcd09745ba83c_jpg.rf.93bf0985f7fb12cb3ed23773e0519aac.jpg,kaggle_oily_dry_normal,oily,,a1b25668a3d6f584a76e001423b5cd7084c2e324a05659f30c4dfcf15ae850ed,unmapped/extra folder label: oily
dataset/raw/kaggle_oily_dry_normal/Oily-Dry-Skin-Types/train/oily/oily_a2c8187d92132c9cb25e_jpg.rf.903cc46d7d12907d452f9f0181259c13.jpg,kaggle_oily_dry_normal,oily,,e9a78129bf81dbbae3c207f7bcbba73c1fcce3ee3d04054e772e521be2650ff0,unmapped/extra folder label: oily
dataset/raw/kaggle_oily_dry_normal/Oily-Dry-Skin-Types/train/oily/oily_a2c8187d92132c9cb25e_jpg.rf.ce41e793dcc0c51f350ba76174db439f.jpg,kaggle_oily_dry_normal,oily,,455f9124dbde63d8aae511e400db3b38f8a27fa0e90b3eaf6e1264c7a90e2443,unmapped/extra folder label: oily
dataset/raw/kaggle_oily_dry_normal/Oily-Dry-Skin-Types/train/oily/oily_a2c8187d92132c9cb25e_jpg.rf.dcd0c2d5af98fd923e8ae511ec8d5878.jpg,kaggle_oily_dry_normal,oily,,cf91d21a41233dbce0017cbe30e883bb4fedd2113833c8a0a1c35d30f5da4c73,unmapped/extra folder label: oily
dataset/raw/kaggle_oily_dry_normal/Oily-Dry-Skin-Types/train/oily/oily_a554f2b8fe32598ac65d_jpg.rf.2313016c9c2f2fc3b88c25791dcd20b1.jpg,kaggle_oily_dry_normal,oily,,e66ae2598484946303199945f94fc27e2fe749dec2b23f2a908c935e75df7692,unmapped/extra folder label: oily
dataset/raw/kaggle_oily_dry_normal/Oily-Dry-Skin-Types/train/oily/oily_a554f2b8fe32598ac65d_jpg.rf.7eb6fc4e9ea9e3fcbcf99550101afe7c.jpg,kaggle_oily_dry_normal,oily,,a36623147318e96260c231a76ae8c479f30c2d470326bfbe5b87cd63ea8e820a,unmapped/extra folder label: oily
dataset/raw/kaggle_oily_dry_normal/Oily-Dry-Skin-Types/train/oily/oily_a554f2b8fe32598ac65d_jpg.rf.82d07f363c47e975a65c2125d133a194.jpg,kaggle_oily_dry_normal,oily,,9d149a17aaa46bcf371b26705febbd352ceb6c2c20593a4acb777a5fd60c4252,unmapped/extra folder label: oily
dataset/raw/kaggle_oily_dry_normal/Oily-Dry-Skin-Types/train/oily/oily_a8cac3505a92ed80a1b3_jpg.rf.0fdab38cbb9a97c8a9a71c72cfde0cfc.jpg,kaggle_oily_dry_normal,oily,,6641fa7f74012cf64f7a1fdadfcf27810f3682930ef7acf10723601d6926e0e3,unmapped/extra folder label: oily
dataset/raw/kaggle_oily_dry_normal/Oily-Dry-Skin-Types/train/oily/oily_a8cac3505a92ed80a1b3_jpg.rf.7e2e61b8c615fdf622bd19a2ed972c37.jpg,kaggle_oily_dry_normal,oily,,c755920bfb51c95059ecf4a907f5a3359cf9a79c55f2be818d187486de8961c1,unmapped/extra folder label: oily
dataset/raw/kaggle_oily_dry_normal/Oily-Dry-Skin-Types/train/oily/oily_a8cac3505a92ed80a1b3_jpg.rf.c258994d8792f250dd819927555caaba.jpg,kaggle_oily_dry_normal,oily,,72f50aa1594735d76a41638a89704b915d9ecc30f5636188b41a4fa67ddc0a0f,unmapped/extra folder label: oily
dataset/raw/kaggle_oily_dry_normal/Oily-Dry-Skin-Types/train/oily/oily_a9af7121519143fee832_jpg.rf.082a138514a667f84b02d0d7da0b9dd6.jpg,kaggle_oily_dry_normal,oily,,b3d91ffddf7bafdaa7389032c5cb832371ae9cdea14542913bcb197147fc9e8c,unmapped/extra folder label: oily
dataset/raw/kaggle_oily_dry_normal/Oily-Dry-Skin-Types/train/oily/oily_a9af7121519143fee832_jpg.rf.1d83cf92c954f708917ce529bfb7a665.jpg,kaggle_oily_dry_normal,oily,,628338c928fda367677df4cbc11e57386e0e47429cc798d5c20d019062f5f181,unmapped/extra folder label: oily
dataset/raw/kaggle_oily_dry_normal/Oily-Dry-Skin-Types/train/oily/oily_a9af7121519143fee832_jpg.rf.f0cca69dc237bfbfd743cdf7618fdf03.jpg,kaggle_oily_dry_normal,oily,,d027b2c7eb84d0b1a31afd086fa9f22702ec51e447e6a1e460b0172975539a44,unmapped/extra folder label: oily
dataset/raw/kaggle_oily_dry_normal/Oily-Dry-Skin-Types/train/oily/oily_a9b5163e062c57314cf2_jpg.rf.6d5da9ba52a1aeb42f53fdb394e110d1.jpg,kaggle_oily_dry_normal,oily,,c079edca267f29601bc8b88bd064ab8d501f3f0307d997b93e6a84ff28cee846,unmapped/extra folder label: oily
dataset/raw/kaggle_oily_dry_normal/Oily-Dry-Skin-Types/train/oily/oily_a9b5163e062c57314cf2_jpg.rf.c7ff0382ed5a83e5571d8e61529c787a.jpg,kaggle_oily_dry_normal,oily,,00161c9ddee8428e63705318579f41e2d1ea28a9b154825d80fb386522679532,unmapped/extra folder label: oily
dataset/raw/kaggle_oily_dry_normal/Oily-Dry-Skin-Types/train/oily/oily_a9b5163e062c57314cf2_jpg.rf.e49022d0acfa8f4b9ed1168f10a49188.jpg,kaggle_oily_dry_normal,oily,,3fb7591b7fa5e88e154c4a83635f52496a3e4b02a0568b51ec3ba4a0eeca2743,unmapped/extra folder label: oily
dataset/raw/kaggle_oily_dry_normal/Oily-Dry-Skin-Types/train/oily/oily_aa481727a736d31a0877_jpg.rf.a71e3b3f5041fcbceeb03fc8c412609a.jpg,kaggle_oily_dry_normal,oily,,5837361a5deaeb4c4a679b630c50175a8979cdca48011b485429ea04eb9a983e,unmapped/extra folder label: oily
dataset/raw/kaggle_oily_dry_normal/Oily-Dry-Skin-Types/train/oily/oily_aa481727a736d31a0877_jpg.rf.c9228397379b4483ad0d93554bf473d0.jpg,kaggle_oily_dry_normal,oily,,5992d1f86d4dabc53f9cc3facfe54170f2e89f384e7faadafed4e20174c1f84c,unmapped/extra folder label: oily
dataset/raw/kaggle_oily_dry_normal/Oily-Dry-Skin-Types/train/oily/oily_aa481727a736d31a0877_jpg.rf.e6e2393b7fdda8f2e68255b648f42fc2.jpg,kaggle_oily_dry_normal,oily,,5821b57ca206fb3b0ce0137cec5660569bfe7e67c792b8773405d1f225ec1bba,unmapped/extra folder label: oily
dataset/raw/kaggle_oily_dry_normal/Oily-Dry-Skin-Types/train/oily/oily_ab4a490d1e793198696b_jpg.rf.00bafce787c4360901ea27ef20a95e83.jpg,kaggle_oily_dry_normal,oily,,2124bac8132532eb6de33a2de669e849bb5e38101620ce4e9ee0abd3190a4464,unmapped/extra folder label: oily
dataset/raw/kaggle_oily_dry_normal/Oily-Dry-Skin-Types/train/oily/oily_ab4a490d1e793198696b_jpg.rf.0fba1150481d7e15795cb7cffac97479.jpg,kaggle_oily_dry_normal,oily,,12513082e9ecc56654202793946be7e019cf41a3d933747c8b5bedf62c91fc71,unmapped/extra folder label: oily
dataset/raw/kaggle_oily_dry_normal/Oily-Dry-Skin-Types/train/oily/oily_ab4a490d1e793198696b_jpg.rf.6936cb5a2a54afc5c589d358caf904c3.jpg,kaggle_oily_dry_normal,oily,,951af8476d31dd78c4bbd86ef7928027c0d1bf932245793129f9940ae8edf9e3,unmapped/extra folder label: oily
dataset/raw/kaggle_oily_dry_normal/Oily-Dry-Skin-Types/train/oily/oily_adbd1a984288ee15f8ed_jpg.rf.208e41ba260e21c455311643f8d7b819.jpg,kaggle_oily_dry_normal,oily,,f1b4d626998463fbfd61d24e4aaac704eea6b201fc4c3e78780825154880fe1d,unmapped/extra folder label: oily
dataset/raw/kaggle_oily_dry_normal/Oily-Dry-Skin-Types/train/oily/oily_adbd1a984288ee15f8ed_jpg.rf.c47c3de2dbf0e3c6e7d7392d7388063c.jpg,kaggle_oily_dry_normal,oily,,cb8cb2149efb5b9a00ca1fdb436745df0914c9ca22f93c5c9804f0d020cee492,unmapped/extra folder label: oily
dataset/raw/kaggle_oily_dry_normal/Oily-Dry-Skin-Types/train/oily/oily_adbd1a984288ee15f8ed_jpg.rf.dc90ed260cf70f358ba81c9db65999e9.jpg,kaggle_oily_dry_normal,oily,,8087b4a839b784654cacddab0cf0050981e7f28a6e39c7ef760e5d57f61378be,unmapped/extra folder label: oily
dataset/raw/kaggle_oily_dry_normal/Oily-Dry-Skin-Types/train/oily/oily_add029a75ef3a8d1ff89_jpg.rf.4bd0074bbfe384462bbfcec5bebc934a.jpg,kaggle_oily_dry_normal,oily,,9c46768c31a7c4a84941d168c17571ddbfdd17d7cbef0469b31ccd71bc0e288c,unmapped/extra folder label: oily
dataset/raw/kaggle_oily_dry_normal/Oily-Dry-Skin-Types/train/oily/oily_add029a75ef3a8d1ff89_jpg.rf.568d84d6cbcd9b4d8827f6a0c325d59b.jpg,kaggle_oily_dry_normal,oily,,ec1e667f6f3c76d6c5be2e01d6d752417f882f0467528d10e6a6ff616039c287,unmapped/extra folder label: oily
dataset/raw/kaggle_oily_dry_normal/Oily-Dry-Skin-Types/train/oily/oily_add029a75ef3a8d1ff89_jpg.rf.61d627c5767eb49dcd738a137150509b.jpg,kaggle_oily_dry_normal,oily,,e1f5f00a568c3066240655bc70b3969792c94def048b36eda9a91dccf041940a,unmapped/extra folder label: oily
dataset/raw/kaggle_oily_dry_normal/Oily-Dry-Skin-Types/train/oily/oily_afa0072f829494f57286_jpg.rf.154229c04d8e4c9f21dd3e2bbc316ef8.jpg,kaggle_oily_dry_normal,oily,,1baeccb68ad27b5e3f17016cd9d7410cdb1dbb9dc77e4238a0dc221aa7ba87a5,unmapped/extra folder label: oily
dataset/raw/kaggle_oily_dry_normal/Oily-Dry-Skin-Types/train/oily/oily_afa0072f829494f57286_jpg.rf.41b2fb558d8f517cb0ad0c726d930f6f.jpg,kaggle_oily_dry_normal,oily,,c6e0ed82fb8bf9555b01fa5c5136d195619d63ee3dbdb32974ba52e51da5c4ef,unmapped/extra folder label: oily
dataset/raw/kaggle_oily_dry_normal/Oily-Dry-Skin-Types/train/oily/oily_afa0072f829494f57286_jpg.rf.da9ad3ec271a89088bc0d370b2b74562.jpg,kaggle_oily_dry_normal,oily,,a8d3da69b37150910e514d8fce0135776d470ca211a151d53e4e84fce2962639,unmapped/extra folder label: oily
dataset/raw/kaggle_oily_dry_normal/Oily-Dry-Skin-Types/train/oily/oily_afd41f38d615587f5566_jpg.rf.09ab1142571083b7dc42d830594d3994.jpg,kaggle_oily_dry_normal,oily,,cbb3e04e8121061e9a0ad958d08939b7ccc6c81779d2511d4e9ae0333b416790,unmapped/extra folder label: oily
dataset/raw/kaggle_oily_dry_normal/Oily-Dry-Skin-Types/train/oily/oily_afd41f38d615587f5566_jpg.rf.7e66433fc737d09904b85d27e5b5c3b6.jpg,kaggle_oily_dry_normal,oily,,766e74465c319c614b99fed6a33e0a96fbe42799497f43f9171d0366fc3ec89b,unmapped/extra folder label: oily
dataset/raw/kaggle_oily_dry_normal/Oily-Dry-Skin-Types/train/oily/oily_afd41f38d615587f5566_jpg.rf.f01f94b33d90a1919081012f663fea5e.jpg,kaggle_oily_dry_normal,oily,,371f42bad4954f5ab50d00456979f652e54886039fc15a585673784fe0bd50c0,unmapped/extra folder label: oily
dataset/raw/kaggle_oily_dry_normal/Oily-Dry-Skin-Types/train/oily/oily_affb11547a0009d30377_jpg.rf.4f6955c2a7de71032eaef686a7b3fbca.jpg,kaggle_oily_dry_normal,oily,,b38b4d25f6c60301a604e7e6fab2da15481886f3b1b4127305e533cb7a5d016d,unmapped/extra folder label: oily
dataset/raw/kaggle_oily_dry_normal/Oily-Dry-Skin-Types/train/oily/oily_affb11547a0009d30377_jpg.rf.897b84c78e297eb2bded093150eaa623.jpg,kaggle_oily_dry_normal,oily,,57a7b993c211e32e8a4cba10670660786610ae29ee1912379c2b80de2ec48847,unmapped/extra folder label: oily
dataset/raw/kaggle_oily_dry_normal/Oily-Dry-Skin-Types/train/oily/oily_affb11547a0009d30377_jpg.rf.f731b55ec900a171794b3f79a2be75c6.jpg,kaggle_oily_dry_normal,oily,,77c61eaf447e75c18a509c63bad85d4c405888ac25983c5e6cbd331eea002ae5,unmapped/extra folder label: oily
dataset/raw/kaggle_oily_dry_normal/Oily-Dry-Skin-Types/train/oily/oily_b491ed4e712b2a96ed31_jpg.rf.3dfb8e48fe419a4ae84c54dba98fd16a.jpg,kaggle_oily_dry_normal,oily,,a12282acbd15e25896a35075d27b24536e7d72dc91ac680d78a09e8c5c7606c6,unmapped/extra folder label: oily
dataset/raw/kaggle_oily_dry_normal/Oily-Dry-Skin-Types/train/oily/oily_b491ed4e712b2a96ed31_jpg.rf.5a2bdabbdc128804f547f466fd7016c3.jpg,kaggle_oily_dry_normal,oily,,73bc3b79bfc20b3476790e8799cafbe0131f926b0e2ec99b7a8285d57f7b73e2,unmapped/extra folder label: oily
dataset/raw/kaggle_oily_dry_normal/Oily-Dry-Skin-Types/train/oily/oily_b491ed4e712b2a96ed31_jpg.rf.824869d9ac9844e47ec8e2cd3e426ddf.jpg,kaggle_oily_dry_normal,oily,,6b575eb3ff31d03146db9e05703e1d2d33c6f4d3db17cc47239f014322d4c4af,unmapped/extra folder label: oily
dataset/raw/kaggle_oily_dry_normal/Oily-Dry-Skin-Types/train/oily/oily_b502550daf77168a2117_jpg.rf.126bc342401d7fb9ccc31af76af0d89c.jpg,kaggle_oily_dry_normal,oily,,ff8cf730bf01170a58ba825ddfda02aa9ca121387c0299e37356ffd129068f90,unmapped/extra folder label: oily
dataset/raw/kaggle_oily_dry_normal/Oily-Dry-Skin-Types/train/oily/oily_b502550daf77168a2117_jpg.rf.6c4887f80769e4f4bb9e9bb60cb2722f.jpg,kaggle_oily_dry_normal,oily,,f9b8262513ee529b2181e892cc860f0478096befc0b94f28ff3711b3affc8b6e,unmapped/extra folder label: oily
dataset/raw/kaggle_oily_dry_normal/Oily-Dry-Skin-Types/train/oily/oily_b502550daf77168a2117_jpg.rf.f87f5e5d13accaf3a748dcf7258501c3.jpg,kaggle_oily_dry_normal,oily,,1968d772e0c685247a81ade964a12c54b7c2d7b85a466aa17b02d6981976355b,unmapped/extra folder label: oily
dataset/raw/kaggle_oily_dry_normal/Oily-Dry-Skin-Types/train/oily/oily_b62ff7193268b0b90e57_jpg.rf.4e773dc36ed0af2c1c48af11f79b7b26.jpg,kaggle_oily_dry_normal,oily,,46e4822a64758cdeef3af1f31bbf97fb878430b7afa3046e980016869fd7d354,unmapped/extra folder label: oily
dataset/raw/kaggle_oily_dry_normal/Oily-Dry-Skin-Types/train/oily/oily_b62ff7193268b0b90e57_jpg.rf.6e9be9bf3fca20ffe501ff83cfd11660.jpg,kaggle_oily_dry_normal,oily,,ca605bec30d98202ca9a9487b1fb7672924fe63dd892ee403ee483109b26611b,unmapped/extra folder label: oily
dataset/raw/kaggle_oily_dry_normal/Oily-Dry-Skin-Types/train/oily/oily_b62ff7193268b0b90e57_jpg.rf.c3afe4b3a2471237b640477a6e485949.jpg,kaggle_oily_dry_normal,oily,,d55ddac37e6110afb21c81b0b59d0cf25907039f9a8e3d7af4cf0153375ecb69,unmapped/extra folder label: oily
dataset/raw/kaggle_oily_dry_normal/Oily-Dry-Skin-Types/train/oily/oily_b682812ac5e6d92232ea_jpg.rf.1378957e5d756bbfc22d630fe51a8020.jpg,kaggle_oily_dry_normal,oily,,54f57a26b66bea2248cf3b7d31609792424be938287c0ba54cec952cc493c4f5,unmapped/extra folder label: oily
dataset/raw/kaggle_oily_dry_normal/Oily-Dry-Skin-Types/train/oily/oily_b682812ac5e6d92232ea_jpg.rf.47d819bbfd42cdfab1ea9918fe9baaf9.jpg,kaggle_oily_dry_normal,oily,,3236f2b56514d50c5ff9a76669c3ec1e3e07d5277d2b8139c8dc67cdd2e18f95,unmapped/extra folder label: oily
dataset/raw/kaggle_oily_dry_normal/Oily-Dry-Skin-Types/train/oily/oily_b682812ac5e6d92232ea_jpg.rf.ba8c925ab5f84088a58ca498c70a1c6f.jpg,kaggle_oily_dry_normal,oily,,83dd4ed6066354b310cdc9554c7dc1ea97d35ac4acacc6bad0b7e71f6dc85ef7,unmapped/extra folder label: oily
dataset/raw/kaggle_oily_dry_normal/Oily-Dry-Skin-Types/train/oily/oily_b77c14a94a780268ce7c_jpg.rf.4422b547046a850fb3f0bd5f26483474.jpg,kaggle_oily_dry_normal,oily,,164ac10fa27748058919d999e7cffc5a599f6518ddbab7bba3cdb8c2f44b6067,unmapped/extra folder label: oily
dataset/raw/kaggle_oily_dry_normal/Oily-Dry-Skin-Types/train/oily/oily_b77c14a94a780268ce7c_jpg.rf.7b5d01a1013dd1ec49ce23d309586ef8.jpg,kaggle_oily_dry_normal,oily,,985c421f34592fc37d8f0b1d85d970033a9adb98d8ee785f82ae075890a3ce55,unmapped/extra folder label: oily
dataset/raw/kaggle_oily_dry_normal/Oily-Dry-Skin-Types/train/oily/oily_b77c14a94a780268ce7c_jpg.rf.8beee4ea3668f872074b4ac6467f7b0c.jpg,kaggle_oily_dry_normal,oily,,029e02860e5a600d11ddad8d3b23d70bf15a52710ac0b7e36e72a6066b5dd2de,unmapped/extra folder label: oily
dataset/raw/kaggle_oily_dry_normal/Oily-Dry-Skin-Types/train/oily/oily_b7ce5e9a25c4c534f6ae_jpg.rf.39998d8390da1007c4912778ab06e14c.jpg,kaggle_oily_dry_normal,oily,,87f2fc5a6e4bc43269a2e2781fc6e3283bb670200486ddd2151accbcaca2edaf,unmapped/extra folder label: oily
dataset/raw/kaggle_oily_dry_normal/Oily-Dry-Skin-Types/train/oily/oily_b7ce5e9a25c4c534f6ae_jpg.rf.3b6351fc8331651efd5c164da30f220b.jpg,kaggle_oily_dry_normal,oily,,9b5a6cf4f927f924fa28176e4ae1e738372094b9f5f25780d6f4c9a2174ab405,unmapped/extra folder label: oily
dataset/raw/kaggle_oily_dry_normal/Oily-Dry-Skin-Types/train/oily/oily_b7ce5e9a25c4c534f6ae_jpg.rf.4f2e32ad3ee507ba5e8a22b6961b664c.jpg,kaggle_oily_dry_normal,oily,,851757cd723977d451143fe468fb1e56d3d5b8d69cd9d2e4c26f1efe417f9988,unmapped/extra folder label: oily
dataset/raw/kaggle_oily_dry_normal/Oily-Dry-Skin-Types/train/oily/oily_b9c6cb398e1993586ee1_jpg.rf.0993d8d1012fe67e902d615a79c0bed5.jpg,kaggle_oily_dry_normal,oily,,4b66b2fa6a6e50d3479abd56ffdeb90e063a67500ab5114aebd61ec424987e4f,unmapped/extra folder label: oily
dataset/raw/kaggle_oily_dry_normal/Oily-Dry-Skin-Types/train/oily/oily_b9c6cb398e1993586ee1_jpg.rf.67cc4a1dd511897480f6083692f6ce95.jpg,kaggle_oily_dry_normal,oily,,c53ffbe361431ef5e9b3cf867ca2425208286c8b2372c05573f0776e5fd78018,unmapped/extra folder label: oily
dataset/raw/kaggle_oily_dry_normal/Oily-Dry-Skin-Types/train/oily/oily_b9c6cb398e1993586ee1_jpg.rf.d10867cd6cf0a51440602346bde5e496.jpg,kaggle_oily_dry_normal,oily,,7e8b3e5be477d807908e89c55d1cd6a968531d49a97553ff2f9ada3be1d2a45b,unmapped/extra folder label: oily
dataset/raw/kaggle_oily_dry_normal/Oily-Dry-Skin-Types/train/oily/oily_ba03a81538f84a4f8b1c_jpg.rf.1b90ef1b660412c3c6b316ae897d712e.jpg,kaggle_oily_dry_normal,oily,,c5fb4253aa607ba01ee3e1e782306caeb666456b2c12606900c7d22670d75525,unmapped/extra folder label: oily
dataset/raw/kaggle_oily_dry_normal/Oily-Dry-Skin-Types/train/oily/oily_ba03a81538f84a4f8b1c_jpg.rf.2fcf6f68e29ca6b3386d4027369fd4e2.jpg,kaggle_oily_dry_normal,oily,,63b5ee14c723c52aa03b7d5f0d12253a18200b667b5ab556a35d9eb83fb4ff68,unmapped/extra folder label: oily
dataset/raw/kaggle_oily_dry_normal/Oily-Dry-Skin-Types/train/oily/oily_ba03a81538f84a4f8b1c_jpg.rf.338a8de8fcc6dea208c6c37b5cdbe4c5.jpg,kaggle_oily_dry_normal,oily,,22e5393ebeb83f6854382bae412318d81177ad8d13100926078fc97814b79f68,unmapped/extra folder label: oily
dataset/raw/kaggle_oily_dry_normal/Oily-Dry-Skin-Types/train/oily/oily_bb23a8374b0e4be1fd4d_jpg.rf.49b6c0f937d789950665b2889c45d446.jpg,kaggle_oily_dry_normal,oily,,bf3b764b81db08a672c2e29aa365d37c2ac4186e1a6cc1e26e3de1c564fcd4c8,unmapped/extra folder label: oily
dataset/raw/kaggle_oily_dry_normal/Oily-Dry-Skin-Types/train/oily/oily_bb23a8374b0e4be1fd4d_jpg.rf.96453bd125c622b50de0625c1672162a.jpg,kaggle_oily_dry_normal,oily,,faf073bc2b0a42f14271ced5c734285f26145f92c4e277bc2b51dde3697ab12d,unmapped/extra folder label: oily
dataset/raw/kaggle_oily_dry_normal/Oily-Dry-Skin-Types/train/oily/oily_bb23a8374b0e4be1fd4d_jpg.rf.a3522bb0dee13f9b090b43bea90bd3ce.jpg,kaggle_oily_dry_normal,oily,,dda48aacd60a43bbb2d36b712318a4dc6f7b43d400f3a63d5d0e0eb6e98cd4d6,unmapped/extra folder label: oily
dataset/raw/kaggle_oily_dry_normal/Oily-Dry-Skin-Types/train/oily/oily_bb64fceefc0dbb2b5d4b_jpg.rf.745b640a6571957b8136e2d4651272d4.jpg,kaggle_oily_dry_normal,oily,,a6f5ea2a4b63e90cbe1e99cfb740c692ce356787b79bec29038bac4487212421,unmapped/extra folder label: oily
dataset/raw/kaggle_oily_dry_normal/Oily-Dry-Skin-Types/train/oily/oily_bb64fceefc0dbb2b5d4b_jpg.rf.7c106a4a1cd2db28824e89145a243de2.jpg,kaggle_oily_dry_normal,oily,,1d22f5ddadce89d19e8d0bddb9c4c89bdf5a06b103a553efa30d86d587a580c3,unmapped/extra folder label: oily
dataset/raw/kaggle_oily_dry_normal/Oily-Dry-Skin-Types/train/oily/oily_bb64fceefc0dbb2b5d4b_jpg.rf.d2cebbc333c362cfc7c15bcd5d9164d6.jpg,kaggle_oily_dry_normal,oily,,872d607814c6c5a617701bed9b09455beaf5c17569875653668d04e05a3ba7ec,unmapped/extra folder label: oily
dataset/raw/kaggle_oily_dry_normal/Oily-Dry-Skin-Types/train/oily/oily_bc3c3237f607eb298516_jpg.rf.06d27f67a04b3579aee32b2b894d285a.jpg,kaggle_oily_dry_normal,oily,,ca8be1f7908012d988d26d6a0cdb5ceb7858fb3c71225fbe0f0c37b6c942d74f,unmapped/extra folder label: oily
dataset/raw/kaggle_oily_dry_normal/Oily-Dry-Skin-Types/train/oily/oily_bc3c3237f607eb298516_jpg.rf.8b9f1b6469e730d33c8794047dad6d2e.jpg,kaggle_oily_dry_normal,oily,,04e7a7d6bf6f4b0cbe730631e3712952962ad9632abe082ff6b29ce2ca593b6f,unmapped/extra folder label: oily
dataset/raw/kaggle_oily_dry_normal/Oily-Dry-Skin-Types/train/oily/oily_bc3c3237f607eb298516_jpg.rf.df2180c522f47b3f1783f35af9e796e0.jpg,kaggle_oily_dry_normal,oily,,130e117940d6efeb1ec58eb18fe2830d34535ff5170767bb90b70c7ac16366e9,unmapped/extra folder label: oily
dataset/raw/kaggle_oily_dry_normal/Oily-Dry-Skin-Types/train/oily/oily_bc7421ba9af3081971f9_jpg.rf.2e8e02f966ff363ad7f53de738e72dc3.jpg,kaggle_oily_dry_normal,oily,,fade9c6d78c217d212afc82242a86247dae7101c1c09b5cf0f2130370f0798e1,unmapped/extra folder label: oily
dataset/raw/kaggle_oily_dry_normal/Oily-Dry-Skin-Types/train/oily/oily_bc7421ba9af3081971f9_jpg.rf.5ba949738ae14d5570e8fdd6dd52edd5.jpg,kaggle_oily_dry_normal,oily,,2b009317390c6bf65b9b1a916d7e42140ae0bb3e07374ac9a4fe8ece8afdf046,unmapped/extra folder label: oily
dataset/raw/kaggle_oily_dry_normal/Oily-Dry-Skin-Types/train/oily/oily_bc7421ba9af3081971f9_jpg.rf.f7171f445468343ff7e6ad58149078ff.jpg,kaggle_oily_dry_normal,oily,,36b68dddc564962563ab7dea96283430c80c246c9bacc3999d7320fb2af45d1d,unmapped/extra folder label: oily
dataset/raw/kaggle_oily_dry_normal/Oily-Dry-Skin-Types/train/oily/oily_bd2ce005a0888ff4b390_jpg.rf.4b928fde77f65d1a6bbbb1bda758fe71.jpg,kaggle_oily_dry_normal,oily,,9b6d37c074c1b4ce598bc889b8ef607978739fc2ea78de1717b2dc294ed978eb,unmapped/extra folder label: oily
dataset/raw/kaggle_oily_dry_normal/Oily-Dry-Skin-Types/train/oily/oily_bd2ce005a0888ff4b390_jpg.rf.d0a877380c158e22e8c0bdc61f7f3d40.jpg,kaggle_oily_dry_normal,oily,,b1e813aac75761065930ad35898db4c758f42aed024b46b24a0b548677483701,unmapped/extra folder label: oily
dataset/raw/kaggle_oily_dry_normal/Oily-Dry-Skin-Types/train/oily/oily_bd2ce005a0888ff4b390_jpg.rf.f7a43f466be2c40e2d78b7dd92102704.jpg,kaggle_oily_dry_normal,oily,,760d1c12b693d37730f6ef8b33ee0a67cbe7cc8ba29058c4e7d2344867051391,unmapped/extra folder label: oily
dataset/raw/kaggle_oily_dry_normal/Oily-Dry-Skin-Types/train/oily/oily_becf62854f4ab78c56ae_jpg.rf.01fdc7c2a4de17bc56da37b2bbfa2302.jpg,kaggle_oily_dry_normal,oily,,6b0e7e280b39568dd90c46f5c4b06a9f17f310d5fdb0aed659413c30233298e0,unmapped/extra folder label: oily
dataset/raw/kaggle_oily_dry_normal/Oily-Dry-Skin-Types/train/oily/oily_becf62854f4ab78c56ae_jpg.rf.2f266ab6394e38deecd4362a1fafe5f2.jpg,kaggle_oily_dry_normal,oily,,7687bc637052c90cf8b6a2f7a29fa9e4ae37bbcf0ecc9f28f6923d5a98fd98bf,unmapped/extra folder label: oily
dataset/raw/kaggle_oily_dry_normal/Oily-Dry-Skin-Types/train/oily/oily_becf62854f4ab78c56ae_jpg.rf.9c2a926727c66ca559233d31bd0355c3.jpg,kaggle_oily_dry_normal,oily,,96fec2987457565a2ad97ee21f20606458e8c4193753b8fbdecaf3889373ab4c,unmapped/extra folder label: oily
dataset/raw/kaggle_oily_dry_normal/Oily-Dry-Skin-Types/train/oily/oily_c11e53c6e3595bfab5a7_jpg.rf.61b83b2434fccc26df8ac05a94011e22.jpg,kaggle_oily_dry_normal,oily,,082c549d43d1d7fdeeee74f0b5aae361945f57287d2534b5befb6c016891aaa9,unmapped/extra folder label: oily
dataset/raw/kaggle_oily_dry_normal/Oily-Dry-Skin-Types/train/oily/oily_c11e53c6e3595bfab5a7_jpg.rf.8f74c9a8f7aa40f16196b73254459412.jpg,kaggle_oily_dry_normal,oily,,2daa4ef9102496bc611a435bbf4acca24edcf966843fbb9e441c4707019672e1,unmapped/extra folder label: oily
dataset/raw/kaggle_oily_dry_normal/Oily-Dry-Skin-Types/train/oily/oily_c11e53c6e3595bfab5a7_jpg.rf.fb99d8b339d7cb4a8b0c6ed6b6b70a6d.jpg,kaggle_oily_dry_normal,oily,,a60245bf99237862c3d9ad9c2e2d64e1c4d1bff720d63c15c1b1b0372d75874f,unmapped/extra folder label: oily
dataset/raw/kaggle_oily_dry_normal/Oily-Dry-Skin-Types/train/oily/oily_c2df510303b097a5b3e5_jpg.rf.21e5ad361065df4bafff4b70680d4fed.jpg,kaggle_oily_dry_normal,oily,,c3adcbc8b7998173d9cebae2da963ca68d672b6ebe4c221ee48e283cfc7719e4,unmapped/extra folder label: oily
dataset/raw/kaggle_oily_dry_normal/Oily-Dry-Skin-Types/train/oily/oily_c2df510303b097a5b3e5_jpg.rf.6115ba6049c572a15a76b5319cdca26b.jpg,kaggle_oily_dry_normal,oily,,c7da5df02241cef7ff55f7fa7911a0f669340d6229050012765d04019504fb06,unmapped/extra folder label: oily
dataset/raw/kaggle_oily_dry_normal/Oily-Dry-Skin-Types/train/oily/oily_c2df510303b097a5b3e5_jpg.rf.7d1de32b8d0d877dfa97c7cb722d82aa.jpg,kaggle_oily_dry_normal,oily,,65ed98201843ebc8b7d4b2d357e22ee9ec6dd8f2c3bc30ea379135ce7f2d53bc,unmapped/extra folder label: oily
dataset/raw/kaggle_oily_dry_normal/Oily-Dry-Skin-Types/train/oily/oily_c38b373467a190ce7d92_jpg.rf.0f952c3c62817fa44b1f4a3e26d91313.jpg,kaggle_oily_dry_normal,oily,,206e09c2222f4bbe0598b73e909d79cda4e6ff5174a9721997186c2c746c1821,unmapped/extra folder label: oily
dataset/raw/kaggle_oily_dry_normal/Oily-Dry-Skin-Types/train/oily/oily_c38b373467a190ce7d92_jpg.rf.1a6727483547cb641d3adab47670b793.jpg,kaggle_oily_dry_normal,oily,,6447e1d2668a2cea5237f28861409e628645e8c04157d7e8b9cbdec09df51b74,unmapped/extra folder label: oily
dataset/raw/kaggle_oily_dry_normal/Oily-Dry-Skin-Types/train/oily/oily_c38b373467a190ce7d92_jpg.rf.96d6b9adb1bab164d4329ae2c8b0a4d7.jpg,kaggle_oily_dry_normal,oily,,7c9a9f692d3c8099a45d79a43f2cac7b342846a4366b8646fd09c7fb74e06d2b,unmapped/extra folder label: oily
dataset/raw/kaggle_oily_dry_normal/Oily-Dry-Skin-Types/train/oily/oily_c392cc836eba0b4108a7_jpg.rf.577c33d9bc81fc510e14042581d4f2de.jpg,kaggle_oily_dry_normal,oily,,42391a7db2e991440cd410e882fa7114c57a65b1fefcb6cc8947bf4415ec7348,unmapped/extra folder label: oily
dataset/raw/kaggle_oily_dry_normal/Oily-Dry-Skin-Types/train/oily/oily_c392cc836eba0b4108a7_jpg.rf.65b8b6cb8ad7894dc601b6b38b2207a1.jpg,kaggle_oily_dry_normal,oily,,6d787ce9be5fc296b0bc6ccbcdb489aa9a6a9f7295f757424b1f7527eb2dc324,unmapped/extra folder label: oily
dataset/raw/kaggle_oily_dry_normal/Oily-Dry-Skin-Types/train/oily/oily_c392cc836eba0b4108a7_jpg.rf.9bcfce993577e5902306ff3ac986edef.jpg,kaggle_oily_dry_normal,oily,,c864d7d45388247fcff69a3224f52ad87ae0d9410a0c9a70697e24b92a6add86,unmapped/extra folder label: oily
dataset/raw/kaggle_oily_dry_normal/Oily-Dry-Skin-Types/train/oily/oily_c3e5e851bd3cf824e857_jpg.rf.5a92f2866b6fbe8674a8bd7dc07fd801.jpg,kaggle_oily_dry_normal,oily,,42becaa80df2868860b280329f03fd430f13f48306b61c8c4811715d918e6778,unmapped/extra folder label: oily
dataset/raw/kaggle_oily_dry_normal/Oily-Dry-Skin-Types/train/oily/oily_c3e5e851bd3cf824e857_jpg.rf.7fb395f3ad41460bfb8e115940955086.jpg,kaggle_oily_dry_normal,oily,,8213394082c635921692264bda14b9b9571288791d8b02d75b01b77b170bc6c7,unmapped/extra folder label: oily
dataset/raw/kaggle_oily_dry_normal/Oily-Dry-Skin-Types/train/oily/oily_c3e5e851bd3cf824e857_jpg.rf.cac3cf692e029d0ee189a0044995c17c.jpg,kaggle_oily_dry_normal,oily,,cb1ca05d3746fa9905d5dcd717d9bda9833e5b9870100bd533d24554f4549a7c,unmapped/extra folder label: oily
dataset/raw/kaggle_oily_dry_normal/Oily-Dry-Skin-Types/train/oily/oily_c67a023f55b0abc545c2_jpg.rf.2d5012a7f25f38fa555a195b0115bf64.jpg,kaggle_oily_dry_normal,oily,,13566eafe9cbcd1300180e8415045dc84c4908d3cfffdfc3948d651576c7b50b,unmapped/extra folder label: oily
dataset/raw/kaggle_oily_dry_normal/Oily-Dry-Skin-Types/train/oily/oily_c67a023f55b0abc545c2_jpg.rf.476a4ae620ddc512bd1159c508e28de5.jpg,kaggle_oily_dry_normal,oily,,de86491e95c95d57be38e741b30840b05ce6d8a14f8cc26b11b6a94aabbf12fa,unmapped/extra folder label: oily
dataset/raw/kaggle_oily_dry_normal/Oily-Dry-Skin-Types/train/oily/oily_c67a023f55b0abc545c2_jpg.rf.c9ed61d19d527896e504b2645336fbd7.jpg,kaggle_oily_dry_normal,oily,,41da99dbde547915832dd9aadee28eab500e279e3939822e6199fb58bdaef871,unmapped/extra folder label: oily
dataset/raw/kaggle_oily_dry_normal/Oily-Dry-Skin-Types/train/oily/oily_c6a4c3ee2287d0683c9a_jpg.rf.017cb5ae3e46386312a85fbb0bb07162.jpg,kaggle_oily_dry_normal,oily,,c52db6591c1eb6ef6d157c7dda77b27a91994ccac594eaf2c0c1c84442910df1,unmapped/extra folder label: oily
dataset/raw/kaggle_oily_dry_normal/Oily-Dry-Skin-Types/train/oily/oily_c6a4c3ee2287d0683c9a_jpg.rf.88cf606488442a512dba6992faaa546a.jpg,kaggle_oily_dry_normal,oily,,98083efb8bec9b7ff102eab392d988f3b5cce44bad7c8fbfe161826c4b669a4a,unmapped/extra folder label: oily
dataset/raw/kaggle_oily_dry_normal/Oily-Dry-Skin-Types/train/oily/oily_c6a4c3ee2287d0683c9a_jpg.rf.9c64460008f7130e3503bbd6180e0c57.jpg,kaggle_oily_dry_normal,oily,,97449b37d34da0eff69886e8971dfd8d90cee680866ed059bc0b2c5e4a1d14e7,unmapped/extra folder label: oily
dataset/raw/kaggle_oily_dry_normal/Oily-Dry-Skin-Types/train/oily/oily_c9d57c80bb89e1df9ec3_jpg.rf.42d3201c268e07df433d3fdd33e096c5.jpg,kaggle_oily_dry_normal,oily,,6db3b7714d49779da646abe78c56c75b523097cbc8f00e50ea2237ccef134fd5,unmapped/extra folder label: oily
dataset/raw/kaggle_oily_dry_normal/Oily-Dry-Skin-Types/train/oily/oily_c9d57c80bb89e1df9ec3_jpg.rf.637f86ac120b5f381b9a2f468c42f9c8.jpg,kaggle_oily_dry_normal,oily,,d36c547bc029164b07759828a97a1202a97789ad92e62de054045bc7727ea8ae,unmapped/extra folder label: oily
dataset/raw/kaggle_oily_dry_normal/Oily-Dry-Skin-Types/train/oily/oily_c9d57c80bb89e1df9ec3_jpg.rf.7bfeff93683f8a9743a076fb405e76f5.jpg,kaggle_oily_dry_normal,oily,,a52a103ac86f131a3332e459aad4a81aabeb08e920974ecd2d4a9a2023efc19e,unmapped/extra folder label: oily
dataset/raw/kaggle_oily_dry_normal/Oily-Dry-Skin-Types/train/oily/oily_cab956597262566cf9fd_jpg.rf.4bd749faabe279c7ec2ec8cbdb0685e7.jpg,kaggle_oily_dry_normal,oily,,ae0187ef6062edc3f754e3e90a438351a4396cfb7f223f3259125ae35423e0c0,unmapped/extra folder label: oily
dataset/raw/kaggle_oily_dry_normal/Oily-Dry-Skin-Types/train/oily/oily_cab956597262566cf9fd_jpg.rf.8957290b42472c1f833012bda58ddb4c.jpg,kaggle_oily_dry_normal,oily,,3ef3833282f121c015750473dfd85ddcfe512a7ef3d717f4078fb8a6be40f354,unmapped/extra folder label: oily
dataset/raw/kaggle_oily_dry_normal/Oily-Dry-Skin-Types/train/oily/oily_cab956597262566cf9fd_jpg.rf.e51da1d2224d4a59934cf39abc23d65b.jpg,kaggle_oily_dry_normal,oily,,af0a676a8e518182de6e6411bae597e62f0e391cd0f6e09ed496b86a353c5824,unmapped/extra folder label: oily
dataset/raw/kaggle_oily_dry_normal/Oily-Dry-Skin-Types/train/oily/oily_cac973b3263075974cbc_jpg.rf.0408cd97f61283823523533c3a50d826.jpg,kaggle_oily_dry_normal,oily,,e7e45f2cd58769c85986e1ce480cbf84e4d38b3e5d81961c1647bfeadc0887a5,unmapped/extra folder label: oily
dataset/raw/kaggle_oily_dry_normal/Oily-Dry-Skin-Types/train/oily/oily_cac973b3263075974cbc_jpg.rf.77a99348a60be3fc3da8f12dff8be889.jpg,kaggle_oily_dry_normal,oily,,ae8c52d1a26571e2173a7b2e9f105e05264b401f515cc28f11e3369b53630792,unmapped/extra folder label: oily
dataset/raw/kaggle_oily_dry_normal/Oily-Dry-Skin-Types/train/oily/oily_cac973b3263075974cbc_jpg.rf.c4d8a2ecdb1bbd54540222176b7a72da.jpg,kaggle_oily_dry_normal,oily,,90589e6f4468048171de2d4df1b9cf2ea23ed36c87eefa1dfe90adefa09f12e2,unmapped/extra folder label: oily
dataset/raw/kaggle_oily_dry_normal/Oily-Dry-Skin-Types/train/oily/oily_cf0d6fdde3c32affaffc_jpg.rf.0cb9b8798b8829b6b7d521006be56039.jpg,kaggle_oily_dry_normal,oily,,f57aafc68366d9e134841d49c574922ba846d2186408a0a426bf9657c2c92b03,unmapped/extra folder label: oily
dataset/raw/kaggle_oily_dry_normal/Oily-Dry-Skin-Types/train/oily/oily_cf0d6fdde3c32affaffc_jpg.rf.404230893dd941fa3b8da2bbfb422b2d.jpg,kaggle_oily_dry_normal,oily,,6604fd245dfc716a32c95d90aa1bd731dcce69190c59961bfa9db4de2c30b9a8,unmapped/extra folder label: oily
dataset/raw/kaggle_oily_dry_normal/Oily-Dry-Skin-Types/train/oily/oily_cf0d6fdde3c32affaffc_jpg.rf.a5cf961baff95850cdfb3e59fda54f6a.jpg,kaggle_oily_dry_normal,oily,,12cadf9797d3df1e2a67a01494b0848944a2cd3c4d1f689d2650a0a51d665621,unmapped/extra folder label: oily
dataset/raw/kaggle_oily_dry_normal/Oily-Dry-Skin-Types/train/oily/oily_cf12c7ef95642afe5718_jpg.rf.311f4f47a81c0743b63e898fe0f9524c.jpg,kaggle_oily_dry_normal,oily,,aeac13ab71e780979f70690fe207688878519866239056244dde5e9f10a4d094,unmapped/extra folder label: oily
dataset/raw/kaggle_oily_dry_normal/Oily-Dry-Skin-Types/train/oily/oily_cf12c7ef95642afe5718_jpg.rf.36a2079b874f8ae12b60df7ca53285a1.jpg,kaggle_oily_dry_normal,oily,,3bc71b9eebe306b572897c66df7425b88b13de88874a44691c82c601abb4b47e,unmapped/extra folder label: oily
dataset/raw/kaggle_oily_dry_normal/Oily-Dry-Skin-Types/train/oily/oily_cf12c7ef95642afe5718_jpg.rf.c69500baba6fae74185f5672515c736e.jpg,kaggle_oily_dry_normal,oily,,d372d8b1c84691858e81e6a5cc92e4ae083a9c045349973fc784cfc7f87e905a,unmapped/extra folder label: oily
dataset/raw/kaggle_oily_dry_normal/Oily-Dry-Skin-Types/train/oily/oily_cf46a035918062a84359_jpg.rf.518b1469765717d13284ceb2baa0c244.jpg,kaggle_oily_dry_normal,oily,,6ffc0dc7ba428c5b3373e11348f1358efaa46ec21928354b850dfa5bef77c1a5,unmapped/extra folder label: oily
dataset/raw/kaggle_oily_dry_normal/Oily-Dry-Skin-Types/train/oily/oily_cf46a035918062a84359_jpg.rf.c00fdc94e92884298eefa6a86c06a009.jpg,kaggle_oily_dry_normal,oily,,f0b2c1e3ad60b18850c2e67b731500f75f46dc661173a2d898114136d1cbd7c8,unmapped/extra folder label: oily
dataset/raw/kaggle_oily_dry_normal/Oily-Dry-Skin-Types/train/oily/oily_cf46a035918062a84359_jpg.rf.ef5ac238befa5d3e8fed0d54af5b5cff.jpg,kaggle_oily_dry_normal,oily,,bc3647c4f57d4c56fe77dd9ba2f214e7b4cf540f5bd89a5663789634951cfd11,unmapped/extra folder label: oily
dataset/raw/kaggle_oily_dry_normal/Oily-Dry-Skin-Types/train/oily/oily_cf87f127ebe281a60a45_jpg.rf.d247b38fbdcf19ef9ec39f97447a189d.jpg,kaggle_oily_dry_normal,oily,,e324d00053f25a812638dac2d7ca5bec4bea3af90b2761464ff25fa8957c71e9,unmapped/extra folder label: oily
dataset/raw/kaggle_oily_dry_normal/Oily-Dry-Skin-Types/train/oily/oily_cf87f127ebe281a60a45_jpg.rf.d40cfd240e5fb2ec9eaeafdd46736c35.jpg,kaggle_oily_dry_normal,oily,,0c8e177de71539c82dc3dd25a902444c2bbf8ec4b845631be16743542a114bab,unmapped/extra folder label: oily
dataset/raw/kaggle_oily_dry_normal/Oily-Dry-Skin-Types/train/oily/oily_cf87f127ebe281a60a45_jpg.rf.d4f8946e19d877db37630f91c0ee018e.jpg,kaggle_oily_dry_normal,oily,,75d91c70486b87d298f70a842dd6d17cd2f5e880a427dd2041c834e92e181709,unmapped/extra folder label: oily
dataset/raw/kaggle_oily_dry_normal/Oily-Dry-Skin-Types/train/oily/oily_cfafa9be2e47d937c207_jpg.rf.161c4133fe7dde4aec2a30b4d939a9d5.jpg,kaggle_oily_dry_normal,oily,,b85f4cd29842a72ab4e28352498d7a994c6ed66ea60cb244dbc033d0f41beb00,unmapped/extra folder label: oily
dataset/raw/kaggle_oily_dry_normal/Oily-Dry-Skin-Types/train/oily/oily_cfafa9be2e47d937c207_jpg.rf.337706dda84eb8b54432ca8334250d2f.jpg,kaggle_oily_dry_normal,oily,,30fa2b9bac0abea3b1c23472d51be3bfd84e923eb5ab23da4b01c5a965c36722,unmapped/extra folder label: oily
dataset/raw/kaggle_oily_dry_normal/Oily-Dry-Skin-Types/train/oily/oily_cfafa9be2e47d937c207_jpg.rf.a82a4effa71cf4a494af86878f9d527d.jpg,kaggle_oily_dry_normal,oily,,8670ca1823097c89489faf6c395214247ba6906cb67c18aa6c92efcd847a32c7,unmapped/extra folder label: oily
dataset/raw/kaggle_oily_dry_normal/Oily-Dry-Skin-Types/train/oily/oily_cfecf350f8eca402121d_jpg.rf.096f5352fb882face288520c4fdb30a2.jpg,kaggle_oily_dry_normal,oily,,c3f92589c14b845289ec74658948e27b2f96be8c1435e59de1196b9ec9029460,unmapped/extra folder label: oily
dataset/raw/kaggle_oily_dry_normal/Oily-Dry-Skin-Types/train/oily/oily_cfecf350f8eca402121d_jpg.rf.2f402aa11650ae753be4c9eca2b0299c.jpg,kaggle_oily_dry_normal,oily,,e7c71e54858fed2b56658fdab31dc8e839ae5c5c04f4a2eb030ade652ecce10f,unmapped/extra folder label: oily
dataset/raw/kaggle_oily_dry_normal/Oily-Dry-Skin-Types/train/oily/oily_cfecf350f8eca402121d_jpg.rf.5ea86b47966f2df08f2485786344a75a.jpg,kaggle_oily_dry_normal,oily,,9087a65f630d672d5281dbacb5377ff6c762aaf1cba729b43f60026d1fd4c823,unmapped/extra folder label: oily
dataset/raw/kaggle_oily_dry_normal/Oily-Dry-Skin-Types/train/oily/oily_d27ce03205d94f0dcab1_jpg.rf.510afb2f83a3a687e1bfd22d1214a2e6.jpg,kaggle_oily_dry_normal,oily,,2952c31b00df90643cc63da3e6fae7586476a6bd646dc429e27410ff15bdc964,unmapped/extra folder label: oily
dataset/raw/kaggle_oily_dry_normal/Oily-Dry-Skin-Types/train/oily/oily_d27ce03205d94f0dcab1_jpg.rf.c0b67a87c7d361f5a28d4628babd033c.jpg,kaggle_oily_dry_normal,oily,,3d085c1981fab4df8a403026e2f3491c95215b4776788639c3536fe479f8fff0,unmapped/extra folder label: oily
dataset/raw/kaggle_oily_dry_normal/Oily-Dry-Skin-Types/train/oily/oily_d27ce03205d94f0dcab1_jpg.rf.dc8554e374197d48f388c0d7967badcf.jpg,kaggle_oily_dry_normal,oily,,c9ff324a859a357de5f49baf991528f59e30f089e56673f043f27e0cb44c27d2,unmapped/extra folder label: oily
dataset/raw/kaggle_oily_dry_normal/Oily-Dry-Skin-Types/train/oily/oily_d2eb71fb1800034d1f8f_jpg.rf.0fab52ba0c58b66f7fa769dbfd2e40b5.jpg,kaggle_oily_dry_normal,oily,,21b05cd725fa713e5fc570da7d5343cf84748fb81266507f71f18d4217fca2cf,unmapped/extra folder label: oily
dataset/raw/kaggle_oily_dry_normal/Oily-Dry-Skin-Types/train/oily/oily_d2eb71fb1800034d1f8f_jpg.rf.44ff52cacc62efeee02719206d343344.jpg,kaggle_oily_dry_normal,oily,,2e8036200e833a7db1bb3c3715a645283a06385e48957267692fdce781de6482,unmapped/extra folder label: oily
dataset/raw/kaggle_oily_dry_normal/Oily-Dry-Skin-Types/train/oily/oily_d2eb71fb1800034d1f8f_jpg.rf.755fe0b20abb5cac0f294ae9810a61a1.jpg,kaggle_oily_dry_normal,oily,,f212a6729804924e1a3dfe8d5b37b235c1466f1be3e2e7a9786b9b3b803aa3cf,unmapped/extra folder label: oily
dataset/raw/kaggle_oily_dry_normal/Oily-Dry-Skin-Types/train/oily/oily_d3b09434a8b2693bf447_jpg.rf.0e7b4b22a328126533e83f989d3d6961.jpg,kaggle_oily_dry_normal,oily,,c05c8dbe35989c9e5659310195089952881938f06f1e6db2c2dd39b10bb3b212,unmapped/extra folder label: oily
dataset/raw/kaggle_oily_dry_normal/Oily-Dry-Skin-Types/train/oily/oily_d3b09434a8b2693bf447_jpg.rf.3eef86d4b86603a2bf66b5f3933e7ca4.jpg,kaggle_oily_dry_normal,oily,,73bddfe3316837f32cdac0501314ecfa6c530abde9c6574805d456d01b044eae,unmapped/extra folder label: oily
dataset/raw/kaggle_oily_dry_normal/Oily-Dry-Skin-Types/train/oily/oily_d3b09434a8b2693bf447_jpg.rf.f3573f679ee1d3b99719e56a3387a750.jpg,kaggle_oily_dry_normal,oily,,f542d8190e29119f97ca6a372499145b3869c6aaca2573576277e3facd5647f2,unmapped/extra folder label: oily
dataset/raw/kaggle_oily_dry_normal/Oily-Dry-Skin-Types/train/oily/oily_d532db664a812db9a58b_jpg.rf.4cb90a22384c05b1a5e544be5e15c3be.jpg,kaggle_oily_dry_normal,oily,,893b0860c3db3ddacc087deb390b8c5fd8d3b452b3479afaa4765d43a00186af,unmapped/extra folder label: oily
dataset/raw/kaggle_oily_dry_normal/Oily-Dry-Skin-Types/train/oily/oily_d532db664a812db9a58b_jpg.rf.98215ae5171def5939fa5bc309d2937d.jpg,kaggle_oily_dry_normal,oily,,4b75a0b0f075c806bf7354e3ccb45c3bdecba71c83b96bd1b06ea5240502097b,unmapped/extra folder label: oily
dataset/raw/kaggle_oily_dry_normal/Oily-Dry-Skin-Types/train/oily/oily_d532db664a812db9a58b_jpg.rf.b801c718f793c79ef9d30f056efbee58.jpg,kaggle_oily_dry_normal,oily,,a9e292f84b83f9d1f5061fb8e141a0932b182d7709e4bf97ec15e2cd218566d9,unmapped/extra folder label: oily
dataset/raw/kaggle_oily_dry_normal/Oily-Dry-Skin-Types/train/oily/oily_d5d3487ccc58c1563949_jpg.rf.6abe1a184bc20de8cd13b4a2953754b0.jpg,kaggle_oily_dry_normal,oily,,39d310d439e870cb4fcad22cb5c2393c35898586d04cb960b48117f7a8972fa2,unmapped/extra folder label: oily
dataset/raw/kaggle_oily_dry_normal/Oily-Dry-Skin-Types/train/oily/oily_d5d3487ccc58c1563949_jpg.rf.8c34d0355d63aa97697647889f46bd3a.jpg,kaggle_oily_dry_normal,oily,,329bd20ca397ad03c50064bd7462f53cb0d3052b77cc83ddd6093fdbff68706d,unmapped/extra folder label: oily
dataset/raw/kaggle_oily_dry_normal/Oily-Dry-Skin-Types/train/oily/oily_d5d3487ccc58c1563949_jpg.rf.b826d02ea6a28e5825ede0ab756aed2c.jpg,kaggle_oily_dry_normal,oily,,75a63ca0f11b8a8e6ca9f73caaa44319fbe0d6c06398b70458c3102f8bfaf976,unmapped/extra folder label: oily
dataset/raw/kaggle_oily_dry_normal/Oily-Dry-Skin-Types/train/oily/oily_d64ea5192a2ed0173ee4_jpg.rf.81b69e84e03990a49762b592a4d52893.jpg,kaggle_oily_dry_normal,oily,,690fb2f1be41fb9e0418b90d6dddac30a70db4498395fe485eacc77323a3ea4c,unmapped/extra folder label: oily
dataset/raw/kaggle_oily_dry_normal/Oily-Dry-Skin-Types/train/oily/oily_d64ea5192a2ed0173ee4_jpg.rf.a0e18c1dad6bbe1df679ff4700cab84f.jpg,kaggle_oily_dry_normal,oily,,3d268be1cc649964f69178663654ccbab1a75ba64624d0bac6d8b3bca334d23f,unmapped/extra folder label: oily
dataset/raw/kaggle_oily_dry_normal/Oily-Dry-Skin-Types/train/oily/oily_d64ea5192a2ed0173ee4_jpg.rf.c8d847a2753467f482e14a0e0c2b51f8.jpg,kaggle_oily_dry_normal,oily,,899be14299796880eba8884a48c6eb5b85dd4e01ee064a1ca34e5bc6db8b0c28,unmapped/extra folder label: oily
dataset/raw/kaggle_oily_dry_normal/Oily-Dry-Skin-Types/train/oily/oily_d879ac1e2727f6ff26bf_jpg.rf.005040b50ba77fec0f054c95f834208f.jpg,kaggle_oily_dry_normal,oily,,4349a2d3f75663b44db44a6f18400de9edea1e461edd280704a800e84254661e,unmapped/extra folder label: oily
dataset/raw/kaggle_oily_dry_normal/Oily-Dry-Skin-Types/train/oily/oily_d879ac1e2727f6ff26bf_jpg.rf.10588ce46636e3376d6dd176c6878a5c.jpg,kaggle_oily_dry_normal,oily,,e9750ef31022199382a49f9e85dcfbb1b51264754eb37d186964c8e7c6b7529f,unmapped/extra folder label: oily
dataset/raw/kaggle_oily_dry_normal/Oily-Dry-Skin-Types/train/oily/oily_d879ac1e2727f6ff26bf_jpg.rf.49ab3caf5de92c80fe0c0190ccc24e66.jpg,kaggle_oily_dry_normal,oily,,84dbb04ba0fda2d561d9c6242e94b252c65f32a519a3e3f98a266683f5767f53,unmapped/extra folder label: oily
dataset/raw/kaggle_oily_dry_normal/Oily-Dry-Skin-Types/train/oily/oily_d8e7faba92ad24eb415d_jpg.rf.37e9656dc2e077debe837d6b99b8a321.jpg,kaggle_oily_dry_normal,oily,,75226696472a01ecca908e02cab0b51607347b7f100881afab0142cacd1176aa,unmapped/extra folder label: oily
dataset/raw/kaggle_oily_dry_normal/Oily-Dry-Skin-Types/train/oily/oily_d8e7faba92ad24eb415d_jpg.rf.7c41b207b51b5c77f4e0fd0168b6cdd7.jpg,kaggle_oily_dry_normal,oily,,129433b8b5e65ec158eadcb04c547e1177ef75c100d23eb2136dacb53f3fca91,unmapped/extra folder label: oily
dataset/raw/kaggle_oily_dry_normal/Oily-Dry-Skin-Types/train/oily/oily_d8e7faba92ad24eb415d_jpg.rf.dce880e1546903ecef6182002d5d107b.jpg,kaggle_oily_dry_normal,oily,,392d676074ca0608bd956571341dcc9c1461b79c741455ac116fe11daa3441a1,unmapped/extra folder label: oily
dataset/raw/kaggle_oily_dry_normal/Oily-Dry-Skin-Types/train/oily/oily_db1d1db1bc2f2f2d484c_jpg.rf.088749c06ea1f3e393adb21ff6b676fd.jpg,kaggle_oily_dry_normal,oily,,2b8b266f16f3930b711c2aeda68809c6b155b9c9f727fff9af4d1e6d8e26745e,unmapped/extra folder label: oily
dataset/raw/kaggle_oily_dry_normal/Oily-Dry-Skin-Types/train/oily/oily_db1d1db1bc2f2f2d484c_jpg.rf.6ebf49ac7c4942172fb31bd9219a468a.jpg,kaggle_oily_dry_normal,oily,,d0a11726405c859cf444d59ed3ba1adae9372bfb763592184216c73a5301051d,unmapped/extra folder label: oily
dataset/raw/kaggle_oily_dry_normal/Oily-Dry-Skin-Types/train/oily/oily_db1d1db1bc2f2f2d484c_jpg.rf.9ff73be43d9307eaf2d7a6393c72338d.jpg,kaggle_oily_dry_normal,oily,,e27c8a97b071db4b3c97a38bced849d4e0f6006e207487399d10ce36858b689d,unmapped/extra folder label: oily
dataset/raw/kaggle_oily_dry_normal/Oily-Dry-Skin-Types/train/oily/oily_dbba13c0d1d64f0c88ef_jpg.rf.6c65a704b6c779d48925c0988b47f22d.jpg,kaggle_oily_dry_normal,oily,,9701fda5540e3080040e4528b631ac72f9a9e1548fb4869d540a8bf97f17b06a,unmapped/extra folder label: oily
dataset/raw/kaggle_oily_dry_normal/Oily-Dry-Skin-Types/train/oily/oily_dbba13c0d1d64f0c88ef_jpg.rf.e38d1b398ef448f487cffc4d952c39f2.jpg,kaggle_oily_dry_normal,oily,,93d895247ac46d13b8f154bd8220bf3b4519989c332450372bb8aa0f59c2af33,unmapped/extra folder label: oily
dataset/raw/kaggle_oily_dry_normal/Oily-Dry-Skin-Types/train/oily/oily_dbba13c0d1d64f0c88ef_jpg.rf.ea2494ee9224e037fc39852f25599c93.jpg,kaggle_oily_dry_normal,oily,,f153efe9a6919ca2a9883e09086170d43d60ce19f6ef3de976b65d0c35d0921a,unmapped/extra folder label: oily
dataset/raw/kaggle_oily_dry_normal/Oily-Dry-Skin-Types/train/oily/oily_dce6030e398c8c74b7fd_jpg.rf.96531d41105551afb48b59cfa27c6077.jpg,kaggle_oily_dry_normal,oily,,0013dcfd5fbfc656033c38eea70d19b5e655c189fb1bfcafbb0e45a394365f5d,unmapped/extra folder label: oily
dataset/raw/kaggle_oily_dry_normal/Oily-Dry-Skin-Types/train/oily/oily_dce6030e398c8c74b7fd_jpg.rf.c585f3937e0c63f377c4d4147f011572.jpg,kaggle_oily_dry_normal,oily,,1836b5f6dc15862ec3ca45a159c124120b9075d470351e771f8d9644876a37d2,unmapped/extra folder label: oily
dataset/raw/kaggle_oily_dry_normal/Oily-Dry-Skin-Types/train/oily/oily_dce6030e398c8c74b7fd_jpg.rf.ef65949c850615bc17598375a50727bf.jpg,kaggle_oily_dry_normal,oily,,b27fd90ce02c9c0aa6f180228563a47f91db8aac8c7db483f0a898dd4577d46f,unmapped/extra folder label: oily
dataset/raw/kaggle_oily_dry_normal/Oily-Dry-Skin-Types/train/oily/oily_de89fc1ef64327a21705_jpg.rf.65d40ae84e4367a1f9b6f31b8681637b.jpg,kaggle_oily_dry_normal,oily,,b375ac93272c50b68f524d66cff5d6ab86178e931cc2b56dd573a1ee0cbe1093,unmapped/extra folder label: oily
dataset/raw/kaggle_oily_dry_normal/Oily-Dry-Skin-Types/train/oily/oily_de89fc1ef64327a21705_jpg.rf.b55f6fc6c9517b35b3df15db4da96414.jpg,kaggle_oily_dry_normal,oily,,3aa2393164d0da397b8ebc9b8396879200d7dc9ee74e64b2fd3863608dbb4a38,unmapped/extra folder label: oily
dataset/raw/kaggle_oily_dry_normal/Oily-Dry-Skin-Types/train/oily/oily_de89fc1ef64327a21705_jpg.rf.d051f12b7f3c17204262dcc1004b0f74.jpg,kaggle_oily_dry_normal,oily,,6c95005880ded3a0e9e0ed862ab4200fcda29e87c2a651a0b3d13c47d66fd937,unmapped/extra folder label: oily
dataset/raw/kaggle_oily_dry_normal/Oily-Dry-Skin-Types/train/oily/oily_e09ba2949f9d8669b48c_jpg.rf.05468a70e924ddd89775a5437adcc749.jpg,kaggle_oily_dry_normal,oily,,c3f23c53a40f7ed7e1b28e2874cd0ccc486bd1105eba51329cc09ddce5af6c5b,unmapped/extra folder label: oily
dataset/raw/kaggle_oily_dry_normal/Oily-Dry-Skin-Types/train/oily/oily_e09ba2949f9d8669b48c_jpg.rf.45bb767e093f34151bf1b7a979b25e25.jpg,kaggle_oily_dry_normal,oily,,62c55bea0c0e81b7a2b05e22abd2e07dd419c8a755fbcf86094bfc79698e1584,unmapped/extra folder label: oily
dataset/raw/kaggle_oily_dry_normal/Oily-Dry-Skin-Types/train/oily/oily_e09ba2949f9d8669b48c_jpg.rf.cb952c2f994532ef277f89449fc643a0.jpg,kaggle_oily_dry_normal,oily,,94b68d4435ff20a4a6a66f05a43da53c14439df97fc4d0f736397b372b012585,unmapped/extra folder label: oily
dataset/raw/kaggle_oily_dry_normal/Oily-Dry-Skin-Types/train/oily/oily_e207b4a04884a9d8b1e7_jpg.rf.81ae289494e3b8dc32cefda076b119e8.jpg,kaggle_oily_dry_normal,oily,,b5356a630b43f3b70776403abe7d537c7c33af4aedae1e1e5b75686e96916d7b,unmapped/extra folder label: oily
dataset/raw/kaggle_oily_dry_normal/Oily-Dry-Skin-Types/train/oily/oily_e207b4a04884a9d8b1e7_jpg.rf.b6a045c8efedb541f367491069300514.jpg,kaggle_oily_dry_normal,oily,,e59d1d2fec7d46387dde55e3a75f237593816b81cabf724452c555427307d1e7,unmapped/extra folder label: oily
dataset/raw/kaggle_oily_dry_normal/Oily-Dry-Skin-Types/train/oily/oily_e207b4a04884a9d8b1e7_jpg.rf.c1415f1b74927788595ae41c4107b40b.jpg,kaggle_oily_dry_normal,oily,,333eb9a5cca2afd4f5f06f8456f3a6d3075b7306dd0e563d3c087efb3dc56152,unmapped/extra folder label: oily
dataset/raw/kaggle_oily_dry_normal/Oily-Dry-Skin-Types/train/oily/oily_e454c012a6cafcc52ec6_jpg.rf.324211756a190e82172be9d3d217e508.jpg,kaggle_oily_dry_normal,oily,,d1c79700dc3f73acd3b6eeaf0d5c4f826defaa416f2ed67d327cf4828a2198fc,unmapped/extra folder label: oily
dataset/raw/kaggle_oily_dry_normal/Oily-Dry-Skin-Types/train/oily/oily_e454c012a6cafcc52ec6_jpg.rf.96d027b60ebceb369b1c1aecb1da2feb.jpg,kaggle_oily_dry_normal,oily,,f66963517647d272b13f142a63991605e41bcb728f776762dabe3a0d8d2cf260,unmapped/extra folder label: oily
dataset/raw/kaggle_oily_dry_normal/Oily-Dry-Skin-Types/train/oily/oily_e454c012a6cafcc52ec6_jpg.rf.d162b230da2b28704a4e195e773d935a.jpg,kaggle_oily_dry_normal,oily,,e318cf7ed4ba2e004b0571805193482470699eda612f83144a6ea4fb5e4d66b0,unmapped/extra folder label: oily
dataset/raw/kaggle_oily_dry_normal/Oily-Dry-Skin-Types/train/oily/oily_e53479fec94ac0f4de4d_jpg.rf.1042d838e48870a2294524449a8cf9c1.jpg,kaggle_oily_dry_normal,oily,,82e66887b8b45ae18cb729eff7d668e5ef9b2fbcc7ea22c18670333cbe85f12f,unmapped/extra folder label: oily
dataset/raw/kaggle_oily_dry_normal/Oily-Dry-Skin-Types/train/oily/oily_e53479fec94ac0f4de4d_jpg.rf.aa1f843a7eca063239a547c0a469434b.jpg,kaggle_oily_dry_normal,oily,,46ac014afa90080e162850b9903bdefdabd95d36c6b4624c14f56672d2197cb5,unmapped/extra folder label: oily
dataset/raw/kaggle_oily_dry_normal/Oily-Dry-Skin-Types/train/oily/oily_e53479fec94ac0f4de4d_jpg.rf.ae1e62767f6d746134ea96c326a8ae74.jpg,kaggle_oily_dry_normal,oily,,121a43d7367a04334a1bf0626efe177c36c5d37741d3e2ab66debe7f10deec60,unmapped/extra folder label: oily
dataset/raw/kaggle_oily_dry_normal/Oily-Dry-Skin-Types/train/oily/oily_e56486d9e964a13c9c6b_jpg.rf.0b72b3fff28305a4ac6ecb40fec4dd7d.jpg,kaggle_oily_dry_normal,oily,,bf8929ac8e6efa39adf52bca7cd4cd13fedaedb91b599be027b7ded43d314e66,unmapped/extra folder label: oily
dataset/raw/kaggle_oily_dry_normal/Oily-Dry-Skin-Types/train/oily/oily_e56486d9e964a13c9c6b_jpg.rf.99aa89f90c68af954553f6321f7d4585.jpg,kaggle_oily_dry_normal,oily,,48870680e1154d7509c74a10443bbbfc28aff3d3b4081e6473fbfa3260119b76,unmapped/extra folder label: oily
dataset/raw/kaggle_oily_dry_normal/Oily-Dry-Skin-Types/train/oily/oily_e56486d9e964a13c9c6b_jpg.rf.b086d8d2a7fbf833813e278ba7785685.jpg,kaggle_oily_dry_normal,oily,,f42b509a077f8a94b955f3a5c7324fd3590b7ad9654f9a344473ef301cf7e474,unmapped/extra folder label: oily
dataset/raw/kaggle_oily_dry_normal/Oily-Dry-Skin-Types/train/oily/oily_e589522b7afbd6719019_jpg.rf.3864f66bc4b042cce1ca41a6a220199c.jpg,kaggle_oily_dry_normal,oily,,e3a1a770d19ec3b24260d45fc19265d01c272d324ef0f4d1c4065e472da9d871,unmapped/extra folder label: oily
dataset/raw/kaggle_oily_dry_normal/Oily-Dry-Skin-Types/train/oily/oily_e589522b7afbd6719019_jpg.rf.6bb37696986ff1a978020e162b20c721.jpg,kaggle_oily_dry_normal,oily,,6c5a02f91a5225fa7a83899c457ad9ad2a27d931e6d59272a79464eca1955103,unmapped/extra folder label: oily
dataset/raw/kaggle_oily_dry_normal/Oily-Dry-Skin-Types/train/oily/oily_e589522b7afbd6719019_jpg.rf.d415f80e57cbd82b21d73097727e7b67.jpg,kaggle_oily_dry_normal,oily,,2eb6f8fd7f7c0560242f872580444069538880db8b2a45c60d152d8b0093ca1b,unmapped/extra folder label: oily
dataset/raw/kaggle_oily_dry_normal/Oily-Dry-Skin-Types/train/oily/oily_e7aad46180ac2279c72a_jpg.rf.9ddd6749ff0974eddfa55aa1340c847e.jpg,kaggle_oily_dry_normal,oily,,50068324399f3c8e7b520e9df2588d079a030ab929a8701e0a26a674764febf9,unmapped/extra folder label: oily
dataset/raw/kaggle_oily_dry_normal/Oily-Dry-Skin-Types/train/oily/oily_e7aad46180ac2279c72a_jpg.rf.dea5dc28dc987f561c3e2c1fdc167fbc.jpg,kaggle_oily_dry_normal,oily,,368228f07a04b5d3d1e93d76e028b4f8f98eacc7835b84f6877a12836e364cc2,unmapped/extra folder label: oily
dataset/raw/kaggle_oily_dry_normal/Oily-Dry-Skin-Types/train/oily/oily_e7aad46180ac2279c72a_jpg.rf.e59282551b652b9eb72c506d5355e652.jpg,kaggle_oily_dry_normal,oily,,fa116ca3c0f7953bb1e86622aa1e6fbc9da19b5bf4cb3020d4271e6edc651daa,unmapped/extra folder label: oily
dataset/raw/kaggle_oily_dry_normal/Oily-Dry-Skin-Types/train/oily/oily_e7eed892edf9f0a5cb3b_jpg.rf.6cfaca38b5c062f5c26cc1e5198554c7.jpg,kaggle_oily_dry_normal,oily,,006756aebdb014852872a3ada59e3156e9bfde43ac881e2ddfa51a62d1066d43,unmapped/extra folder label: oily
dataset/raw/kaggle_oily_dry_normal/Oily-Dry-Skin-Types/train/oily/oily_e7eed892edf9f0a5cb3b_jpg.rf.ef2ec0756b410776ef1f0e480544ecc8.jpg,kaggle_oily_dry_normal,oily,,3c934e2a4d404c638cc7bf3f6377f5f6fb35e18d68720be0c6aed383bb9739f7,unmapped/extra folder label: oily
dataset/raw/kaggle_oily_dry_normal/Oily-Dry-Skin-Types/train/oily/oily_e7eed892edf9f0a5cb3b_jpg.rf.f29b5c0bbf2d1f9d98b08004ab33a9aa.jpg,kaggle_oily_dry_normal,oily,,cc7de0f0403928b4f572c78728c5557c4e9615e876965b34e1287a1785a06dd9,unmapped/extra folder label: oily
dataset/raw/kaggle_oily_dry_normal/Oily-Dry-Skin-Types/train/oily/oily_eabfc92658d5259900a1_jpg.rf.50c69a047dbbb3efa36d04928322c23f.jpg,kaggle_oily_dry_normal,oily,,9dcfcbb312fed33c4d1634a9bd107f097e79d3e37c4781893c945ad9774ec0a0,unmapped/extra folder label: oily
dataset/raw/kaggle_oily_dry_normal/Oily-Dry-Skin-Types/train/oily/oily_eabfc92658d5259900a1_jpg.rf.ea7a4029d64d75a06235b8b89f6fc79f.jpg,kaggle_oily_dry_normal,oily,,6e9cc48d17399095c9c9ec6e35432cd59688e37da40aee5ec91a2e8687422025,unmapped/extra folder label: oily
dataset/raw/kaggle_oily_dry_normal/Oily-Dry-Skin-Types/train/oily/oily_eabfc92658d5259900a1_jpg.rf.fbaf23c85028e53d2ff46c21fb70c22c.jpg,kaggle_oily_dry_normal,oily,,e40df98f7885d18c6d5ccc54a1855b01fdf0e46c44db0ab60d4e9741ea29e782,unmapped/extra folder label: oily
dataset/raw/kaggle_oily_dry_normal/Oily-Dry-Skin-Types/train/oily/oily_eb867888f59204b92678_jpg.rf.5cbf38ed2f42bc057b8ed3c4e6af4238.jpg,kaggle_oily_dry_normal,oily,,46c5ce1b04f180aa3c809300a9636cdf93565a0b154585cc1353b6422331b386,unmapped/extra folder label: oily
dataset/raw/kaggle_oily_dry_normal/Oily-Dry-Skin-Types/train/oily/oily_eb867888f59204b92678_jpg.rf.750ee27c744f363bf6e13323657f6942.jpg,kaggle_oily_dry_normal,oily,,47236983b4ff9164f6a8f35a4a06f12884d775b6cf294db9e1ff1bc16c09a712,unmapped/extra folder label: oily
dataset/raw/kaggle_oily_dry_normal/Oily-Dry-Skin-Types/train/oily/oily_eb867888f59204b92678_jpg.rf.fd8e1bf7aa1248b84a438610b8f9b10e.jpg,kaggle_oily_dry_normal,oily,,d33d5afaa15f8673406772f1c6d5183da2567591396b9b9d448412a7b9495735,unmapped/extra folder label: oily
dataset/raw/kaggle_oily_dry_normal/Oily-Dry-Skin-Types/train/oily/oily_edd906d8fa9bec7b39d9_jpg.rf.7a843d0bbc25d1d84e62071500688d0c.jpg,kaggle_oily_dry_normal,oily,,e1b268bcbdfc6b316825b05674bc299041b565881acd81c29993e40e13339ebf,unmapped/extra folder label: oily
dataset/raw/kaggle_oily_dry_normal/Oily-Dry-Skin-Types/train/oily/oily_edd906d8fa9bec7b39d9_jpg.rf.e25746db8c302f5444af8e68d65b741f.jpg,kaggle_oily_dry_normal,oily,,753141508f4dcce5148a951253b16d30d656ecbd4f0d7c801dc6e70d55d65a96,unmapped/extra folder label: oily
dataset/raw/kaggle_oily_dry_normal/Oily-Dry-Skin-Types/train/oily/oily_edd906d8fa9bec7b39d9_jpg.rf.eb01a1e73c5d794287a1b6866434d4df.jpg,kaggle_oily_dry_normal,oily,,808a697b51f1d5cb9c88c9d6d1dce99360799d93472ab25b58b56b568ef9961c,unmapped/extra folder label: oily
dataset/raw/kaggle_oily_dry_normal/Oily-Dry-Skin-Types/train/oily/oily_ef6487453380e666eecf_jpg.rf.9f9c06aeff1902c8430bcb5aa46e3ae3.jpg,kaggle_oily_dry_normal,oily,,8e5a0783e470f5c531d26ad53901c438b31e35c15a33b8a27a3ded3e791a2f29,unmapped/extra folder label: oily
dataset/raw/kaggle_oily_dry_normal/Oily-Dry-Skin-Types/train/oily/oily_ef6487453380e666eecf_jpg.rf.bcfdf4f3cceac2449dbf1e7235a3ebd9.jpg,kaggle_oily_dry_normal,oily,,fc1068872499e0472a45dae31066a1bb5f567bf598a80223832515678d517abe,unmapped/extra folder label: oily
dataset/raw/kaggle_oily_dry_normal/Oily-Dry-Skin-Types/train/oily/oily_ef6487453380e666eecf_jpg.rf.d9375b43ad9923572ef62e20e1f57884.jpg,kaggle_oily_dry_normal,oily,,5314431af5e149a110af55e9db1e9632d62a2574a7099d8e207958d53bfe9c96,unmapped/extra folder label: oily
dataset/raw/kaggle_oily_dry_normal/Oily-Dry-Skin-Types/train/oily/oily_f0d8b23f4c7ab1d534c6_jpg.rf.25308396d376b6e8d5599ab4d10acdfc.jpg,kaggle_oily_dry_normal,oily,,e7c8542b0c8ababefad6e071950be9cb8cc371f9659f9ee13d9a3789098fec23,unmapped/extra folder label: oily
dataset/raw/kaggle_oily_dry_normal/Oily-Dry-Skin-Types/train/oily/oily_f0d8b23f4c7ab1d534c6_jpg.rf.598a29e69d7f54763f202260a73e7ebf.jpg,kaggle_oily_dry_normal,oily,,c690298a2074aaf4eb8d2734c749fbfc09bae5d3e2feba47c55105eb0dfb9cb6,unmapped/extra folder label: oily
dataset/raw/kaggle_oily_dry_normal/Oily-Dry-Skin-Types/train/oily/oily_f0d8b23f4c7ab1d534c6_jpg.rf.d7748c6a4edc2564255a97cef4a0614e.jpg,kaggle_oily_dry_normal,oily,,a3929a2b98f9c06a491d2557f1b4b07ca9229397dbde03f46f161d9eb6339908,unmapped/extra folder label: oily
dataset/raw/kaggle_oily_dry_normal/Oily-Dry-Skin-Types/train/oily/oily_f17d9911c1afbfd805fe_jpg.rf.a2fd60f26fbc76530f8d4ab082ed2dfe.jpg,kaggle_oily_dry_normal,oily,,0d18f877848198a05d96a8fdf96eaedb5bd64326cd2213c2f21e6c9466517ae1,unmapped/extra folder label: oily
dataset/raw/kaggle_oily_dry_normal/Oily-Dry-Skin-Types/train/oily/oily_f17d9911c1afbfd805fe_jpg.rf.dbd73926f01dfb80c01787620f84ff28.jpg,kaggle_oily_dry_normal,oily,,b9a9e6c61fb1d46bdbee780f425a908d216c86e5c8fd95bdf63fea71d4a1133c,unmapped/extra folder label: oily
dataset/raw/kaggle_oily_dry_normal/Oily-Dry-Skin-Types/train/oily/oily_f17d9911c1afbfd805fe_jpg.rf.f9c932f7f7f2d7eba39bce66f3ac99f4.jpg,kaggle_oily_dry_normal,oily,,6611b07aa265f4b4e8ea7684553c8ba331daa3d3292a9d9a9ddf1f2679d8ed64,unmapped/extra folder label: oily
dataset/raw/kaggle_oily_dry_normal/Oily-Dry-Skin-Types/train/oily/oily_f372f31e055b612b4ce3_jpg.rf.2ebf332193188160d65e39ad69c4022a.jpg,kaggle_oily_dry_normal,oily,,5716eb2f3ce34cab8d03b6835343f359794c71a6ea8df4edf7526a9ce6a5917a,unmapped/extra folder label: oily
dataset/raw/kaggle_oily_dry_normal/Oily-Dry-Skin-Types/train/oily/oily_f372f31e055b612b4ce3_jpg.rf.7f46dec3429db82582da43b115034098.jpg,kaggle_oily_dry_normal,oily,,68b791fcf48c64f791e7cdbd1986d3b19c5898c2515faf251d87c3d4883718f7,unmapped/extra folder label: oily
dataset/raw/kaggle_oily_dry_normal/Oily-Dry-Skin-Types/train/oily/oily_f372f31e055b612b4ce3_jpg.rf.f8df656cd7c09b3ece6c7547ee498e93.jpg,kaggle_oily_dry_normal,oily,,dbc4901ddb5740372c9ce47a0e85db3a0a63fb820e78609b811989fa016f5a83,unmapped/extra folder label: oily
dataset/raw/kaggle_oily_dry_normal/Oily-Dry-Skin-Types/train/oily/oily_f3777e14df39fb4b57ab_jpg.rf.35fc3d03b556f61d2bf2271b72bb6b95.jpg,kaggle_oily_dry_normal,oily,,459780366e4cecade96bbecbc7b69681758a72f10834de336582ffa51eb612d0,unmapped/extra folder label: oily
dataset/raw/kaggle_oily_dry_normal/Oily-Dry-Skin-Types/train/oily/oily_f3777e14df39fb4b57ab_jpg.rf.3ae5fd741ae2559fff38ebfc622cc95d.jpg,kaggle_oily_dry_normal,oily,,5f6d18e76b31a16335120866002ae96154e2407be35ecf4f031a61d1bbd38dcb,unmapped/extra folder label: oily
dataset/raw/kaggle_oily_dry_normal/Oily-Dry-Skin-Types/train/oily/oily_f3777e14df39fb4b57ab_jpg.rf.cd233ac7d2a59afb15769b410cdd70c1.jpg,kaggle_oily_dry_normal,oily,,a0524d5575b6c4839bc5a40e9a8957b9642aef4d1d6e14c6f600148b57f80729,unmapped/extra folder label: oily
dataset/raw/kaggle_oily_dry_normal/Oily-Dry-Skin-Types/train/oily/oily_f38c853eca45892248c3_jpg.rf.8fb7a8450b57313532d2688678865d8f.jpg,kaggle_oily_dry_normal,oily,,53ef4288680f6fdc152180f8fb127974fddbf3bd3082376cd4543f12233d548b,unmapped/extra folder label: oily
dataset/raw/kaggle_oily_dry_normal/Oily-Dry-Skin-Types/train/oily/oily_f38c853eca45892248c3_jpg.rf.a1bc76ddc534382615eafa9f7d59c00d.jpg,kaggle_oily_dry_normal,oily,,137fa621d2e7d3fbfa1b15b11bf3e3632bddbb3b37c33199379e665d07b24928,unmapped/extra folder label: oily
dataset/raw/kaggle_oily_dry_normal/Oily-Dry-Skin-Types/train/oily/oily_f38c853eca45892248c3_jpg.rf.abe50b9d5658c365f7ec186dff66a3d3.jpg,kaggle_oily_dry_normal,oily,,23b42416bb5c1a692e3346e13a91de9d04bf508efec4c91ee8d37029487ff38d,unmapped/extra folder label: oily
dataset/raw/kaggle_oily_dry_normal/Oily-Dry-Skin-Types/train/oily/oily_f6ac3919d1bb9f0c0ba4_jpg.rf.7b7656f6123b63b95ba0a7fa56da5e01.jpg,kaggle_oily_dry_normal,oily,,f2f880bce876eadf1bfa4b3733cc0762b661cd4cd78e8294246de0689dfca5ec,unmapped/extra folder label: oily
dataset/raw/kaggle_oily_dry_normal/Oily-Dry-Skin-Types/train/oily/oily_f6ac3919d1bb9f0c0ba4_jpg.rf.d5bcba333e458d98ea25be99dba3ba1e.jpg,kaggle_oily_dry_normal,oily,,66e7140daacd03dcde39ff7afb581cf5859da6235d34d862ce39b805e3ef7bc2,unmapped/extra folder label: oily
dataset/raw/kaggle_oily_dry_normal/Oily-Dry-Skin-Types/train/oily/oily_f6ac3919d1bb9f0c0ba4_jpg.rf.ef67e586c66a52aee068611e47a70b60.jpg,kaggle_oily_dry_normal,oily,,7bb5f8232d014ef47f61a48273dbdddf836ebdbec3e6e2f56f3136455c3dffa6,unmapped/extra folder label: oily
dataset/raw/kaggle_oily_dry_normal/Oily-Dry-Skin-Types/train/oily/oily_f6c88e14bd2fdca21286_jpg.rf.88ec35a1934811d2a305d6cb7cf3e78f.jpg,kaggle_oily_dry_normal,oily,,f7ad40d14ec5bb02796f97ae00d454c0a4f37af1f4a6ca5a746bf7d0a647fdc6,unmapped/extra folder label: oily
dataset/raw/kaggle_oily_dry_normal/Oily-Dry-Skin-Types/train/oily/oily_f6c88e14bd2fdca21286_jpg.rf.9a51d2f6a765b1750ac22b097c239ef8.jpg,kaggle_oily_dry_normal,oily,,671b8aefc47191a1e37ddd9f18d2477ae809a3ec18bfcd543621966294b88406,unmapped/extra folder label: oily
dataset/raw/kaggle_oily_dry_normal/Oily-Dry-Skin-Types/train/oily/oily_f6c88e14bd2fdca21286_jpg.rf.bde67c10bb6dffd48f9dab04eb307a93.jpg,kaggle_oily_dry_normal,oily,,543038ebd7d06e5355da7ab78655b9e938da0865fae1a00b91ee729c730400b4,unmapped/extra folder label: oily
dataset/raw/kaggle_oily_dry_normal/Oily-Dry-Skin-Types/train/oily/oily_f78c1f95bd4b5d485416_jpg.rf.36850cc4e288d80ff2603c058d42c8ec.jpg,kaggle_oily_dry_normal,oily,,dcd6016d2500a20e7e000628335838fd93db23c1518600224bb6e6a96e7acb3d,unmapped/extra folder label: oily
dataset/raw/kaggle_oily_dry_normal/Oily-Dry-Skin-Types/train/oily/oily_f78c1f95bd4b5d485416_jpg.rf.4ce0cec3fed383026e07de6189fe6350.jpg,kaggle_oily_dry_normal,oily,,99545b6b4a07146003376ef7cce130a2e3bfea6998a6add27edb5ac3879e7a47,unmapped/extra folder label: oily
dataset/raw/kaggle_oily_dry_normal/Oily-Dry-Skin-Types/train/oily/oily_f78c1f95bd4b5d485416_jpg.rf.ff217566ec416fa0a8902481e714debe.jpg,kaggle_oily_dry_normal,oily,,9f8d9fc43965f56e5c3d0b14af1f4bddff5d4ed44bf8220a6b1a911489d91a76,unmapped/extra folder label: oily
dataset/raw/kaggle_oily_dry_normal/Oily-Dry-Skin-Types/train/oily/oily_fc1f83e3384d897c7f53_jpg.rf.65b8590176693697fb0f5eb2a4e57b1a.jpg,kaggle_oily_dry_normal,oily,,d0a3247cd02ee8f386eb2fda55d31761ae9b57393c0bc53d3906af740575127e,unmapped/extra folder label: oily
dataset/raw/kaggle_oily_dry_normal/Oily-Dry-Skin-Types/train/oily/oily_fc1f83e3384d897c7f53_jpg.rf.9be0bd69453bac8395fba3ac11e297d9.jpg,kaggle_oily_dry_normal,oily,,6f21d98e8c33c863ef3c25a24f0d3ca701be09d69be987350321180d758df191,unmapped/extra folder label: oily
dataset/raw/kaggle_oily_dry_normal/Oily-Dry-Skin-Types/train/oily/oily_fc1f83e3384d897c7f53_jpg.rf.df813d947992c1a36c27beb6620f1347.jpg,kaggle_oily_dry_normal,oily,,eaccf4ac834dd5ff7ea2ddf8853e8967ae8a282dc0861a38437f24116bdd0cc0,unmapped/extra folder label: oily
dataset/raw/kaggle_oily_dry_normal/Oily-Dry-Skin-Types/train/oily/oily_fdb48cb892d5cbebad94_jpg.rf.97739040d7539d13b3d7af8295e85111.jpg,kaggle_oily_dry_normal,oily,,d1e7e7473fd6814ec856cb96630cd3797dd921802a1421c2cbc2e3a25e4da3be,unmapped/extra folder label: oily
dataset/raw/kaggle_oily_dry_normal/Oily-Dry-Skin-Types/train/oily/oily_fdb48cb892d5cbebad94_jpg.rf.cdeacde62a16735f08ff312f401a82ee.jpg,kaggle_oily_dry_normal,oily,,373bd1f5ef778c7db13e3c48e99626e479b47df40ef4273a830ba657d07760f6,unmapped/extra folder label: oily
dataset/raw/kaggle_oily_dry_normal/Oily-Dry-Skin-Types/train/oily/oily_fdb48cb892d5cbebad94_jpg.rf.f793c13cd6bb83eef9344b73aeb0c8fd.jpg,kaggle_oily_dry_normal,oily,,43865f7abdaaed8ef797dacdf49cf3310ef1fb2146628cda0ee489f088398878,unmapped/extra folder label: oily
dataset/raw/kaggle_oily_dry_normal/Oily-Dry-Skin-Types/train/oily/oily_fe3418da475c02664fed_jpg.rf.5a5deb74fbe62e7f08f03843814aca85.jpg,kaggle_oily_dry_normal,oily,,df7d9f7231c300b0bb7675131bb6be757e69d6ec9b78304eb437e5ddddd2f4ce,unmapped/extra folder label: oily
dataset/raw/kaggle_oily_dry_normal/Oily-Dry-Skin-Types/train/oily/oily_fe3418da475c02664fed_jpg.rf.8413f0c9465a2ed7b4d327ac0bd3f8be.jpg,kaggle_oily_dry_normal,oily,,df9b618ecf823ac38ae5f6a7208a9991af81269890e9441bc9a627d667bdef7d,unmapped/extra folder label: oily
dataset/raw/kaggle_oily_dry_normal/Oily-Dry-Skin-Types/train/oily/oily_fe3418da475c02664fed_jpg.rf.ff76611fb70ea85f15cb82ec0f100c7f.jpg,kaggle_oily_dry_normal,oily,,6a13fac62088ee8bcfb2da434a2849d67ec8727f11abbdfe6552aea13c9f4545,unmapped/extra folder label: oily
dataset/raw/kaggle_oily_dry_normal/Oily-Dry-Skin-Types/train/oily/oily_fe6f60617df744bd42cd_jpg.rf.73d15a4ed6e42b926b690f45478191c4.jpg,kaggle_oily_dry_normal,oily,,e75d88a6e1001bc600f42c125f19e225f982a4af39288d4c21c3bc0d213bdbe5,unmapped/extra folder label: oily
dataset/raw/kaggle_oily_dry_normal/Oily-Dry-Skin-Types/train/oily/oily_fe6f60617df744bd42cd_jpg.rf.cda096ebb609f0e834772e24c57d050d.jpg,kaggle_oily_dry_normal,oily,,85f97e6578ba6f84b6829e9f18373e146b1808e4138374e55b61f6bcaccfb956,unmapped/extra folder label: oily
dataset/raw/kaggle_oily_dry_normal/Oily-Dry-Skin-Types/train/oily/oily_fe6f60617df744bd42cd_jpg.rf.e85b924344b799fbce6da27e91e8e2cf.jpg,kaggle_oily_dry_normal,oily,,8f86973652b41131e3d944d3af2c544da4c0390c15dc16143c73879eeb5f1ae8,unmapped/extra folder label: oily
dataset/raw/kaggle_oily_dry_normal/Oily-Dry-Skin-Types/train/oily/oily_ff7c57f1d1834ae7c6cf_jpg.rf.97f0f030c8c0ec15274326b3b027997f.jpg,kaggle_oily_dry_normal,oily,,1be3d988f17bb9d588d628dcb0acdc15e555a18185e3a59304542f2e109c29e5,unmapped/extra folder label: oily
dataset/raw/kaggle_oily_dry_normal/Oily-Dry-Skin-Types/train/oily/oily_ff7c57f1d1834ae7c6cf_jpg.rf.b112eb1ffadc3bc61500b2edac76d9a0.jpg,kaggle_oily_dry_normal,oily,,3d89f851712d08d1b0c37db1e5d87e0c0e9e321654ed0c3fbec22c1333d1d28f,unmapped/extra folder label: oily
dataset/raw/kaggle_oily_dry_normal/Oily-Dry-Skin-Types/train/oily/oily_ff7c57f1d1834ae7c6cf_jpg.rf.f78f96c31c44c3b156ad59b67495f624.jpg,kaggle_oily_dry_normal,oily,,cbeab5b12b330b2d86dd44115cf65af12e1bb883f5cff4218147036f36652f66,unmapped/extra folder label: oily
dataset/raw/kaggle_oily_dry_normal/Oily-Dry-Skin-Types/train/oily/oily_ffefb613dd6a94820a82_jpg.rf.21ce038e2b00b0a7e11be6128e0e684e.jpg,kaggle_oily_dry_normal,oily,,8398c0483c0f06cdfaf1c8ea25556e133ea00ae17829f1a83b27cddf3bc5603a,unmapped/extra folder label: oily
dataset/raw/kaggle_oily_dry_normal/Oily-Dry-Skin-Types/train/oily/oily_ffefb613dd6a94820a82_jpg.rf.2f965f8e44d8b2d3e5109fdae6fc9b24.jpg,kaggle_oily_dry_normal,oily,,b39f35fc1da546bc775d5547c2807d54488406ca46e702b4e50fe3bc11ed76fe,unmapped/extra folder label: oily
dataset/raw/kaggle_oily_dry_normal/Oily-Dry-Skin-Types/train/oily/oily_ffefb613dd6a94820a82_jpg.rf.d9767b5f7d95b634b10e5d45d7ca3fbb.jpg,kaggle_oily_dry_normal,oily,,c61fa21a45844783c53cab52a2aae80ddd5900ea0e9ea8fc1ca16f0bc2af61b9,unmapped/extra folder label: oily
dataset/raw/kaggle_oily_dry_normal/Oily-Dry-Skin-Types/valid/dry/dry_01a2f56b5d6099d2a71a_jpg.rf.f209155b50d6ffa91f31f801cc6ba21e.jpg,kaggle_oily_dry_normal,dry,,80cacc4173d22306b6e91e32fa1afc7c8aa8513adf618a53fd6d3c5dc32ed59f,unmapped/extra folder label: dry
dataset/raw/kaggle_oily_dry_normal/Oily-Dry-Skin-Types/valid/dry/dry_01e4cad5778a56f9fd14_jpg.rf.10e49585f824fbe07fdfb2494040c228.jpg,kaggle_oily_dry_normal,dry,,5fb93967ce036d1c875b624c013eeca5959d58220a8d93af6340396c0f4a2698,unmapped/extra folder label: dry
dataset/raw/kaggle_oily_dry_normal/Oily-Dry-Skin-Types/valid/dry/dry_020920254e34efeff0f5_jpg.rf.28cfa61215bff35ed696dabdc9df585a.jpg,kaggle_oily_dry_normal,dry,,244a6b0a0d8c16faf0a12a78f8c11601044a55164497b3be6d94f73d00ee8120,unmapped/extra folder label: dry
dataset/raw/kaggle_oily_dry_normal/Oily-Dry-Skin-Types/valid/dry/dry_0448a21ee50ca17f2abf_jpg.rf.f070bcbcc95ab710ecff3b3e9fb84a79.jpg,kaggle_oily_dry_normal,dry,,965953a9d5b0ca272b53d1be8639ad76762ac17d40c58ec7aabdea1f5152e900,unmapped/extra folder label: dry
dataset/raw/kaggle_oily_dry_normal/Oily-Dry-Skin-Types/valid/dry/dry_07167f0fc499ad9cfadf_jpg.rf.d5c98df9201c03a7458a9acfe1338b5a.jpg,kaggle_oily_dry_normal,dry,,7d610e47d406520e7703255e5b773819787d8c44dcba1380bf9cabe91f93fb56,unmapped/extra folder label: dry
dataset/raw/kaggle_oily_dry_normal/Oily-Dry-Skin-Types/valid/dry/dry_07364d92affd8d28353e_jpg.rf.9cb9c6e2911a02be6924c7ca0d0aa266.jpg,kaggle_oily_dry_normal,dry,,f5dde993cf701f11089b8899d9a3e1ac5c53647941d5eef66cc52a22366f81ff,unmapped/extra folder label: dry
dataset/raw/kaggle_oily_dry_normal/Oily-Dry-Skin-Types/valid/dry/dry_0a04656a29dae63e34b4_jpg.rf.0f422132bab1ea2592d6b923590f91aa.jpg,kaggle_oily_dry_normal,dry,,729054943195cb5d6e2009a9674e7e6a56b79056a2f8b5cbcb4d94a4fb02e3cd,unmapped/extra folder label: dry
dataset/raw/kaggle_oily_dry_normal/Oily-Dry-Skin-Types/valid/dry/dry_0efdf0ab53ae13958625_jpg.rf.96c2c518c35696cffe002803bcd9e147.jpg,kaggle_oily_dry_normal,dry,,c1e04db793ca84cb469989d39f186e49d262d05d1c36fd71fcb8e7471f875588,unmapped/extra folder label: dry
dataset/raw/kaggle_oily_dry_normal/Oily-Dry-Skin-Types/valid/dry/dry_0f2a4d0547c381e7def5_jpg.rf.c9824fce71666829863805092f0ee9d1.jpg,kaggle_oily_dry_normal,dry,,f9e0e1ac17368bc7ea4fcd4d153793226694252a05cf547d81bd586b10011586,unmapped/extra folder label: dry
dataset/raw/kaggle_oily_dry_normal/Oily-Dry-Skin-Types/valid/dry/dry_162c031d06eaf5762e57_jpg.rf.c46922f6511c0a02ce79879a2aa9e694.jpg,kaggle_oily_dry_normal,dry,,2da6907fe0386ab2d3e0db2cac98916ed6c476df4fd8fa92c337a7623ac63d1b,unmapped/extra folder label: dry
dataset/raw/kaggle_oily_dry_normal/Oily-Dry-Skin-Types/valid/dry/dry_1a4996793e7fdccadd63_jpg.rf.b1a4fe04e1620d964bbb3a617ab8eb9c.jpg,kaggle_oily_dry_normal,dry,,5fd2a4616e345eef50514a188d3f0547da983f3e65cb825d2344cceaa632a66f,unmapped/extra folder label: dry
dataset/raw/kaggle_oily_dry_normal/Oily-Dry-Skin-Types/valid/dry/dry_1cc095c17f548c684fd5_jpg.rf.1cf687415bd87e74369e2abbc80da2e3.jpg,kaggle_oily_dry_normal,dry,,367e949c6997b6be4686735a076518e0ff4bc10d071164c0552d463ec27c9ccf,unmapped/extra folder label: dry
dataset/raw/kaggle_oily_dry_normal/Oily-Dry-Skin-Types/valid/dry/dry_280c46b32fec97be826d_jpg.rf.3a89d330c20dcc948963b9c8e1c91b97.jpg,kaggle_oily_dry_normal,dry,,51978362b5ee9e38c3497f9ebf0783336cc9e2cbe65fb0aa72d220d8594564dc,unmapped/extra folder label: dry
dataset/raw/kaggle_oily_dry_normal/Oily-Dry-Skin-Types/valid/dry/dry_2e4beabce499ae1bbc6c_jpg.rf.2e6a80d8371236ea44e53a0546c574f0.jpg,kaggle_oily_dry_normal,dry,,3b5b3125c279ed0ddb90ca66273c0b01a10764a6c7af90b71e5f3eea3aa82ff9,unmapped/extra folder label: dry
dataset/raw/kaggle_oily_dry_normal/Oily-Dry-Skin-Types/valid/dry/dry_30a729626803b45b50f5_jpg.rf.49aa31d46b2db224389d852c9aa0093b.jpg,kaggle_oily_dry_normal,dry,,ab5082af8e2ded3050af0a7d988effe531805312776b182808181f4c788d0aa4,unmapped/extra folder label: dry
dataset/raw/kaggle_oily_dry_normal/Oily-Dry-Skin-Types/valid/dry/dry_3afa25b1fef6da425dd4_jpg.rf.09b39d8b5246ba7f3d876a142e0084c3.jpg,kaggle_oily_dry_normal,dry,,97641aa00809641031d4b90395c9fee85c2a429d8e0df8b8c468764a2ac5cca7,unmapped/extra folder label: dry
dataset/raw/kaggle_oily_dry_normal/Oily-Dry-Skin-Types/valid/dry/dry_3b16046d1c224bcac3b2_jpg.rf.7a0306e201e8e93ad4bba8ba27dfd78e.jpg,kaggle_oily_dry_normal,dry,,55b51a744c8a785fed372462bf4429d9d1fe8ce98c82eb4f44c52ef8331e1cc6,unmapped/extra folder label: dry
dataset/raw/kaggle_oily_dry_normal/Oily-Dry-Skin-Types/valid/dry/dry_3da1cb46bac19fcbbb28_jpg.rf.8878412f07aaa6a75aff3c49dfe01a7e.jpg,kaggle_oily_dry_normal,dry,,c1b9c9e08cfdd277068c75793a66fac3fbd8a1a11a28566bf27512b9bebff784,unmapped/extra folder label: dry
dataset/raw/kaggle_oily_dry_normal/Oily-Dry-Skin-Types/valid/dry/dry_3f0225ae0ea8c5a9b7bb_jpg.rf.268f2133c6681fb2564a1d38a3c61dc5.jpg,kaggle_oily_dry_normal,dry,,20a0b9edf51ac1bb1f0cba5f7aefb5aeb1ab420ad57763f661720df6e4fef203,unmapped/extra folder label: dry
dataset/raw/kaggle_oily_dry_normal/Oily-Dry-Skin-Types/valid/dry/dry_411e069e6cac17ab0363_jpg.rf.78e8aaeda20588342aeaa9c393032030.jpg,kaggle_oily_dry_normal,dry,,489e65326c5628d3113e00fc17dd202131be786b1e00b8a01ce6afd961ba1ded,unmapped/extra folder label: dry
dataset/raw/kaggle_oily_dry_normal/Oily-Dry-Skin-Types/valid/dry/dry_4381964de5e7765cf14c_jpg.rf.68be09f2a801874ce0ea82041405e2d4.jpg,kaggle_oily_dry_normal,dry,,8bf0b1aa284f196e19c87998d0b225de961d7f2f02c3b1461292450afe5f912c,unmapped/extra folder label: dry
dataset/raw/kaggle_oily_dry_normal/Oily-Dry-Skin-Types/valid/dry/dry_4551c769eda15beaddce_jpg.rf.09136941c17aaa7bc2ac46b008b5dda6.jpg,kaggle_oily_dry_normal,dry,,50de27fdd06e453d171fac93fce9e61c302a8d5643293a462446d9b91fe4d7bc,unmapped/extra folder label: dry
dataset/raw/kaggle_oily_dry_normal/Oily-Dry-Skin-Types/valid/dry/dry_46e972d60b511efa4760_jpg.rf.14c290d5f01b4bcd10c39213561d093e.jpg,kaggle_oily_dry_normal,dry,,b6495c8f5f3e85ff71e08f81466b548152335e014e7f8f66fa829a4d1fb5eeb3,unmapped/extra folder label: dry
dataset/raw/kaggle_oily_dry_normal/Oily-Dry-Skin-Types/valid/dry/dry_49b4af69b50043af6483_jpg.rf.79d6c99fad2f8dd929e66f3fd4b4fe4f.jpg,kaggle_oily_dry_normal,dry,,7ac74d68336247752f39f1f95074ddb054783d5dbbbb37a65697aa86b75535d2,unmapped/extra folder label: dry
dataset/raw/kaggle_oily_dry_normal/Oily-Dry-Skin-Types/valid/dry/dry_542ae904c0d94bd67ec6_jpg.rf.ff5b7075dabe494cc4f6a1711fc0ec73.jpg,kaggle_oily_dry_normal,dry,,2cf47c3905cf5e871fbd8b2c31640f4a02b75a9c5e5a3925b496eab5653c1245,unmapped/extra folder label: dry
dataset/raw/kaggle_oily_dry_normal/Oily-Dry-Skin-Types/valid/dry/dry_56a37ef864921f9a46d1_jpg.rf.30989a99dd926958522c83c720a2b51a.jpg,kaggle_oily_dry_normal,dry,,94403c962d07fee755556027bdd63bceddd9989fc81109b0b0a5e2c33e502b97,unmapped/extra folder label: dry
dataset/raw/kaggle_oily_dry_normal/Oily-Dry-Skin-Types/valid/dry/dry_5717c37ca77c9c18fc93_jpg.rf.a3e6fd0dc8d8d8d630e5182177d53e24.jpg,kaggle_oily_dry_normal,dry,,a2c928085b53979a4aaf8c6e04c600ed4d09a6293d49bf74ae0833a70d7bc5b8,unmapped/extra folder label: dry
dataset/raw/kaggle_oily_dry_normal/Oily-Dry-Skin-Types/valid/dry/dry_5e7f3a2b459834070ba1_jpg.rf.545d5d81ed7902b2935783f02edba3a5.jpg,kaggle_oily_dry_normal,dry,,4b4295122a8f2c735b8bdd18bd84d71a8c40dcfb6043aa7d97e8606f88d67c69,unmapped/extra folder label: dry
dataset/raw/kaggle_oily_dry_normal/Oily-Dry-Skin-Types/valid/dry/dry_64d6ada187adcb61fe00_jpg.rf.2af6af06bd686aa75b0a1e9f543b49b7.jpg,kaggle_oily_dry_normal,dry,,6150b3e06a703e08e5ff2174a5d271660291e9b8bc5681a34fe85bb085be2d5f,unmapped/extra folder label: dry
dataset/raw/kaggle_oily_dry_normal/Oily-Dry-Skin-Types/valid/dry/dry_66296345fa95eef88974_jpg.rf.f320aa0faa3c2b9b9b970f8057ae24de.jpg,kaggle_oily_dry_normal,dry,,a6a208a698225c3ab11f428016ce956bf0eeb9cc643a2989c9769f23da8ac83e,unmapped/extra folder label: dry
dataset/raw/kaggle_oily_dry_normal/Oily-Dry-Skin-Types/valid/dry/dry_66d1da36f8d3aa21e206_jpg.rf.8fa17f3eef8cf8dfd6048a4e7e9b3259.jpg,kaggle_oily_dry_normal,dry,,0605ed1bdf06f52ed906be8945e2cd13ebe6c1dd23ecbf79ac0903d7fbbe7351,unmapped/extra folder label: dry
dataset/raw/kaggle_oily_dry_normal/Oily-Dry-Skin-Types/valid/dry/dry_6848aac7fe631a8a476f_jpg.rf.cebea66b18b67d9d5c9387a8ece84a4c.jpg,kaggle_oily_dry_normal,dry,,14c983d37682cf558585dc4a468e0c6abb55b21c28b899513804a35fb0a5bd0e,unmapped/extra folder label: dry
dataset/raw/kaggle_oily_dry_normal/Oily-Dry-Skin-Types/valid/dry/dry_68cf77a766f749bcfbe3_jpg.rf.b6ac1e3340c4bb15b99894a4b4bde4d6.jpg,kaggle_oily_dry_normal,dry,,50652ea69b3b3c5770c178821e6a5e3cdd7ea1cf1c2bd16edadfd2dd6b64d0c3,unmapped/extra folder label: dry
dataset/raw/kaggle_oily_dry_normal/Oily-Dry-Skin-Types/valid/dry/dry_6c4a15df8e957ca1e5d5_jpg.rf.f6a673b66efb97219e1d9827bd3f378a.jpg,kaggle_oily_dry_normal,dry,,72c3f39e78a6209d445b3b2b0b2fd3c1a0eb78537cbae810016364ded26a91aa,unmapped/extra folder label: dry
dataset/raw/kaggle_oily_dry_normal/Oily-Dry-Skin-Types/valid/dry/dry_6f58c7b1e90c1ec0d28d_jpg.rf.2a2867705550ed51786026d88da4475d.jpg,kaggle_oily_dry_normal,dry,,ce0ca455cbf6634fcd879a11da448f923cdeb5d72b068abd1bddee5d046b609d,unmapped/extra folder label: dry
dataset/raw/kaggle_oily_dry_normal/Oily-Dry-Skin-Types/valid/dry/dry_7313a780ffeb8eab2492_jpg.rf.6402cde395b2836b676609cc0c49307e.jpg,kaggle_oily_dry_normal,dry,,158c9ae129b461b275794f7639e8e5edcec163e499717717ab1c1aa6b5718e65,unmapped/extra folder label: dry
dataset/raw/kaggle_oily_dry_normal/Oily-Dry-Skin-Types/valid/dry/dry_732a45ef4f4ffcc25b9b_jpg.rf.ce0120dde077a49db239f41306b02736.jpg,kaggle_oily_dry_normal,dry,,2adefbe11aac7ca1c20730cb59bb6966122976718d46cbb1fc5793f527fd13b6,unmapped/extra folder label: dry
dataset/raw/kaggle_oily_dry_normal/Oily-Dry-Skin-Types/valid/dry/dry_73643e9e44f7dcf2a775_jpg.rf.b122a282797b3359cf585a33ebc08278.jpg,kaggle_oily_dry_normal,dry,,50956a7b36921f5de9e773b82b5cfeeeb46406e77a47bc794c53c22c9f78a26b,unmapped/extra folder label: dry
dataset/raw/kaggle_oily_dry_normal/Oily-Dry-Skin-Types/valid/dry/dry_78fffa3f122d501001ba_jpg.rf.d09171ad7811ddfb3c91b2df3a441aea.jpg,kaggle_oily_dry_normal,dry,,3e32bbe5464c68f86546bc8cbfbd7d23882ea82491eb4f6e0772718c9a3661a5,unmapped/extra folder label: dry
dataset/raw/kaggle_oily_dry_normal/Oily-Dry-Skin-Types/valid/dry/dry_80b2449f155974505c25_jpg.rf.92dddffef0faa47e1099c5ec5d165263.jpg,kaggle_oily_dry_normal,dry,,619ae1e861303f616218077444278e5764db2ab4bed5aa851a809c74bae90d61,unmapped/extra folder label: dry
dataset/raw/kaggle_oily_dry_normal/Oily-Dry-Skin-Types/valid/dry/dry_857cd2c4e2115e933bfe_jpg.rf.5497721970005006ee5efd1c3a42eeca.jpg,kaggle_oily_dry_normal,dry,,56777613e663dce7aabb5c17d9f2941071237d356b9f90686b5782325007867a,unmapped/extra folder label: dry
dataset/raw/kaggle_oily_dry_normal/Oily-Dry-Skin-Types/valid/dry/dry_8a2e0ea7f705df92d047_jpg.rf.0e049a0d7d65260ebe389a46ea87964a.jpg,kaggle_oily_dry_normal,dry,,38d7d305b6adec20ab6a818e52114ecbe3e3ca4561bd8baf48dd867c53b6e40d,unmapped/extra folder label: dry
dataset/raw/kaggle_oily_dry_normal/Oily-Dry-Skin-Types/valid/dry/dry_9a2023882cce0906bf5d_jpg.rf.51a3e8e92f8de212e1c51c5ed127dae6.jpg,kaggle_oily_dry_normal,dry,,a12b6935362915e22fffcda9af1ba45f4e836a965a1818176a642801bed433a7,unmapped/extra folder label: dry
dataset/raw/kaggle_oily_dry_normal/Oily-Dry-Skin-Types/valid/dry/dry_a39f6681bf3115c36e4c_jpg.rf.4fca98dcd315cb393f762e8a1f0bc44a.jpg,kaggle_oily_dry_normal,dry,,33c56f4d65ffce0f2b7861eb86503d591d52d789a9532131b3661754964ac24d,unmapped/extra folder label: dry
dataset/raw/kaggle_oily_dry_normal/Oily-Dry-Skin-Types/valid/dry/dry_a76d968ed9ae816977ef_jpg.rf.635b272379d9d60ee51af81475471a1f.jpg,kaggle_oily_dry_normal,dry,,dc4e3ec7cf4a8c4e3ac1d88aeb8c20fc7e08f1619d39af85da915ff8afad1e34,unmapped/extra folder label: dry
dataset/raw/kaggle_oily_dry_normal/Oily-Dry-Skin-Types/valid/dry/dry_a80e3fa56f1b08178317_jpg.rf.9b38e6ca17a9568243b8c2a7f4a7952e.jpg,kaggle_oily_dry_normal,dry,,0f197bc76135551890de84cbb60791270aedfdf0665a37fe1d059ac4e11a5cf0,unmapped/extra folder label: dry
dataset/raw/kaggle_oily_dry_normal/Oily-Dry-Skin-Types/valid/dry/dry_abe2f0934d3fdb728bed_jpg.rf.6e5b196a2439c2d45a9e118ba1d4c27a.jpg,kaggle_oily_dry_normal,dry,,1ea6cf243400f3bf7806f9d0fc44239481be3b4844f91744c2852935396826e9,unmapped/extra folder label: dry
dataset/raw/kaggle_oily_dry_normal/Oily-Dry-Skin-Types/valid/dry/dry_b00dc1d45d97804f0a58_jpg.rf.27e480c92a853b732d14a5f67a67100c.jpg,kaggle_oily_dry_normal,dry,,11eb5fc99bd709299334a8b9a8e266a19b867f5f8a72411470e28e861a7f3333,unmapped/extra folder label: dry
dataset/raw/kaggle_oily_dry_normal/Oily-Dry-Skin-Types/valid/dry/dry_b088908102ba6469f5cc_jpg.rf.0a034f84ade649b35abd61b96862731c.jpg,kaggle_oily_dry_normal,dry,,28f85c0cf42d2cf3bf55efe950b4c19b5fadf8e5de107927223e4ef046a6a615,unmapped/extra folder label: dry
dataset/raw/kaggle_oily_dry_normal/Oily-Dry-Skin-Types/valid/dry/dry_b21cec3336e210d0cb91_jpg.rf.59b7626c46020928e4039205abc0b3ee.jpg,kaggle_oily_dry_normal,dry,,650bce013b9d04abf5d58e9fd2842da8d15c2fb0d3df18652c30181a63c40134,unmapped/extra folder label: dry
dataset/raw/kaggle_oily_dry_normal/Oily-Dry-Skin-Types/valid/dry/dry_b5b34971bd8d3fa9c604_jpg.rf.2030a92ae3f5f7c79a829fe9fae3f62d.jpg,kaggle_oily_dry_normal,dry,,e799b8ce9e76a226d0ac78a2654387b1568a8a9585ee0279541fb820cc106e88,unmapped/extra folder label: dry
dataset/raw/kaggle_oily_dry_normal/Oily-Dry-Skin-Types/valid/dry/dry_ba5585671fbb9f1daf2b_jpg.rf.83e12da3050405e2bd7c1a893740b28e.jpg,kaggle_oily_dry_normal,dry,,2c6830ef0be83727b5ecd4b22b4bc560ac5b9d6b8c1a7cc9f74285cb2a5e1a2e,unmapped/extra folder label: dry
dataset/raw/kaggle_oily_dry_normal/Oily-Dry-Skin-Types/valid/dry/dry_bb7ce0ff64968386a15b_jpg.rf.f68ee76185e00c96409d87094c8f1e13.jpg,kaggle_oily_dry_normal,dry,,6f6a8aeabb59fe81e6cf8dca93243292f014838ea1904fd3d82b77960af07008,unmapped/extra folder label: dry
dataset/raw/kaggle_oily_dry_normal/Oily-Dry-Skin-Types/valid/dry/dry_c46701a9ca174b2e13a2_jpg.rf.7b5ae940c3e45678b04444f655f4897e.jpg,kaggle_oily_dry_normal,dry,,13295fc7d7a17c55249fc3c5addefa097bf560d8d9765a8a4201e4caa62705c9,unmapped/extra folder label: dry
dataset/raw/kaggle_oily_dry_normal/Oily-Dry-Skin-Types/valid/dry/dry_c4af664f44e5c4fb4fce_jpg.rf.e8a7c8d86426a0b26f8f7bbbf5ce9e3f.jpg,kaggle_oily_dry_normal,dry,,6a034fbd34584f7792c6f2a39e0c48c441bdc722676c6ba047590aa0fb6cb7db,unmapped/extra folder label: dry
dataset/raw/kaggle_oily_dry_normal/Oily-Dry-Skin-Types/valid/dry/dry_c4d9352e4aa976052512_jpg.rf.3452042652907882222f4919467b4879.jpg,kaggle_oily_dry_normal,dry,,2b7bc346a06c3da07f20ae1891560390003353d866e2c763877c774204744adc,unmapped/extra folder label: dry
dataset/raw/kaggle_oily_dry_normal/Oily-Dry-Skin-Types/valid/dry/dry_c6414df117c531e03976_jpg.rf.d8c5d9ee13fa9b2b675283f42b5ee51f.jpg,kaggle_oily_dry_normal,dry,,ff6e4d0e44aeb9528b5182db84747bc6ac9042b3c332331d49dd578938cb797b,unmapped/extra folder label: dry
dataset/raw/kaggle_oily_dry_normal/Oily-Dry-Skin-Types/valid/dry/dry_ca28b3aae025bef79326_jpg.rf.d41c424a895ff1c912fe5351eeaeb961.jpg,kaggle_oily_dry_normal,dry,,c85b448c5923c4db4b0394119440c647c8b02535fe1d6b215be17dd338f87f54,unmapped/extra folder label: dry
dataset/raw/kaggle_oily_dry_normal/Oily-Dry-Skin-Types/valid/dry/dry_ca9d2dbbe25469dffd74_jpg.rf.397345fc5711d1b3862228e872d86c1e.jpg,kaggle_oily_dry_normal,dry,,b9befe57dd883a4aef67b19e1177ad8ca30163e1eb986f83adfaa820abafbfad,unmapped/extra folder label: dry
dataset/raw/kaggle_oily_dry_normal/Oily-Dry-Skin-Types/valid/dry/dry_d744271eba291b7e1de8_jpg.rf.6f57eb36355891c23baef3b3bb95caa2.jpg,kaggle_oily_dry_normal,dry,,2647090382c30994e334edb71c19542bd194600cf2a0f10dbd5b6885837c9fe2,unmapped/extra folder label: dry
dataset/raw/kaggle_oily_dry_normal/Oily-Dry-Skin-Types/valid/dry/dry_d77313561b75d11921df_jpg.rf.cd85a096d39962dd71801edcd778e91c.jpg,kaggle_oily_dry_normal,dry,,d22dd7956572e24c724e42d6f0b11960313a21d9375883a8e4098360f74e0289,unmapped/extra folder label: dry
dataset/raw/kaggle_oily_dry_normal/Oily-Dry-Skin-Types/valid/dry/dry_dd647c81468b79979c45_jpg.rf.70afc627e73da30f97e2adcad6691512.jpg,kaggle_oily_dry_normal,dry,,a8c96886f922bbe7442dcddea3d6c6952d6c92dc09344eac42ab8fc377f8c141,unmapped/extra folder label: dry
dataset/raw/kaggle_oily_dry_normal/Oily-Dry-Skin-Types/valid/dry/dry_ddeeac9b7fb8fdd402cb_jpg.rf.92c5d2ed182e5861623c9a8e8e9f30ca.jpg,kaggle_oily_dry_normal,dry,,0d7fddbe25db43709ae9d3f86f8350e8c6f43bb0ffc767fc99326abcbfb2cd73,unmapped/extra folder label: dry
dataset/raw/kaggle_oily_dry_normal/Oily-Dry-Skin-Types/valid/dry/dry_de06cd0d5a2b31b3099c_jpg.rf.535bd09f69802b2baa9ab61b3af70c2c.jpg,kaggle_oily_dry_normal,dry,,65f0c7026ee4eac05e7274b30b72d7c62c944fd62c1465c058b616cd2b681cbe,unmapped/extra folder label: dry
dataset/raw/kaggle_oily_dry_normal/Oily-Dry-Skin-Types/valid/dry/dry_e12af2dfedf94be5c9f6_jpg.rf.6371431a68ad73ffd22d1de03f652ef0.jpg,kaggle_oily_dry_normal,dry,,1c5a3645b9fd277c1933d4985845ffdc68c2c30cdb9b41a83e45a127ddd32566,unmapped/extra folder label: dry
dataset/raw/kaggle_oily_dry_normal/Oily-Dry-Skin-Types/valid/dry/dry_e135b839f1fca33100b9_jpg.rf.5bf0b1ddc8ac5b6920799426f9abcf77.jpg,kaggle_oily_dry_normal,dry,,b93c11b3f9c07974080fbd608b933074da395b7f05b979a559a4d722b979f2f9,unmapped/extra folder label: dry
dataset/raw/kaggle_oily_dry_normal/Oily-Dry-Skin-Types/valid/dry/dry_e2176b00ce7967182a30_jpg.rf.bdd8474d8f8bedc757ca551a126c01c7.jpg,kaggle_oily_dry_normal,dry,,bc7fa0240b6abd89306531827c24d7070a90f9c070ed19dd3314301faae72758,unmapped/extra folder label: dry
dataset/raw/kaggle_oily_dry_normal/Oily-Dry-Skin-Types/valid/dry/dry_e3165054caf92c4bbe2d_jpg.rf.0b32dc1db02b4bd0bddf924a8b1e6926.jpg,kaggle_oily_dry_normal,dry,,00932c89fcbb942d3320133cf9df2f8b5f7bd810674f98a47e269c52942b4139,unmapped/extra folder label: dry
dataset/raw/kaggle_oily_dry_normal/Oily-Dry-Skin-Types/valid/dry/dry_f72910f3fc6a7ef7b01d_jpg.rf.d5e8a711d865b286a78a4c1ff6428d03.jpg,kaggle_oily_dry_normal,dry,,5e97f4663458d1b47386c1d4deca971a0426f303d58fda4898319d6d51922a8b,unmapped/extra folder label: dry
dataset/raw/kaggle_oily_dry_normal/Oily-Dry-Skin-Types/valid/dry/dry_f8415285c1521044484a_jpg.rf.f6ab00ace533a96b1f577b78e4502026.jpg,kaggle_oily_dry_normal,dry,,0164c44fc8544dab81034a505a80c03bb0785357565bea27300a0e9bbf5df84c,unmapped/extra folder label: dry
dataset/raw/kaggle_oily_dry_normal/Oily-Dry-Skin-Types/valid/dry/dry_f8a762d88e6458dbebb1_jpg.rf.48517b42c11141e0add9c874afd4efb0.jpg,kaggle_oily_dry_normal,dry,,108125b4dadb25544cb758cd8bab7b6b61b4aed262947c5baa63c1d530a85b9f,unmapped/extra folder label: dry
dataset/raw/kaggle_oily_dry_normal/Oily-Dry-Skin-Types/valid/oily/oily_0168440a3f7fbdd107e3_jpg.rf.0805b42144376a7698b95a2076ef7a6f.jpg,kaggle_oily_dry_normal,oily,,d220aac0d4afd8449eca8858d683be7ee0a44464314cba68b7095118d4081d50,unmapped/extra folder label: oily
dataset/raw/kaggle_oily_dry_normal/Oily-Dry-Skin-Types/valid/oily/oily_0262a764849fb9b84820_jpg.rf.8d70e98e56f8c2ddc0fe31ae3fd1e7da.jpg,kaggle_oily_dry_normal,oily,,16127f71ab8b5345b95dac79ab050e93232de4466d22ec5ff5d3066ff96dc077,unmapped/extra folder label: oily
dataset/raw/kaggle_oily_dry_normal/Oily-Dry-Skin-Types/valid/oily/oily_0697facc118397294446_jpg.rf.1b1dc6efe281c75e13d65d43ba4a442c.jpg,kaggle_oily_dry_normal,oily,,5353fefed76099118862bbc29ffa94f40c641280055f34b97eaa06c043c799f1,unmapped/extra folder label: oily
dataset/raw/kaggle_oily_dry_normal/Oily-Dry-Skin-Types/valid/oily/oily_08b3227e67427708d39f_jpg.rf.f6c0cab17c4d89ab5be8a997378b99f5.jpg,kaggle_oily_dry_normal,oily,,6c3472b50b0536f991799069900738f21ddefcd26209e73535fa7a75a05142b2,unmapped/extra folder label: oily
dataset/raw/kaggle_oily_dry_normal/Oily-Dry-Skin-Types/valid/oily/oily_0d3eaf25374b3572d903_jpg.rf.fec39bf4db9f15f0b59114c220e5cbb9.jpg,kaggle_oily_dry_normal,oily,,b4ab6651dce0d300c681ec22a8512281b2c1d033358e91da000adf3640811859,unmapped/extra folder label: oily
dataset/raw/kaggle_oily_dry_normal/Oily-Dry-Skin-Types/valid/oily/oily_0f8585a4945bf8fccda1_jpg.rf.e64fc9f8d511dd175debc580a8cb7259.jpg,kaggle_oily_dry_normal,oily,,33048e89ca0b9cd935af44eef7bd5f5b8c5cb1eb02b707a77314017df19cab7a,unmapped/extra folder label: oily
dataset/raw/kaggle_oily_dry_normal/Oily-Dry-Skin-Types/valid/oily/oily_1125e768848bc51c0101_jpg.rf.9b69e54dcfc68c0bf8f4a5dcc501a5d0.jpg,kaggle_oily_dry_normal,oily,,619f9b737adea8a0caddda26a56b12a0581c4fce51abd3e88f3588e6f67aa7b7,unmapped/extra folder label: oily
dataset/raw/kaggle_oily_dry_normal/Oily-Dry-Skin-Types/valid/oily/oily_1245b36810096dc4a6c9_jpg.rf.85e8581911cad6f73822e5f6a7afc1ac.jpg,kaggle_oily_dry_normal,oily,,453980cbaa893c4d237a1d837886839febc4e015cf8d1c9dc3d7d8800d4ba9cf,unmapped/extra folder label: oily
dataset/raw/kaggle_oily_dry_normal/Oily-Dry-Skin-Types/valid/oily/oily_12c575146214da77a7aa_jpg.rf.ef93e9652b6b9a8d553353a3477a03f3.jpg,kaggle_oily_dry_normal,oily,,216d3538004f6eb8ebe67fc1aa7d9fa22fba4f8a5325f6b4ae1f41d9310d2b27,unmapped/extra folder label: oily
dataset/raw/kaggle_oily_dry_normal/Oily-Dry-Skin-Types/valid/oily/oily_1beea635a79024003745_jpg.rf.e9cce86c2e1616569f3a45b6024d72d2.jpg,kaggle_oily_dry_normal,oily,,00d991f9aeb89dd43ec45e94dbd2c6a5351fc02767cb4c98d5b5afd38ef5b872,unmapped/extra folder label: oily
dataset/raw/kaggle_oily_dry_normal/Oily-Dry-Skin-Types/valid/oily/oily_1cc074f5a157859c729e_jpg.rf.a5a64e4bec641dd74d88a953b0a57c0a.jpg,kaggle_oily_dry_normal,oily,,e17c33d26bfd4727a9bd5f97a78a7be2d16e4f9e4968aa24ef9821d528eb2b35,unmapped/extra folder label: oily
dataset/raw/kaggle_oily_dry_normal/Oily-Dry-Skin-Types/valid/oily/oily_1f16851427fbbea37b51_jpg.rf.76b4a2d75913e10344700be12af80873.jpg,kaggle_oily_dry_normal,oily,,fcb0841015f249d1c8eb07dc6cef2f3e349bbb7046d31424da21458f54f25b09,unmapped/extra folder label: oily
dataset/raw/kaggle_oily_dry_normal/Oily-Dry-Skin-Types/valid/oily/oily_206024a25077b5289e9b_jpg.rf.a5376a9953d98c4fcc3983df9ce5f9c2.jpg,kaggle_oily_dry_normal,oily,,13a2cfaf911c65f07a1adfe3beda1d88babec204ef3a4c50cf6d2eb1f2841bf9,unmapped/extra folder label: oily
dataset/raw/kaggle_oily_dry_normal/Oily-Dry-Skin-Types/valid/oily/oily_26ba9a0c8aae790d3cef_jpg.rf.e19a9868bf1a6b8426893906590f4b65.jpg,kaggle_oily_dry_normal,oily,,5efd3c402275186eb72a63a621b1789f716f2aa92992a038ecf488b91e42eed1,unmapped/extra folder label: oily
dataset/raw/kaggle_oily_dry_normal/Oily-Dry-Skin-Types/valid/oily/oily_27703a7431a6f2946312_jpg.rf.fdbafed33b3cf8030eac3c5b71a6e8e9.jpg,kaggle_oily_dry_normal,oily,,2255ba56579fe24c03e3f85463101599d47faf3f74f2a4913b736b5aad49a389,unmapped/extra folder label: oily
dataset/raw/kaggle_oily_dry_normal/Oily-Dry-Skin-Types/valid/oily/oily_284ef5e1c4821d5bce92_jpg.rf.4fb6a780c5003e20db29cd7f354cfb8d.jpg,kaggle_oily_dry_normal,oily,,eb0730a84c8b371cb398ea111fe7f764eb4c5ee4d34ab54f6e4f4db72711231c,unmapped/extra folder label: oily
dataset/raw/kaggle_oily_dry_normal/Oily-Dry-Skin-Types/valid/oily/oily_30ed933f522945571796_jpg.rf.983300b24dd52aecc092958cd595f1c3.jpg,kaggle_oily_dry_normal,oily,,193536fac4363f154cf5c7dcc1d08a449ee1fc01dd1cdbb1503c4fb1eb8c25d3,unmapped/extra folder label: oily
dataset/raw/kaggle_oily_dry_normal/Oily-Dry-Skin-Types/valid/oily/oily_314cde0908549365998f_jpg.rf.83f668c5a8e74e96d3ee5f5527a13484.jpg,kaggle_oily_dry_normal,oily,,4763470fe93c894498a5e8e6313355baf369a9a21d4cf5940dbbf19219050c72,unmapped/extra folder label: oily
dataset/raw/kaggle_oily_dry_normal/Oily-Dry-Skin-Types/valid/oily/oily_333cd54252dfa2fadbda_jpg.rf.c113346f4a2860ab1dc6d84519d5462e.jpg,kaggle_oily_dry_normal,oily,,f14956dc7b07f3c1726f5c265e151a390a797058d7278f65ae3eb206de613f9e,unmapped/extra folder label: oily
dataset/raw/kaggle_oily_dry_normal/Oily-Dry-Skin-Types/valid/oily/oily_36bd53d1d0d720b5aaf8_jpg.rf.99988daffc0637bac0f598f837203619.jpg,kaggle_oily_dry_normal,oily,,e36f75aff1a74372a3d14f5af69ed6ae6f7dda7f8805638ce318fc3d89c63d6d,unmapped/extra folder label: oily
dataset/raw/kaggle_oily_dry_normal/Oily-Dry-Skin-Types/valid/oily/oily_36e151a9e319ef0fe06f_jpg.rf.8159f9f1b0aa41e6e80e037574d0e5aa.jpg,kaggle_oily_dry_normal,oily,,019382ff6d5cb2a91e0d911e27e822572a63ebef45155bbce2bf943b7d243e8a,unmapped/extra folder label: oily
dataset/raw/kaggle_oily_dry_normal/Oily-Dry-Skin-Types/valid/oily/oily_3d6e1ee8b4f2e7938f5e_jpg.rf.a109232434661e0d045b2ea37bd77531.jpg,kaggle_oily_dry_normal,oily,,af40dc4d86fc00d11fbdae8841bc882c41b449769cffe34e51bcec654a007658,unmapped/extra folder label: oily
dataset/raw/kaggle_oily_dry_normal/Oily-Dry-Skin-Types/valid/oily/oily_403abe09de51b661b3a7_jpg.rf.a21f1df4ad8c32e5744760e44317f261.jpg,kaggle_oily_dry_normal,oily,,28c78c158e39fa1fc86d18cafe2f562353961045d297506262812dab480beb14,unmapped/extra folder label: oily
dataset/raw/kaggle_oily_dry_normal/Oily-Dry-Skin-Types/valid/oily/oily_4229afa2a0695dc13765_jpg.rf.42d8c1576abed0948800c7dc0045817d.jpg,kaggle_oily_dry_normal,oily,,85922c9fa410dc2ff4e14ce4d167f55c0452883d713e8331e78dff5a1b7cb75c,unmapped/extra folder label: oily
dataset/raw/kaggle_oily_dry_normal/Oily-Dry-Skin-Types/valid/oily/oily_43decc12aa3786f36f80_jpg.rf.345f0fcc079c1873414c3d1d4a42d2bf.jpg,kaggle_oily_dry_normal,oily,,a40cd958c7c3f5f386aae10ee69e1e5b47a702a53ce40cbb9165f4fa2bde9d1f,unmapped/extra folder label: oily
dataset/raw/kaggle_oily_dry_normal/Oily-Dry-Skin-Types/valid/oily/oily_4604e475c154d21a1758_jpg.rf.93ec0c9e6d8e3b7cbe4b4f868f4366e9.jpg,kaggle_oily_dry_normal,oily,,35a85c8a65d7c7e2cc4dff4a9901a0c68e9d910f8aa603f847a2567757d09e2f,unmapped/extra folder label: oily
dataset/raw/kaggle_oily_dry_normal/Oily-Dry-Skin-Types/valid/oily/oily_464e72030694c3bfe66d_jpg.rf.de71a251296c36e9bad2cf2543b29058.jpg,kaggle_oily_dry_normal,oily,,fa3f6776727a01fddf2a9b9e435fbeb5b331400eb1a77156f15758a68986ddc9,unmapped/extra folder label: oily
dataset/raw/kaggle_oily_dry_normal/Oily-Dry-Skin-Types/valid/oily/oily_48ea6fb7bb774349b7d9_jpg.rf.bde571a71e9c520f330ec0aa519c88e9.jpg,kaggle_oily_dry_normal,oily,,3c67d252f53dc498283b9be18b99bc89594c1580e6eb86172374efc7a15f029a,unmapped/extra folder label: oily
dataset/raw/kaggle_oily_dry_normal/Oily-Dry-Skin-Types/valid/oily/oily_4dbc9a89686246566dc3_jpg.rf.12ed4d2de1a161cfbb068816120debd6.jpg,kaggle_oily_dry_normal,oily,,ac6b51bad7309e30e840809b1cfe115b01d39d4c9455d1e2025dd2b0ea7e1da6,unmapped/extra folder label: oily
dataset/raw/kaggle_oily_dry_normal/Oily-Dry-Skin-Types/valid/oily/oily_57448765378c2956deb4_jpg.rf.dd46d4b7125a197dca39cd001cf9ddf8.jpg,kaggle_oily_dry_normal,oily,,0a1cbb5fc2faa73a3c65ef3e2032e39ed650ef35a0f6a69c835d0d774f6d327c,unmapped/extra folder label: oily
dataset/raw/kaggle_oily_dry_normal/Oily-Dry-Skin-Types/valid/oily/oily_5770710a36eb51b7cd8d_jpg.rf.f9aacf10ee2cb1be074395b1e0a2eb6f.jpg,kaggle_oily_dry_normal,oily,,b7ccd5aee8a92847e34e00b07667cce7990399b665aa782d95ba39961bd0429d,unmapped/extra folder label: oily
dataset/raw/kaggle_oily_dry_normal/Oily-Dry-Skin-Types/valid/oily/oily_59a49a46f3322dcbb495_jpg.rf.bf42d1e08b8ad56f60c83bad63e93098.jpg,kaggle_oily_dry_normal,oily,,caea7dbf74e32f2166e97a2a345a58cdc1caa988f04c3fbf780c89e7034cc484,unmapped/extra folder label: oily
dataset/raw/kaggle_oily_dry_normal/Oily-Dry-Skin-Types/valid/oily/oily_5b03151bc9e6a45d03aa_jpg.rf.ab5d169c98208397b6809d7ea8695e8a.jpg,kaggle_oily_dry_normal,oily,,54bf335007d0734c788c250094db1e09989816897cf4affbd9e41de074dc4106,unmapped/extra folder label: oily
dataset/raw/kaggle_oily_dry_normal/Oily-Dry-Skin-Types/valid/oily/oily_5ba0fa597137a8aab073_jpg.rf.27f0ca71f755c6ec24f05cb578a6d9bb.jpg,kaggle_oily_dry_normal,oily,,500a67582ad26282605c77fe4a89089b27eb3e57a4a895047b0c8097331c2f78,unmapped/extra folder label: oily
dataset/raw/kaggle_oily_dry_normal/Oily-Dry-Skin-Types/valid/oily/oily_60685e474eb95de94556_jpg.rf.f1e7d030ffd5d6613db5eb61fbb9a336.jpg,kaggle_oily_dry_normal,oily,,4aef3d4094e88d34ac871107d33fa331c86adfa61d407f08fc94252aba44be4d,unmapped/extra folder label: oily
dataset/raw/kaggle_oily_dry_normal/Oily-Dry-Skin-Types/valid/oily/oily_60d8227b7c7bc9f33e98_jpg.rf.21b356111a55e7c2987845fe1ecccf5d.jpg,kaggle_oily_dry_normal,oily,,b1352d5f4aa2e760914e27891901591c8a6c73dd786e8b01a570f709e2f72c45,unmapped/extra folder label: oily
dataset/raw/kaggle_oily_dry_normal/Oily-Dry-Skin-Types/valid/oily/oily_613da6c0422fe9e4029b_jpg.rf.98bb76443c607d7590019fb3cd6794ae.jpg,kaggle_oily_dry_normal,oily,,54f3acf04ab03e0db71e7ba15968e2f6d1d6f10fb181db144af7ce267b988992,unmapped/extra folder label: oily
dataset/raw/kaggle_oily_dry_normal/Oily-Dry-Skin-Types/valid/oily/oily_61ee74ab37e34e3ef4ea_jpg.rf.fa7d65ad9a41b1adc5c2dd3536a2e6d7.jpg,kaggle_oily_dry_normal,oily,,2408f5cab5147974055b0ab7207711ab09830add822e064e7e14109c3380d50a,unmapped/extra folder label: oily
dataset/raw/kaggle_oily_dry_normal/Oily-Dry-Skin-Types/valid/oily/oily_6307f9f5d48a6ab5973c_jpg.rf.5504c88296e88173d3f1a652669f4691.jpg,kaggle_oily_dry_normal,oily,,3b3ca8156ad2b748ca5bfe9b7ecf7355e72b8b54a76ed78d0d4a453b1e9961ab,unmapped/extra folder label: oily
dataset/raw/kaggle_oily_dry_normal/Oily-Dry-Skin-Types/valid/oily/oily_6e79b53c396ac45ef8a1_jpg.rf.de5ed5cb63fbbac87d04360a360a9cbe.jpg,kaggle_oily_dry_normal,oily,,b2f54aecee38ef835c0bc846dbf7dbcd460b1986dfa03948c6ac24ae578ecb4a,unmapped/extra folder label: oily
dataset/raw/kaggle_oily_dry_normal/Oily-Dry-Skin-Types/valid/oily/oily_708e38d20431c235100b_jpg.rf.7a56901fa90e56d143d8e741fd4ed3e9.jpg,kaggle_oily_dry_normal,oily,,7d91982f65f9e19f596f33240d17d63c7f8f742a472ada26957fd142d910574f,unmapped/extra folder label: oily
dataset/raw/kaggle_oily_dry_normal/Oily-Dry-Skin-Types/valid/oily/oily_719c5008ec7f8289944e_jpg.rf.fdf220ee5ffd76903b73d17587d8c53c.jpg,kaggle_oily_dry_normal,oily,,4c385c266b415743fb110bc66bd4b79f4a7693b913b3e31365167c6a71868f97,unmapped/extra folder label: oily
dataset/raw/kaggle_oily_dry_normal/Oily-Dry-Skin-Types/valid/oily/oily_7c1dbc95c43fdcf7fe62_jpg.rf.8a52f65213fe1b19281ba02ab418ae26.jpg,kaggle_oily_dry_normal,oily,,1c813fbb96892b226b4056271d317da868377fc74c9de857f787651a428af971,unmapped/extra folder label: oily
dataset/raw/kaggle_oily_dry_normal/Oily-Dry-Skin-Types/valid/oily/oily_7ca357ab1e946bebc416_jpg.rf.5e280104f025c0777803fad3a242e820.jpg,kaggle_oily_dry_normal,oily,,dc7faeb010c2a42d7011902d4f03b2125b8844403fff1d32afe10156f96258a5,unmapped/extra folder label: oily
dataset/raw/kaggle_oily_dry_normal/Oily-Dry-Skin-Types/valid/oily/oily_80866ee14d12679f0740_jpg.rf.bdfc50323ae37a3a896636bdeee5b89c.jpg,kaggle_oily_dry_normal,oily,,2e7cfde47a2e726992534d9ddff1d0bde1ca17898fdb6aa70d2f73f9027ba908,unmapped/extra folder label: oily
dataset/raw/kaggle_oily_dry_normal/Oily-Dry-Skin-Types/valid/oily/oily_860e7c3907eabed365b0_jpg.rf.6725742f2ff38f4b98be2e11593559d7.jpg,kaggle_oily_dry_normal,oily,,d535da559744742550a711c27209d7023ed758e37663da6474427ce8a6680877,unmapped/extra folder label: oily
dataset/raw/kaggle_oily_dry_normal/Oily-Dry-Skin-Types/valid/oily/oily_86e929444bdd51e3dce7_jpg.rf.dbb21a701faa993d0155d8565706035e.jpg,kaggle_oily_dry_normal,oily,,f5bec8dcef0f4039c5917f924a9154c30ccb3bd67b4eef3fbf87cf95b9b7b9ab,unmapped/extra folder label: oily
dataset/raw/kaggle_oily_dry_normal/Oily-Dry-Skin-Types/valid/oily/oily_884d6dbc425722f4d5a8_jpg.rf.a49b0887bf1e729791cf1737bac4b2b0.jpg,kaggle_oily_dry_normal,oily,,9026696f317aa9b5dd88f2dc3666d1fbd3219d9c38c7303b07172597fad6f8e3,unmapped/extra folder label: oily
dataset/raw/kaggle_oily_dry_normal/Oily-Dry-Skin-Types/valid/oily/oily_8e03bcdef2c85ad5369b_jpg.rf.663db1731176e7a80950aa91fa1ad577.jpg,kaggle_oily_dry_normal,oily,,015757a2df23cba418487dc73196098ca3faa206b161e495df51e7afd0a6a920,unmapped/extra folder label: oily
dataset/raw/kaggle_oily_dry_normal/Oily-Dry-Skin-Types/valid/oily/oily_919ad8d814dfe9aee0c8_jpg.rf.34419a07f860c0722ae58a460019d4ed.jpg,kaggle_oily_dry_normal,oily,,7da0c8d638efd6a5a457a8adf78a1f895e9185a5ec31a0041f23fefefad98d41,unmapped/extra folder label: oily
dataset/raw/kaggle_oily_dry_normal/Oily-Dry-Skin-Types/valid/oily/oily_96410de6ea0f4491724b_jpg.rf.d9d7da768eb99ea648ce7b48211d16cb.jpg,kaggle_oily_dry_normal,oily,,034cebf6ad14f7bb0ce397b8b9ebc9d6eca9e1fbed7b617845a514a2fbe8b2aa,unmapped/extra folder label: oily
dataset/raw/kaggle_oily_dry_normal/Oily-Dry-Skin-Types/valid/oily/oily_9ca59b8557a411f687d3_jpg.rf.ef868fe07cb53c299a4df06d491871c3.jpg,kaggle_oily_dry_normal,oily,,6ec763b28911eed68f3bd2e7550ba36bdb0a7b17b642589eaaf6816de2aa4313,unmapped/extra folder label: oily
dataset/raw/kaggle_oily_dry_normal/Oily-Dry-Skin-Types/valid/oily/oily_9d881c29cd1c54ef73b3_jpg.rf.7af5a0c2108f3382a7a4532ec95e1e5c.jpg,kaggle_oily_dry_normal,oily,,56d904eb2f5546b1bb4d4e2e0e08cf03fe14c770764d2686cdc3215fb944bd8b,unmapped/extra folder label: oily
dataset/raw/kaggle_oily_dry_normal/Oily-Dry-Skin-Types/valid/oily/oily_9dc86b9c9d218914b444_jpg.rf.67dfb18ae12105badd41e8087b000112.jpg,kaggle_oily_dry_normal,oily,,43fa026a8e34e040263df23f17fa37396c4f88a7581b82cf9091b00c1c8034cd,unmapped/extra folder label: oily
dataset/raw/kaggle_oily_dry_normal/Oily-Dry-Skin-Types/valid/oily/oily_a14cbc3fe88c559bd982_jpg.rf.a3b535b23286edc2fa38de4c0beacb58.jpg,kaggle_oily_dry_normal,oily,,d3dc94ad5f966418d22b30cfaf6d8a2540d6deca5baad64f3aa6be297fc0e353,unmapped/extra folder label: oily
dataset/raw/kaggle_oily_dry_normal/Oily-Dry-Skin-Types/valid/oily/oily_a7d88ac374da4d0de006_jpg.rf.7c17c9abec95e20d6a6a4c415cd6ff1b.jpg,kaggle_oily_dry_normal,oily,,c72b62f5c2ee90db3170e739e62e4a3049018eea46342ee420043c553ac723cb,unmapped/extra folder label: oily
dataset/raw/kaggle_oily_dry_normal/Oily-Dry-Skin-Types/valid/oily/oily_a9dbf6ff0990e765e1dc_jpg.rf.6095e8b50ff396559257f2408e9bbeed.jpg,kaggle_oily_dry_normal,oily,,b303b589122f20f0d9bb1dfb6f398db930c01c2e45269066828a17c95c6355f9,unmapped/extra folder label: oily
dataset/raw/kaggle_oily_dry_normal/Oily-Dry-Skin-Types/valid/oily/oily_b02f2268320e82287090_jpg.rf.7dce28297731bac9ae9019599f977798.jpg,kaggle_oily_dry_normal,oily,,7869b9aff01862f6a508c306e81ab2b96b2844c1e1d281906969482d65cda499,unmapped/extra folder label: oily
dataset/raw/kaggle_oily_dry_normal/Oily-Dry-Skin-Types/valid/oily/oily_b18474f15a80a2d3159a_jpg.rf.68476aa36b8fe1fa773d14e3c51a2f67.jpg,kaggle_oily_dry_normal,oily,,2859a262fefc7bf547d4b8a900139afae05f6557f7297b0fbcc6c037c76f5720,unmapped/extra folder label: oily
dataset/raw/kaggle_oily_dry_normal/Oily-Dry-Skin-Types/valid/oily/oily_b27f9077fb56ed37ae36_jpg.rf.e4bd0d08c6631025eabc2c7d5e0bafa0.jpg,kaggle_oily_dry_normal,oily,,1b83c62873754137b7730006d7d5c3c0fc5b83d7d5a3685fe3bd61204526919f,unmapped/extra folder label: oily
dataset/raw/kaggle_oily_dry_normal/Oily-Dry-Skin-Types/valid/oily/oily_b3104f9f3ebbf005e811_jpg.rf.d42df8af203340ee243330fddf97724f.jpg,kaggle_oily_dry_normal,oily,,025f7237d4be1241bcc4f1b5c892168eab2f7b8898f2a6da4f3d8a1fd13e954f,unmapped/extra folder label: oily
dataset/raw/kaggle_oily_dry_normal/Oily-Dry-Skin-Types/valid/oily/oily_b41c5215ba4e3ffbb26b_jpg.rf.ce9f73409daa6f347f6af1cb8140402b.jpg,kaggle_oily_dry_normal,oily,,75aefe9ed6b793997c3b95f5e1e24e1cad25b3c68714f3f0318c2495d00ceabf,unmapped/extra folder label: oily
dataset/raw/kaggle_oily_dry_normal/Oily-Dry-Skin-Types/valid/oily/oily_bc1800e7facec50b3649_jpg.rf.2b9222f6b1e9c4352ed5480581e47365.jpg,kaggle_oily_dry_normal,oily,,26aea96351125b18121444e038605ab0d7b88e27a2836522da57b2a76cd44a24,unmapped/extra folder label: oily
dataset/raw/kaggle_oily_dry_normal/Oily-Dry-Skin-Types/valid/oily/oily_bd5cc0c1e0a9bd7b67e6_jpg.rf.fe7eeb59055ef88102d39b643311b4e8.jpg,kaggle_oily_dry_normal,oily,,bda4a138ad4fd436a067b77cb341b2da9719a6ec06db715665ea15bf14c54b17,unmapped/extra folder label: oily
dataset/raw/kaggle_oily_dry_normal/Oily-Dry-Skin-Types/valid/oily/oily_bdf73bf8b293375d7298_jpg.rf.5c659eed0c9ba649b8a4ac3619d98bc5.jpg,kaggle_oily_dry_normal,oily,,2e2a43b0b34428ee9da439d813307ae94ddac2cb52eeec8c13494efafdb43498,unmapped/extra folder label: oily
dataset/raw/kaggle_oily_dry_normal/Oily-Dry-Skin-Types/valid/oily/oily_bfe6f3dcfaca0d160182_jpg.rf.6fa409ca4bd97ebb042f1c789d7ab2d4.jpg,kaggle_oily_dry_normal,oily,,6ace65cae398cc2b8394fd17f4913ffa22d176ec21471977f3dbb56a27b0e22d,unmapped/extra folder label: oily
dataset/raw/kaggle_oily_dry_normal/Oily-Dry-Skin-Types/valid/oily/oily_c4b747c17f552355870a_jpg.rf.147805985ad3cb4d77828c62148564a6.jpg,kaggle_oily_dry_normal,oily,,841566ca96a26be5ff86a0e62f4113fea7dce2dd526cba8f3fa091132279245f,unmapped/extra folder label: oily
dataset/raw/kaggle_oily_dry_normal/Oily-Dry-Skin-Types/valid/oily/oily_c79a8e8bba9009211df8_jpg.rf.6eb9b574d6ff4bca8f7bdda3a739eb53.jpg,kaggle_oily_dry_normal,oily,,3eaf019c06241a8e7133612c2d441b06ae9b2e07bdca6186b821b38fe1509ef2,unmapped/extra folder label: oily
dataset/raw/kaggle_oily_dry_normal/Oily-Dry-Skin-Types/valid/oily/oily_d22cdc67c68276efb8fb_jpg.rf.2d3d5117308e36cdbf580ea157f12e6a.jpg,kaggle_oily_dry_normal,oily,,58d894bee4714424c6089a28009c23866e3db77e61eda2d579ae5d421951cc1f,unmapped/extra folder label: oily
dataset/raw/kaggle_oily_dry_normal/Oily-Dry-Skin-Types/valid/oily/oily_d47799d2e04fe5593b95_jpg.rf.e8a246007269ae5c7641f1d96f13bdd1.jpg,kaggle_oily_dry_normal,oily,,e8c53b672353905facf287fbaa6288d1330b1340019cdf6050267748396c4039,unmapped/extra folder label: oily
dataset/raw/kaggle_oily_dry_normal/Oily-Dry-Skin-Types/valid/oily/oily_d5ede95c79ed84fc847b_jpg.rf.fb9ed53bbf4a15a0e331d9aa3d9a44a4.jpg,kaggle_oily_dry_normal,oily,,6148adb924ef0e7a76a0f51a407b3448367870be96c969440aa68926b6a2dc53,unmapped/extra folder label: oily
dataset/raw/kaggle_oily_dry_normal/Oily-Dry-Skin-Types/valid/oily/oily_d74080a6157d8a3ba201_jpg.rf.83c65759d045737e1f8ac85afb63746b.jpg,kaggle_oily_dry_normal,oily,,843ed40ab73acf874e5eeb603ddb5d8c076135b5c896694c27df7361681568d9,unmapped/extra folder label: oily
dataset/raw/kaggle_oily_dry_normal/Oily-Dry-Skin-Types/valid/oily/oily_d9f06ade83829230d473_jpg.rf.785dbd4b196c114a0ee7fd65ad2e2310.jpg,kaggle_oily_dry_normal,oily,,bf834618a48a4259f2dd1af112886d8e0df994466bd607a03192ddfd5e68a94a,unmapped/extra folder label: oily
dataset/raw/kaggle_oily_dry_normal/Oily-Dry-Skin-Types/valid/oily/oily_db10e25701385168fcd3_jpg.rf.6190e6c542cfb5fab9ba03e258dc792c.jpg,kaggle_oily_dry_normal,oily,,e74e7d45a0167717ec6639b2abb59f46934adb8eddd7fad9c03c8fd994755dd6,unmapped/extra folder label: oily
dataset/raw/kaggle_oily_dry_normal/Oily-Dry-Skin-Types/valid/oily/oily_df3cef0e2b14fba9ead1_jpg.rf.10cd01e5adc51a41548001fc6cb42050.jpg,kaggle_oily_dry_normal,oily,,4f8fd6a15773b1a4d0980620e8da323c51e228de9abc15b28ff9497d558c9ac6,unmapped/extra folder label: oily
dataset/raw/kaggle_oily_dry_normal/Oily-Dry-Skin-Types/valid/oily/oily_ea02cb5fba715591ed60_jpg.rf.948c61501cd40d2449c4051581838298.jpg,kaggle_oily_dry_normal,oily,,fd9442b917149c7649ba6d4d339b856ab4523fd10dbcd755044ff92e271e7303,unmapped/extra folder label: oily
dataset/raw/kaggle_oily_dry_normal/Oily-Dry-Skin-Types/valid/oily/oily_ebb9e525ccc943c3ad99_jpg.rf.0a72992ea2e22311adc932aa169a2610.jpg,kaggle_oily_dry_normal,oily,,0303dc910d2fdc875c1f8082648d19bc4b1134953685f9b7ae672d735f37190f,unmapped/extra folder label: oily
dataset/raw/kaggle_oily_dry_normal/Oily-Dry-Skin-Types/valid/oily/oily_f05412551b508e24f8a0_jpg.rf.44c4b87e78eff5ca2f136b2959f6d359.jpg,kaggle_oily_dry_normal,oily,,66f9ef7e7e45ed17c8e281641198f7475319424f7d51f55dc9024514a328f022,unmapped/extra folder label: oily
dataset/raw/kaggle_oily_dry_normal/Oily-Dry-Skin-Types/valid/oily/oily_f23c9058b8277c3e86a4_jpg.rf.ff8778279297bc2456d9fadf9600c662.jpg,kaggle_oily_dry_normal,oily,,e1cadf361a1f6bb7b35914903a800eff07248c1d7816e93bc22a8afd5f767544,unmapped/extra folder label: oily
dataset/raw/kaggle_oily_dry_normal/Oily-Dry-Skin-Types/valid/oily/oily_f74d762092bdbbbc0f77_jpg.rf.06eeaac97d9b2ff2c8633266cb490fb0.jpg,kaggle_oily_dry_normal,oily,,6df570e671a464c83438908ecb0b320abaf17afe2a8beeb95297c7f246f69161,unmapped/extra folder label: oily
dataset/raw/roboflow_skin_problem_clean3/test/dry-skin_38_jpeg.rf.0687ecac756840e7819a891e1df16aac.jpg,roboflow_skin_problem_clean3,Dry-Skin,,8535c0e2cfcfbe0fac836d513c9e76b35111886173af79f066448ef52ce6dd45,contains extra/non-target annotations: Dry-Skin
dataset/raw/roboflow_skin_problem_clean3/test/berminyak__-25-_jpg.rf.16633ec00f706261a87e6d24d5335ea0.jpg,roboflow_skin_problem_clean3,Dry-Skin,,26046e5346175a1845481b5438da7906b741767e81d9a76beee0ccc0ad86aba4,contains extra/non-target annotations: Dry-Skin
dataset/raw/roboflow_skin_problem_clean3/test/berminyak__-47-_jpg.rf.020826173d16840a45eb6998d38e269a.jpg,roboflow_skin_problem_clean3,Oily-Skin,,e86f55d3c0f6ef6af92598f0b30b16ac74d46b61060396e5a560513f7cadb0ec,contains extra/non-target annotations: Oily-Skin
dataset/raw/roboflow_skin_problem_clean3/test/Kering-9-_jpeg.rf.0f68e182fd5459e6d36681b8aa0297cf.jpg,roboflow_skin_problem_clean3,Dry-Skin,,485e5fbf5908dff9fed709180d544d5425b09ea00fd62c2d507294c038fa1ba8,contains extra/non-target annotations: Dry-Skin
dataset/raw/roboflow_skin_problem_clean3/test/40_jpg.rf.1dfa4ed7f59327f573b8efd453fd1944.jpg,roboflow_skin_problem_clean3,Blackheads|Englarged-Pores|Wrinkles,,4e2c4051bf76d2c0e6b671dd34b9fa0f027ae5c7dcb32abc86a75d8f26e1d90d,contains extra/non-target annotations: Blackheads
dataset/raw/roboflow_skin_problem_clean3/test/kering_-20-_jpg.rf.052af66ef82d4787ee96a389fc97fddd.jpg,roboflow_skin_problem_clean3,Dry-Skin,,6bd47726f7b5eb809c36f165171683cdd131911015e127652f4dd49d449319c0,contains extra/non-target annotations: Dry-Skin
dataset/raw/roboflow_skin_problem_clean3/test/kering-1-_jpg.rf.0dab749a6d1147777d5cdec189532820.jpg,roboflow_skin_problem_clean3,Oily-Skin,,8e18afd8ede3f341f0c944caaab2de7e659a3ad4f06588bb43392dd65ecf298f,contains extra/non-target annotations: Oily-Skin
dataset/raw/roboflow_skin_problem_clean3/test/Image_1_jpg.rf.15bf0dc256859541631d09c2f2be7ccf.jpg,roboflow_skin_problem_clean3,Dry-Skin,,486664a005bd6c90359933493440d531ad1d69deb5a74ae45d98a03ee071c3d9,contains extra/non-target annotations: Dry-Skin
dataset/raw/roboflow_skin_problem_clean3/test/209_jpg.rf.053be36075406be35cc2fb65bdb4aa5f.jpg,roboflow_skin_problem_clean3,Acne|Dry-Skin|Englarged-Pores,,cf8663b51ce84e535c49b45a1f5de615d0a1820b4151f75efd2d6cdd17e0b43e,contains extra/non-target annotations: Dry-Skin
dataset/raw/roboflow_skin_problem_clean3/test/berminyak__-28-_jpg.rf.10dc893cdbfc4c200b62bff13fe8e7eb.jpg,roboflow_skin_problem_clean3,Dry-Skin,,7f9e96f68c04c0a45f9abdb4e1d24ef49c39bb4bcd28b916a33cd8291ea5257a,contains extra/non-target annotations: Dry-Skin
dataset/raw/roboflow_skin_problem_clean3/test/182_jpg.rf.0bdc4187040650fbbef598f312468113.jpg,roboflow_skin_problem_clean3,Acne|Englarged-Pores|Wrinkles,,2be68cb1594408a316d40a1b262a023299344ace9c175b24536187fb58be5de4,"contains multiple target classes: acne, large_pore, wrinkle"
dataset/raw/roboflow_skin_problem_clean3/test/179_jpg.rf.19d21d38a429e9729420fb8419e7fa6e.jpg,roboflow_skin_problem_clean3,Acne|Blackheads|Wrinkles,,fe05975bd2a745dbc22a492c939e3b48a3c6949a6bffc0a10a357f5efeb063df,contains extra/non-target annotations: Blackheads
dataset/raw/roboflow_skin_problem_clean3/test/37_jpg.rf.0aebe1804fa9bc443e68222abe4f23bd.jpg,roboflow_skin_problem_clean3,Acne|Englarged-Pores,,a9bb799a2ff3b59c3e50458a4fcad86a398ab6b707df0b4bd99d5d4a52a4e2a9,"contains multiple target classes: acne, large_pore"
dataset/raw/roboflow_skin_problem_clean3/test/282_jpg.rf.1b66cf8a40a366f9dce315f96a86d529.jpg,roboflow_skin_problem_clean3,Acne|Wrinkles,,81b6dbc45f399d461fbbeb2a2eb92cbd9627f33efe02170e07e0f68ef3f9340c,"contains multiple target classes: acne, wrinkle"
dataset/raw/roboflow_skin_problem_clean3/test/kering_-131-_jpg.rf.0362629229c82f0d27aa52889c25459f.jpg,roboflow_skin_problem_clean3,Dry-Skin,,e37eb8ad4aaa3bf6a35f969fcabc260f5ee41656ae4e0a0ff4af8c081468a161,contains extra/non-target annotations: Dry-Skin
dataset/raw/roboflow_skin_problem_clean3/test/kering_-98-_jpg.rf.1df30ac8f6d1f7cfa77aff8f323644a6.jpg,roboflow_skin_problem_clean3,Dry-Skin,,ec3634288985626d27a77540a60e1b49d1b6dc4266c6a9f4752859bf3a9d0028,contains extra/non-target annotations: Dry-Skin
dataset/raw/roboflow_skin_problem_clean3/test/Berminyak277_jpg.rf.0a390527392c4ac47cef9387be366b67.jpg,roboflow_skin_problem_clean3,Oily-Skin,,034de1b1b468e4c2d928d6f2ca2d3e62e0e636ef337ea27d4a782eecaca8ebc2,contains extra/non-target annotations: Oily-Skin
dataset/raw/roboflow_skin_problem_clean3/test/139_jpg.rf.1bc6cdafe281f648178f619726620307.jpg,roboflow_skin_problem_clean3,Acne|Blackheads|Eyebags,,b8c3ceeb664f156facec15da7a09b84828e20b9e7d3aa43dfab2ddb1d61a175c,"contains extra/non-target annotations: Blackheads, Eyebags"
dataset/raw/roboflow_skin_problem_clean3/test/oily-158-_jpg.rf.189e2ac23ab770c5c44a1ed0c27ae471.jpg,roboflow_skin_problem_clean3,Acne|Oily-Skin,,2b3faf6e0a1c0cacc7af3759bb8a7451d0a69c984d7b4c5f64a99bc860729eae,contains extra/non-target annotations: Oily-Skin
dataset/raw/roboflow_skin_problem_clean3/test/285_jpg.rf.1268e99326acfc0290ecdebd99e29621.jpg,roboflow_skin_problem_clean3,Acne|Englarged-Pores|Wrinkles,,d7ef6b85a3fe432f1c3178ccbbdb9ac2f069082788b9027eab1afc85058a2425,"contains multiple target classes: acne, large_pore, wrinkle"
dataset/raw/roboflow_skin_problem_clean3/test/kering_-55-_jpg.rf.20096161e0e0fa11aae1770524164eb8.jpg,roboflow_skin_problem_clean3,Dry-Skin,,6f897735a701a050d9481e2f0d054e6a59558b751a86947aa021d7e24af12232,contains extra/non-target annotations: Dry-Skin
dataset/raw/roboflow_skin_problem_clean3/test/acne-714-_jpg.rf.1f2d71430017984e822bc529efeabcfa.jpg,roboflow_skin_problem_clean3,Dry-Skin,,8e6fe69bd1e78c011351fdd930581a32513f96a594b79dfa1169aea18daea69b,contains extra/non-target annotations: Dry-Skin
dataset/raw/roboflow_skin_problem_clean3/test/279_jpg.rf.20bf74e621153f4c62db03d2d110d261.jpg,roboflow_skin_problem_clean3,Acne|Englarged-Pores|Wrinkles,,696c959601cf4f2332f05295ad40e525b8e4fec27290a04f672144bbdf42ffcd,"contains multiple target classes: acne, large_pore, wrinkle"
dataset/raw/roboflow_skin_problem_clean3/test/kering__-41-_jpg.rf.28bd69cb0212b88ace71c219830f5991.jpg,roboflow_skin_problem_clean3,Dry-Skin,,589f0bacdf089dc785f8b8fd2334113c904f2b2412e79181f69804868f6200b5,contains extra/non-target annotations: Dry-Skin
dataset/raw/roboflow_skin_problem_clean3/test/124_jpg.rf.23ad294f1bfc0dc3cf7a7916f02defac.jpg,roboflow_skin_problem_clean3,Acne|Eyebags,,c57f880bccc893e0c15138a7d28bf9b13ac3be9ac9fdb6beae549667f193cc98,contains extra/non-target annotations: Eyebags
dataset/raw/roboflow_skin_problem_clean3/test/Image_28_jpg.rf.2b21b054927268e7795f308f49002c01.jpg,roboflow_skin_problem_clean3,Dry-Skin,,6fb78e774a3969a3318db17fd28e84ccc168645eedb3974bdc0233d5f9d180fd,contains extra/non-target annotations: Dry-Skin
dataset/raw/roboflow_skin_problem_clean3/test/kering_-63-_jpg.rf.2a78f60a33361e5f5ea83848e5e03d2d.jpg,roboflow_skin_problem_clean3,Dry-Skin,,86ec7323ded7552a325f2ad26b9b633ae7e728030fe6d488b0356a7f975f22f2,contains extra/non-target annotations: Dry-Skin
dataset/raw/roboflow_skin_problem_clean3/test/kering_-46-_jpg.rf.2c3ce9c48d6061e7c34fd57ce3a85ccb.jpg,roboflow_skin_problem_clean3,Dry-Skin,,9244da363b81b223f76e5ba6fc36aff11c7a5df11e6650c14d39820391befa8f,contains extra/non-target annotations: Dry-Skin
dataset/raw/roboflow_skin_problem_clean3/test/acne-639-_jpg.rf.2d229a9c12696970f20b383c65f4f7ad.jpg,roboflow_skin_problem_clean3,Dry-Skin,,37b280f0d5c4c140281d3550f3f671d40607baa6695c92bbd35cbdba4b4d3dd5,contains extra/non-target annotations: Dry-Skin
dataset/raw/roboflow_skin_problem_clean3/test/621_jpg.rf.2a14b15a183472aef05d4b9d09884e78.jpg,roboflow_skin_problem_clean3,Acne|Englarged-Pores,,5617bcdcdec3709d168d7a33ae9dde681649345dc50dd108ff6cc7f54acc7b52,"contains multiple target classes: acne, large_pore"
dataset/raw/roboflow_skin_problem_clean3/test/kering_-135-_jpg.rf.316bbed166b2add9599d25c1e0c34d5f.jpg,roboflow_skin_problem_clean3,Dry-Skin,,d3b28b4f5bdbddf4530937ec2e7627bd012f6a12720520c5820fef351c7bc8cc,contains extra/non-target annotations: Dry-Skin
dataset/raw/roboflow_skin_problem_clean3/test/dry13_jpg.rf.2e41c0cd9947b12370040a21d8cea528.jpg,roboflow_skin_problem_clean3,Dry-Skin,,603c5933e98946aa1bf0d70fd2cd4f796c1fb61245741bf73ee90203ba9b9680,contains extra/non-target annotations: Dry-Skin
dataset/raw/roboflow_skin_problem_clean3/test/kering__-48-_jpg.rf.2ef8aa652eb7b1fa960163ac7ae62568.jpg,roboflow_skin_problem_clean3,Dry-Skin,,a83b10749aaad1efec7f26c79a7b705bd39e5a9973854529172bf468e7b00c6d,contains extra/non-target annotations: Dry-Skin
dataset/raw/roboflow_skin_problem_clean3/test/Image_4_jpg.rf.3251ff2255c9d27800b7ffec3505c40e.jpg,roboflow_skin_problem_clean3,Oily-Skin,,3781bb87ece07ad8605243b009986ca94017ae8a2f32eef56c4940200374287e,contains extra/non-target annotations: Oily-Skin
dataset/raw/roboflow_skin_problem_clean3/test/kering__-8-_JPG.rf.32adc8e08516a9cb83c7fb71c99ead14.jpg,roboflow_skin_problem_clean3,Dry-Skin,,5657aeb1a109a706c2a69ef9921516df48a551dd2edf80cc94e40381f845f699,contains extra/non-target annotations: Dry-Skin
dataset/raw/roboflow_skin_problem_clean3/test/227_jpg.rf.34985c1546a2c41debfea2db9ea192b8.jpg,roboflow_skin_problem_clean3,Acne|Englarged-Pores,,1087ad1b2c36e137e7ebe4cea9a71adff737afe8c3b62a471c735809b2ca56cd,"contains multiple target classes: acne, large_pore"
dataset/raw/roboflow_skin_problem_clean3/test/196_jpg.rf.354102de01ccb0b79dbc6f6c0c36ec0c.jpg,roboflow_skin_problem_clean3,Acne|Eyebags,,eb78667d2ed1fa17d3cae3fe2309e266598269ee2e51dd6e9a2123281d72aa48,contains extra/non-target annotations: Eyebags
dataset/raw/roboflow_skin_problem_clean3/test/241_jpg.rf.389a3de41529a8f9df534ef368137fb1.jpg,roboflow_skin_problem_clean3,Acne|Blackheads,,a17470a7261ad80a044d35aafd849b1bdfc555bce56017efa59178056111097c,contains extra/non-target annotations: Blackheads
dataset/raw/roboflow_skin_problem_clean3/test/567_jpg.rf.3949816f34f9652ab6e2145fd74294b6.jpg,roboflow_skin_problem_clean3,Englarged-Pores|Wrinkles,,c001011ab4b4e1971c049246e0cc29a5799195ebce3b7f6adb4b9cf7d542101a,"contains multiple target classes: large_pore, wrinkle"
dataset/raw/roboflow_skin_problem_clean3/test/kering_-59-_jpg.rf.3bd9eeacfe743a0c51b0bd5b4cb9b972.jpg,roboflow_skin_problem_clean3,Dry-Skin,,12f06d322473f1a8620698997ce19c39aba9815aed85b65a2359ea4a5523fe10,contains extra/non-target annotations: Dry-Skin
dataset/raw/roboflow_skin_problem_clean3/test/38_jpg.rf.38080213b0c00d8b9f35106665504d7b.jpg,roboflow_skin_problem_clean3,Acne|Englarged-Pores,,63a6bd5050b876ded1aeb865f64e70d33ea775afb64b8a127cbef772717a1e31,"contains multiple target classes: acne, large_pore"
dataset/raw/roboflow_skin_problem_clean3/test/433_jpg.rf.3aa196eedfbbfd741ee40a86466965cd.jpg,roboflow_skin_problem_clean3,Acne|Eyebags,,191b0baa1ca1b725c827d8d97d8caf955badd6416ef708dd36d0b83fd39e2cf5,contains extra/non-target annotations: Eyebags
dataset/raw/roboflow_skin_problem_clean3/test/Kering-20-_JPG.rf.3c4d0070a0eaf0ac0156927dd092c9db.jpg,roboflow_skin_problem_clean3,Dry-Skin,,35e81c8a26aca372564c10c4bb2e8902aaff0b25fddbbe277d4ff190128028b3,contains extra/non-target annotations: Dry-Skin
dataset/raw/roboflow_skin_problem_clean3/test/340_jpg.rf.3d6df2179232e9a66942242841218563.jpg,roboflow_skin_problem_clean3,Englarged-Pores|Wrinkles,,41f10fe1941859334078969ec8a270ceadc2d5a58124bbd9531f3994b565d7c3,"contains multiple target classes: large_pore, wrinkle"
dataset/raw/roboflow_skin_problem_clean3/test/145_jpg.rf.4025b84eda221e8f2e275ed3ee7470b3.jpg,roboflow_skin_problem_clean3,Acne|Englarged-Pores|Eyebags|Wrinkles,,faf8b82b322c63727c60a7d99596a45412cd524c9b2a88bd4ff87273f0f5a6bd,contains extra/non-target annotations: Eyebags
dataset/raw/roboflow_skin_problem_clean3/test/Image_35_jpg.rf.41dfd8847301b1deff74513f399f40fa.jpg,roboflow_skin_problem_clean3,Eyebags,,aff36aa7cf07048281644baaf0ebeb57410a2f97b44dffb15efdc18dbd208bff,contains extra/non-target annotations: Eyebags
dataset/raw/roboflow_skin_problem_clean3/test/berminyak-43_jpg.rf.4681e35e4807be2f06946bcb78b32188.jpg,roboflow_skin_problem_clean3,Dry-Skin,,30d5a10fbc998bad3bfef2c5e80572b932b53388e1c3af5a59a3a00b17f350d7,contains extra/non-target annotations: Dry-Skin
dataset/raw/roboflow_skin_problem_clean3/test/oily30_jpg.rf.4857a7e42c77f81d8df311631b41a755.jpg,roboflow_skin_problem_clean3,Oily-Skin,,cb60b8c2d2b64e14696a424e53dedd22e7361b9262e74a2dbfd2c12ac485d903,contains extra/non-target annotations: Oily-Skin
dataset/raw/roboflow_skin_problem_clean3/test/oily46_jpg.rf.478dc5ac79fb93082aacd667b349db68.jpg,roboflow_skin_problem_clean3,Oily-Skin,,22d085591d871d80af1cbf60c99c150d07b0a187f7f095945a61f1412504c712,contains extra/non-target annotations: Oily-Skin
dataset/raw/roboflow_skin_problem_clean3/test/140_jpg.rf.49657e8d0dafc3dfd41461c10c609947.jpg,roboflow_skin_problem_clean3,Acne|Blackheads|Eyebags|Wrinkles,,87a0d0ad9ea6143697173f355860b751c7d67e20633f79f045a9af4466d74db9,"contains extra/non-target annotations: Blackheads, Eyebags"
dataset/raw/roboflow_skin_problem_clean3/test/Image_122_jpg.rf.49620bbcd1c40521e80ba6931d0d0abe.jpg,roboflow_skin_problem_clean3,Eyebags,,5fe7676a713c0922409633701193b1a8baf39d717a92c47415459fcd179c132b,contains extra/non-target annotations: Eyebags
dataset/raw/roboflow_skin_problem_clean3/test/kering_-64-_jpg.rf.48b9f731a61c93f5e8f1814b65dfe545.jpg,roboflow_skin_problem_clean3,Dry-Skin,,6cacae9c8b421c2362a73d0eba1b7e2f7b71ca84fe191ebaa1418229273f5ea4,contains extra/non-target annotations: Dry-Skin
dataset/raw/roboflow_skin_problem_clean3/test/normal-124-_jpg.rf.49959018982a3136c1685e81a3fd0c10.jpg,roboflow_skin_problem_clean3,,,555c4348369675641c9acf30b197758e5aaa015d13f45df2f9ec520b1356814f,image has no COCO annotations
dataset/raw/roboflow_skin_problem_clean3/test/204_jpg.rf.4a088babf864408b58a5e3b04eb0220f.jpg,roboflow_skin_problem_clean3,Acne|Englarged-Pores,,eb96d952c57b5c5919d43613410391d7b973392932f34f4af52719bd6a0ceec9,"contains multiple target classes: acne, large_pore"
dataset/raw/roboflow_skin_problem_clean3/test/IMG_6817_JPG.rf.4baf0fb860ffb8e04d5745dc1e0e2f47.jpg,roboflow_skin_problem_clean3,Oily-Skin,,9181dfddd1cb35e151f780473aae8ee2f4410cb722348933910a657587a3dbe3,contains extra/non-target annotations: Oily-Skin
dataset/raw/roboflow_skin_problem_clean3/test/123_jpg.rf.4d55c8a6edcfd489a9b482571e67432f.jpg,roboflow_skin_problem_clean3,Acne|Englarged-Pores|Eyebags|Wrinkles,,1d687807a2fe8eb8d92e2ee931009dfa642b94fbd3aacd70bca37098fbce065d,contains extra/non-target annotations: Eyebags
dataset/raw/roboflow_skin_problem_clean3/test/Kering-32-_jpg.rf.4f815749c940743f5d4ac31dc298e004.jpg,roboflow_skin_problem_clean3,Dry-Skin,,e4bae6ba19904e81b2c51897d22b019c848eda492b5a967bc89c6d8bd9822e93,contains extra/non-target annotations: Dry-Skin
dataset/raw/roboflow_skin_problem_clean3/test/Image_34_jpeg.rf.4fce7deb6a32824580d5a2fdb0deb22c.jpg,roboflow_skin_problem_clean3,Eyebags,,16c8050458f603345b58bff36bc073acbf67b25024be7711064064172994d64e,contains extra/non-target annotations: Eyebags
dataset/raw/roboflow_skin_problem_clean3/test/kering-3-_jpg.rf.52f7ad7dbb8d061c198a363c7786dbf1.jpg,roboflow_skin_problem_clean3,Dry-Skin,,55c22b04affe56c9d3579ca623bef550f9f5ab42aea396353774ae183ac72d4f,contains extra/non-target annotations: Dry-Skin
dataset/raw/roboflow_skin_problem_clean3/test/190_jpg.rf.53d3f2c779d7e38d14ac84d1af2c9bee.jpg,roboflow_skin_problem_clean3,Acne|Eyebags,,c729eb1ae7e480318484646f6b1ff63c767210643d81afeee6f656ad90fe2100,contains extra/non-target annotations: Eyebags
dataset/raw/roboflow_skin_problem_clean3/test/kering_-145-_jpg.rf.547145cbff590a147ff465beefbd18ee.jpg,roboflow_skin_problem_clean3,Dry-Skin,,51b9f9d9e566191756e7fac527afa6a6bc4215d6f19cf9dd5bb15f61efb82cf1,contains extra/non-target annotations: Dry-Skin
dataset/raw/roboflow_skin_problem_clean3/test/277_jpg.rf.57d1cd61e86858345c682f3ba7adbba9.jpg,roboflow_skin_problem_clean3,Acne|Englarged-Pores|Wrinkles,,a6ee9ed36e4111a807c1c94cdcb835803059fa20c0f636014e8a46cbf86aa8ae,"contains multiple target classes: acne, large_pore, wrinkle"
dataset/raw/roboflow_skin_problem_clean3/test/Image_107_jpg.rf.5969c7dc4aecfb6f901a04dc37de2f4c.jpg,roboflow_skin_problem_clean3,Oily-Skin,,9aa781d3571032cd6a44ff165ab0b6aa5de0fbd96d3c969222fcd0472228b777,contains extra/non-target annotations: Oily-Skin
dataset/raw/roboflow_skin_problem_clean3/test/214_jpg.rf.5de5ae4fa310b84bdecb9f47a8b4ca7c.jpg,roboflow_skin_problem_clean3,Acne|Wrinkles,,5a4912cb4259a5f72b08e8cebd6a2d80fd2d7e43801d8fa104e4b4859726070a,"contains multiple target classes: acne, wrinkle"
dataset/raw/roboflow_skin_problem_clean3/test/oily26_jpg.rf.5b09b156f6b7728dd183393d8b11a216.jpg,roboflow_skin_problem_clean3,Oily-Skin,,d350c044d2c9575ff6181b1d8b728abb903ba6452e3b6040460909466b007eed,contains extra/non-target annotations: Oily-Skin
dataset/raw/roboflow_skin_problem_clean3/test/153_jpg.rf.5df543372d6496e6b35d01c751b3c35c.jpg,roboflow_skin_problem_clean3,Acne|Eyebags|Wrinkles,,1d3ca550769bbdcd19fc6205a868ec1b3d5f79696e224e034d590f6daa109398,contains extra/non-target annotations: Eyebags
dataset/raw/roboflow_skin_problem_clean3/test/berminyak__-30-_jpg.rf.5e20842b7b3e32da00915077e6363355.jpg,roboflow_skin_problem_clean3,Dry-Skin,,3e25745f8823be0c216464af9dc9d4d861428777f699345a66d4d7a415907c69,contains extra/non-target annotations: Dry-Skin
dataset/raw/roboflow_skin_problem_clean3/test/225_jpg.rf.5e714e7e6e77aef95466211fc1d487b7.jpg,roboflow_skin_problem_clean3,Acne|Eyebags,,6a91a3fdd72bcfb3e5eec6b9c809916924d9e1ff532477114296596a38365d6d,contains extra/non-target annotations: Eyebags
dataset/raw/roboflow_skin_problem_clean3/test/58_jpg.rf.5ea7c56dbe45ea4b4b28bfe6cf19deaa.jpg,roboflow_skin_problem_clean3,Acne|Englarged-Pores,,747e9f41b4369deb4caf33bac81af01ad59383323e64bd38e7b495176eaa9b5f,"contains multiple target classes: acne, large_pore"
dataset/raw/roboflow_skin_problem_clean3/test/191_jpg.rf.6036c36f98b571d189df175cf4c581f7.jpg,roboflow_skin_problem_clean3,Acne|Englarged-Pores|Eyebags,,8874a3d63bea9b672e38e5f678bbd75136c5afbcdabf9ca247126e3104d5795e,contains extra/non-target annotations: Eyebags
dataset/raw/roboflow_skin_problem_clean3/test/oily-skin_109_jpeg.rf.5fbacb2e337c30553bddbf7bfd602977.jpg,roboflow_skin_problem_clean3,Oily-Skin,,d636b749449b24b3e5f244bb2dfc58becc48180ecfcc02d7a955c8af27be1631,contains extra/non-target annotations: Oily-Skin
dataset/raw/roboflow_skin_problem_clean3/test/kering_-27-_jpg.rf.61eff934566e36599ce81aa15ad924ee.jpg,roboflow_skin_problem_clean3,Dry-Skin,,c70da60b8be728ffa2292e585e44fb7153c4b2d336f75bc595958cc8b3bca2a1,contains extra/non-target annotations: Dry-Skin
dataset/raw/roboflow_skin_problem_clean3/test/31_jpg.rf.637c9928e04581910c6fa39173d47d41.jpg,roboflow_skin_problem_clean3,Acne|Englarged-Pores|Wrinkles,,e3d8a78d5dc6cc4098e090c3ffcbc98428fbab7b4d5fd411dd38510e8796786b,"contains multiple target classes: acne, large_pore, wrinkle"
dataset/raw/roboflow_skin_problem_clean3/test/103_jpg.rf.667806df7be23ab76e06bcdfb89e140e.jpg,roboflow_skin_problem_clean3,Acne|Wrinkles,,563fc1f0a59f20ddda0a139c0ca9d1670f635287a7300a25214fb42a1ea8f472,"contains multiple target classes: acne, wrinkle"
dataset/raw/roboflow_skin_problem_clean3/test/acne-428-_jpeg.rf.62b9345a27c9bfc99fba6b1246a1f68b.jpg,roboflow_skin_problem_clean3,,,ad3fdb7602ba66ae39a79090d174540d76748e9c9dc3c71a7c52b11a2b1a4904,image has no COCO annotations
dataset/raw/roboflow_skin_problem_clean3/test/299_jpg.rf.662a48b75d16a12b81e7082c07df3a27.jpg,roboflow_skin_problem_clean3,Acne|Englarged-Pores,,5aaa435f9b68868b74ddfbff25f0bea2d35380b8f7508f5b8360bba5180d59a7,"contains multiple target classes: acne, large_pore"
dataset/raw/roboflow_skin_problem_clean3/test/Berminyak-11-_jpeg.rf.67e14d0643ba61258404e47d1721b2e9.jpg,roboflow_skin_problem_clean3,Oily-Skin,,6263c293777e2695c65314d9476c907656771b4ce8512e319f80c8ceb4650367,contains extra/non-target annotations: Oily-Skin
dataset/raw/roboflow_skin_problem_clean3/test/208_jpg.rf.6897e078ca94be65c11e5b1505777c26.jpg,roboflow_skin_problem_clean3,Acne|Dry-Skin|Englarged-Pores,,72c4881d9a54b59c3b3905b1f6ce5ec46f6a23f4e6e0d74710c6edf51122e0e4,contains extra/non-target annotations: Dry-Skin
dataset/raw/roboflow_skin_problem_clean3/test/55_jpg.rf.66bba9667324a243b0d4f07660ead919.jpg,roboflow_skin_problem_clean3,Acne|Blackheads|Eyebags,,f6e1baa863e4ff8e84549d3848f8cb96ac0bb5663f811d834390fd93b4be6de4,"contains extra/non-target annotations: Blackheads, Eyebags"
dataset/raw/roboflow_skin_problem_clean3/test/150_jpg.rf.6dd6eeef99fb6f98f6543dc869700215.jpg,roboflow_skin_problem_clean3,Acne|Englarged-Pores|Wrinkles,,c02801bea738b438009b7633732f5e360d56f41803afaef7e7734f82c8147428,"contains multiple target classes: acne, large_pore, wrinkle"
dataset/raw/roboflow_skin_problem_clean3/test/43_jpg.rf.6f4542878edb00c451bfee521fe7222e.jpg,roboflow_skin_problem_clean3,Acne|Blackheads|Englarged-Pores,,ab148aea9dff5124ab82531446ccaf268276f1a0e0c8df3f5172a14a701539bb,contains extra/non-target annotations: Blackheads
dataset/raw/roboflow_skin_problem_clean3/test/Berminyak-5-_jpeg.rf.7117971f5ae8bf6835080eae1c12f5ba.jpg,roboflow_skin_problem_clean3,Oily-Skin,,20c94cb563dc36bcc355078e2b1b7ddf04e87db2a6bd150256b138f7ee1a88a9,contains extra/non-target annotations: Oily-Skin
dataset/raw/roboflow_skin_problem_clean3/test/516_jpg.rf.712952fc43641d92df66c9c813c7159f.jpg,roboflow_skin_problem_clean3,Acne|Englarged-Pores|Wrinkles,,a2d0ca6b143f4e6a61ca822c999243ba62ec4dbd66d1707a47f79f99192314cf,"contains multiple target classes: acne, large_pore, wrinkle"
dataset/raw/roboflow_skin_problem_clean3/test/kering-10-_jpg.rf.730e6115d9b3e2a3dbb40cf81adc985c.jpg,roboflow_skin_problem_clean3,Dry-Skin,,bda6bb8a9cae7d39d135468527ec88dc71e1f592af070dc166518dc9394f3113,contains extra/non-target annotations: Dry-Skin
dataset/raw/roboflow_skin_problem_clean3/test/35_jpg.rf.7184d0853a33057a818a970eacb6ab8a.jpg,roboflow_skin_problem_clean3,Acne|Blackheads|Englarged-Pores,,08be6319026e0329fb0d6af4e4309c6ecf936c2580850bc7501aa4d4a3fbd218,contains extra/non-target annotations: Blackheads
dataset/raw/roboflow_skin_problem_clean3/test/kering__-95-_jpg.rf.7715d3e2e6e634459e7bd86784774dc1.jpg,roboflow_skin_problem_clean3,Dry-Skin,,2ca38bdb8ffad4f16b89aa55f95c4369dea17abaa1096dbed6cde9e87611adcc,contains extra/non-target annotations: Dry-Skin
dataset/raw/roboflow_skin_problem_clean3/test/122_jpg.rf.78946f3fa9983061b33b936d42d7aee1.jpg,roboflow_skin_problem_clean3,Acne|Englarged-Pores|Eyebags|Wrinkles,,ed9ab8f112841d79b8a2bee4b74107d70254afa1dcf08016bfc343b99f407381,contains extra/non-target annotations: Eyebags
dataset/raw/roboflow_skin_problem_clean3/test/kering__-106-_jpg.rf.798b85a35e2162b553fc053f95e52d0c.jpg,roboflow_skin_problem_clean3,Dry-Skin,,21290f56910b55fab666fa242df7edff384434b1f1755416ce6886ce422bd2e3,contains extra/non-target annotations: Dry-Skin
dataset/raw/roboflow_skin_problem_clean3/test/462_jpg.rf.7791bdfb008103ba1b6be25c6718c5b0.jpg,roboflow_skin_problem_clean3,Acne|Englarged-Pores,,eed5390eaea91ddf7db65d0de65e41bbf88c2f5682891451be13aeec41e27fa9,"contains multiple target classes: acne, large_pore"
dataset/raw/roboflow_skin_problem_clean3/test/dry30_jpg.rf.7a623999b7f65423a77e9dc1f08600ce.jpg,roboflow_skin_problem_clean3,Dry-Skin,,45e8f9ec0b0467737c09b60e4a938e3adfa7a3f8c83e60deee336f330d36044c,contains extra/non-target annotations: Dry-Skin
dataset/raw/roboflow_skin_problem_clean3/test/Image_3_jpg.rf.77aa944209982044a22df980f6a48686.jpg,roboflow_skin_problem_clean3,Oily-Skin,,2c7628996ea406f657b1a291464ef1bab55c11dde062e1e8230de1ae80d09814,contains extra/non-target annotations: Oily-Skin
dataset/raw/roboflow_skin_problem_clean3/test/kering-21-_jpg.rf.79bfb08817a37e1685bd6758c468b8e2.jpg,roboflow_skin_problem_clean3,Dry-Skin,,c90c21d13e89e7e194f34d572924dfb776d53703f561240d85591dfb681c7fbe,contains extra/non-target annotations: Dry-Skin
dataset/raw/roboflow_skin_problem_clean3/test/1_jpg.rf.7ac47fcf088adbe111a67ba1f64e5858.jpg,roboflow_skin_problem_clean3,Acne|Englarged-Pores,,4ebf4bc2664c9fbe9cc5888040543630e0d264d25ea98658c4548262e8952330,"contains multiple target classes: acne, large_pore"
dataset/raw/roboflow_skin_problem_clean3/test/Berminyak-10-_jpg.rf.8018b6a4eed738d0856d6be10e7c08c0.jpg,roboflow_skin_problem_clean3,Oily-Skin,,290dc6686df6c9888a625b4290a9c3a5f94ae071416fd605f8536386d18f4a4c,contains extra/non-target annotations: Oily-Skin
dataset/raw/roboflow_skin_problem_clean3/test/Kering-4-_jpeg.rf.7e5e87623903037b4914295f5ef008e7.jpg,roboflow_skin_problem_clean3,Dry-Skin,,9079d6690e26e4bf888633dee91e3379c22aa3549e574826da548ad512d551e6,contains extra/non-target annotations: Dry-Skin
dataset/raw/roboflow_skin_problem_clean3/test/dry-122-_jpg.rf.826e104018f297b183ae2aa866d5cb05.jpg,roboflow_skin_problem_clean3,Dry-Skin,,1cb433209241bc9462cedcb880c52fad19d69a3efa05461d96884b811f23aea6,contains extra/non-target annotations: Dry-Skin
dataset/raw/roboflow_skin_problem_clean3/test/kering-22-_jpg.rf.80f0ee511ee4f8392bbfbdeea6844f2d.jpg,roboflow_skin_problem_clean3,Dry-Skin,,985be8222ffa885b798fa2692e66b2cf960e54886f64c2246ecc64fd0daf323a,contains extra/non-target annotations: Dry-Skin
dataset/raw/roboflow_skin_problem_clean3/test/205_jpg.rf.8097944ffe1b061224b42e4e7fbaad6d.jpg,roboflow_skin_problem_clean3,Acne|Eyebags,,938efd575819111fb138dd8cd31df71e68fc6a8c24d5561cda9fe22c7bb2b109,contains extra/non-target annotations: Eyebags
dataset/raw/roboflow_skin_problem_clean3/test/dry-249-_jpg.rf.811d3854c616358060ba8d8b047a7109.jpg,roboflow_skin_problem_clean3,Dry-Skin,,48ae35a539e0e0cedc9f77d8ec40b888388a2a4d1f26cb940ced1320a94431e0,contains extra/non-target annotations: Dry-Skin
dataset/raw/roboflow_skin_problem_clean3/test/dry9_jpg.rf.85e6429ada5b7e750570c43b50d81e5e.jpg,roboflow_skin_problem_clean3,Dry-Skin,,b7ed1e2dbaba68e4e57f8175f6a840104526d9284461831f4ea00ccb7fa5026f,contains extra/non-target annotations: Dry-Skin
dataset/raw/roboflow_skin_problem_clean3/test/400_jpg.rf.8590644790a0b0f02c26b783210d51a7.jpg,roboflow_skin_problem_clean3,Acne|Englarged-Pores,,7eff5219d14b7f31d93a427c07ad6bab508dcf9acbfc4642dc739620e7306068,"contains multiple target classes: acne, large_pore"
dataset/raw/roboflow_skin_problem_clean3/test/169_jpg.rf.86968ed92c446888f69435a4c721757b.jpg,roboflow_skin_problem_clean3,Acne|Blackheads|Dry-Skin|Englarged-Pores,,2169373fd1a01c9b4d3b92938170eae944aba4891527cf8573748c13d2f17239,"contains extra/non-target annotations: Blackheads, Dry-Skin"
dataset/raw/roboflow_skin_problem_clean3/test/berminyak__-46-_jpg.rf.882216623be89578d9ff210092b36974.jpg,roboflow_skin_problem_clean3,Oily-Skin,,c6c260735aa4c88b04bd57511bdf421610d3e6b48c088c8c3ad03a9d344dc7db,contains extra/non-target annotations: Oily-Skin
dataset/raw/roboflow_skin_problem_clean3/test/194_jpg.rf.881b967a311a944eb7f7be988a960bcd.jpg,roboflow_skin_problem_clean3,Acne|Englarged-Pores,,0e9c2f86f56bb17f1fa9fcdc758ecf1403af3e53bf01bb3b67e756fac27a5fbc,"contains multiple target classes: acne, large_pore"
dataset/raw/roboflow_skin_problem_clean3/test/664_jpg.rf.8a0d483f478625afa4706e89a1fe9f9d.jpg,roboflow_skin_problem_clean3,Acne|Englarged-Pores,,3d4b0f66168724e3da66cb8157054f7fcf27f17a06df71ad31b5bb98e6ca4b80,"contains multiple target classes: acne, large_pore"
dataset/raw/roboflow_skin_problem_clean3/test/203_jpg.rf.8acce803048309a152d5a97504996b5c.jpg,roboflow_skin_problem_clean3,Acne|Englarged-Pores,,b32f07c1deb955042c92c08b2e0f6ada7646e46b8e7df39f82328773b13491af,"contains multiple target classes: acne, large_pore"
dataset/raw/roboflow_skin_problem_clean3/test/kering-14-_jpg.rf.8f1f6f844f21cca80bd8643924d1b5ac.jpg,roboflow_skin_problem_clean3,Dry-Skin,,d1141f447a1cbac730a4d9f051bb18f7ca33a3aa37baacec7f63b9406baf65ab,contains extra/non-target annotations: Dry-Skin
dataset/raw/roboflow_skin_problem_clean3/test/dry-skin_110_jpeg.rf.97dae907b6fbaa8cc96213f8b44e524d.jpg,roboflow_skin_problem_clean3,Dry-Skin,,3f7f77cbd9417f8b6074fd0bf0bc0795e1d394106aa234e5b18ced1c121911ee,contains extra/non-target annotations: Dry-Skin
dataset/raw/roboflow_skin_problem_clean3/test/oily12_jpg.rf.923b4ed31ada3927134b0a94659a6419.jpg,roboflow_skin_problem_clean3,Oily-Skin,,a1ec399741ed1f530bf3b56f3395956c1e8e33fec5509f0f840ebf8b00f8fd4c,contains extra/non-target annotations: Oily-Skin
dataset/raw/roboflow_skin_problem_clean3/test/Image_29_jpg.rf.9a7b91b8fcbf12a7408fc8e68f190373.jpg,roboflow_skin_problem_clean3,Oily-Skin,,1ca96df4d297290425aad7d7217966bd04bfa02723d862be18ae24ced1ae98d9,contains extra/non-target annotations: Oily-Skin
dataset/raw/roboflow_skin_problem_clean3/test/181_jpg.rf.9aef0fede927b3531155038ab24e0174.jpg,roboflow_skin_problem_clean3,Acne|Englarged-Pores|Wrinkles,,37b009571628651d22730c0665f53c6de6d65eb51f026c2eec79a684176c6e02,"contains multiple target classes: acne, large_pore, wrinkle"
dataset/raw/roboflow_skin_problem_clean3/test/157_jpg.rf.9cc5c6d41d4513b8ce54edc506c5b895.jpg,roboflow_skin_problem_clean3,Acne|Englarged-Pores,,eee29991bb1284682c857d28b565b849e33b6dfe67307a97d57b156763cbe3e3,"contains multiple target classes: acne, large_pore"
dataset/raw/roboflow_skin_problem_clean3/test/oily32_jpg.rf.a29094ee9d4b116dec3cc0a340c446dc.jpg,roboflow_skin_problem_clean3,Oily-Skin,,5fd56d3066ec12ec950b705d6062b50817587b81e876335d898503102638301a,contains extra/non-target annotations: Oily-Skin
dataset/raw/roboflow_skin_problem_clean3/test/374_jpg.rf.a74521259ba9f6e36b4cb6014d79b5de.jpg,roboflow_skin_problem_clean3,Acne|Blackheads|Englarged-Pores,,267c6aabbc3d29662cded0ab87e4a405bbc9b4c0c1f58c79ee7bfb18bda10005,contains extra/non-target annotations: Blackheads
dataset/raw/roboflow_skin_problem_clean3/test/174_jpg.rf.a2fd31c92725f783804273006b2bddfe.jpg,roboflow_skin_problem_clean3,Acne|Englarged-Pores|Wrinkles,,ea0cb98e8db81178334016d0e564f6e2dbc89175dc4956379926a8011f5890e9,"contains multiple target classes: acne, large_pore, wrinkle"
dataset/raw/roboflow_skin_problem_clean3/test/dry-skin_119_jpeg.rf.ac21b1af6bbd2f988c56b277ba53fabc.jpg,roboflow_skin_problem_clean3,Dry-Skin,,ec2fb8f32189715957f1281fc15987910477b3813799b44c1e2541bfab29905a,contains extra/non-target annotations: Dry-Skin
dataset/raw/roboflow_skin_problem_clean3/test/oily-150-_jpg.rf.abc446f8fa3cb535861c3e8cb2bc7404.jpg,roboflow_skin_problem_clean3,Acne|Oily-Skin,,fdf91f3b385c674de4ffaf31f33e24597b2e27256388169f8be24a6273df285c,contains extra/non-target annotations: Oily-Skin
dataset/raw/roboflow_skin_problem_clean3/test/686_jpg.rf.aab06b5e54142cb326ec2f40f9e9733b.jpg,roboflow_skin_problem_clean3,Acne|Englarged-Pores,,452a0f4090d9d9c48610d99b27136abe105a5f258b7e47df67e87f32c3f1fb79,"contains multiple target classes: acne, large_pore"
dataset/raw/roboflow_skin_problem_clean3/test/142_jpg.rf.ac3a909cb37bdb475e4f9483142e0fee.jpg,roboflow_skin_problem_clean3,Acne|Englarged-Pores|Eyebags|Wrinkles,,259d6a2e63920f4f9649b57e46fed8b56af58877e393789f60297f08c1ac2e16,contains extra/non-target annotations: Eyebags
dataset/raw/roboflow_skin_problem_clean3/test/178_jpg.rf.acfb34b0b258a47ff4b1650e302603b4.jpg,roboflow_skin_problem_clean3,Acne|Englarged-Pores|Wrinkles,,83896ead0496958d333b9658f8250e3658a55a7eced6f1b20c37616a510e8e06,"contains multiple target classes: acne, large_pore, wrinkle"
dataset/raw/roboflow_skin_problem_clean3/test/97_jpg.rf.b0f00aadbc64117c0075bd14255b33db.jpg,roboflow_skin_problem_clean3,Acne|Englarged-Pores,,6411cd66840c8f22f8c00d69c02f646643e3ee8ce4c853a80f14246a39691280,"contains multiple target classes: acne, large_pore"
dataset/raw/roboflow_skin_problem_clean3/test/Image_13_jpg.rf.b087a5f8e00e32fb6df64ea0bb4c681f.jpg,roboflow_skin_problem_clean3,Eyebags,,3174520b0de6c523536602fd01174102a9a37137d0fe359bbe0c78bd4d146735,contains extra/non-target annotations: Eyebags
dataset/raw/roboflow_skin_problem_clean3/test/32_jpg.rf.b7256c5d6a75b44134f1c16cf4cdcfe4.jpg,roboflow_skin_problem_clean3,Acne|Englarged-Pores|Wrinkles,,0fd53d394aaaf8551869410d9471ac514bd55472ec34a4174ddc53be1d4c5787,"contains multiple target classes: acne, large_pore, wrinkle"
dataset/raw/roboflow_skin_problem_clean3/test/681_jpg.rf.b7eda6cef7ec6c876de0c8672790d742.jpg,roboflow_skin_problem_clean3,Acne|Englarged-Pores|Wrinkles,,c6eae212b8ea082b380c23270ee33f64b55de7457dcbddca09da75bd5eae3e8e,"contains multiple target classes: acne, large_pore, wrinkle"
dataset/raw/roboflow_skin_problem_clean3/test/112_jpg.rf.b7b8c80a667711e01ee9c8c266ac1234.jpg,roboflow_skin_problem_clean3,Acne|Wrinkles,,5834ddbbbb3cb7af2088687da74eb635276d044e96ca0ae67f8c32091cddcbf4,"contains multiple target classes: acne, wrinkle"
dataset/raw/roboflow_skin_problem_clean3/test/Berminyak-1-_jpg.rf.b95da23888cb27be3e1fdf5402a18aab.jpg,roboflow_skin_problem_clean3,Oily-Skin,,813be81c6b155d6f34260611b6a7c72be1df7082a7d7f5ac6cf32ae1487d5889,contains extra/non-target annotations: Oily-Skin
dataset/raw/roboflow_skin_problem_clean3/test/Image_2_jpg.rf.bd4bea9a0b8020ffd4b78859af319fed.jpg,roboflow_skin_problem_clean3,,,aa5380672cd92e46f8819c534dfaf1d5593e708642fadb0183208d0113849d50,image has no COCO annotations
dataset/raw/roboflow_skin_problem_clean3/test/228_jpg.rf.ba61b72f5725d87310586c9a7f19bba7.jpg,roboflow_skin_problem_clean3,Acne|Englarged-Pores,,746d5b4c5f74e90b64b0e580112c646cbef960fd0411ceef6bb7927ee8c1d7c1,"contains multiple target classes: acne, large_pore"
dataset/raw/roboflow_skin_problem_clean3/test/oily-42-_jpg.rf.bace91686323e6736b9bb488e2344e61.jpg,roboflow_skin_problem_clean3,Acne|Englarged-Pores|Oily-Skin,,969ea11470c324b072f95c32031eb2b51b5c96889a7a9399133cc94a1dee414e,contains extra/non-target annotations: Oily-Skin
dataset/raw/roboflow_skin_problem_clean3/test/Kering-45-_jpg.rf.bb9e87edb9303e39d674adf5bd2144aa.jpg,roboflow_skin_problem_clean3,Dry-Skin,,fc17ff895811658bf789d3de82334506d457cd11801c33a52be75d42b968af97,contains extra/non-target annotations: Dry-Skin
dataset/raw/roboflow_skin_problem_clean3/test/Image_22_jpg.rf.c03bd169faa571eebda006e0ecfbf232.jpg,roboflow_skin_problem_clean3,Oily-Skin,,f7a24335958dccd083744e84a54728770e9ea182e84af593eb671a9b444daf38,contains extra/non-target annotations: Oily-Skin
dataset/raw/roboflow_skin_problem_clean3/test/Image_119_jpg.rf.bdfcca2153823a6a375f3f1aac80d57d.jpg,roboflow_skin_problem_clean3,Oily-Skin,,cd199a59e86073cbbe392c97d9ebbf20de24e3fc4fa96e864b06d3295ae230a0,contains extra/non-target annotations: Oily-Skin
dataset/raw/roboflow_skin_problem_clean3/test/kering-44-_jpg.rf.c048ddf32440c438de6558de77ee40e1.jpg,roboflow_skin_problem_clean3,Dry-Skin,,fc9c791769d8090dd5f736b1bf4d421d2597929b80a9d913c934bdbb45224bcb,contains extra/non-target annotations: Dry-Skin
dataset/raw/roboflow_skin_problem_clean3/test/577_jpg.rf.bd8aabb696c23745621b28d2f2077a6b.jpg,roboflow_skin_problem_clean3,Acne|Englarged-Pores|Wrinkles,,a6e7ca9e5231c7cdc5fc87e29e6147fdaef95c70109dd65b7c0894ee425d5733,"contains multiple target classes: acne, large_pore, wrinkle"
dataset/raw/roboflow_skin_problem_clean3/test/479_jpg.rf.c079df13dabac9c2e6255e3cf5ad27ff.jpg,roboflow_skin_problem_clean3,Englarged-Pores|Eyebags,,636837c5cb105c50ccc940496322cab6f7070f9e98c8c2826e5f33c091de4ed9,contains extra/non-target annotations: Eyebags
dataset/raw/roboflow_skin_problem_clean3/test/Image_25_jpg.rf.c1957f817a90237ced55de834ba4eec8.jpg,roboflow_skin_problem_clean3,Eyebags,,a4b5180f3efd67ae78083e82ac3251e782e07309e26beaa03303a637b1d07791,contains extra/non-target annotations: Eyebags
dataset/raw/roboflow_skin_problem_clean3/test/kering_-125-_jpg.rf.c40fc8254b2f3789f186e5a2d35b421d.jpg,roboflow_skin_problem_clean3,Dry-Skin,,ddaac6f201d691ce6caf9128d436267b162aa69547933dae1c7429b97be8905c,contains extra/non-target annotations: Dry-Skin
dataset/raw/roboflow_skin_problem_clean3/test/498_jpg.rf.c5c6f87dcec61ac2225654c3ee2e3817.jpg,roboflow_skin_problem_clean3,Acne|Dry-Skin|Englarged-Pores,,ca431c0b62fd76d816760fbb3f81964d45bde780cfe2e5dd5000743771992867,contains extra/non-target annotations: Dry-Skin
dataset/raw/roboflow_skin_problem_clean3/test/Image_135_jpg.rf.c609d231e0c8127bb2c478f4093d2153.jpg,roboflow_skin_problem_clean3,Eyebags,,521726272ff4753d12bd1fed7a7905e1557944571e95627dbca120e1eda66865,contains extra/non-target annotations: Eyebags
dataset/raw/roboflow_skin_problem_clean3/test/Image_26_jpg.rf.c643729ac20a0a7f20b90a9bed9c602d.jpg,roboflow_skin_problem_clean3,Eyebags,,9c9db5be51a489da3235656b4790a266fb555c1eb13af6d0fc4ec5295b3b6e72,contains extra/non-target annotations: Eyebags
dataset/raw/roboflow_skin_problem_clean3/test/212_jpg.rf.c746be5ec510602190b69f414e2f3fe5.jpg,roboflow_skin_problem_clean3,Acne|Blackheads|Englarged-Pores|Eyebags,,0b90dd0980cf89a945fc38ef336db39ec20775d3a07dd6e4b139c2fa465f84e7,"contains extra/non-target annotations: Blackheads, Eyebags"
dataset/raw/roboflow_skin_problem_clean3/test/Image_31_jpg.rf.c75f685e8091e62c31c554d732dd9e44.jpg,roboflow_skin_problem_clean3,Dry-Skin,,356dd91c026b62704dc74f087f5352694fe5d426ac1cc29cf50a344fc5602823,contains extra/non-target annotations: Dry-Skin
dataset/raw/roboflow_skin_problem_clean3/test/berminyak__-11-_jpg.rf.c979bf0c2408e2c1488d0e2d27b91639.jpg,roboflow_skin_problem_clean3,Dry-Skin,,b9d8a6b76107c856bbb5c0c4737c9331c8bf400f835abc9de1496dfefae090f8,contains extra/non-target annotations: Dry-Skin
dataset/raw/roboflow_skin_problem_clean3/test/berminyak__-15-_jpg.rf.c95dbb906ba0a3f2d47f366eea2d63fc.jpg,roboflow_skin_problem_clean3,Dry-Skin,,90bff47ddd76ec023e2c37e5ed7d188ad92c02f635c0c1de01f5503a6a05a053,contains extra/non-target annotations: Dry-Skin
dataset/raw/roboflow_skin_problem_clean3/test/dry35_jpg.rf.cae5567f5c71431cb0a39f8c5085df06.jpg,roboflow_skin_problem_clean3,Dry-Skin,,619db4688b514ce5bd82a042ff699558d2e01672ab7b5bcb3e75ec28fd6faef0,contains extra/non-target annotations: Dry-Skin
dataset/raw/roboflow_skin_problem_clean3/test/oily-139-_jpg.rf.d207ba5ab2567492ba244daa39566906.jpg,roboflow_skin_problem_clean3,Oily-Skin,,cae2ceb67d8dde39686ec86cd93d81bec0fdb741a3a95f6f7974f8d024bb3f90,contains extra/non-target annotations: Oily-Skin
dataset/raw/roboflow_skin_problem_clean3/test/311_jpg.rf.d322e7ebfe8841e5e6eaf461cf9caded.jpg,roboflow_skin_problem_clean3,Acne|Englarged-Pores,,03d6e29ce064ec81a62d08fbfa5f3d68c078fb1b59fc3666a94a68135f6ddfe2,"contains multiple target classes: acne, large_pore"
dataset/raw/roboflow_skin_problem_clean3/test/kering__-44-_jpg.rf.cc7b8ff78d60851fe03bc10a693ec006.jpg,roboflow_skin_problem_clean3,Dry-Skin,,e30a939046f09418fd77158604214932191b866452d502c598de7312a239b88c,contains extra/non-target annotations: Dry-Skin
dataset/raw/roboflow_skin_problem_clean3/test/acne-710-_jpg.rf.d25e6fb8bd877a39917d9240808cb957.jpg,roboflow_skin_problem_clean3,Dry-Skin,,ff79a5c5a6150327691d386f7dec8d217c13dff1dfb6163a762d7c5847b24635,contains extra/non-target annotations: Dry-Skin
dataset/raw/roboflow_skin_problem_clean3/test/Image_25_jpg.rf.d377b8a5c2811ad4c39d0714db2b5a75.jpg,roboflow_skin_problem_clean3,Oily-Skin,,f4031ff2c19aff8e93ea6c377a21b1930e09a43265ab04f6e049f4560a32cdf3,contains extra/non-target annotations: Oily-Skin
dataset/raw/roboflow_skin_problem_clean3/test/berminyak__-60-_JPG.rf.d5d73d90398bb99b046b0ae565ad8c91.jpg,roboflow_skin_problem_clean3,Dry-Skin,,9b417e3646c6dba180255cdc7dffd90ea1a41d8c24a7a82b517a0cb8fea473ba,contains extra/non-target annotations: Dry-Skin
dataset/raw/roboflow_skin_problem_clean3/test/91_jpg.rf.d4ca8de79fe0fccbed53585d4617193c.jpg,roboflow_skin_problem_clean3,Acne|Blackheads|Eyebags,,84b5cc5890baebc5d138538827daaac9e56b511a973eb056d3052baaf0ed2fe1,"contains extra/non-target annotations: Blackheads, Eyebags"
dataset/raw/roboflow_skin_problem_clean3/test/Berminyak-8-_jpeg.rf.d70e51cd74ba45d3d18f012fe0950fbb.jpg,roboflow_skin_problem_clean3,Oily-Skin,,a8a1629234c510f6f8adbaaa0e31466871734a561073ae5e598bc8528cf5de04,contains extra/non-target annotations: Oily-Skin
dataset/raw/roboflow_skin_problem_clean3/test/oily-81-_jpg.rf.d8cdb03f8219ca0e03b8e79ba484e520.jpg,roboflow_skin_problem_clean3,Oily-Skin,,cb893942c53d80fdc2f01543abbe3c256b2cbddd537694c28742a287931b29e7,contains extra/non-target annotations: Oily-Skin
dataset/raw/roboflow_skin_problem_clean3/test/acne-719-_jpg.rf.d803dc0ed2af77ec6f8b69a1be573d24.jpg,roboflow_skin_problem_clean3,Dry-Skin,,2bbc829dd83b8b0cd47dff15cd06c16caf4aca1b7756717a21c0bf475c73f13f,contains extra/non-target annotations: Dry-Skin
dataset/raw/roboflow_skin_problem_clean3/test/465_jpg.rf.db41d76cfb20e4db8f915f865ba980a9.jpg,roboflow_skin_problem_clean3,Acne|Blackheads|Englarged-Pores,,d13766c6e3711d66abed9f379801ddd81bd05680dcd49cfdfceedb663fb38b8b,contains extra/non-target annotations: Blackheads
dataset/raw/roboflow_skin_problem_clean3/test/94_jpg.rf.d970470298fff0e5a8f29cc1726db1e7.jpg,roboflow_skin_problem_clean3,Acne|Englarged-Pores,,f0f877b226999bea247034bd4fd4ab0340577f28f397c4c2c51cc691af95d02b,"contains multiple target classes: acne, large_pore"
dataset/raw/roboflow_skin_problem_clean3/test/dry-skin_43_jpeg.rf.db091464e34499751eec141e7d30eb45.jpg,roboflow_skin_problem_clean3,Dry-Skin,,c74beeab8c436515ecfd1d058b60485fae30b19fadcdc5eaa674435802f64e43,contains extra/non-target annotations: Dry-Skin
dataset/raw/roboflow_skin_problem_clean3/test/229_jpg.rf.dc936eeea31f948f81da03595d376150.jpg,roboflow_skin_problem_clean3,Acne|Englarged-Pores|Eyebags|Wrinkles,,ab4cc7dbbfac23e7a27f6fc00bb91fe4eac73c67cb1ff4684e73cd54455f8dc6,contains extra/non-target annotations: Eyebags
dataset/raw/roboflow_skin_problem_clean3/test/211_jpg.rf.de90268389bd2e65cb63da30faea5972.jpg,roboflow_skin_problem_clean3,Acne|Englarged-Pores|Eyebags,,181d61686b8501cb157fb698608a15fbbd4b5194f6e1d9bba14ab5a569c4252d,contains extra/non-target annotations: Eyebags
dataset/raw/roboflow_skin_problem_clean3/test/119_jpg.rf.dc1a1b5fd63a8db1be18acb9c38f19a8.jpg,roboflow_skin_problem_clean3,Acne|Blackheads,,8181a94b0315400b66f22a2b2a6ba2d7a94485ccc24f05fa23ad72bb91a60bfd,contains extra/non-target annotations: Blackheads
dataset/raw/roboflow_skin_problem_clean3/test/kering_-124-_jpg.rf.e2d5589c4357a08f503ddf4003ea92c5.jpg,roboflow_skin_problem_clean3,Dry-Skin,,ab273b15841089ab71a764834d41ffd7f663004daf6e0bdfb604020bd02cd29d,contains extra/non-target annotations: Dry-Skin
dataset/raw/roboflow_skin_problem_clean3/test/Kering-28-_jpg.rf.e8185ef49898595647b613bded994cd9.jpg,roboflow_skin_problem_clean3,Dry-Skin,,907aafbf291e998bade37182a328df8f97c93a0de7e59b1ebf451cf200052900,contains extra/non-target annotations: Dry-Skin
dataset/raw/roboflow_skin_problem_clean3/test/dry-skin_105_jpeg.rf.ea6512f5aa0196c07a9713dc7b902373.jpg,roboflow_skin_problem_clean3,Dry-Skin,,10c3084ca874328984380073395df2e6fa4a00052a073e3a78901dc0b482a4d6,contains extra/non-target annotations: Dry-Skin
dataset/raw/roboflow_skin_problem_clean3/test/berminyak__-32-_jpg.rf.ea1433ac960b23fe160d1c2fbeba672b.jpg,roboflow_skin_problem_clean3,Dry-Skin,,3db03868737f5a7b7dc071ec7e9127aaea76d48feaaae7fc54ebf4a73ab3abbd,contains extra/non-target annotations: Dry-Skin
dataset/raw/roboflow_skin_problem_clean3/test/kering_-5-_jpg.rf.e86289b05f510a926a080ee954bec9fa.jpg,roboflow_skin_problem_clean3,Dry-Skin,,4eb048b4a3c5aa3e3b03f11c1a43c6dceb9d00ac2540b765d6a2fb09e6b7ac1e,contains extra/non-target annotations: Dry-Skin
dataset/raw/roboflow_skin_problem_clean3/test/normal-141-_jpg.rf.eeb3d02cdf0103fcedcbd70a013bb5a9.jpg,roboflow_skin_problem_clean3,,,c9d1e7196df51ac82e987d7d731193a48c04208e259aad16f3c63b32dcaf0dad,image has no COCO annotations
dataset/raw/roboflow_skin_problem_clean3/test/oily-skin_16_jpeg.rf.ede9fbb1af798f59d5324d3d3bee6113.jpg,roboflow_skin_problem_clean3,Oily-Skin,,a20ae13d1ea8f71194420960349a38800c8ad7f53313e29d606ee5d7a5749658,contains extra/non-target annotations: Oily-Skin
dataset/raw/roboflow_skin_problem_clean3/test/oily45_jpg.rf.f1dba103a6ae7cd870263785656c106c.jpg,roboflow_skin_problem_clean3,Dry-Skin,,2810d9a9255468aee88f126dc6f9ac093888a3937d7fb6c91366556c7b652c99,contains extra/non-target annotations: Dry-Skin
dataset/raw/roboflow_skin_problem_clean3/test/Kering-35-_jpeg.rf.efc481a843791cdc17e2d425ba5f7321.jpg,roboflow_skin_problem_clean3,Dry-Skin,,7f3d928c8058fdacbf0df3844e26db492b7323710f99fc6a4fb02ef1f101071d,contains extra/non-target annotations: Dry-Skin
dataset/raw/roboflow_skin_problem_clean3/test/dry-256-_jpg.rf.f4851271ee93f20aac22d5c45818a99c.jpg,roboflow_skin_problem_clean3,Dry-Skin,,7c2d1359168c1fb388c619eafd775559b72161c4573524078dcfd77409e284fb,contains extra/non-target annotations: Dry-Skin
dataset/raw/roboflow_skin_problem_clean3/test/oily4_jpg.rf.f7552e2011a702a7b16a917497824257.jpg,roboflow_skin_problem_clean3,Oily-Skin,,3fbe4917cdd6b5aff3df6edf4e1f7a296d6e996de6d0ec1cc944e756951ee90f,contains extra/non-target annotations: Oily-Skin
dataset/raw/roboflow_skin_problem_clean3/test/104_jpg.rf.f53374c55bf205e278f1d60fc96637a5.jpg,roboflow_skin_problem_clean3,Acne|Wrinkles,,4ba3bac474cb8fa68b52c87caac0609b6e6810e3d4f4389629c0299861771338,"contains multiple target classes: acne, wrinkle"
dataset/raw/roboflow_skin_problem_clean3/test/177_jpg.rf.f614dab50a3b3369c06d039c0df5ad77.jpg,roboflow_skin_problem_clean3,Acne|Wrinkles,,96cbe53d7ea52d64d308b59f50334ee419427e33feb804070907729db7c8fd46,"contains multiple target classes: acne, wrinkle"
dataset/raw/roboflow_skin_problem_clean3/test/oily-112-_jpg.rf.f7a59e81093a1ea0f719d20c283f1903.jpg,roboflow_skin_problem_clean3,Oily-Skin,,7d554ab83f79240be975a024eda8c02b3d13d5ac73b59a4b6cf168be4fb744d0,contains extra/non-target annotations: Oily-Skin
dataset/raw/roboflow_skin_problem_clean3/test/545_jpg.rf.f91c1ef43219e0b1004011033ba0451f.jpg,roboflow_skin_problem_clean3,Acne|Blackheads|Eyebags,,f527f35d92d28109d197f953a9bb4ecea3838c72d57d05ba2b5a528343c5cf30,"contains extra/non-target annotations: Blackheads, Eyebags"
dataset/raw/roboflow_skin_problem_clean3/test/269_jpg.rf.fb8fb28e121527d945969e1a83987fa0.jpg,roboflow_skin_problem_clean3,Acne|Englarged-Pores,,4a9418ada2ee42931c09e7416e38123179b224bb815831e3cd388c97594db471,"contains multiple target classes: acne, large_pore"
dataset/raw/roboflow_skin_problem_clean3/test/kering_-1-_jpg.rf.f900f57e589570b67d3773935bffb877.jpg,roboflow_skin_problem_clean3,Dry-Skin,,e9bafed9c7e35e129e1acf964625adf7bc06f192c6f71bcf73aa7fccdb2ea890,contains extra/non-target annotations: Dry-Skin
dataset/raw/roboflow_skin_problem_clean3/test/kering-9-_jpg.rf.ffd54ec7230cfd334725c286145152dc.jpg,roboflow_skin_problem_clean3,Dry-Skin,,e8f13a4d01a455bead498065fefa2d2bf1b87529a84237306526d45c67954650,contains extra/non-target annotations: Dry-Skin
dataset/raw/roboflow_skin_problem_clean3/train/48_jpg.rf.aec610729fe8ea38870eb33b796fef33.jpg,roboflow_skin_problem_clean3,Acne|Wrinkles,,37c9e1a16fb89c5e4bd82e998668ffc080c7905eff3da738049a433a5c0b1e59,"contains multiple target classes: acne, wrinkle"
dataset/raw/roboflow_skin_problem_clean3/train/kering_-6-_jpg.rf.b05f6a323b1d57be6149308293d4ba74.jpg,roboflow_skin_problem_clean3,Dry-Skin,,9994a9f1c1de5b7ff5d4669c9e00a096330c8e84557b8a86e5065553fb5fdfcf,contains extra/non-target annotations: Dry-Skin
dataset/raw/roboflow_skin_problem_clean3/train/levle1_520_jpg.rf.aff53cb93b0485cec291874cacd6e1d8.jpg,roboflow_skin_problem_clean3,Acne|Blackheads|Whiteheads,,7abf49357964cc5b752f65fb9c5a45695b7813f0d1d262cc7d1c66a7f76ac4de,"contains extra/non-target annotations: Blackheads, Whiteheads"
dataset/raw/roboflow_skin_problem_clean3/train/da-mong-noi-gan-mau-la-benh-gi-2_jpg.rf.afeada50ad19d6d4ca12f378e1c309be.jpg,roboflow_skin_problem_clean3,Skin-Redness,,972c2a37b42125e05988db3be332e7529f66590becd97086acc870a711e38fd2,contains extra/non-target annotations: Skin-Redness
dataset/raw/roboflow_skin_problem_clean3/train/images_jpg.rf.afabccae76622b2e37c223425a5925d9.jpg,roboflow_skin_problem_clean3,Eyebags,,e3be03dbd8d4e97f679bf9c16af46440f0293d4901635f49f0d84bd3c839e068,contains extra/non-target annotations: Eyebags
dataset/raw/roboflow_skin_problem_clean3/train/2738625961_1_jpg.rf.b001d6d209fc83e9a99084afee062693.jpg,roboflow_skin_problem_clean3,Eyebags,,606e370b620c526117f892726b1986efa369ece5e3fee60a256072b0ebdc15ef,contains extra/non-target annotations: Eyebags
dataset/raw/roboflow_skin_problem_clean3/train/kering_-80-_jpg.rf.b09a477ecd1dd01b2064f50b1c7927ed.jpg,roboflow_skin_problem_clean3,Dry-Skin,,3c4742d6f73d4e16adaf7b1e484b9287339527ddaa015afe8d72be003c0d6aff,contains extra/non-target annotations: Dry-Skin
dataset/raw/roboflow_skin_problem_clean3/train/oily-263-_jpg.rf.af32fc7f740975fbd99dcbb57ccbe761.jpg,roboflow_skin_problem_clean3,Oily-Skin,,6e13f130cd826d3d8f0efa5d58902cee660e3715852137f4f1ba8765b333a2ac,contains extra/non-target annotations: Oily-Skin
dataset/raw/roboflow_skin_problem_clean3/train/470_jpg.rf.b0f2940310bc3ea1c4114e61d9f4ff22.jpg,roboflow_skin_problem_clean3,Acne|Englarged-Pores,,6a3d12d534ffac4e964c4d5ffa961583aa4fa9955efa6f9624a6c407cc28a65f,"contains multiple target classes: acne, large_pore"
dataset/raw/roboflow_skin_problem_clean3/train/Image_99_jpg.rf.b0fe5960dcb2f97ceb230cad040f067a.jpg,roboflow_skin_problem_clean3,Eyebags,,3437f53c21a48dc876fdea6b87588aebc66c876611c2452cf4c8549f02a5b02a,contains extra/non-target annotations: Eyebags
dataset/raw/roboflow_skin_problem_clean3/train/158_jpg.rf.af474bb352e509e3631ad05ac5b2b2f0.jpg,roboflow_skin_problem_clean3,Eyebags,,9d8b2c8cce194f02a518ede991ff3106fe6c93c9a6934cf398f8f0f636257173,contains extra/non-target annotations: Eyebags
dataset/raw/roboflow_skin_problem_clean3/train/Kering-5-_JPG.rf.b0e26ac65082f47779aa9ea3e40636cd.jpg,roboflow_skin_problem_clean3,Dry-Skin,,4303097e449ff7ad5b3b43a6578c27df0cd99cab65bd13027cd28df16d416b3b,contains extra/non-target annotations: Dry-Skin
dataset/raw/roboflow_skin_problem_clean3/train/levle2_145_png.rf.afd7a3f9478c143c54be3dcff9fab4c9.jpg,roboflow_skin_problem_clean3,Acne|Whiteheads,,1b34f0330685928042c3f67ff989d98a557a18e267121559298714f836eb2b75,contains extra/non-target annotations: Whiteheads
dataset/raw/roboflow_skin_problem_clean3/train/kering_-2-_jpg.rf.b04a627f285c316d8441e894c0287a32.jpg,roboflow_skin_problem_clean3,Dry-Skin,,0047d7c3b254acdc198c233050a894c0355f9f1e934be10cb81f7a3d0fc954c0,contains extra/non-target annotations: Dry-Skin
dataset/raw/roboflow_skin_problem_clean3/train/kering_-22-_jpg.rf.afd4bc64294ca007257890e969b5f05f.jpg,roboflow_skin_problem_clean3,Dry-Skin,,b10a04fe67a118fffa9c466bfe13f58e2d415af69aa8eae65efe77222234fff2,contains extra/non-target annotations: Dry-Skin
dataset/raw/roboflow_skin_problem_clean3/train/Normal227_jpg.rf.aef31e192ddd841bef7a1ea66e8caa29.jpg,roboflow_skin_problem_clean3,Dry-Skin,,33793959932a938b22ff9140adb809fc5e855193af29a86f47764e27a974e81a,contains extra/non-target annotations: Dry-Skin
dataset/raw/roboflow_skin_problem_clean3/train/levle0_392_png.rf.b05af681510a8fac16b982f19ef8fa6f.jpg,roboflow_skin_problem_clean3,Acne|Blackheads,,2cb0f562a3de1186e583ea8431955942a4077d6a49555f0df9d096df9a93b80d,contains extra/non-target annotations: Blackheads
dataset/raw/roboflow_skin_problem_clean3/train/levle0_272_jpg.rf.b1109c94520700ccd531dfd2f435dfb7.jpg,roboflow_skin_problem_clean3,Acne|Blackheads|Whiteheads,,58fe6e0548cd15b6b8d3558fc08847be3989495bacb43fa577e9f16b4f8dd7fa,"contains extra/non-target annotations: Blackheads, Whiteheads"
dataset/raw/roboflow_skin_problem_clean3/train/Berminyak-24-_jpeg.rf.b05e7580940018f4cc82f04d733c4735.jpg,roboflow_skin_problem_clean3,Oily-Skin,,1acd624218a87a8b56877028921bb2a15cecb2e21dbcb96a2da72af580e49287,contains extra/non-target annotations: Oily-Skin
dataset/raw/roboflow_skin_problem_clean3/train/Kering-6-_jpeg.rf.b165ff1c24a62782f6e93bfae89459aa.jpg,roboflow_skin_problem_clean3,Dry-Skin,,f420fd2273469aa40171a421621bc9ca9435b8ae66b3a84a1a52fb3dc999a9dc,contains extra/non-target annotations: Dry-Skin
dataset/raw/roboflow_skin_problem_clean3/train/573_jpg.rf.af5430f12f13816934f250f69e3a22d2.jpg,roboflow_skin_problem_clean3,Acne|Wrinkles,,0456c02a1bc0661241dd50495de6aa4fb7d77ce6284311c8c18a0bd493ff9634,"contains multiple target classes: acne, wrinkle"
dataset/raw/roboflow_skin_problem_clean3/train/levle0_122_png.rf.b1fa197a150749eea93dca66ce2e7e2b.jpg,roboflow_skin_problem_clean3,Acne|Blackheads,,329ccce027581ef7db4f102b6bed2b23a59b64aff11f3c4d77901e8f4f2c6a14,contains extra/non-target annotations: Blackheads
dataset/raw/roboflow_skin_problem_clean3/train/oily48_jpg.rf.b213403caf2837545ed9c8ed8031aeeb.jpg,roboflow_skin_problem_clean3,Oily-Skin,,036cf4a87e897e5ef253db2821e800193070d36a815e588aad219d42f25e6749,contains extra/non-target annotations: Oily-Skin
dataset/raw/roboflow_skin_problem_clean3/train/195_jpg.rf.b2518fdb0aae2686e19c536644a56c2c.jpg,roboflow_skin_problem_clean3,Acne|Englarged-Pores,,0fbbe9ddbc182a25dc71a603f037243c3467c4342b57fd6254662d61b8df13c2,"contains multiple target classes: acne, large_pore"
dataset/raw/roboflow_skin_problem_clean3/train/levle1_422_png.rf.b27234d02c8444e947f31c5f3ee7a107.jpg,roboflow_skin_problem_clean3,Acne|Whiteheads,,638c830c3cedee407f3fb03dd5021dce2bbd9278e0606d68423bddee3073c894,contains extra/non-target annotations: Whiteheads
dataset/raw/roboflow_skin_problem_clean3/train/levle0_453_jpg.rf.b2e7c571cf6198c1db3d5c44411e0117.jpg,roboflow_skin_problem_clean3,Acne|Blackheads,,578e55192f75a9ea50e90428dbfaa854cc15604640a55f00328bf58c107894a9,contains extra/non-target annotations: Blackheads
dataset/raw/roboflow_skin_problem_clean3/train/634_jpg.rf.b30f95a25f46f3825ce2a3ca09803c76.jpg,roboflow_skin_problem_clean3,Dry-Skin|Eyebags|Wrinkles,,7ac45970754e1ae1bc6b986c9389a46b8fbe1409c601b831a23a4c5b9a27d6dc,"contains extra/non-target annotations: Dry-Skin, Eyebags"
dataset/raw/roboflow_skin_problem_clean3/train/240_F_505136963_IXrvryaszca1gr3AdLK025QSTCPe22u5_jpg.rf.b3149657c7afc4a4f4a13cc7a61f8acb.jpg,roboflow_skin_problem_clean3,Eyebags,,71ce894e3ddafeae0058a82212f1fed0e56d30913814d9ca3237eea14f89617c,contains extra/non-target annotations: Eyebags
dataset/raw/roboflow_skin_problem_clean3/train/levle3_89_jpg.rf.b341f6f9d9b23860b65b00936e87beeb.jpg,roboflow_skin_problem_clean3,Acne|Whiteheads,,671409f9558533061a46eaa2499dd5c5d6dfd69ab2dbb43320c3687d20da686d,contains extra/non-target annotations: Whiteheads
dataset/raw/roboflow_skin_problem_clean3/train/kering__-82-_jpg.rf.b38a04222ef42f6c3c0ce4c76fa2746c.jpg,roboflow_skin_problem_clean3,Dry-Skin,,08f9fd28ce6db64e248b58183197f801437bb881d226b258c6e4f843e6698129,contains extra/non-target annotations: Dry-Skin
dataset/raw/roboflow_skin_problem_clean3/train/levle1_606_jpg.rf.b3aabc05e1f847d263d5911d6fc355e7.jpg,roboflow_skin_problem_clean3,Acne|Blackheads,,ba59ed5a75c64d0ef1b83ebce3262a7b5115b6b02021063d379738ba30223e0e,contains extra/non-target annotations: Blackheads
dataset/raw/roboflow_skin_problem_clean3/train/20220303_042827_532264_da-mat-bi-ngua-va-d-max-1800x1800_jpg.rf.b4487ea99e3e366d479aa02f0485815b.jpg,roboflow_skin_problem_clean3,Skin-Redness,,7ff2618d60810126cc47153353c920f86cf2048d087172da2bad41e9ba7b6490,contains extra/non-target annotations: Skin-Redness
dataset/raw/roboflow_skin_problem_clean3/train/kering-8-_jpg.rf.b4d7f735ee0ed03ef0d67dc3c83f3d9d.jpg,roboflow_skin_problem_clean3,Dry-Skin,,24ef2b5191d5aeaaa3832ae98e91d4f2e3fa5f6a4803a9a34dc68f4145b50b56,contains extra/non-target annotations: Dry-Skin
dataset/raw/roboflow_skin_problem_clean3/train/01F3MMY1W7BKARQ7SMST6FA3WF_jpeg_jpg.rf.b3ec9b96ad7448b6bb8188fd83d5c60c.jpg,roboflow_skin_problem_clean3,Acne|Whiteheads,,990e803b551a3af5bad1ad36523c96e4af9e45f37500a55a3132e5036372d491,contains extra/non-target annotations: Whiteheads
dataset/raw/roboflow_skin_problem_clean3/train/kering_-123-_jpg.rf.b4543cb46b0bf6bbf179d2f1522433b2.jpg,roboflow_skin_problem_clean3,Dry-Skin,,cd48f2b0e53c56d4527ef539b20745b89cab9f2fef0782726557e907b168526e,contains extra/non-target annotations: Dry-Skin
dataset/raw/roboflow_skin_problem_clean3/train/levle1_505_jpg.rf.b54d87edc8205eea703308048a37a330.jpg,roboflow_skin_problem_clean3,Acne|Blackheads|Whiteheads,,216ccfcc1a4e8eab8d95452ef107acfa14fd46f7a0785a58315464ba18b07451,"contains extra/non-target annotations: Blackheads, Whiteheads"
dataset/raw/roboflow_skin_problem_clean3/train/kering-30-_jpg.rf.b5410e140f324744c7e2c38b78c3dbdb.jpg,roboflow_skin_problem_clean3,Dry-Skin,,24c8d8a393f7ee1f9b5d1f68e00e5668f33b73dc005434371620df1f9945dffe,contains extra/non-target annotations: Dry-Skin
dataset/raw/roboflow_skin_problem_clean3/train/kering-42-_jpg.rf.b56acf4c6d2c72b1c70556ed1f565792.jpg,roboflow_skin_problem_clean3,Dry-Skin,,b96201eea891cb9e9f9bd77ec3c02f844b183f816c3bebcc58bd4885fc8deaa2,contains extra/non-target annotations: Dry-Skin
dataset/raw/roboflow_skin_problem_clean3/train/levle0_97_jpg.rf.b54b7a23a05976cf7ce91f99a827b9aa.jpg,roboflow_skin_problem_clean3,Whiteheads,,4d6a1fe239e91b04ce44959a650ff30e2490c721745c9e92f49ac34c6d146912,contains extra/non-target annotations: Whiteheads
dataset/raw/roboflow_skin_problem_clean3/train/368_jpg.rf.b5b9368a3451851a7a56089a5998b17d.jpg,roboflow_skin_problem_clean3,Acne|Blackheads|Englarged-Pores,,632959590959782fc038b438ccbc815998e19499653346c1b2cec93be6d9eda6,contains extra/non-target annotations: Blackheads
dataset/raw/roboflow_skin_problem_clean3/train/levle1_47_png.rf.b61e7479c799b5cfe65691372d11fc76.jpg,roboflow_skin_problem_clean3,Acne|Blackheads,,d747cce32cf31b2a28c05987b86c04152b2a0ab81b6629af951787bbf2dc2ddb,contains extra/non-target annotations: Blackheads
dataset/raw/roboflow_skin_problem_clean3/train/286_jpg.rf.b61a8217b6e2ec0d18e486be8c06a0b4.jpg,roboflow_skin_problem_clean3,Blackheads,,060a4ce76c9de1173e5d8cb955a1f90423389268b4f108792b345ddfcd6b69d0,contains extra/non-target annotations: Blackheads
dataset/raw/roboflow_skin_problem_clean3/train/Berminyak130_jpg.rf.b5e151b1d614135ede7ef4c898d9cafa.jpg,roboflow_skin_problem_clean3,Dry-Skin,,a3bca36c9d3960c9cc1a1ce6a67d823aee0445d8c8c7e18796e67335fbcd986d,contains extra/non-target annotations: Dry-Skin
dataset/raw/roboflow_skin_problem_clean3/train/271_jpg.rf.b670d7299908b46f4974a5b1bb2b51cb.jpg,roboflow_skin_problem_clean3,Acne|Blackheads|Wrinkles,,ef0d9abc6208e4fd7e859518f9358ffad65f7aeb84ee7f014720e7c30e6d562c,contains extra/non-target annotations: Blackheads
dataset/raw/roboflow_skin_problem_clean3/train/380_jpg.rf.b67230a4d8d595af439657bb68e46e85.jpg,roboflow_skin_problem_clean3,Acne|Englarged-Pores,,dae9ee1d77961860bfefd07d1c91d81a09732047bee07f2880ac5b057fadd1e7,"contains multiple target classes: acne, large_pore"
dataset/raw/roboflow_skin_problem_clean3/train/Rosacea-eritematosa-iniziale_jpg.rf.b69354a8baa55c4782c387cc68a61d7e.jpg,roboflow_skin_problem_clean3,Skin-Redness,,3693724306019bab105c4a48ac1ae22a1fd894744fe4bc796f4dd8f192a6c035,contains extra/non-target annotations: Skin-Redness
dataset/raw/roboflow_skin_problem_clean3/train/140_jpg.rf.b6c52f06e2bca18ad8effb505adeb382.jpg,roboflow_skin_problem_clean3,Eyebags,,27b6a9817b61efef5ae2fc8096dc61e395aaa3c1fdc1a24256a3e0830ae30a56,contains extra/non-target annotations: Eyebags
dataset/raw/roboflow_skin_problem_clean3/train/levle0_512_jpg.rf.b6e6a1cfa2c5835cae997f91da72d697.jpg,roboflow_skin_problem_clean3,Acne|Whiteheads,,b695731bc931c542edd3752c975dd0b3024ef204339ccd22c1686ea6a171dfa4,contains extra/non-target annotations: Whiteheads
dataset/raw/roboflow_skin_problem_clean3/train/kering-24-_jpg.rf.b708ff511951c37091214dab00afce91.jpg,roboflow_skin_problem_clean3,Dry-Skin,,18105ff023fab9f6b85e7cad42d1b6840761396c24c48a7fbf58be756f639c97,contains extra/non-target annotations: Dry-Skin
dataset/raw/roboflow_skin_problem_clean3/train/kering-10-_jpg.rf.b746ab2b79b4a7d0fec43f22ad35c674.jpg,roboflow_skin_problem_clean3,Dry-Skin,,92859ca3a11ad982bdee7c72477f86388e440e01cf35b047c28be660e4f4eded,contains extra/non-target annotations: Dry-Skin
dataset/raw/roboflow_skin_problem_clean3/train/434_jpg.rf.b7b78c4aa86a5bfb4bbbaf7db3b7835e.jpg,roboflow_skin_problem_clean3,Acne|Eyebags,,f05ca838128e753f0b304c98421538616207dc7076dc2732aea53c53c016e239,contains extra/non-target annotations: Eyebags
dataset/raw/roboflow_skin_problem_clean3/train/levle2_155_jpg.rf.b7481313dc6ec706971b5ec44d7a1c3d.jpg,roboflow_skin_problem_clean3,Acne|Blackheads|Whiteheads,,242f6ae967e09c8dfb7155d9f73fd241fabdd0cda471fd5077b02f628942739b,"contains extra/non-target annotations: Blackheads, Whiteheads"
dataset/raw/roboflow_skin_problem_clean3/train/2688545621_1_jpg.rf.b871d4b48e4b4c4f3a0e42a1076a0343.jpg,roboflow_skin_problem_clean3,Eyebags,,131d23ec5ca08a2a8b005a7b5377360b044a83974a57cee38124c28ff37cccf1,contains extra/non-target annotations: Eyebags
dataset/raw/roboflow_skin_problem_clean3/train/dry-231-_jpg.rf.b9a09600bd6d49a87073f91496b158f3.jpg,roboflow_skin_problem_clean3,Acne|Englarged-Pores,,8af892a6fd25be9982904f3cbae442536bc91acd3e94a54f433215cfab7714d2,"contains multiple target classes: acne, large_pore"
dataset/raw/roboflow_skin_problem_clean3/train/dry21_jpg.rf.b98bed70d296e7ec58b0869da058ab7b.jpg,roboflow_skin_problem_clean3,Dry-Skin,,b47c053b203adbbad85b7ca42574aeb8074517555b9a5a3b7b21b5f87ab07000,contains extra/non-target annotations: Dry-Skin
dataset/raw/roboflow_skin_problem_clean3/train/acne-241-_jpg.rf.b9ea8b8bb7bcc466c36169e281201bf4.jpg,roboflow_skin_problem_clean3,,,c1835a46773e84aff3338673e8b24a1a4d2b5e4c12114cdf6e4292499d729782,image has no COCO annotations
dataset/raw/roboflow_skin_problem_clean3/train/levle2_177_png.rf.b9bbe75f73b668cfdd8a0a769b5e4c0a.jpg,roboflow_skin_problem_clean3,Acne|Whiteheads,,1587f5dda641af098285f750790772632c5cb98b001acf5bf4010a3cafc8742a,contains extra/non-target annotations: Whiteheads
dataset/raw/roboflow_skin_problem_clean3/train/levle1_374_png.rf.b9dea69f7c18589e6d763b5d6e637e8a.jpg,roboflow_skin_problem_clean3,Acne|Whiteheads,,0f7e3be4c11d9dec4b6a4d9d357556f71048b222e5778cfa5114106252c86a91,contains extra/non-target annotations: Whiteheads
dataset/raw/roboflow_skin_problem_clean3/train/dry6_jpg.rf.ba59980f848342c016763c3562dbe18d.jpg,roboflow_skin_problem_clean3,Dry-Skin,,720e7be65d7a9b9bee579fa9916a0f9a1f0e83f56784186e1f249b422f479cb0,contains extra/non-target annotations: Dry-Skin
dataset/raw/roboflow_skin_problem_clean3/train/kering_-23-_jpg.rf.ba6662c5da10ba30f4f331c5502af541.jpg,roboflow_skin_problem_clean3,Dry-Skin,,a1ae4d5af47313f32bff18aef3cb3e09dffb1cc61a44941d30a0cd04a4d0f5c9,contains extra/non-target annotations: Dry-Skin
dataset/raw/roboflow_skin_problem_clean3/train/levle1_417_png.rf.bad0a3f16557f54d49cefc51e48f5e04.jpg,roboflow_skin_problem_clean3,Acne|Blackheads|Whiteheads,,a2345b246f09a9ac7958dcc11c96b1c0a836aca804ee7193ac401dd146aa4672,"contains extra/non-target annotations: Blackheads, Whiteheads"
dataset/raw/roboflow_skin_problem_clean3/train/Kering-10-_JPG.rf.bb2b3def801fd80c17ff198efade218f.jpg,roboflow_skin_problem_clean3,Dry-Skin,,e029095ad92d2a2b848812b1628a0a62d8f62cf60e03dba3078fccaf845b418a,contains extra/non-target annotations: Dry-Skin
dataset/raw/roboflow_skin_problem_clean3/train/dry11_jpg.rf.bc2e5c61fe6bf96c68f094c01118f38d.jpg,roboflow_skin_problem_clean3,Dry-Skin,,762a5a2c0b40ab6b3ff792cdf5f5d45214336c29bd8adc91e779968cc9b08517,contains extra/non-target annotations: Dry-Skin
dataset/raw/roboflow_skin_problem_clean3/train/berminyak__-17-_jpg.rf.bc184b4d893717b9bce74c69725d4a5d.jpg,roboflow_skin_problem_clean3,Dry-Skin,,3f3d0cabf936eff4e9c8f66074c268a8462cd14a3a23f9ac34bb7ebacb1d8051,contains extra/non-target annotations: Dry-Skin
dataset/raw/roboflow_skin_problem_clean3/train/levle1_489_jpg.rf.bbe0e9ef37685ae77fd410b04443939c.jpg,roboflow_skin_problem_clean3,Acne|Blackheads,,cdc58bf64eb049fb93134a4b7f6bf4ada3406ea22ec8077943f16a8eca5dd89d,contains extra/non-target annotations: Blackheads
dataset/raw/roboflow_skin_problem_clean3/train/612_jpg.rf.bc45488d8bb1741797468a434278e77f.jpg,roboflow_skin_problem_clean3,Acne|Englarged-Pores|Wrinkles,,4abdee063c861673a0866d19daa98ff788d310d3982eeb02bdbccac597df2efa,"contains multiple target classes: acne, large_pore, wrinkle"
dataset/raw/roboflow_skin_problem_clean3/train/213_jpg.rf.bc5c760574f85db262613d5a08877f8a.jpg,roboflow_skin_problem_clean3,Acne|Englarged-Pores|Eyebags,,1c19fa51c25cabf3c9aa0c7fe9ad10eba64d29c6dea87bbf3b7dc9dbeb5ecdc6,contains extra/non-target annotations: Eyebags
dataset/raw/roboflow_skin_problem_clean3/train/Kering-28-_jpeg.rf.bcbd75c74ba262558adb0782211a6e06.jpg,roboflow_skin_problem_clean3,Dry-Skin,,195455cf39326146f35b25dba19c5e81c0cd0a9e6676330821e0f867ce4573da,contains extra/non-target annotations: Dry-Skin
dataset/raw/roboflow_skin_problem_clean3/train/01F3MMW9B3FDZVQ1FDZKK5XY7Y_jpeg_jpg.rf.bd2b6ba503d849590bd1c7bae64d0a80.jpg,roboflow_skin_problem_clean3,Acne|Blackheads|Whiteheads,,b72f392a3f883722348d54843500f535ce3468573d746228f6de532b6758eece,"contains extra/non-target annotations: Blackheads, Whiteheads"
dataset/raw/roboflow_skin_problem_clean3/train/levle0_90_jpg.rf.bd8639ff1318a1f3c44d5599cebb938a.jpg,roboflow_skin_problem_clean3,Acne|Blackheads|Whiteheads,,c0a2ce01d520286c65d4c5defa468758f5f01fdca1d3dd7e28c37b5d66ce7a80,"contains extra/non-target annotations: Blackheads, Whiteheads"
dataset/raw/roboflow_skin_problem_clean3/train/levle1_131_png.rf.bd5d005f781a4c7b2f3dbf4722fc0f36.jpg,roboflow_skin_problem_clean3,Acne|Whiteheads,,cdef21a29c14370e76809de99b6e2c55d39a56e1cc257b373ed7ec03e9f43283,contains extra/non-target annotations: Whiteheads
dataset/raw/roboflow_skin_problem_clean3/train/Screenshot_2_png.rf.bd8c70e9cd4166e6d573376cf572caa1.jpg,roboflow_skin_problem_clean3,Skin-Redness,,0185170922b0f45602eadd8d49a235c2c2bd58840783da3a373bfb887bda9062,contains extra/non-target annotations: Skin-Redness
dataset/raw/roboflow_skin_problem_clean3/train/Kering-52-_jpg.rf.be0d90bcec1f22bf5dc16cad03690226.jpg,roboflow_skin_problem_clean3,Dry-Skin,,11c390c02ac0d3b58d892a15cfc7c382a4762673e70d9a4797c17c5532ef4480,contains extra/non-target annotations: Dry-Skin
dataset/raw/roboflow_skin_problem_clean3/train/115_jpg.rf.bd9ac049062c0e6773bcf90de2da5ecd.jpg,roboflow_skin_problem_clean3,Acne|Blackheads|Englarged-Pores,,da790e3053bbccf0b306fd9cdd4e104e3843e647389cd880f4bdd3f7f5792378,contains extra/non-target annotations: Blackheads
dataset/raw/roboflow_skin_problem_clean3/train/Image_137_jpg.rf.becde4f0977f3978d4cf04aaabee276b.jpg,roboflow_skin_problem_clean3,Dry-Skin,,1b78d11d704dc9e4fbef0cabbdd29f10ffbf0573bc9ef93382dfd98ea348124d,contains extra/non-target annotations: Dry-Skin
dataset/raw/roboflow_skin_problem_clean3/train/chung-do-mat2_jpg.rf.be4cfb2ebfefeaa488711991007cfed8.jpg,roboflow_skin_problem_clean3,Skin-Redness,,31b2e63975e216f2eb7dd0f9b1920de2cc47037e1eb52d8292d2b37ae511e895,contains extra/non-target annotations: Skin-Redness
dataset/raw/roboflow_skin_problem_clean3/train/kering-4-_jpg.rf.bee78de87891c5675cbbb047e3c47fe1.jpg,roboflow_skin_problem_clean3,Dry-Skin,,acc0ef4d6db2e4631a2550f5ca3c259142d799057bc059875538c67c4e8f87de,contains extra/non-target annotations: Dry-Skin
dataset/raw/roboflow_skin_problem_clean3/train/kering__-38-_jpg.rf.bf2c1c45f56fb99c3afbd0fcc897b529.jpg,roboflow_skin_problem_clean3,Dry-Skin,,da6f4150fdbf0ddffcc8c0f4b9c96bd0f8f0a3a57380c4fae202e020ead1a0b5,contains extra/non-target annotations: Dry-Skin
dataset/raw/roboflow_skin_problem_clean3/train/levle0_362_jpg.rf.bf789b78c1dee868eba6eb9effc5df61.jpg,roboflow_skin_problem_clean3,Acne|Whiteheads,,0801c8201a0cea50720b7b914c9eba592792e2147c0033e625050ff9c637fbbe,contains extra/non-target annotations: Whiteheads
dataset/raw/roboflow_skin_problem_clean3/train/levle1_33_png.rf.bee9f7e783b6b1cbc2a8b7ba7e95834e.jpg,roboflow_skin_problem_clean3,Acne|Blackheads,,647f9667b1ff250e6ad86f22c6cfcccd0c617097805dbe0dc44e4cf43214f21e,contains extra/non-target annotations: Blackheads
dataset/raw/roboflow_skin_problem_clean3/train/Kering-3-_JPG.rf.bfc83f406c78a961f6e8110cc56d4340.jpg,roboflow_skin_problem_clean3,Dry-Skin,,1dd6e84fed62d71862695578e415cfd5aaf19a09276e14ccbc82507538393f39,contains extra/non-target annotations: Dry-Skin
dataset/raw/roboflow_skin_problem_clean3/train/levle1_152_jpg.rf.bf811697275249d15e29e94e7f5092f8.jpg,roboflow_skin_problem_clean3,Acne|Blackheads|Dark-Spots,,732f5a280d362f855ac2df84f9e3c9c1930d6bb3d7165050ff1a8e0eec6997f5,contains extra/non-target annotations: Blackheads
dataset/raw/roboflow_skin_problem_clean3/train/9de7356fc7fe5df062b9719352b38f9c_jpg.rf.bf9be9487b043bd0283a3a14fcfa7981.jpg,roboflow_skin_problem_clean3,Dry-Skin,,38c70de8f3bf3cc128581b253cf758304bd8f212c2a6edf9f078dea7cb1395e8,contains extra/non-target annotations: Dry-Skin
dataset/raw/roboflow_skin_problem_clean3/train/levle0_166_png.rf.bfdb390c9162a38ab66e668a26a4c5dd.jpg,roboflow_skin_problem_clean3,Blackheads,,a6270cb16f3833051afca33ed9db547e4f009fce0d5bf3e9319ed7954c5bd1c5,contains extra/non-target annotations: Blackheads
dataset/raw/roboflow_skin_problem_clean3/train/302_jpg.rf.c09d9887ce302b57ca20ce949b758181.jpg,roboflow_skin_problem_clean3,Acne|Englarged-Pores,,4ed37ca1143b8a052c3dfbbf4ca0cc0e9e89a70c9ca4461ca1b81debb6188fbd,"contains multiple target classes: acne, large_pore"
dataset/raw/roboflow_skin_problem_clean3/train/levle1_421_jpg.rf.bfe2b6c57bb79b82938f9d891083a36c.jpg,roboflow_skin_problem_clean3,Acne|Whiteheads,,4af9be696dc6e5c4f340fdff0cfc3ccba1a03f7294b7f92dad57b69ea1ddbbae,contains extra/non-target annotations: Whiteheads
dataset/raw/roboflow_skin_problem_clean3/train/240_F_137816577_BdN2G0s5CvyjWBez0EiievvSDnhnEqNF_jpg.rf.bffd48cb611b643ab75c010151bb1f4f.jpg,roboflow_skin_problem_clean3,Eyebags,,409f7014807f780cc6915056f45cdddfcfe5750bad84fcfd1343159f4b78da21,contains extra/non-target annotations: Eyebags
dataset/raw/roboflow_skin_problem_clean3/train/levle1_80_png.rf.c137325cd6e00203db6ff6b5ab144be9.jpg,roboflow_skin_problem_clean3,Acne|Blackheads,,ea25999ba4826d47641d053bc52f3e2d634fe0c9d924c1ccdbd69948e4ed8bef,contains extra/non-target annotations: Blackheads
dataset/raw/roboflow_skin_problem_clean3/train/levle1_164_jpg.rf.c0e67b7628cb217a36c9f6ee2c9e809c.jpg,roboflow_skin_problem_clean3,Blackheads|Whiteheads,,c6662da28152633317541142ac2565eac8fd1820243df7df6a6a91d67c6af8a0,"contains extra/non-target annotations: Blackheads, Whiteheads"
dataset/raw/roboflow_skin_problem_clean3/train/519_jpg.rf.c0fda11c61fd3f4462089438892774f9.jpg,roboflow_skin_problem_clean3,Acne|Englarged-Pores,,398878bc5a4a4ddc3032670d2f5e75a744d7191811af50c70716f9c5add6a2c3,"contains multiple target classes: acne, large_pore"
dataset/raw/roboflow_skin_problem_clean3/train/461_jpg.rf.c1a08206ad9b78fe1039da8f87a1f73a.jpg,roboflow_skin_problem_clean3,Acne|Englarged-Pores,,fc5c800157126013efafed6e4e625b33f279cceb236ea95b4193086422e706c5,"contains multiple target classes: acne, large_pore"
dataset/raw/roboflow_skin_problem_clean3/train/284_jpg.rf.c1fec2bac1eaa1f9e697092d8b59b929.jpg,roboflow_skin_problem_clean3,Englarged-Pores|Wrinkles,,d6a1e7ffe592511fa2bcc70e2eb9669c4a7a44e3f552979ba6ca2f7447a1a7ea,"contains multiple target classes: large_pore, wrinkle"
dataset/raw/roboflow_skin_problem_clean3/train/54_jpg.rf.c1d685aa5b3d44bda67f4db6e07d7e7d.jpg,roboflow_skin_problem_clean3,Acne|Blackheads,,8ef4ea8df19e97176eca3a25ee796d2fa9ea86112e3371dec326d76aa727ea68,contains extra/non-target annotations: Blackheads
dataset/raw/roboflow_skin_problem_clean3/train/658_jpg.rf.c15219d4bb5b94d325cba1822916bf09.jpg,roboflow_skin_problem_clean3,Acne|Eyebags|Wrinkles,,e53b09664769fa7a341266288e23e00ecbffb9e9a1f77c370755b8db6fbaef01,contains extra/non-target annotations: Eyebags
dataset/raw/roboflow_skin_problem_clean3/train/berminyak__-7-_jpg.rf.c210ece2d84e58d905d210d8900e4af6.jpg,roboflow_skin_problem_clean3,Dry-Skin,,4e23e3047d49bd5a2d2b239d032a873196bbbcb85dc0419e48a586b6154b002f,contains extra/non-target annotations: Dry-Skin
dataset/raw/roboflow_skin_problem_clean3/train/levle0_271_jpg.rf.c27a26e010c8308cfbd0ad328f9d7960.jpg,roboflow_skin_problem_clean3,Acne|Blackheads,,51345765e0a9144f98025b5f63c1fa07cb74456a8933f8ae232474744a9ee202,contains extra/non-target annotations: Blackheads
dataset/raw/roboflow_skin_problem_clean3/train/levle1_506_jpg.rf.c26bfd98b607657cb6ffe56236c10baa.jpg,roboflow_skin_problem_clean3,Acne|Blackheads|Whiteheads,,284453d67db9e1ba0608e8b831a27d0eff05e76ae67870cf1ce9eb13f015d74d,"contains extra/non-target annotations: Blackheads, Whiteheads"
dataset/raw/roboflow_skin_problem_clean3/train/_2094077383_jpg.rf.c42b2c1599c714b3e7d2c810327c0638.jpg,roboflow_skin_problem_clean3,Skin-Redness,,dabce9621d3f68a00c12e47e8fb65d2b61dd97ec21cd491e84b90d021fd2ca22,contains extra/non-target annotations: Skin-Redness
dataset/raw/roboflow_skin_problem_clean3/train/520_jpg.rf.c339daf5167fea7801cf39fd32af3599.jpg,roboflow_skin_problem_clean3,Acne|Englarged-Pores|Eyebags,,9ef070de0ba458dbef24a372a8b5bd45755c72178d181dc69eba53b9d8fddf04,contains extra/non-target annotations: Eyebags
dataset/raw/roboflow_skin_problem_clean3/train/Kering-34-_jpeg.rf.c46b113114631f8c1a90593fd522bebd.jpg,roboflow_skin_problem_clean3,Dry-Skin,,890bb6f2c2060f525c22afdbb57d988a25798e6e08e30d65ffbc74dfb1ec63a3,contains extra/non-target annotations: Dry-Skin
dataset/raw/roboflow_skin_problem_clean3/train/Kering-12-_jpeg.rf.c4da2bc9feec89fe556200b9a5e28be2.jpg,roboflow_skin_problem_clean3,Dry-Skin,,e75f688a8f4b7127a61616b35977808eea37f4def1eb0ac2dceeb6dd464c0b14,contains extra/non-target annotations: Dry-Skin
dataset/raw/roboflow_skin_problem_clean3/train/521_jpg.rf.c5b44a4ebdd061171591772a6036912a.jpg,roboflow_skin_problem_clean3,Acne|Englarged-Pores|Eyebags,,30f6c0a6cd3cfaafc874a92eaa4ddb720661d690d75659e36adcd36f42cf55bb,contains extra/non-target annotations: Eyebags
dataset/raw/roboflow_skin_problem_clean3/train/418_jpg.rf.c57a3d7b49cdb7f68b3a2cb595603e40.jpg,roboflow_skin_problem_clean3,Acne|Blackheads,,a085cbe8ef42b65bb7ccf637f6c06922e427e1888ccdb417ec140e67409cc3c5,contains extra/non-target annotations: Blackheads
dataset/raw/roboflow_skin_problem_clean3/train/Image_87_JPG.rf.c5487712bdd9e81bc740e454850b202f.jpg,roboflow_skin_problem_clean3,Oily-Skin,,3139f8496b672f475de9c619dc2a8a662c7bc81424531e1cea6ccd89dfcc383f,contains extra/non-target annotations: Oily-Skin
dataset/raw/roboflow_skin_problem_clean3/train/107473045_1_jpg.rf.c5e934aaf91a8ac13d260814de0debe3.jpg,roboflow_skin_problem_clean3,Eyebags,,6b43d05b42d597f25f044d2a5a4e0cdf7b965affe4a7c31e3bac8d911bcb7dab,contains extra/non-target annotations: Eyebags
dataset/raw/roboflow_skin_problem_clean3/train/kering-1-_jpg.rf.c5fe9140c063a64de858298b8aaa503c.jpg,roboflow_skin_problem_clean3,Dry-Skin,,c26df5c98d239244cfb90396134087b0ec836d6e0263810bf6d555f5e8fe0984,contains extra/non-target annotations: Dry-Skin
dataset/raw/roboflow_skin_problem_clean3/train/206273130_1_jpg.rf.c5c6039ba5847120458284a81a09d58f.jpg,roboflow_skin_problem_clean3,Eyebags,,4e314fed3a215f92af0513b3158ef5c9593e42161889d51303547dbb3269c0ef,contains extra/non-target annotations: Eyebags
dataset/raw/roboflow_skin_problem_clean3/train/levle0_441_jpg.rf.c5d52cefb5bd92fb71db88db10118606.jpg,roboflow_skin_problem_clean3,Acne|Blackheads|Dark-Spots|Whiteheads,,fb35bb955d86e00ff7cda721cd162b6dfc78a8d30a513d1a3d1e7bc84ea9749f,"contains extra/non-target annotations: Blackheads, Whiteheads"
dataset/raw/roboflow_skin_problem_clean3/train/45_jpg.rf.c6717a51f3c49498bd2922e1b283806d.jpg,roboflow_skin_problem_clean3,Blackheads,,df335c3bf6086dd945a1362d5a02b109db3486aa80f7720c930c8a139fd4ef53,contains extra/non-target annotations: Blackheads
dataset/raw/roboflow_skin_problem_clean3/train/oily-238-_JPG.rf.c6a0ff4301f74fc59beffcd154f0b5d8.jpg,roboflow_skin_problem_clean3,Acne|Oily-Skin,,01f2bead6f3261ed726b41ad075c8ddb846d0eae0c7f4aa5b94a28b15498ae64,contains extra/non-target annotations: Oily-Skin
dataset/raw/roboflow_skin_problem_clean3/train/acne-688-_jpg.rf.c69d947ef184e4de04a9a5207afab893.jpg,roboflow_skin_problem_clean3,Oily-Skin,,fbbf0e86ea50c9d5e60083fdc4b0e53049c01869402561239008183b1e326b66,contains extra/non-target annotations: Oily-Skin
dataset/raw/roboflow_skin_problem_clean3/train/kering-29-_jpg.rf.c6a16d672d842d44b390a1741347af56.jpg,roboflow_skin_problem_clean3,Dry-Skin,,84510a53787944dee42e4b35b380066cded683aaff4a7ef0d01571183879c30f,contains extra/non-target annotations: Dry-Skin
dataset/raw/roboflow_skin_problem_clean3/train/kering_-90-_jpg.rf.c68b18519096a21ccd7e271911eb9189.jpg,roboflow_skin_problem_clean3,Dry-Skin,,110334bb75ad2d5b2e3b82f1e04a031a2a521ebb30a1189031ba4770404425f7,contains extra/non-target annotations: Dry-Skin
dataset/raw/roboflow_skin_problem_clean3/train/298_jpg.rf.c73101567a7803407b8c1e1db582dd11.jpg,roboflow_skin_problem_clean3,Acne|Englarged-Pores,,3176db5b322271835a426f562d9d01c8bd61e8ce4a09b38a5be8fcad9aad6984,"contains multiple target classes: acne, large_pore"
dataset/raw/roboflow_skin_problem_clean3/train/Image_36_jpg.rf.c704104ad0be71b9bffec8fb5d73eed4.jpg,roboflow_skin_problem_clean3,Eyebags,,ab5065de20797943851b364de456a27ba756f8fed03a2d396a96cafcb84964f7,contains extra/non-target annotations: Eyebags
dataset/raw/roboflow_skin_problem_clean3/train/oily-243-_jpg.rf.c6b572267dd7b1e7aa1ac3ee87a93997.jpg,roboflow_skin_problem_clean3,Acne|Dry-Skin,,0ceb91dc0df19dd6431537b3ad8c96617ac16f6d7169f1cd966092fee49736ee,contains extra/non-target annotations: Dry-Skin
dataset/raw/roboflow_skin_problem_clean3/train/berminyak__-14-_jpg.rf.c757621654b4bee063c8339d40ce9752.jpg,roboflow_skin_problem_clean3,Dry-Skin,,2c3497e26c0d88bdd1687971fd0e85a5e12b4b8013b67e2fd6dff9fd80b4c1f3,contains extra/non-target annotations: Dry-Skin
dataset/raw/roboflow_skin_problem_clean3/train/dry7_jpg.rf.c73112902c64eeead8462544e706571b.jpg,roboflow_skin_problem_clean3,Dry-Skin,,cf9dbe0fe77e90d91f5e2b7348dc7deae4f42db3f527a6b83248bb2c99b09135,contains extra/non-target annotations: Dry-Skin
dataset/raw/roboflow_skin_problem_clean3/train/611_jpg.rf.c7964936c052affa1c1a7bde480a8772.jpg,roboflow_skin_problem_clean3,Acne|Englarged-Pores|Wrinkles,,d6608bf1b1137001219649d327ec2da59f156d3c664b506f8c140ae24fdb932d,"contains multiple target classes: acne, large_pore, wrinkle"
dataset/raw/roboflow_skin_problem_clean3/train/oily-95-_jpg.rf.c7f41f1b835f5333c4ae365e60e25128.jpg,roboflow_skin_problem_clean3,Acne|Englarged-Pores,,410f6dbe1d11e2e8bda4fe7231e2481638f2e313474b2da77d9defc23e4ec5f2,"contains multiple target classes: acne, large_pore"
dataset/raw/roboflow_skin_problem_clean3/train/levle1_279_png.rf.c80c812276718789ad9a3e599fa7ef27.jpg,roboflow_skin_problem_clean3,Blackheads,,e5169024ba6864c05a3fe4fe3c7c88af4e5549c0f37cd4cc1b4b20e016bf6baa,contains extra/non-target annotations: Blackheads
dataset/raw/roboflow_skin_problem_clean3/train/acne-411-_jpg.rf.c85f22c98bfd61331030a559de83038d.jpg,roboflow_skin_problem_clean3,Dry-Skin,,3ca9423554fafef830d7aba6b8d2253718b11f63f3da23964f86b92c9b64a029,contains extra/non-target annotations: Dry-Skin
dataset/raw/roboflow_skin_problem_clean3/train/kering-15-_jpg.rf.c89aeea7e1584a028b819a922838dcbc.jpg,roboflow_skin_problem_clean3,Dry-Skin,,8940758d33ee06767367763f3f5fa599dbf581cbcb2599922e7a9427aa928bda,contains extra/non-target annotations: Dry-Skin
dataset/raw/roboflow_skin_problem_clean3/train/levle0_513_png.rf.c8981f2f9256acb9d58af4c781739dcf.jpg,roboflow_skin_problem_clean3,Blackheads|Whiteheads,,9651c995dbba8e72ddc13f8029dc7fc69d1d0352defabe1a7c5263ad23f890db,"contains extra/non-target annotations: Blackheads, Whiteheads"
dataset/raw/roboflow_skin_problem_clean3/train/569_jpg.rf.c9986553b697cf83b39055cd4d7589f8.jpg,roboflow_skin_problem_clean3,Acne|Eyebags,,dd4a9763e297ee4f1b3cb7e172e06ba721437eef5edc75c40c22fd91c154439a,contains extra/non-target annotations: Eyebags
dataset/raw/roboflow_skin_problem_clean3/train/kering__-103-_jpg.rf.c93e760b21c2315239536dbd6454565c.jpg,roboflow_skin_problem_clean3,Dry-Skin,,7a47b67405ea2fa21b478a199b62e3336fa0b5d0336750bb6b671560406c025c,contains extra/non-target annotations: Dry-Skin
dataset/raw/roboflow_skin_problem_clean3/train/levle1_250_png.rf.c8d43a32c7c73f44955afdabcf70e630.jpg,roboflow_skin_problem_clean3,Blackheads|Whiteheads,,8b1d212624c53b844602187cf11368c51742bdf6337f65cbae3d7eeb7c9a6c04,"contains extra/non-target annotations: Blackheads, Whiteheads"
dataset/raw/roboflow_skin_problem_clean3/train/373_jpg.rf.c9e0ed2993c5e57cd6f192bb8680ec76.jpg,roboflow_skin_problem_clean3,Acne|Englarged-Pores,,0a0e9b8a3a786893ff55c40d5dd0344b81564764f6dd5ab2435b9c2d63f445cd,"contains multiple target classes: acne, large_pore"
dataset/raw/roboflow_skin_problem_clean3/train/Kering-32-_jpeg.rf.c9f974320c395e0eca6c4d10553436fa.jpg,roboflow_skin_problem_clean3,Dry-Skin,,136fd09bba49e1053c97ec2e280f690fecbbfa813a1732c0f8e5bdc049f21e38,contains extra/non-target annotations: Dry-Skin
dataset/raw/roboflow_skin_problem_clean3/train/24604-eczema-on-face_jpg.rf.c9bea1c2d03bcb5a825c8d08601f9e4c.jpg,roboflow_skin_problem_clean3,Skin-Redness,,32adb6c3ac8259260913bfc08be3bbb118eb469b8b6b74ad1c7001004d150a70,contains extra/non-target annotations: Skin-Redness
dataset/raw/roboflow_skin_problem_clean3/train/kering_-75-_jpg.rf.ca6c742cf37a9f147f66ecae5a6e47ce.jpg,roboflow_skin_problem_clean3,Dry-Skin,,07dc90f37c918cd412cb996ad94e78d6f64398e51190015c11a9bd3426a18f40,contains extra/non-target annotations: Dry-Skin
dataset/raw/roboflow_skin_problem_clean3/train/oily5_jpg.rf.ca333af80bc5b3898d4e8c70e7a161ea.jpg,roboflow_skin_problem_clean3,Oily-Skin,,7cb416118692c4af76c426e74e0968c6c73a921c5a8d93cbaa21e40c630cd54b,contains extra/non-target annotations: Oily-Skin
dataset/raw/roboflow_skin_problem_clean3/train/2719473671_1_jpg.rf.ca3675df4273af3bbbe0feb030975823.jpg,roboflow_skin_problem_clean3,Eyebags,,fa6f138a8f5d355f2770e17a8ec2e930b58cf2e1f056be5e7407d31b430747cd,contains extra/non-target annotations: Eyebags
dataset/raw/roboflow_skin_problem_clean3/train/Berminyak-16-_jpg.rf.c9a84d5705969d3234e9949ba8132b73.jpg,roboflow_skin_problem_clean3,Oily-Skin,,6e734e0b2ad250d8a8d38c3cae2c8065c59974a63da43ecc1a890df3efb44e83,contains extra/non-target annotations: Oily-Skin
dataset/raw/roboflow_skin_problem_clean3/train/386_jpg.rf.cb101b41abaf7dd82693124523abf917.jpg,roboflow_skin_problem_clean3,Acne|Englarged-Pores,,56ce7aa46188cb2afe526bc5a65665d2bcd799566866aed0e25cd9f77f1ab553,"contains multiple target classes: acne, large_pore"
dataset/raw/roboflow_skin_problem_clean3/train/levle0_124_png.rf.ca3ad935fa64f7f48a43ede8c71227eb.jpg,roboflow_skin_problem_clean3,Blackheads,,8358220a05e56bc556b24b2835af51ede309c0cc2a150ab7d2ad43a114112683,contains extra/non-target annotations: Blackheads
dataset/raw/roboflow_skin_problem_clean3/train/kering-32-_jpg.rf.ca8857649ac3f19a989bd83e934134a0.jpg,roboflow_skin_problem_clean3,Dry-Skin,,54c67a1317257c431c09509eb10edb52ca7506fae9238bbf0f3bc1732109319f,contains extra/non-target annotations: Dry-Skin
dataset/raw/roboflow_skin_problem_clean3/train/levle0_143_png.rf.cb97b330093dd0aa886a0606e4fb46d2.jpg,roboflow_skin_problem_clean3,Blackheads,,f6d4646ee6c53cfafcf7a2b4448dd7e33c4f949f9d856adde0783449951212e2,contains extra/non-target annotations: Blackheads
dataset/raw/roboflow_skin_problem_clean3/train/levle1_151_jpg.rf.cb3ffb7e090af319696a983d5cd9348e.jpg,roboflow_skin_problem_clean3,Blackheads|Whiteheads,,e3a0de9237b6cb752d3d96d03d1c7b7a306373cedc569db253ad7bf4b4d3922d,"contains extra/non-target annotations: Blackheads, Whiteheads"
dataset/raw/roboflow_skin_problem_clean3/train/355_jpg.rf.cb6af23ba2562edf64b80e638788b25c.jpg,roboflow_skin_problem_clean3,Acne|Englarged-Pores|Wrinkles,,95f9391d73129ba0a0f4113959277320acad89da04784f8327772dc8c353f23d,"contains multiple target classes: acne, large_pore, wrinkle"
dataset/raw/roboflow_skin_problem_clean3/train/2665879761_1_jpg.rf.cbfe72fdd8d31c57b14ad3362c06476b.jpg,roboflow_skin_problem_clean3,Eyebags,,0d91f4e3a04ef675eb40f712aa88c01d8e4d343f9e4ab2e52dd39857274521b9,contains extra/non-target annotations: Eyebags
dataset/raw/roboflow_skin_problem_clean3/train/395_jpg.rf.cb53baccecac4ede18246906155c9c40.jpg,roboflow_skin_problem_clean3,Acne|Eyebags,,90cb58971e35fb389003ef2ab8fb5ecf5d3e30b2e920a3ae6b02e9c7533a2cc7,contains extra/non-target annotations: Eyebags
dataset/raw/roboflow_skin_problem_clean3/train/Image_86_png.rf.cbffb3efc60501f53e50fc1aeba175b4.jpg,roboflow_skin_problem_clean3,Eyebags,,f9497c16f615d5b9fcf40a7cd99bb33c099b771637d2cbf4fed1440a04155d72,contains extra/non-target annotations: Eyebags
dataset/raw/roboflow_skin_problem_clean3/train/levle1_48_jpg.rf.cbc2e118c3952917988d430d1927c101.jpg,roboflow_skin_problem_clean3,Acne|Blackheads,,533bcc0a4327f435e6bd871bfb9cfddc329c60f35e810478273b1f29182bfcb8,contains extra/non-target annotations: Blackheads
dataset/raw/roboflow_skin_problem_clean3/train/oily-175-_jpg.rf.cc0d23e1de29d3dd2babf794f6647f37.jpg,roboflow_skin_problem_clean3,Englarged-Pores|Oily-Skin,,5bedfb6888ae69a8bac8595a6dc9268eda9d225213eff55fbfaf3f25d545f254,contains extra/non-target annotations: Oily-Skin
dataset/raw/roboflow_skin_problem_clean3/train/kering__-7-_JPG.rf.cc67fc1f61a9aef50c4d40d222023fc0.jpg,roboflow_skin_problem_clean3,Dry-Skin,,e0986a4e996b1d46c69b755d1adbe5267f7b4f1cea6fe9615a30f248bb4e7622,contains extra/non-target annotations: Dry-Skin
dataset/raw/roboflow_skin_problem_clean3/train/levle0_97_jpg.rf.cc170f432debc65d195be7139746c8ce.jpg,roboflow_skin_problem_clean3,Acne|Whiteheads,,3135c856e7f9eb45450a035231fe20743219e809e062007a25af76e8b0966190,contains extra/non-target annotations: Whiteheads
dataset/raw/roboflow_skin_problem_clean3/train/acne-722-_jpg.rf.cd65a10cdd1bb0e9bda3279afe85b23a.jpg,roboflow_skin_problem_clean3,Dry-Skin,,3dcf184e8499c4393ce3f334132019bed0c8abb79452056b62249b52bcd2120e,contains extra/non-target annotations: Dry-Skin
dataset/raw/roboflow_skin_problem_clean3/train/113_jpg.rf.cd5c14593fcb81ab218c9817aecfb52c.jpg,roboflow_skin_problem_clean3,Acne|Wrinkles,,d9fd74fb38908201ad24b5b724ebe66e63dea2140f47254b1c5ce760f74d6130,"contains multiple target classes: acne, wrinkle"
dataset/raw/roboflow_skin_problem_clean3/train/levle1_238_jpg.rf.cd28fd08ac6847c34d4a54dd4f4360d0.jpg,roboflow_skin_problem_clean3,Acne|Blackheads,,1cbbe24bc9d1c88a8908b214956cc0ed3daba20b5d65020b3893620c8f1fb4f9,contains extra/non-target annotations: Blackheads
dataset/raw/roboflow_skin_problem_clean3/train/levle1_493_jpg.rf.cc7012ba79200e34510b80d29d2f46fa.jpg,roboflow_skin_problem_clean3,Acne|Whiteheads,,8c11d1a0cd81dda7c1aae4aedb94a18f2541d1f501b79a6bc9a13cad9c4845b1,contains extra/non-target annotations: Whiteheads
dataset/raw/roboflow_skin_problem_clean3/train/berminyak__-6-_jpg.rf.cd6e4ff5c739527fa9aaab1af7219072.jpg,roboflow_skin_problem_clean3,Dry-Skin,,f8db92f6d8a099fcc1905f81df3ffcddf827c2f62409d1680b5cfb892c8eeb1f,contains extra/non-target annotations: Dry-Skin
dataset/raw/roboflow_skin_problem_clean3/train/dry-skin_36_jpeg.rf.cdb1053e7e42d376cfc433bb9367c6b7.jpg,roboflow_skin_problem_clean3,Dry-Skin,,cc67c83d9dad69aff494f8a8523341c7f786803d7214a8eae02d89014b48d00a,contains extra/non-target annotations: Dry-Skin
dataset/raw/roboflow_skin_problem_clean3/train/levle1_278_jpg.rf.ce458218fa7d1d1ec5c789c1a4de841a.jpg,roboflow_skin_problem_clean3,Acne|Whiteheads,,2a55895d67c09294c25040246ebe8fbeedea709cdaf0a157ac11bb9cd24a1953,contains extra/non-target annotations: Whiteheads
dataset/raw/roboflow_skin_problem_clean3/train/kering_-17-_jpg.rf.ce2521e3e7a4eda55febf38b456cb5a1.jpg,roboflow_skin_problem_clean3,Dry-Skin,,17f55fe06c77c23e81f5af4b9fb7bbf677a2dca67835e48a5d0f3c80c4f72bff,contains extra/non-target annotations: Dry-Skin
dataset/raw/roboflow_skin_problem_clean3/train/236817064_1_jpg.rf.ce9a929cb069fd4577d3efba58d76651.jpg,roboflow_skin_problem_clean3,Eyebags,,141514278d2cd9599d523910bebeeb2f5e525ddb887918554f4de0cc3db88ce5,contains extra/non-target annotations: Eyebags
dataset/raw/roboflow_skin_problem_clean3/train/9adc08c5984e083261d3a71542295d26_jpg.rf.ced517fbb7f0a969c25de857268b7029.jpg,roboflow_skin_problem_clean3,Dry-Skin,,664571065a7ce94cd150eb832e52937c46b181a65f607c29327c8710a30fa85b,contains extra/non-target annotations: Dry-Skin
dataset/raw/roboflow_skin_problem_clean3/train/levle1_325_png.rf.ceb1f4f68c27cdf25e1cfa5ffb3b8545.jpg,roboflow_skin_problem_clean3,Acne|Whiteheads,,f1526bf9728218259bdeab9f4f830d1e25df67f81d094f59595f66ed73130c2b,contains extra/non-target annotations: Whiteheads
dataset/raw/roboflow_skin_problem_clean3/train/levle0_270_jpg.rf.cefba80ba3619367092a7da043a04361.jpg,roboflow_skin_problem_clean3,Acne|Blackheads|Whiteheads,,2ea4e111fff49b6e36b90b9aadb1bbfb8e5d1a6daef385af1c270c9ade0bf5f3,"contains extra/non-target annotations: Blackheads, Whiteheads"
dataset/raw/roboflow_skin_problem_clean3/train/persistent-erythema_3249_jpg.rf.ceee57b74db4f270fac190834ad55399.jpg,roboflow_skin_problem_clean3,Skin-Redness,,a5428b4b45474a83c2ba342734678a6fe27e35bdde16dd112b977331aaece992,contains extra/non-target annotations: Skin-Redness
dataset/raw/roboflow_skin_problem_clean3/train/609d08fd2e319c0afbe44f3657988a64_jpg.rf.cef5519511e4545f5d45caa24e3dacb7.jpg,roboflow_skin_problem_clean3,Dry-Skin,,7c1793ae4319ef679abc3b99f8d0d105325ef13d0687a39a9e83af1d71c3e71a,contains extra/non-target annotations: Dry-Skin
dataset/raw/roboflow_skin_problem_clean3/train/396_jpg.rf.d15825b09cba5594799bdccef8e69d0e.jpg,roboflow_skin_problem_clean3,Acne|Englarged-Pores|Eyebags,,30af5fa133c8b0622d0da51937b9b6ed2ed9894db1cf4a8b8ca9f352a807c3d0,contains extra/non-target annotations: Eyebags
dataset/raw/roboflow_skin_problem_clean3/train/2692234417_1_jpg.rf.d0a50798ffb5524ff33a3a2bec914cc6.jpg,roboflow_skin_problem_clean3,Eyebags,,8994dcb37770a09156a2712fc14c73cbbfebab46292d557d87011bb9a8a40787,contains extra/non-target annotations: Eyebags
dataset/raw/roboflow_skin_problem_clean3/train/666_jpg.rf.d03536d003f376d2610cc1820db39056.jpg,roboflow_skin_problem_clean3,Acne|Englarged-Pores,,3490af56d722c0bbc80820dabbc45f24706c16e8cbcf9bdebe3d257812bb6526,"contains multiple target classes: acne, large_pore"
dataset/raw/roboflow_skin_problem_clean3/train/kering_-86-_jpg.rf.d165bb07837eece34dbb75c7d20d8456.jpg,roboflow_skin_problem_clean3,Dry-Skin,,d7295d26d1c4d4fb7b4a5bb77fb416cc2cb13b0968e52fbb6ce6c0b2ed392ad4,contains extra/non-target annotations: Dry-Skin
dataset/raw/roboflow_skin_problem_clean3/train/Kering-3-_jpeg.rf.d177cddfc74e3c0a27e1baa4b26c053c.jpg,roboflow_skin_problem_clean3,Dry-Skin,,216de834b82a9811acc28fb041d274a61677b1e27166f9b3fa1f2900e4a299e1,contains extra/non-target annotations: Dry-Skin
dataset/raw/roboflow_skin_problem_clean3/train/Berminyak-29-_JPG.rf.d1c0e54b1ad35e253ff6998d432b5be5.jpg,roboflow_skin_problem_clean3,Oily-Skin,,30f7c4f5b9549cc633c55f6827607b77450a172fca7cd6012e83f9b0ff9b2ccc,contains extra/non-target annotations: Oily-Skin
dataset/raw/roboflow_skin_problem_clean3/train/Image_115_jpg.rf.d1a891a2a40726ca423a76db8e210193.jpg,roboflow_skin_problem_clean3,Oily-Skin,,99b8fe92ec21e2c02083f3a75b598678ad9eab270ef2a2efa86b333bc2efe1e3,contains extra/non-target annotations: Oily-Skin
dataset/raw/roboflow_skin_problem_clean3/train/kering_-47-_jpg.rf.d21a304bd5a43dc98c317dfd3a8dfb4f.jpg,roboflow_skin_problem_clean3,Dry-Skin,,4b99f61f21649c6d64101d2468f6b01f2a90fc457cbf428151f1a631eda56f05,contains extra/non-target annotations: Dry-Skin
dataset/raw/roboflow_skin_problem_clean3/train/Kering-1-_png.rf.d206c206488c6460ea6462650a927c83.jpg,roboflow_skin_problem_clean3,Dry-Skin,,6c7887d776205e7c6026cb087ef1294127da8ce6862fbaa9c0849b045d5b8b40,contains extra/non-target annotations: Dry-Skin
dataset/raw/roboflow_skin_problem_clean3/train/512_jpg.rf.d2658d15dee2635b5d0f03a6dfe71a63.jpg,roboflow_skin_problem_clean3,Acne|Englarged-Pores,,f128b6257738273e189554b4ce90494eba79b189619c99d0ab6aa143b6a75047,"contains multiple target classes: acne, large_pore"
dataset/raw/roboflow_skin_problem_clean3/train/Kering-12-_JPG.rf.d27d06d039837e49aed235710889d87c.jpg,roboflow_skin_problem_clean3,Dry-Skin,,ae9a740c4d4d6a426fc84cb776d6a2528a2158aeb2943726dd5f3247451d90da,contains extra/non-target annotations: Dry-Skin
dataset/raw/roboflow_skin_problem_clean3/train/oily-skin_10_jpeg.rf.d3383aded8a9b60d3e0aeb53b38f0c3a.jpg,roboflow_skin_problem_clean3,Oily-Skin,,7f057272ae31dadaeb9265718af0a12c0d0ff9e6b93a60e2e2f56857f3fd2a3d,contains extra/non-target annotations: Oily-Skin
dataset/raw/roboflow_skin_problem_clean3/train/acne-627-_jpeg.rf.d2cb337bb8dc570d553b0df3c08a5511.jpg,roboflow_skin_problem_clean3,,,4d3b8d1dd1d938fc9cc12c0dcb42c2426f27b68d403bae9aed9ce16c7c0cf239,image has no COCO annotations
dataset/raw/roboflow_skin_problem_clean3/train/oily58_jpg.rf.d35bb197b96105c952dd9804dd7ca2f9.jpg,roboflow_skin_problem_clean3,Oily-Skin,,53923433975c502b5383c2ec10b419a51e3658693da336ef95eba1e5fb2a82df,contains extra/non-target annotations: Oily-Skin
dataset/raw/roboflow_skin_problem_clean3/train/Image_29_jpg.rf.d392f075fe089104ccd4754fb5af8d79.jpg,roboflow_skin_problem_clean3,Eyebags,,52f9941591a0185e95f932ec4b241dc6e9688ebd09beba74a4442b05d0310f81,contains extra/non-target annotations: Eyebags
dataset/raw/roboflow_skin_problem_clean3/train/levle0_521_jpg.rf.d3696ab8980620f4434b214a4ca4c14c.jpg,roboflow_skin_problem_clean3,Acne|Blackheads|Whiteheads,,049d7ba4dbe44f2c8327f6f8c440820b4859253a6166dbee237821e3caf2644d,"contains extra/non-target annotations: Blackheads, Whiteheads"
dataset/raw/roboflow_skin_problem_clean3/train/levle0_37_png.rf.d3c80a29f2409bc6b6572a0addc1ad6c.jpg,roboflow_skin_problem_clean3,Acne|Blackheads,,67048931b2c1ef47bc62e96ea03ed151e8078083fc8657b229a8ae5abc820367,contains extra/non-target annotations: Blackheads
dataset/raw/roboflow_skin_problem_clean3/train/Image_45_jpg.rf.d41a70f3d3231d094a2bcc0014254afe.jpg,roboflow_skin_problem_clean3,Eyebags,,6f7a0dec7765bfb80ac9a3345460294c7a26d01613b7ab5e6b88e1079033db30,contains extra/non-target annotations: Eyebags
dataset/raw/roboflow_skin_problem_clean3/train/563_jpg.rf.d48c38ceecea5d04543a249889817dcd.jpg,roboflow_skin_problem_clean3,Acne|Englarged-Pores,,6a2d4245a1145bf94eaaf8307ee8fe7e3347915b5a6fa8f18872e8567f322da1,"contains multiple target classes: acne, large_pore"
dataset/raw/roboflow_skin_problem_clean3/train/353_jpg.rf.d3cd799b7f9b743b9c85a7dfaea46808.jpg,roboflow_skin_problem_clean3,Acne|Englarged-Pores,,c5c5d4dc73b3ac5a2578f6a602c92dbef6b496964837fbe0f586b6d8b78d9c49,"contains multiple target classes: acne, large_pore"
dataset/raw/roboflow_skin_problem_clean3/train/367_jpg.rf.d49758777c53b6a1bfb010d8fd49a9b9.jpg,roboflow_skin_problem_clean3,Acne|Blackheads|Englarged-Pores|Eyebags,,02910a736bf954d57c09167a4ea4bca7bbe9e0bbd4dda4e423111b924519e70a,"contains extra/non-target annotations: Blackheads, Eyebags"
dataset/raw/roboflow_skin_problem_clean3/train/kering__-31-_jpg.rf.d4a63715b71838d3c94420bb3254eae6.jpg,roboflow_skin_problem_clean3,Dry-Skin,,6cc11f1028f54762de75ea3e4b2e188befa1faa527ab02801f543ddc7b2d5ea1,contains extra/non-target annotations: Dry-Skin
dataset/raw/roboflow_skin_problem_clean3/train/Kering-7-_jpeg.rf.d49f13078b59eda2ca7fbe805784132d.jpg,roboflow_skin_problem_clean3,Dry-Skin,,0bc7ac9e5c87d2a5a9fa14d16399b80714a95fd43d450291ae606a7b88555115,contains extra/non-target annotations: Dry-Skin
dataset/raw/roboflow_skin_problem_clean3/train/levle1_188_jpg.rf.d552b62b4d7d7784c3f6d5539595ca22.jpg,roboflow_skin_problem_clean3,Acne|Dark-Spots,,8b5b2bbd540df3f65bedca7afcc8f61c56e76a8c55821f442372839e627d2f59,"contains multiple target classes: acne, dark_spot"
dataset/raw/roboflow_skin_problem_clean3/train/223_jpg.rf.d5911724a9344a017ac73dcc20e3cc7c.jpg,roboflow_skin_problem_clean3,Acne|Blackheads|Eyebags,,989f64da3ab11d24f98a5e3d6eef66aeb826e66a618f5f0dd82c47239f0b36b0,"contains extra/non-target annotations: Blackheads, Eyebags"
dataset/raw/roboflow_skin_problem_clean3/train/levle1_351_jpg.rf.d6685aa7b30f0a7e9677c26aebbce003.jpg,roboflow_skin_problem_clean3,Acne|Whiteheads,,00c665c10a6d63b94c31ddd2c07499caf72a1d9aa4a9d7762b3b7e60731a5d20,contains extra/non-target annotations: Whiteheads
dataset/raw/roboflow_skin_problem_clean3/train/levle2_70_jpg.rf.d5d2eca151f4563735350ddf9db6526f.jpg,roboflow_skin_problem_clean3,Acne|Whiteheads,,00ef14778b454f289cd476c4ef6c00fdcd1f3e03cdbbe12cecc8101e61049e35,contains extra/non-target annotations: Whiteheads
dataset/raw/roboflow_skin_problem_clean3/train/399_jpg.rf.d6861b24d3a9f000301684d649f6b4a0.jpg,roboflow_skin_problem_clean3,Acne|Dry-Skin|Englarged-Pores,,93011a190974b2dc4643885d6bf0cf2af2a4f8569898f431ac34dfadccd6eb75,contains extra/non-target annotations: Dry-Skin
dataset/raw/roboflow_skin_problem_clean3/train/36_jpg.rf.d72e701102385e63ee15c02c439cc7dc.jpg,roboflow_skin_problem_clean3,Eyebags,,14ff16753c10aea2b51b7dbf760d7eaba98fa57417e907c7fd1fc9687ee68e1b,contains extra/non-target annotations: Eyebags
dataset/raw/roboflow_skin_problem_clean3/train/levle1_591_jpg.rf.d709d29e44de4daac774c538b26346d3.jpg,roboflow_skin_problem_clean3,Acne|Whiteheads,,67764bdfe0804bee540646f81e1bc8003c01dafc13b0bbc0272c977860622f4a,contains extra/non-target annotations: Whiteheads
dataset/raw/roboflow_skin_problem_clean3/train/kering-51-_jpg.rf.d82067e6c6920a84267610e1de64cbc8.jpg,roboflow_skin_problem_clean3,Dry-Skin,,e620c48f46ce08525b1f5d068c85351e505eb1339d7037daea49a740b3d51c52,contains extra/non-target annotations: Dry-Skin
dataset/raw/roboflow_skin_problem_clean3/train/berminyak__-50-_jpg.rf.d84e4bc7b4bc1a146fc58636a2354d5b.jpg,roboflow_skin_problem_clean3,Oily-Skin,,19f8537807044330bbe8bf6be7848bd175ab0516b1e819f404e5889907958932,contains extra/non-target annotations: Oily-Skin
dataset/raw/roboflow_skin_problem_clean3/train/Image_145_png.rf.d8d2e77b348e05d77d809fb65bd5f76a.jpg,roboflow_skin_problem_clean3,Dry-Skin,,0ee3f23530acf286e8dbaf70caa291dc09323695e6887220ae7c5dad314678d4,contains extra/non-target annotations: Dry-Skin
dataset/raw/roboflow_skin_problem_clean3/train/levle1_140_jpg.rf.d8c051c44a2d783385b308c7d7e06d37.jpg,roboflow_skin_problem_clean3,Acne|Blackheads,,3878844dc6fd0e1c79bcb3e68c0a2e00616082df2c2d98fcf6757a6a46c005f8,contains extra/non-target annotations: Blackheads
dataset/raw/roboflow_skin_problem_clean3/train/levle1_519_jpg.rf.d900a14e1fac7374de2619e6a93e5438.jpg,roboflow_skin_problem_clean3,Acne|Blackheads,,65f40bb78826755da95e589eb35bad2645f894697ae86d622a7699126c57e9df,contains extra/non-target annotations: Blackheads
dataset/raw/roboflow_skin_problem_clean3/train/levle2_56_png.rf.d919231ac2e940b999585f9ed55d07f9.jpg,roboflow_skin_problem_clean3,Blackheads,,feee61d69feab86bda68b36a12663356950378dfcda64ed2b3110f1296ed5553,contains extra/non-target annotations: Blackheads
dataset/raw/roboflow_skin_problem_clean3/train/levle1_482_jpg.rf.d93b6c389303bf459dfe9deeb490620d.jpg,roboflow_skin_problem_clean3,Acne|Whiteheads,,3c46e6d43faf392c5149ff69dbeb8da084e7ffcc5b6055e20171c8e925cd864d,contains extra/non-target annotations: Whiteheads
dataset/raw/roboflow_skin_problem_clean3/train/9_jpg.rf.d900a75436415afe1a716f77584b718b.jpg,roboflow_skin_problem_clean3,Eyebags,,bf8759dba5ca14fbd226063b139ea621640917cb202d46700524fa830e476bf6,contains extra/non-target annotations: Eyebags
dataset/raw/roboflow_skin_problem_clean3/train/359_jpg.rf.d9347878870d5950c70e3a737f079774.jpg,roboflow_skin_problem_clean3,Acne|Englarged-Pores,,837618c1028f8231f706bae416f901939a5e0f2f2858e71014936865b8a5c0e3,"contains multiple target classes: acne, large_pore"
dataset/raw/roboflow_skin_problem_clean3/train/kering-6-_jpg.rf.d95a63a70c23f0bdf8cbab3c62c79395.jpg,roboflow_skin_problem_clean3,Dry-Skin,,caf2ed32bbe3f0bb9224a8b739f0a19378bdd406d8010ab4779a455de4cf2a87,contains extra/non-target annotations: Dry-Skin
dataset/raw/roboflow_skin_problem_clean3/train/2806176632_1_jpg.rf.d9b152e6e223f1e2c4f0ad128c9f83e5.jpg,roboflow_skin_problem_clean3,Eyebags,,2cbfd8cd267ba7ce0200672df128259ee42a002c9b6e0ebdd6d4997b3e534c15,contains extra/non-target annotations: Eyebags
dataset/raw/roboflow_skin_problem_clean3/train/kering-46-_jpg.rf.d9ba295957e495895f6e3899a5bd5d77.jpg,roboflow_skin_problem_clean3,Dry-Skin,,c61c7958f22fe33441a98368f5dec432d9d72542503ac25c578de0b3ba3bee89,contains extra/non-target annotations: Dry-Skin
dataset/raw/roboflow_skin_problem_clean3/train/berminyak__-43-_jpg.rf.d9d51e0baaa257cd55b79723237471cd.jpg,roboflow_skin_problem_clean3,Oily-Skin,,4526a086b4b6e31bd4ba1bcb5b3aa7dc21017b0a320c6cdadad5c0d3dc174caa,contains extra/non-target annotations: Oily-Skin
dataset/raw/roboflow_skin_problem_clean3/train/levle1_530_jpg.rf.db0170c053c741e139040843ebf061d8.jpg,roboflow_skin_problem_clean3,Acne|Whiteheads,,49a0a9c46c2b87514778319c9beb6ffb548c7df7e39daa51c77597e39b6ffc07,contains extra/non-target annotations: Whiteheads
dataset/raw/roboflow_skin_problem_clean3/train/448_jpg.rf.da5b8b7a8a4e14c9bc2a40c8dd5f14d1.jpg,roboflow_skin_problem_clean3,Acne|Wrinkles,,d8067ce2a77623362d8a1d203a373565b25b34f5f0838551491eeec416af42c1,"contains multiple target classes: acne, wrinkle"
dataset/raw/roboflow_skin_problem_clean3/train/levle0_175_jpg.rf.dad51dbf031d4ad47b635beda78bc3fc.jpg,roboflow_skin_problem_clean3,Acne|Whiteheads,,d27d2bf873e1b5514d81d003e7a573327b80db05d0893690e1b570b311298025,contains extra/non-target annotations: Whiteheads
dataset/raw/roboflow_skin_problem_clean3/train/197_jpg.rf.5da4b276ddf9b2b82406673a79e0b2c1.jpg,roboflow_skin_problem_clean3,Acne|Eyebags,,7d33770995203415c6dfd53d5cd7ab86d8472e079be713be885f2bd6d1eb111a,contains extra/non-target annotations: Eyebags
dataset/raw/roboflow_skin_problem_clean3/train/640_jpg.rf.5dbb425afedd4325c2e9ad1c80905a1d.jpg,roboflow_skin_problem_clean3,Acne|Eyebags,,b6b7bec4c9fb526db4769aa3bae89ec16a9d66d804c8861efbea71aff2bca866,contains extra/non-target annotations: Eyebags
dataset/raw/roboflow_skin_problem_clean3/train/kering-12-_jpg.rf.5cb0f1e5f369ffb3876a5cf8aba1c96c.jpg,roboflow_skin_problem_clean3,Dry-Skin,,489e55626a6f30f12d214939fdb7a693a3e2a1c39b8bcf41415ec0a0fa8491b2,contains extra/non-target annotations: Dry-Skin
dataset/raw/roboflow_skin_problem_clean3/train/oily-186-_jpg.rf.5c869a1978a13ab45abf912807d47b6a.jpg,roboflow_skin_problem_clean3,Englarged-Pores|Oily-Skin,,5aa03c60436d014d0d64580e027c8c20575de13779d9c381f796a60c9c69f800,contains extra/non-target annotations: Oily-Skin
dataset/raw/roboflow_skin_problem_clean3/train/kering-38-_jpg.rf.5deb3b837d023fbec6981326e76f4dbb.jpg,roboflow_skin_problem_clean3,Dry-Skin,,32a0ba4ea87e07629f7acce58a5e8f163394eaf0e4a5bc4125e0985363bdd65c,contains extra/non-target annotations: Dry-Skin
dataset/raw/roboflow_skin_problem_clean3/train/levle2_145_jpg.rf.5cbc31f92e1bea0944489088c8e77968.jpg,roboflow_skin_problem_clean3,Acne|Blackheads,,b6a87c7c833113eb5cc6378d8e333c5b1f30ff6ab71f4a77aac75871673053ec,contains extra/non-target annotations: Blackheads
dataset/raw/roboflow_skin_problem_clean3/train/levle2_160_jpg.rf.5c88d3367887dd678379f28c793d1f67.jpg,roboflow_skin_problem_clean3,Acne|Blackheads|Whiteheads,,d1cd5bdaeaaaef3831235b179619bac91acc783edb0d4fd4b2db25961a9eb510,"contains extra/non-target annotations: Blackheads, Whiteheads"
dataset/raw/roboflow_skin_problem_clean3/train/kering-49-_jpg.rf.5d072fb0ef0c6f02cda0fd4c6ccf2ca9.jpg,roboflow_skin_problem_clean3,Dry-Skin,,9cde87d9bcd84440e8fe48ef9279d506cfb9c91bab401fa969373227b7cabba9,contains extra/non-target annotations: Dry-Skin
dataset/raw/roboflow_skin_problem_clean3/train/528_jpg.rf.5dce64b20c6c55b33e55371f44566e49.jpg,roboflow_skin_problem_clean3,Acne|Englarged-Pores,,469b53768546ac4143c5f493a5fbaeed14ff97fc73f7575ff032d53983541902,"contains multiple target classes: acne, large_pore"
dataset/raw/roboflow_skin_problem_clean3/train/levle0_128_jpg.rf.5d7529ead6b7171cd93a6e98d677ce0c.jpg,roboflow_skin_problem_clean3,Acne|Blackheads,,a9b7e9fb308016af2b72104dcb25ce57532dfb9a92bfb9a82c45591ba97d660f,contains extra/non-target annotations: Blackheads
dataset/raw/roboflow_skin_problem_clean3/train/levle1_553_jpg.rf.5be3f82e01629a7f51c16fb94072a19d.jpg,roboflow_skin_problem_clean3,Acne|Whiteheads,,51c2192376d0f351a112608fcfe14e2435fa685b2a4ca05e950487bb1f1f11e2,contains extra/non-target annotations: Whiteheads
dataset/raw/roboflow_skin_problem_clean3/train/240_F_175181761_NaukWVZ1iZTbDytJzuiQqN5Y2Xc0zZ2C_jpg.rf.5be71cf7d0cd363e2a7763207bc6faf4.jpg,roboflow_skin_problem_clean3,Eyebags,,e675850050a18dc852cc579836bc43c7c9687ce35a8f6983bcd8224551490632,contains extra/non-target annotations: Eyebags
dataset/raw/roboflow_skin_problem_clean3/train/oily55-4-_jpg.rf.5be4d366d0a86d91946d2c18626f5e65.jpg,roboflow_skin_problem_clean3,Oily-Skin,,35f52ffe01606429b4f26829f7513881ec6239b85a9ad3a3940fa32ff8b68912,contains extra/non-target annotations: Oily-Skin
dataset/raw/roboflow_skin_problem_clean3/train/Screenshot-2023-03-29-145456_png.rf.5d3891bd40997975f2a646840ad8dc49.jpg,roboflow_skin_problem_clean3,Skin-Redness,,c0693b356a9c3d2558de6d148dfed21ffdf81e0a1dbddc5e311849d42acabcc6,contains extra/non-target annotations: Skin-Redness
dataset/raw/roboflow_skin_problem_clean3/train/466_jpg.rf.5ca9f8f3830cf5389d74dcbc1016d2fd.jpg,roboflow_skin_problem_clean3,Acne|Englarged-Pores|Eyebags,,b5759b4213538b2debde6a5cf82196dc6bde25bcb4717c504c541aaa74ded95e,contains extra/non-target annotations: Eyebags
dataset/raw/roboflow_skin_problem_clean3/train/sc-broken_png.rf.5d0c81c0173eac6d5fe957bc53a15565.jpg,roboflow_skin_problem_clean3,Skin-Redness,,7a6e953da67a3074e84c7ab79d033b8d953ed623bb663f2eb52a71508bfe81c5,contains extra/non-target annotations: Skin-Redness
dataset/raw/roboflow_skin_problem_clean3/train/147_jpg.rf.5eec88618f8eed333a5f8db6e0291eae.jpg,roboflow_skin_problem_clean3,Acne|Englarged-Pores|Wrinkles,,d21d92d589f30bd032163d9ad3a24381197833075df260cd68bc8748ed947881,"contains multiple target classes: acne, large_pore, wrinkle"
dataset/raw/roboflow_skin_problem_clean3/train/01F3MMWBFBDHKT6S57BCFQXYBJ_jpeg_jpg.rf.5efe25b5d61c150d0c2d2a90acb1b933.jpg,roboflow_skin_problem_clean3,Acne|Whiteheads,,34b3bd6f9a711a610ce31e64e55e6960beed3add7a5a50d928dbae4ed8295e89,contains extra/non-target annotations: Whiteheads
dataset/raw/roboflow_skin_problem_clean3/train/2720293102_1_jpg.rf.5e4b510617e3c796333ae0d1a971d61c.jpg,roboflow_skin_problem_clean3,Eyebags,,313b9aac919a5d14c68b560f7603a6ca45bd44dfb4704941e34f58b0611d557d,contains extra/non-target annotations: Eyebags
dataset/raw/roboflow_skin_problem_clean3/train/490_jpg.rf.5edd42ea35079ff2462a24779e226a03.jpg,roboflow_skin_problem_clean3,Dry-Skin,,7c697d363cfe2702ea3f1cd542ace89210922e4e7a9b6de9b5503674f8aca8c9,contains extra/non-target annotations: Dry-Skin
dataset/raw/roboflow_skin_problem_clean3/train/574_jpg.rf.5ee38be68fb9fcc1520d4891fb273b11.jpg,roboflow_skin_problem_clean3,Acne|Englarged-Pores,,9f61cd081b254ee10ac67d950820036ab77ef1adc27f19fa47b7ca5639d73679,"contains multiple target classes: acne, large_pore"
dataset/raw/roboflow_skin_problem_clean3/train/oily9_jpg.rf.5c4e8e6fbdc14bae0e6b29ab1d1e36f2.jpg,roboflow_skin_problem_clean3,Oily-Skin,,a85ab070d360d15485901641dd4a9601aeadca5b93abc69cf279ff728073ba54,contains extra/non-target annotations: Oily-Skin
dataset/raw/roboflow_skin_problem_clean3/train/dry-113-_jpg.rf.5cdea739cf9d53a2d4a22245c2f74352.jpg,roboflow_skin_problem_clean3,Dry-Skin,,b3be0f4f47be7eb1737939155ee1ed249dc84b3b5ec7c7d09290a0020242cfd7,contains extra/non-target annotations: Dry-Skin
dataset/raw/roboflow_skin_problem_clean3/train/619_jpg.rf.5f11f38f48ea2a755805433ccf032d8f.jpg,roboflow_skin_problem_clean3,Acne|Englarged-Pores|Wrinkles,,92d1a5b2a1592821f9439985aa6cc5c657353848aeeadda21bf698d804179439,"contains multiple target classes: acne, large_pore, wrinkle"
dataset/raw/roboflow_skin_problem_clean3/train/270_jpg.rf.5f6bfabb1f0711dc67b6ecd7977a963c.jpg,roboflow_skin_problem_clean3,Acne|Englarged-Pores,,71199102efafedb5455f02b1e4a84471b0360b8937dd183a9a28f7f0ecd84799,"contains multiple target classes: acne, large_pore"
dataset/raw/roboflow_skin_problem_clean3/train/652_jpg.rf.5f65624cb986463652fbe31f30c53209.jpg,roboflow_skin_problem_clean3,Acne|Englarged-Pores|Eyebags,,51d2f85ac0cd2e7fa477a8baaa30a0297484f9d0022c40767116340cb731e76c,contains extra/non-target annotations: Eyebags
dataset/raw/roboflow_skin_problem_clean3/train/istockphoto-1214062242-170667a_jpg.rf.5f7224e3b30d166ab471a2c5b2b2e2ee.jpg,roboflow_skin_problem_clean3,Skin-Redness,,5c16b7ed0a274a510773a696aab8044133488e6798db0b7d6e495c3bf7e828e1,contains extra/non-target annotations: Skin-Redness
dataset/raw/roboflow_skin_problem_clean3/train/b61395854e4e782abf671266ca89d1b0_jpg.rf.5fbd076348a9548bebbbb7a56aa32f67.jpg,roboflow_skin_problem_clean3,Dry-Skin,,c7773193b51a1701ae542374aad71f07a8ef81544c9dbabb99e46645aa841cb4,contains extra/non-target annotations: Dry-Skin
dataset/raw/roboflow_skin_problem_clean3/train/kering__-107-_jpg.rf.5ffd1605dce56a86deb9db6b7a2d2016.jpg,roboflow_skin_problem_clean3,Dry-Skin,,3838ebed0177694c9818e71d918fd4fbebf82313aa02f41c9d932a2f391137a0,contains extra/non-target annotations: Dry-Skin
dataset/raw/roboflow_skin_problem_clean3/train/657_jpg.rf.5faf14a40a24cdce05161b32f7e239b4.jpg,roboflow_skin_problem_clean3,Acne|Eyebags,,37c9743c4c6475b000af1ce957a9016e76c454d72dc1bfc0eddacff430760a1e,contains extra/non-target annotations: Eyebags
dataset/raw/roboflow_skin_problem_clean3/train/331_jpg.rf.6025f563aad460521058cf4befdf4be7.jpg,roboflow_skin_problem_clean3,Acne|Englarged-Pores,,c0be0c133b223259440889ed0290f5eb95188920cf9e36e917d75c773cc39118,"contains multiple target classes: acne, large_pore"
dataset/raw/roboflow_skin_problem_clean3/train/oily-skin_197_jpeg.rf.60311a09bb862e5f98d2652a7170a8c4.jpg,roboflow_skin_problem_clean3,Acne|Oily-Skin,,ba54791dac27f404943e358b0cec8debad87d7ed0180e00b66d82486296ba9c0,contains extra/non-target annotations: Oily-Skin
dataset/raw/roboflow_skin_problem_clean3/train/198_jpg.rf.60470d10e45fb2b7d025d8ac4f28d235.jpg,roboflow_skin_problem_clean3,Acne|Eyebags,,1a627a86cab52fc6f4200f6325637916ad5ec9d792ed6d4f1bde24e8fe555033,contains extra/non-target annotations: Eyebags
dataset/raw/roboflow_skin_problem_clean3/train/oily-103-_jpg.rf.606a0267ba7515f3c194f220546843ba.jpg,roboflow_skin_problem_clean3,Acne|Oily-Skin,,c4a21f4f71c3300780988d27b179ad8cb4ea600915268a8098788ae54c8b6663,contains extra/non-target annotations: Oily-Skin
dataset/raw/roboflow_skin_problem_clean3/train/249852286_2_jpg.rf.60b1df66c1f6ed8f04ca01127000715d.jpg,roboflow_skin_problem_clean3,Eyebags,,ae5a174c152e418176a509b381b129c877ae404803ed8588897ccd162a152fce,contains extra/non-target annotations: Eyebags
dataset/raw/roboflow_skin_problem_clean3/train/Image_131_png.rf.603da32d510776935889258cccbc6ba8.jpg,roboflow_skin_problem_clean3,Dry-Skin,,5c159160a7ee9c50c784005919afa006ff60ccf74c252ff1afa5ec156d15d23d,contains extra/non-target annotations: Dry-Skin
dataset/raw/roboflow_skin_problem_clean3/train/kering__-58-_jpg.rf.60ca9292a62f0c2478386dd15bc0c3e3.jpg,roboflow_skin_problem_clean3,Dry-Skin,,ead4c72895ee41852c062db8ad8c5356b1b0b66cb885bed9abb22faf6f09c95c,contains extra/non-target annotations: Dry-Skin
dataset/raw/roboflow_skin_problem_clean3/train/levle2_107_jpg.rf.613f87ef43e483d33a26ecef20706e40.jpg,roboflow_skin_problem_clean3,Acne|Blackheads,,3aec76a142c56ed8365eeb2f8c30be6df4f57d2ec29b20bffd4164a59fc951e6,contains extra/non-target annotations: Blackheads
dataset/raw/roboflow_skin_problem_clean3/train/kering_-61-_jpg.rf.610882d31b70ba2299adaacdfdad999f.jpg,roboflow_skin_problem_clean3,Dry-Skin,,3bd0ccec31311f463402e60f8b69a6b6162f9ba95ff14c13b2a7b4d0cf03fd29,contains extra/non-target annotations: Dry-Skin
dataset/raw/roboflow_skin_problem_clean3/train/z4220863771590_9cf7e2bd92036ca75abebde81e8720ce_jpg.rf.60f31e46a6b0976947d669cc3b9b47c0.jpg,roboflow_skin_problem_clean3,Skin-Redness,,6abd71954f88f24ec6d8a69ddaef9d331455c546145e764d55ba825eea935966,contains extra/non-target annotations: Skin-Redness
dataset/raw/roboflow_skin_problem_clean3/train/oily-skin_148_png.rf.6115746165ad5c8b650a56052609bc5c.jpg,roboflow_skin_problem_clean3,Oily-Skin,,ff92ea452a10958a179725c514eb933d19e27ef0943b54087fff6a3cf6473492,contains extra/non-target annotations: Oily-Skin
dataset/raw/roboflow_skin_problem_clean3/train/Image_78_jpg.rf.6143cbfb037e1bbf49414235b0385c51.jpg,roboflow_skin_problem_clean3,Oily-Skin,,92b2e547999a58644764819de6d2152af4b4eee0df865165e82fef9295ff6218,contains extra/non-target annotations: Oily-Skin
dataset/raw/roboflow_skin_problem_clean3/train/bieu-hien-cua-benh-lupus-ban-do2_jpg.rf.61d2969e76f40ce89aece3b081d0b73a.jpg,roboflow_skin_problem_clean3,Skin-Redness,,158bf85353f5bf31a770833949da19819c23a788ca3873e727535bede637ad45,contains extra/non-target annotations: Skin-Redness
dataset/raw/roboflow_skin_problem_clean3/train/231_jpg.rf.61eabca170f338888379ce528f6a457d.jpg,roboflow_skin_problem_clean3,Acne|Blackheads|Englarged-Pores|Wrinkles,,3590fa71905089977b39d21a3b36f5b4ce88efc7c9601e6f1661ff3afb76b9f3,contains extra/non-target annotations: Blackheads
dataset/raw/roboflow_skin_problem_clean3/train/kering_-85-_jpg.rf.622544017c36126ca1ee5dd58aede1eb.jpg,roboflow_skin_problem_clean3,Dry-Skin,,7980a1a46eff06335fc724e90b44eb0aad4f0093a0bf0587ae16e8f42dcc8463,contains extra/non-target annotations: Dry-Skin
dataset/raw/roboflow_skin_problem_clean3/train/levle1_147_jpg.rf.6234e12f5df0b16e18d241f3820a44e8.jpg,roboflow_skin_problem_clean3,Acne|Whiteheads,,989689b1977bd982c1cfe625cb9ab48fd3cc82e38afe5dbcf9964c5e5c0c629b,contains extra/non-target annotations: Whiteheads
dataset/raw/roboflow_skin_problem_clean3/train/323_jpg.rf.62c3acc5215cadd78d7fe990e16662cc.jpg,roboflow_skin_problem_clean3,Acne|Wrinkles,,04659a9fb2b9619fd65f6344c742d191348978cf32cbdfc217919c829d9f7cc9,"contains multiple target classes: acne, wrinkle"
dataset/raw/roboflow_skin_problem_clean3/train/Berminyak-7-_jpeg.rf.62e4fbaca060906f5612bb1a749b485c.jpg,roboflow_skin_problem_clean3,Oily-Skin,,19fa50db56b9ab739956f326ad46628ecec749622a11be5ed48b30de21c8b3b5,contains extra/non-target annotations: Oily-Skin
dataset/raw/roboflow_skin_problem_clean3/train/levle0_522_jpg.rf.62f7e1ba7b94d5c49f0252fc3344c706.jpg,roboflow_skin_problem_clean3,Acne|Blackheads|Whiteheads,,8f0732a191c09368671fa63d291136730af4db2ab0fde469950d249f040ab6f0,"contains extra/non-target annotations: Blackheads, Whiteheads"
dataset/raw/roboflow_skin_problem_clean3/train/berminyak__-36-_jpg.rf.633b5d28635dd3e5f8a9f9d2320053a9.jpg,roboflow_skin_problem_clean3,Dry-Skin,,056614d7b73838cd25de6ed88b50c1aef3c6f111eb04b715b35abc0b7a7b95d7,contains extra/non-target annotations: Dry-Skin
dataset/raw/roboflow_skin_problem_clean3/train/2706940948_1_jpg.rf.6336c2e408f78152934c0c4cb7156cdf.jpg,roboflow_skin_problem_clean3,Eyebags,,2d261941e4ccacaca53940d712bb64db373cf8b2c1317f55404f451ff8a7db2b,contains extra/non-target annotations: Eyebags
dataset/raw/roboflow_skin_problem_clean3/train/Berminyak302_jpg.rf.63c3361239cf725147817d0b68c4b422.jpg,roboflow_skin_problem_clean3,Oily-Skin,,22922ef90b50ef7a7b79498cc68013d217edef4f1890d5d8877adaecb11121b1,contains extra/non-target annotations: Oily-Skin
dataset/raw/roboflow_skin_problem_clean3/train/levle1_193_jpg.rf.63c81b6b1c40ca13f78aea87b8d9e570.jpg,roboflow_skin_problem_clean3,Acne|Whiteheads,,5d918a47add25926b1bf2293e45c022e1d21fa05a47ca386288efa2cc5bf62c5,contains extra/non-target annotations: Whiteheads
dataset/raw/roboflow_skin_problem_clean3/train/508_jpg.rf.63c1d63758aed98e32bc490d20d0ac39.jpg,roboflow_skin_problem_clean3,Acne|Eyebags,,963dce993d51b59a4933f1325f9bbffcd09183e7366b8639b7b84646af7c6b79,contains extra/non-target annotations: Eyebags
dataset/raw/roboflow_skin_problem_clean3/train/kering-34-_jpg.rf.6400990f9e3a3675308314f7e3a0072e.jpg,roboflow_skin_problem_clean3,Dry-Skin,,f08f498ca5298c3133d7ee654d5a886a1ece383a0f4ac67619403cbbddd2cccf,contains extra/non-target annotations: Dry-Skin
dataset/raw/roboflow_skin_problem_clean3/train/dry-109-_jpg.rf.641769f1f4657ffebb38f7b2d8518f7d.jpg,roboflow_skin_problem_clean3,Dry-Skin,,b097c0f8c49d48f3dc7554cff0673a822ebe7b59b0fd71cc90f171d1fe7d6814,contains extra/non-target annotations: Dry-Skin
dataset/raw/roboflow_skin_problem_clean3/train/01F3MMYVZ5AMFQMQVMQYTSAEGA_jpeg_jpg.rf.641e3c0db0daa3683be14e112e51bb78.jpg,roboflow_skin_problem_clean3,Acne|Dark-Spots,,c86ffab989079229c1708833c1ab3e1b505804956d490b878dac7c6b97955930,"contains multiple target classes: acne, dark_spot"
dataset/raw/roboflow_skin_problem_clean3/train/kering__-70-_jpg.rf.642233099b210025402e356c705985c9.jpg,roboflow_skin_problem_clean3,Dry-Skin,,dcc65a0851c95ea4c4287e7a0498d550b1d39191b95422431e21c38d92e70148,contains extra/non-target annotations: Dry-Skin
dataset/raw/roboflow_skin_problem_clean3/train/95_jpg.rf.6457f06567a0806547b8791a1648976e.jpg,roboflow_skin_problem_clean3,Acne|Englarged-Pores,,e29c0fd0d04b73b43c6c8923dac708fc1af3051e37b59a503067fff4f3adf73a,"contains multiple target classes: acne, large_pore"
dataset/raw/roboflow_skin_problem_clean3/train/dry-skin_13_jpeg.rf.64808bbef80812980cf36c4a7e3e8ae0.jpg,roboflow_skin_problem_clean3,Dry-Skin,,826c2cf09761a379a25e4476bb989ae40a8e59d4a244926937608b3642fee385,contains extra/non-target annotations: Dry-Skin
dataset/raw/roboflow_skin_problem_clean3/train/116_jpg.rf.64b5acf4b0c79f58c6ca45f99514117c.jpg,roboflow_skin_problem_clean3,Eyebags,,e0cd24a2977140ea0fff98e7fc96fce898273cc54157684d3d0607a4e06436f0,contains extra/non-target annotations: Eyebags
dataset/raw/roboflow_skin_problem_clean3/train/Image_100_jpg.rf.64cdd2899816af50ea1ed47933028523.jpg,roboflow_skin_problem_clean3,Dry-Skin,,696bc5e55133e2260a5eab85ea81a2192e1fd408f288636b0a1acdd520f99174,contains extra/non-target annotations: Dry-Skin
dataset/raw/roboflow_skin_problem_clean3/train/Kering-9-_JPG.rf.6565864f34d329b288aa850e4029037e.jpg,roboflow_skin_problem_clean3,Dry-Skin,,dc0e52d4e2ee0a402d0feb2bfd6e745cc2fe8f20a6a88e21567e0430bd6d6677,contains extra/non-target annotations: Dry-Skin
dataset/raw/roboflow_skin_problem_clean3/train/283_jpg.rf.653b0f62b0484daf7e97b3ac56c98264.jpg,roboflow_skin_problem_clean3,Englarged-Pores|Wrinkles,,bfa30705afb4b56a5005243bcb1a57c20271611bf3f0ff164693885862c49042,"contains multiple target classes: large_pore, wrinkle"
dataset/raw/roboflow_skin_problem_clean3/train/kering__-26-_jpg.rf.6587cc3d7aea45b5af965209fd8af21b.jpg,roboflow_skin_problem_clean3,Dry-Skin,,c94c6b7724841cb8212e61d17d63a8129f61d572c29a6b9c99b15de8c33408c2,contains extra/non-target annotations: Dry-Skin
dataset/raw/roboflow_skin_problem_clean3/train/41_jpg.rf.65d998cb2e57c0e3991df13ec4788910.jpg,roboflow_skin_problem_clean3,Acne|Englarged-Pores,,34fc395b7d74b28f11d8c22084692d8c7927f3100546231b21cfeae244114da3,"contains multiple target classes: acne, large_pore"
dataset/raw/roboflow_skin_problem_clean3/train/kering-44-_jpg.rf.6654de5b23962af655225cf6ed5b7c15.jpg,roboflow_skin_problem_clean3,Dry-Skin,,0a52dbc8e21174aa6b3c1a69deb713509b614d45e7919072d706f0e8b5a0d32c,contains extra/non-target annotations: Dry-Skin
dataset/raw/roboflow_skin_problem_clean3/train/486_jpg.rf.65fad534215cfe3eb65b9526339f31b1.jpg,roboflow_skin_problem_clean3,Acne|Englarged-Pores,,8ff7121da3938b2a7f4be7720ad91df2c8b03cf4177c4ec880c1a252203c59fe,"contains multiple target classes: acne, large_pore"
dataset/raw/roboflow_skin_problem_clean3/train/2699422785_1_jpg.rf.6657a34ca84cac38993d7fe39ca2e35e.jpg,roboflow_skin_problem_clean3,Eyebags,,9626b317bd61ed847e443d4bd86afff4bd9539ca7a2588ef7f261da20ea5c77d,contains extra/non-target annotations: Eyebags
dataset/raw/roboflow_skin_problem_clean3/train/Image_117_jpg.rf.669afcd65b0d363e10fbcd045a0737bd.jpg,roboflow_skin_problem_clean3,Eyebags,,51b271f5b7e3ce702db7e211c221e749ebaeab3b857438b2892704529c65cbb0,contains extra/non-target annotations: Eyebags
dataset/raw/roboflow_skin_problem_clean3/train/375_jpg.rf.66f9534f8b205ad774525232b1db64f7.jpg,roboflow_skin_problem_clean3,Acne|Englarged-Pores,,ac4f940f3a917f8e2016c55098a3de51fb0427e4f340276cb1073b986be516c0,"contains multiple target classes: acne, large_pore"
dataset/raw/roboflow_skin_problem_clean3/train/561_jpg.rf.66e0b818804b6bb104ea9ffa1fddb5fe.jpg,roboflow_skin_problem_clean3,Acne|Englarged-Pores,,438f348365607f6f207877fbd375d2127131e71138dc6f8d4f1b6d00ad1445bb,"contains multiple target classes: acne, large_pore"
dataset/raw/roboflow_skin_problem_clean3/train/oily35_jpg.rf.67be89559b32a3184b13305711969209.jpg,roboflow_skin_problem_clean3,Oily-Skin,,fb21aac57b1c6dd18bf15a3896c7366ebec83498faf97d0204b049de56bf548a,contains extra/non-target annotations: Oily-Skin
dataset/raw/roboflow_skin_problem_clean3/train/kering__-94-_jpg.rf.67bfceef5789e37662c5473a335dc1d1.jpg,roboflow_skin_problem_clean3,Dry-Skin,,d1094184f595142c2230f9d269d3805a73c08bbdaa6d0d8ce2095285cd6a3578,contains extra/non-target annotations: Dry-Skin
dataset/raw/roboflow_skin_problem_clean3/train/oily-256-_jpg.rf.683ac8e9cc6e8fa7bbf2d8f83ad1c906.jpg,roboflow_skin_problem_clean3,Englarged-Pores|Oily-Skin,,35aadccfc000b714fd18a16a250da96659c5659fbc9d6cf378f647697c8662fd,contains extra/non-target annotations: Oily-Skin
dataset/raw/roboflow_skin_problem_clean3/train/536_jpg.rf.684e42b891d8c68e754b90ea3dac876c.jpg,roboflow_skin_problem_clean3,Acne|Eyebags,,10d4b8372b8c1de9426b09fdd932b2c18a868f2d018c90284d8d37b12f39fd56,contains extra/non-target annotations: Eyebags
dataset/raw/roboflow_skin_problem_clean3/train/kering__-36-_jpg.rf.68280074c4e20d9b5dc103e9a9fc4442.jpg,roboflow_skin_problem_clean3,Dry-Skin,,a66bffc9bc69925ea9199f04fa93e9ddafd09ca3e370e95d3ddea2d9218045bd,contains extra/non-target annotations: Dry-Skin
dataset/raw/roboflow_skin_problem_clean3/train/levle1_480_jpg.rf.685ce1efc86aa5cdf02b1e56ea994d7c.jpg,roboflow_skin_problem_clean3,Acne|Whiteheads,,f6ea45736876a9094f21d245a84a53e9d5483cd0c7ec196b55cb4d612fa51877,contains extra/non-target annotations: Whiteheads
dataset/raw/roboflow_skin_problem_clean3/train/272_jpg.rf.68e05909448db9f18724f55551a5ff60.jpg,roboflow_skin_problem_clean3,Acne|Blackheads,,fa4db236ce7346aa4eb28eba613c2f63b36a6d8488320330dc662095ba849316,contains extra/non-target annotations: Blackheads
dataset/raw/roboflow_skin_problem_clean3/train/360_jpg.rf.6911db0cf74abe9305697bebe46699e4.jpg,roboflow_skin_problem_clean3,Acne|Englarged-Pores|Eyebags,,b6c41c96381917809e64282d1793ab13b98293ef70654d28ce4fcac047707d1c,contains extra/non-target annotations: Eyebags
dataset/raw/roboflow_skin_problem_clean3/train/Image_92_jpg.rf.697c554f773feeeccc1ee5071ba3f245.jpg,roboflow_skin_problem_clean3,Dry-Skin,,f77fc11446ce00c7a60bc2b503c16259172e5b0758c4ecfb7c1bbc6a8d62ea17,contains extra/non-target annotations: Dry-Skin
dataset/raw/roboflow_skin_problem_clean3/train/levle0_364_jpg.rf.69c4c4b2b377e7d6889ac4672b4e1c71.jpg,roboflow_skin_problem_clean3,Acne|Blackheads|Whiteheads,,b1d8302150f0ced714b0ae25d9951521dc0437c23a9aae39d5db2ab9267d1d92,"contains extra/non-target annotations: Blackheads, Whiteheads"
dataset/raw/roboflow_skin_problem_clean3/train/kering_-92-_jpg.rf.6a0f1ff761043a5b7f062f0a228a49ab.jpg,roboflow_skin_problem_clean3,Dry-Skin,,00fad24c014ab1d2aad37c00abecd7e1a6e7e70a1037f5253d631acad9fa125e,contains extra/non-target annotations: Dry-Skin
dataset/raw/roboflow_skin_problem_clean3/train/levle2_8_jpg.rf.6a41cb1a24e0725bab724036b45080ab.jpg,roboflow_skin_problem_clean3,Acne|Whiteheads,,6e0cd02a595766fe6f6d86d6f4a689a752b55bb4bd4230dfada82e4e1469c477,contains extra/non-target annotations: Whiteheads
dataset/raw/roboflow_skin_problem_clean3/train/oily-242-_jpg.rf.6adc7ae62a06c765551f46f15b7d8132.jpg,roboflow_skin_problem_clean3,Acne|Dry-Skin,,f8a5abdad213efff83f4eddcb3abe097b216d726fd9e80654182a58ec7a7ba13,contains extra/non-target annotations: Dry-Skin
dataset/raw/roboflow_skin_problem_clean3/train/40_jpg.rf.6a520737df6bd6b34d91a41c79cd1f64.jpg,roboflow_skin_problem_clean3,Acne|Blackheads,,d0ade65957db63357ed387ab79aa4d1dd05c8343587a5beef41ea04024ebe338,contains extra/non-target annotations: Blackheads
dataset/raw/roboflow_skin_problem_clean3/train/176_jpg.rf.6a98af9b57294f1fcb722fd20e250fb2.jpg,roboflow_skin_problem_clean3,Acne|Englarged-Pores|Wrinkles,,8d9a8dd753a81cb21b90b6d1557f6ce0908866108390b65262a2ccd87f6cc3fa,"contains multiple target classes: acne, large_pore, wrinkle"
dataset/raw/roboflow_skin_problem_clean3/train/379_jpg.rf.6ae49c5a566eeed77111374ed7d9d4e4.jpg,roboflow_skin_problem_clean3,Acne|Blackheads|Englarged-Pores,,1c26d4de7c5caa72c0fe8a80f852ef3b43ba1622d1a9fb936e9d863b8ed0a0f8,contains extra/non-target annotations: Blackheads
dataset/raw/roboflow_skin_problem_clean3/train/istockphoto-638452020-612x612_jpg.rf.6b430ec0ec3611ab427a01cba0605013.jpg,roboflow_skin_problem_clean3,Eyebags,,d5771eb5c44c34233199be866d24b867a52b470cf1676310e62e8e3e58dd3a69,contains extra/non-target annotations: Eyebags
dataset/raw/roboflow_skin_problem_clean3/train/kering-6-_jpg.rf.6b65ab481e8a6326e3be23d20bd0d64a.jpg,roboflow_skin_problem_clean3,Oily-Skin,,7b849440f2493f5f1069461da5552f0955ed5464d476cd2f7c1e4b3545c1be5d,contains extra/non-target annotations: Oily-Skin
dataset/raw/roboflow_skin_problem_clean3/train/oily-140-_jpg.rf.6b62270e87cdd3210a0056bd0daa3b02.jpg,roboflow_skin_problem_clean3,Acne|Oily-Skin,,523ef27584cbbb04cec9ade263bd210a129b1754f3747cc1ae26ee7a48fd6f58,contains extra/non-target annotations: Oily-Skin
dataset/raw/roboflow_skin_problem_clean3/train/505_jpg.rf.6b75c91fd481936225f0c7a36afda288.jpg,roboflow_skin_problem_clean3,Acne|Englarged-Pores,,285c9417c797fa41c78e1c9e0c0c699e2200c5c1c880b4d5c337d73ac0b4a67d,"contains multiple target classes: acne, large_pore"
dataset/raw/roboflow_skin_problem_clean3/train/Berminyak-13-_jpg.rf.6bbd73c9741cd8f594de6de82edf7adc.jpg,roboflow_skin_problem_clean3,Oily-Skin,,2d530e83b9213480c057d015173987354ad27752c748d0670ad356f07c9c9667,contains extra/non-target annotations: Oily-Skin
dataset/raw/roboflow_skin_problem_clean3/train/636_jpg.rf.6bc308953b3be41f779ae6b048320f25.jpg,roboflow_skin_problem_clean3,Dry-Skin|Wrinkles,,22b0a352ff2c92f67fc026773d785362b13556be7e7a7a236d03301d380996e8,contains extra/non-target annotations: Dry-Skin
dataset/raw/roboflow_skin_problem_clean3/train/berminyak__-5-_jpg.rf.6bdb3704b71e1b46a9d0b298189d56c1.jpg,roboflow_skin_problem_clean3,Dry-Skin,,aa1be76a559e594fbd77b22cfc7060ef2b96eb091a474f11a74343e2855305d4,contains extra/non-target annotations: Dry-Skin
dataset/raw/roboflow_skin_problem_clean3/train/kering-16-_jpg.rf.6c38301114398a7514f165499661a18f.jpg,roboflow_skin_problem_clean3,Dry-Skin,,15b91b2071b52d5e66428207c0b7d83eae0a5cd8a1f0616611d026e5883494ce,contains extra/non-target annotations: Dry-Skin
dataset/raw/roboflow_skin_problem_clean3/train/406_jpg.rf.6c9988262343aa651d2962e4772da102.jpg,roboflow_skin_problem_clean3,Acne|Englarged-Pores,,d9e65f6794902cdc7ae19c7fc8094208dc1865bc1fd4c93f1d1725123a02a981,"contains multiple target classes: acne, large_pore"
dataset/raw/roboflow_skin_problem_clean3/train/levle2_184_jpg.rf.6cb0821f4aaf484583f4f7709e5c6b19.jpg,roboflow_skin_problem_clean3,Acne|Whiteheads,,bc812311ecc00fb611e148369a8a4b11b9e4739c4d6a76b31ed8c100c95bd99c,contains extra/non-target annotations: Whiteheads
dataset/raw/roboflow_skin_problem_clean3/train/Image_4_jpg.rf.6d1e9282f3fc54ebf457e383be73ab01.jpg,roboflow_skin_problem_clean3,Dry-Skin,,282f4fa1262aa86b524b37f5cce51315f49103850ec38d505bc2ed4006ede86a,contains extra/non-target annotations: Dry-Skin
dataset/raw/roboflow_skin_problem_clean3/train/684_jpg.rf.6ce5ef0cbbb9ccce56930f18faf335e6.jpg,roboflow_skin_problem_clean3,Acne|Wrinkles,,cb3080269c6536da45c49c5b81d71f77ae453ac19fce6e8a51a5b1d03e5d543f,"contains multiple target classes: acne, wrinkle"
dataset/raw/roboflow_skin_problem_clean3/train/levle0_523_jpg.rf.6d09a42d78981816c41e6d6703829589.jpg,roboflow_skin_problem_clean3,Acne|Whiteheads,,4620b8b5efe7c86b6f28b13d271601cfae87784cf315fec6af225262ae226a49,contains extra/non-target annotations: Whiteheads
dataset/raw/roboflow_skin_problem_clean3/train/levle3_24_jpg.rf.6ce14291f07ca29bc0fc930bd47fa9e4.jpg,roboflow_skin_problem_clean3,Acne|Blackheads,,7e2a2f2d830b27c4aaafdf238ea8417b803b61bbbd0b6277b2986594d1557486,contains extra/non-target annotations: Blackheads
dataset/raw/roboflow_skin_problem_clean3/train/levle1_167_jpg.rf.6dd55b8c095c5655ee255ee0e189e9ab.jpg,roboflow_skin_problem_clean3,Acne|Whiteheads,,d45e98340dbc1c6dbb281eb4b2553549c3f988f8272bc771ef24d8270786affc,contains extra/non-target annotations: Whiteheads
dataset/raw/roboflow_skin_problem_clean3/train/kering_-28-_jpg.rf.6d785b7529d6280b6fe888f1fbb83fac.jpg,roboflow_skin_problem_clean3,Dry-Skin,,830236b9b551d23d53c3e440d5b2c63c47c7b0030368a203fbbe58be0c9c69a8,contains extra/non-target annotations: Dry-Skin
dataset/raw/roboflow_skin_problem_clean3/train/296_jpg.rf.6d8318ec2b7776f7c339727d0457f7bf.jpg,roboflow_skin_problem_clean3,Acne|Englarged-Pores,,4be16c4f63488104f48864840b258bf8628cbfdb04595b1ba142af320d129d5d,"contains multiple target classes: acne, large_pore"
dataset/raw/roboflow_skin_problem_clean3/train/oily-skin_22_jpeg.rf.6e7bd725eee8edc74f41c05bfb49f51e.jpg,roboflow_skin_problem_clean3,Acne|Oily-Skin,,66b7c1ffe9d658f41aa096ee24cf70a687a43b59eb1cadcd03efd4561da1f477,contains extra/non-target annotations: Oily-Skin
dataset/raw/roboflow_skin_problem_clean3/train/levle1_46_png.rf.6e9aaaf4b4f9d7d9f5ac9913031217d9.jpg,roboflow_skin_problem_clean3,Blackheads,,3053fe059eb42503abb290fa62c98dab0a1fca2e419bd10a1f10ba26cd61fc15,contains extra/non-target annotations: Blackheads
dataset/raw/roboflow_skin_problem_clean3/train/dry-117-_jpg.rf.6d56938bd5e9d7c72bfc3a81fd2a638b.jpg,roboflow_skin_problem_clean3,Dry-Skin,,e8eff7787773d8754d6cba4fb566cb8037e477337db741b0e7b1d0c63f327eb2,contains extra/non-target annotations: Dry-Skin
dataset/raw/roboflow_skin_problem_clean3/train/292_jpg.rf.6f799a203f72c14390a342eee0b9e2b4.jpg,roboflow_skin_problem_clean3,Acne|Blackheads|Englarged-Pores|Eyebags|Wrinkles,,b0d0350c7d86d7fa1bd587b8dd515ac71b6701b4fe458ec58ea404631b1a153c,"contains extra/non-target annotations: Blackheads, Eyebags"
dataset/raw/roboflow_skin_problem_clean3/train/kering_-70-_jpg.rf.6f9947155291e02878a24249bd8b5ce3.jpg,roboflow_skin_problem_clean3,Dry-Skin,,ece6b3ba78f2e0d51e0c8c586502f04ec9e9ed9faf38c164f96a630bc9d8d6b1,contains extra/non-target annotations: Dry-Skin
dataset/raw/roboflow_skin_problem_clean3/train/01F3MMYCDR14CJP0GTSEQTMHVN_jpeg_jpg.rf.710746101badfe650168a5bd6bb3acee.jpg,roboflow_skin_problem_clean3,Whiteheads,,49ce76a985e18f62ca9c5e5b4dfcf95289e926a8ca9c6fa24e171c12197970ff,contains extra/non-target annotations: Whiteheads
dataset/raw/roboflow_skin_problem_clean3/train/levle1_186_png.rf.713ecbc71dd1c5b6b6c92bc1a6c4ef40.jpg,roboflow_skin_problem_clean3,Acne|Blackheads,,f26e4c40de1f32258a1cedd0aef6dd735087afd8f7dca6c506250519a183cea1,contains extra/non-target annotations: Blackheads
dataset/raw/roboflow_skin_problem_clean3/train/kering_-107-_jpg.rf.714b1f24781cf5cef309d4f79f1172c9.jpg,roboflow_skin_problem_clean3,Dry-Skin,,410313204ecc2ee80495a6e054a5f4c8851b4337f39b1a7398ea2befd5790a13,contains extra/non-target annotations: Dry-Skin
dataset/raw/roboflow_skin_problem_clean3/train/01F3MMWRMC4TXQKFQWF8PSB3WS_jpeg_jpg.rf.71754ac4242a5fd26614d9cd2025dab3.jpg,roboflow_skin_problem_clean3,Acne|Blackheads|Whiteheads,,8b4db765f8ef886780483efeb64ff8b49ae3bd40cdb1e08cf40895d1c62fb7b4,"contains extra/non-target annotations: Blackheads, Whiteheads"
dataset/raw/roboflow_skin_problem_clean3/train/423_jpg.rf.717da0b0cc483fe0f52dd5751f0903ae.jpg,roboflow_skin_problem_clean3,Acne|Englarged-Pores,,f22cd7bfc0a78064eacf01420c46b1775fa1f46df2fe18e65f34461517f695bc,"contains multiple target classes: acne, large_pore"
dataset/raw/roboflow_skin_problem_clean3/train/kering__-13-_JPG.rf.7190edc0bb4c68937147fdfdda5803d0.jpg,roboflow_skin_problem_clean3,Dry-Skin,,1b26bc1b405890a0490ada4f8b4f9f10c8c55375d144f2b994b3ccc7d83a9a7a,contains extra/non-target annotations: Dry-Skin
dataset/raw/roboflow_skin_problem_clean3/train/Image_114_jpg.rf.71e5c8dc8b4bf189f7625b500bd7de7f.jpg,roboflow_skin_problem_clean3,Eyebags|Wrinkles,,6c95b2696c2e688ea9ad38b0823a83178133abcaf6db406dbc99e177df1ee492,contains extra/non-target annotations: Eyebags
dataset/raw/roboflow_skin_problem_clean3/train/616_jpg.rf.71ed9bcdaa839a125972ff1b16ff7a17.jpg,roboflow_skin_problem_clean3,Englarged-Pores|Eyebags|Wrinkles,,42287099091bc70f7eb7758439b2d8a13978ea0dd580773dc0831d14eb7dd3df,contains extra/non-target annotations: Eyebags
dataset/raw/roboflow_skin_problem_clean3/train/levle0_290_jpg.rf.72152f948a854126c311f29715bfe20e.jpg,roboflow_skin_problem_clean3,Acne|Whiteheads,,454d397acabd03e9aea7b93abb9e96bdfa3be41f98084420312f6a4116f77f5f,contains extra/non-target annotations: Whiteheads
dataset/raw/roboflow_skin_problem_clean3/train/Image_68_jpg.rf.726ca1b9a427fe472e15af3d5b63b490.jpg,roboflow_skin_problem_clean3,Oily-Skin,,c44cc4efc38064a9d5111f61feea580010e62d04a6f877ee3601bd06ae511bd1,contains extra/non-target annotations: Oily-Skin
dataset/raw/roboflow_skin_problem_clean3/train/363_jpg.rf.72b1aed4a2c50f88fee3ee983177f382.jpg,roboflow_skin_problem_clean3,Acne|Englarged-Pores|Eyebags|Wrinkles,,b6710d42cfc18537acef81a054231a3594694666dd23f64cfdc514772cfafc5c,contains extra/non-target annotations: Eyebags
dataset/raw/roboflow_skin_problem_clean3/train/01F3MMY8VFRQGHYA3KE2P27HJT_jpeg_jpg.rf.72619aab65f4de649aec54e0bb47726b.jpg,roboflow_skin_problem_clean3,Acne|Blackheads|Whiteheads,,1b63715ea871262ece6032d8fb25a4de67f167dd8967f2b2cb645bd6b7765170,"contains extra/non-target annotations: Blackheads, Whiteheads"
dataset/raw/roboflow_skin_problem_clean3/train/683_jpg.rf.72cb13c2fc1efd002d2d7905346e7870.jpg,roboflow_skin_problem_clean3,Acne|Englarged-Pores,,19a7c88084bcbc262a65944f4a84a7ba1026610c04a41b04f2e01b421081dd25,"contains multiple target classes: acne, large_pore"
dataset/raw/roboflow_skin_problem_clean3/train/Image_131_jpg.rf.72f11136b0b9cc03551e20c1549fe4f7.jpg,roboflow_skin_problem_clean3,Oily-Skin,,19d44fb55dda91a2c995c361225b31227c5cc258d365e2693ae02ce4ba026ef6,contains extra/non-target annotations: Oily-Skin
dataset/raw/roboflow_skin_problem_clean3/train/kering_-91-_jpg.rf.73bb050737136039d3369389d8207440.jpg,roboflow_skin_problem_clean3,Dry-Skin,,88aed668f2e574339ba2d59266b610a8726f5c7f4395ab771e365c94286acb1a,contains extra/non-target annotations: Dry-Skin
dataset/raw/roboflow_skin_problem_clean3/train/levle0_274_png.rf.73b4b808f7e289022100b6233a4d3773.jpg,roboflow_skin_problem_clean3,Blackheads,,ac64017918721227ca271d14ac932bead8e371ac30289aca8767663ee5c2546f,contains extra/non-target annotations: Blackheads
dataset/raw/roboflow_skin_problem_clean3/train/oily-252-_jpg.rf.73f17a41cd2f145c68057f04434aeaf2.jpg,roboflow_skin_problem_clean3,Acne|Englarged-Pores|Oily-Skin,,283e6c37e26d846f0e48bddd3c481b15bb16f7a8a7378381ff5c8b7eeab38440,contains extra/non-target annotations: Oily-Skin
dataset/raw/roboflow_skin_problem_clean3/train/kering__-29-_jpg.rf.7463e8d974f16fdbe79bbf1b2f9f0f22.jpg,roboflow_skin_problem_clean3,Dry-Skin,,ab95cc80845da4e7f20b8cd25b030a99d6aba0befe67df6a157024f2d71d95b5,contains extra/non-target annotations: Dry-Skin
dataset/raw/roboflow_skin_problem_clean3/train/acne-412-_jpg.rf.747d919ed823b6ecae959bef3ddb84fd.jpg,roboflow_skin_problem_clean3,Dry-Skin,,58c609000ff4155f2c5226ac41858e80b784daa02250d8c6c18eeb59c14371f3,contains extra/non-target annotations: Dry-Skin
dataset/raw/roboflow_skin_problem_clean3/train/kering_-137-_jpg.rf.7511ec57a03ddb1949131ff42d290ac0.jpg,roboflow_skin_problem_clean3,Dry-Skin,,bd7ec1999e66ed2c509994bef7b5ab1d5e76304c30ce63714418edb69afa6ca6,contains extra/non-target annotations: Dry-Skin
dataset/raw/roboflow_skin_problem_clean3/train/120801881_1_jpg.rf.74c29b3d092879a64c4221fba96d49b4.jpg,roboflow_skin_problem_clean3,Eyebags,,bfb75f1aa83083be00a5edb62f667762ff8d56d12706bfff6255e82990900e35,contains extra/non-target annotations: Eyebags
dataset/raw/roboflow_skin_problem_clean3/train/oily43_jpg.rf.751e5e93065de42fbb2056570b90d492.jpg,roboflow_skin_problem_clean3,Oily-Skin,,7f06f56833de2924f0a55cbba02ef312dc88a7e6e71fea22f1caeb1a3a2a0445,contains extra/non-target annotations: Oily-Skin
dataset/raw/roboflow_skin_problem_clean3/train/levle0_454_jpg.rf.75c0202466ca2e97c0b15a5a896ae56b.jpg,roboflow_skin_problem_clean3,Acne|Whiteheads,,fa2118ce177874883455eef8a72e4f6d89e9de7d263560af319ad176ab8812c3,contains extra/non-target annotations: Whiteheads
dataset/raw/roboflow_skin_problem_clean3/train/kering_-147-_jpg.rf.752cfa50b5756e65e1d02bbd2cf62d2f.jpg,roboflow_skin_problem_clean3,Dry-Skin,,26f236c73b8d9407ee52e9df33b7267cfb9f84f579c97f5d2a739ed8f1dba1c8,contains extra/non-target annotations: Dry-Skin
dataset/raw/roboflow_skin_problem_clean3/train/oily-212-_jpg.rf.75ae360db63f2180cb4e7aa57aa93313.jpg,roboflow_skin_problem_clean3,,,424e1049a35c06f5957600136f7baddebb2db2970afe9e4a45617b32770851f2,image has no COCO annotations
dataset/raw/roboflow_skin_problem_clean3/train/dry-124-_jpg.rf.773656e09fa0c43788c7d104f9f52736.jpg,roboflow_skin_problem_clean3,Acne|Dry-Skin,,5c9942163f5df8082130d211082cbbef35446e3e9a8a485b69bb1fe3c88e54c4,contains extra/non-target annotations: Dry-Skin
dataset/raw/roboflow_skin_problem_clean3/train/kering_-127-_jpg.rf.770c9b4e7c2f00f8536d6d43f0b58da1.jpg,roboflow_skin_problem_clean3,Dry-Skin,,e40bfc43aae95279cb012da82b3c4927b42b2e015a3ce8f71dfc4b03e1fba581,contains extra/non-target annotations: Dry-Skin
dataset/raw/roboflow_skin_problem_clean3/train/oily6_jpg.rf.76890812f7e8adc0d82db58286e6d39c.jpg,roboflow_skin_problem_clean3,Oily-Skin,,61210d334a95645e9f42881928a4a821fedc4e8ff5273c4063881adb883ae2e2,contains extra/non-target annotations: Oily-Skin
dataset/raw/roboflow_skin_problem_clean3/train/Berminyak-35-_jpg.rf.77e147b421251a6d5cdd15d433c5a0a9.jpg,roboflow_skin_problem_clean3,Oily-Skin,,df968226e1c92478d65c9546b0b97cd60c579c54819e6e332a782e2b53dae19d,contains extra/non-target annotations: Oily-Skin
dataset/raw/roboflow_skin_problem_clean3/train/53_jpg.rf.77bf8d456684bc77aed616235e278778.jpg,roboflow_skin_problem_clean3,Acne|Blackheads,,8f173eaeb3bfe3fce2722c3ef7e04ac82c5894a8c280d13a4fb87023aacc1997,contains extra/non-target annotations: Blackheads
dataset/raw/roboflow_skin_problem_clean3/train/levle2_111_jpg.rf.781f76db6ba25addb3cddabd1ddf73c1.jpg,roboflow_skin_problem_clean3,Acne|Whiteheads,,100b363da237fd3bdfbccc9a1300126e2c2f88a7515b11c869545bb65aa2351c,contains extra/non-target annotations: Whiteheads
dataset/raw/roboflow_skin_problem_clean3/train/01F3MMWQ8CPEGRTX4RR44TCJH8_jpeg_jpg.rf.774299ad6e5946849812451408c29382.jpg,roboflow_skin_problem_clean3,Acne|Blackheads|Whiteheads,,4c9374598aff6a429a0acf530f553d626e4aeb453b1dd717e5ce4eee034bb265,"contains extra/non-target annotations: Blackheads, Whiteheads"
dataset/raw/roboflow_skin_problem_clean3/train/kering_-104-_jpg.rf.7884497a352c858a622de0d706f26bdf.jpg,roboflow_skin_problem_clean3,Dry-Skin,,5e97f446bfe3821139f9bdfd49e395799483a2fd661b93bd70c6d6d268a0f7e1,contains extra/non-target annotations: Dry-Skin
dataset/raw/roboflow_skin_problem_clean3/train/kering__-3-_JPG.rf.7851d43c3dca90fb1faf7ee1722201e0.jpg,roboflow_skin_problem_clean3,Dry-Skin,,7a4c0971735f2526e8682bff559898cfaefaf1e876b66989fe0fc36746f8eb69,contains extra/non-target annotations: Dry-Skin
dataset/raw/roboflow_skin_problem_clean3/train/levle3_64_jpg.rf.78bd771d7ec9557d50fd85ba153e7eec.jpg,roboflow_skin_problem_clean3,Acne|Blackheads,,7c9bf2592dc77ba4cda281c36ea9c72afd78da5b44ea8c19b9b5f3c44e2e18fa,contains extra/non-target annotations: Blackheads
dataset/raw/roboflow_skin_problem_clean3/train/levle2_84_jpg.rf.78de47b26b227da5bac15ce5063d86b1.jpg,roboflow_skin_problem_clean3,Acne|Blackheads,,8398666dff4ff9d4f77b0f5289b391168d2c17c796ad367f60994b3df21b6fac,contains extra/non-target annotations: Blackheads
dataset/raw/roboflow_skin_problem_clean3/train/518_jpg.rf.790aab42888c5e7b13cfc0d83f3ad165.jpg,roboflow_skin_problem_clean3,Acne|Englarged-Pores,,2c17bed716d1762410936460b8e00344c54270bbd11e93b04a46b4204c766c91,"contains multiple target classes: acne, large_pore"
dataset/raw/roboflow_skin_problem_clean3/train/2569659822_1_jpg.rf.7928ee8d7a4e0c1196391d55ea411ad9.jpg,roboflow_skin_problem_clean3,Eyebags,,7a41bd1521b7c8d41c5efa73bb984af4d60278d11d88d53699ef7cdc981b02fa,contains extra/non-target annotations: Eyebags
dataset/raw/roboflow_skin_problem_clean3/train/levle1_94_jpg.rf.795719b0314a2962c572c8bac51975f5.jpg,roboflow_skin_problem_clean3,Acne|Whiteheads,,a3cb15fa457dbf2c84ec8e0e294858b99e9e5f95022188ac6177d76ad788c649,contains extra/non-target annotations: Whiteheads
dataset/raw/roboflow_skin_problem_clean3/train/kering_-50-_jpg.rf.79c251e81949b3c7d0f6d50fb17e75f3.jpg,roboflow_skin_problem_clean3,Dry-Skin,,a2228cb12429b2df2255633a6238861d763e929b89d35ef34b8b38a2e5edbe8d,contains extra/non-target annotations: Dry-Skin
dataset/raw/roboflow_skin_problem_clean3/train/oily31_jpg.rf.79a6a1dbe6ad4f9775ed634088bdeaa9.jpg,roboflow_skin_problem_clean3,Oily-Skin,,b5eaa3d9503f25c54ac84ea67085bf23cfb6f15ee9327b97272eefe4c76977d0,contains extra/non-target annotations: Oily-Skin
dataset/raw/roboflow_skin_problem_clean3/train/oily-219-_JPG.rf.7a6e240a28f1f5ae7be6ce80ef735580.jpg,roboflow_skin_problem_clean3,Acne|Oily-Skin,,486fab5681531852f2c6026b2318155c7322c6e7447a75acb95bcc18e8a2f2a4,contains extra/non-target annotations: Oily-Skin
dataset/raw/roboflow_skin_problem_clean3/train/berminyak__-41-_jpg.rf.7a7fc1ea211d1378e51637b280843a0e.jpg,roboflow_skin_problem_clean3,Oily-Skin,,d04e85d56051cd6d19536e26ec41d9851ce0bb6b52e19198025a793cbb01b6f3,contains extra/non-target annotations: Oily-Skin
dataset/raw/roboflow_skin_problem_clean3/train/oily33_jpg.rf.7a7b34dd7097dc65b94dfd96fa7c8e0c.jpg,roboflow_skin_problem_clean3,Oily-Skin,,d64d53f0094dc81eac9a3f9a97692ba21aa65ce4c71f9bd1c1957b75ff8c8fc2,contains extra/non-target annotations: Oily-Skin
dataset/raw/roboflow_skin_problem_clean3/train/01F3MMWHQX27K1VQ2DNNKGJZRV_jpeg_jpg.rf.7a9541c1b5c06e3ba04627dda4efdc42.jpg,roboflow_skin_problem_clean3,Acne|Blackheads,,ad92e03d5f853f079bdf79777699b47067ca3a8d1a38dbf9d2351085e354aa28,contains extra/non-target annotations: Blackheads
dataset/raw/roboflow_skin_problem_clean3/train/620_jpg.rf.7a97f945437d7d8c58fb57b4f5da8188.jpg,roboflow_skin_problem_clean3,Acne|Englarged-Pores,,3cd05f7b807a440be73b0b0a2d2ca7da1fe9cc8a594b9399ce8becff1da7b64e,"contains multiple target classes: acne, large_pore"
dataset/raw/roboflow_skin_problem_clean3/train/kering_-112-_jpg.rf.7aa954affe3b4aedef66502a8a5968c0.jpg,roboflow_skin_problem_clean3,Dry-Skin,,29f52fdb447d41748411ad16cb8f98fddf74404d70733d88a0b02782a0688aca,contains extra/non-target annotations: Dry-Skin
dataset/raw/roboflow_skin_problem_clean3/train/2861547_16_articlelarge_iStock-1327412897_1__jpg.rf.7ae5d8d63b9f8dcef32feccf68275d7c.jpg,roboflow_skin_problem_clean3,Skin-Redness,,a90b1f943f09cd31502e996bb7c4419951227ff6c1bf6585f0535370eeddc3a0,contains extra/non-target annotations: Skin-Redness
dataset/raw/roboflow_skin_problem_clean3/train/2947222498_1_jpg.rf.7ac067816e4f20ac69953f99ca9dd785.jpg,roboflow_skin_problem_clean3,Eyebags,,19e990a0bd91c004ee25cb36ad7777fbe900d81a9fad59426d69340999ffb120,contains extra/non-target annotations: Eyebags
dataset/raw/roboflow_skin_problem_clean3/train/601_jpg.rf.7aec8ef12404eeff5500487649173d35.jpg,roboflow_skin_problem_clean3,Acne|Englarged-Pores,,d454d288f5e556c90b7e580226e03093567754de47becd5bc7bb5339cfeedce2,"contains multiple target classes: acne, large_pore"
dataset/raw/roboflow_skin_problem_clean3/train/172_jpg.rf.7b71471c8cfa909a6dcaab021749aa76.jpg,roboflow_skin_problem_clean3,Acne|Englarged-Pores|Wrinkles,,a358846d77f484fb4c73ecafdbfb9d0ae401c0f1823fc5c4661b5b952e3f8b97,"contains multiple target classes: acne, large_pore, wrinkle"
dataset/raw/roboflow_skin_problem_clean3/train/639_jpg.rf.7b7adc00d87a19e2d855e6698ae3ad39.jpg,roboflow_skin_problem_clean3,Acne|Eyebags,,9b262959027df665018d4f2b3e7feb1bbc9d6131c3d6cf1cad9314ecc5b0ad01,contains extra/non-target annotations: Eyebags
dataset/raw/roboflow_skin_problem_clean3/train/238_jpg.rf.7b61cd98fe19713461b71a3b225a2cff.jpg,roboflow_skin_problem_clean3,Acne|Englarged-Pores|Eyebags,,38ddec5dbb38cfa975e2a995b66e2dcb27e1ffbc06f0cf3daf34e730ca13062d,contains extra/non-target annotations: Eyebags
dataset/raw/roboflow_skin_problem_clean3/train/dry16_jpg.rf.7b7025391d65d0421523057840945ff6.jpg,roboflow_skin_problem_clean3,Dry-Skin,,f4a97d9d05d3491ba4efd965c3bbbc93ab1ca2a9cf3c6172ade1775334433fe7,contains extra/non-target annotations: Dry-Skin
dataset/raw/roboflow_skin_problem_clean3/train/544_jpg.rf.7baaf4d55803d2672c8435d974b7851f.jpg,roboflow_skin_problem_clean3,Acne|Blackheads,,16f5c903e03df5f3fb0c9bf68c746852177bb0db70760c973135ff282404c07f,contains extra/non-target annotations: Blackheads
dataset/raw/roboflow_skin_problem_clean3/train/118_jpg.rf.7b8c72f23d47de52801fe838e2f4dd52.jpg,roboflow_skin_problem_clean3,Acne|Englarged-Pores,,0eb5bce885d6fd2fc55e18223ddeccd094f774e44f7e9793fa7287947ed18c86,"contains multiple target classes: acne, large_pore"
dataset/raw/roboflow_skin_problem_clean3/train/Kering-19-_jpeg.rf.7c08cf7a40977677300819c1f2c01ed3.jpg,roboflow_skin_problem_clean3,Dry-Skin,,e3c6bcb2f9b13d564329870e71f204b0a86d99687aa1f66fc65050eb03b85638,contains extra/non-target annotations: Dry-Skin
dataset/raw/roboflow_skin_problem_clean3/train/595_jpg.rf.7c2713c19095f215235b3c174662f561.jpg,roboflow_skin_problem_clean3,Acne|Englarged-Pores,,5b1586124d8625f869fd347ee9ff889621bc242e88f5aa11464c56f456abc2d9,"contains multiple target classes: acne, large_pore"
dataset/raw/roboflow_skin_problem_clean3/train/240_F_504672454_jndgj2KO7RJwbd1f5qgcFFAYtOcNpOgT_jpg.rf.7c7580cf94b8481ca71c702e7d59707f.jpg,roboflow_skin_problem_clean3,Eyebags,,29a779ac8e2238d3bfc977a0f56d8619d57555b5c7ab4ce71bd608f06350d42b,contains extra/non-target annotations: Eyebags
dataset/raw/roboflow_skin_problem_clean3/train/levle2_164_jpg.rf.7c97da57a260e2f8ccf30e2c42fd95fd.jpg,roboflow_skin_problem_clean3,Acne|Whiteheads,,1825f18ee03fa2f8ac650936e462be2586749f99d1f9562ab92e7b366aa1f498,contains extra/non-target annotations: Whiteheads
dataset/raw/roboflow_skin_problem_clean3/train/01F3MMYBPQHZ5K2Q3NJR5DWQ3H_jpeg_jpg.rf.7d4b391e38b6e4f9fc1b04dc9c5435be.jpg,roboflow_skin_problem_clean3,Acne|Whiteheads,,1c9b508721ac11cd1cf8454e06e999186ae7c4375bd10afd0f55d49b35772aba,contains extra/non-target annotations: Whiteheads
dataset/raw/roboflow_skin_problem_clean3/train/407_jpg.rf.7d5ae106d1eb5f2b51bef9735d4af19b.jpg,roboflow_skin_problem_clean3,Acne|Englarged-Pores,,b30ebddf888679e02b0515773f6a7201fa3a9afbf2394cafdae98de3429c4e16,"contains multiple target classes: acne, large_pore"
dataset/raw/roboflow_skin_problem_clean3/train/oily-skin_110_jpeg.rf.7d628eb44fc612c4d3a5742fc6c0f420.jpg,roboflow_skin_problem_clean3,Oily-Skin,,3687d70f97dc99aeb04554ab80c55035fa6c60ec384efdeebce3bddd07fe9856,contains extra/non-target annotations: Oily-Skin
dataset/raw/roboflow_skin_problem_clean3/train/acne-prone-skin_137_jpeg.rf.7de564b4f65369bc51af193c659a5dda.jpg,roboflow_skin_problem_clean3,Acne|Dry-Skin,,b67aada4f2edb343b21a25049275060861b9cd5a1a1f5a9a8b41e5dc7ac36e61,contains extra/non-target annotations: Dry-Skin
dataset/raw/roboflow_skin_problem_clean3/train/445_jpg.rf.7e115e2f0062925c2e7d0adbf283f06e.jpg,roboflow_skin_problem_clean3,Acne|Englarged-Pores,,54e34a0e55328f6932e5b41733637c4f2021f4b57fb49c78cf8d05bd3c3c0344,"contains multiple target classes: acne, large_pore"
dataset/raw/roboflow_skin_problem_clean3/train/Kering-1-_jpeg.rf.7d6f9203fcd20781c589a5be31145556.jpg,roboflow_skin_problem_clean3,Dry-Skin,,b4f0d4d093f6b56c56d584f1ea11a4d55588f488efd1edb302dc44348718b5c8,contains extra/non-target annotations: Dry-Skin
dataset/raw/roboflow_skin_problem_clean3/train/Kering-27-_jpeg.rf.7e71dc56c987df7210bfa2975ab81fad.jpg,roboflow_skin_problem_clean3,Dry-Skin,,174edeb11735ba27a6923fe7b87ed6c213d6a2be45cf39d90c47d844b4484de7,contains extra/non-target annotations: Dry-Skin
dataset/raw/roboflow_skin_problem_clean3/train/download-1-_jpg.rf.7e6559cc1faca935e59122ef0bc04a6d.jpg,roboflow_skin_problem_clean3,Eyebags,,d4a17ab8e65843fdb52f0ac10cfb1cdf5bfc00f25fe4c761a1f7302e1511b2e4,contains extra/non-target annotations: Eyebags
dataset/raw/roboflow_skin_problem_clean3/train/565_jpg.rf.7e7ddf03e168bf010bf07c5128515a1e.jpg,roboflow_skin_problem_clean3,Englarged-Pores|Wrinkles,,b5cdb76fea71d033f76fdc8bddbdcf0047e3d987022f7e7fe94cac640e68dc43,"contains multiple target classes: large_pore, wrinkle"
dataset/raw/roboflow_skin_problem_clean3/train/659_jpg.rf.7eaac96f10a529a717ab343d36a56dae.jpg,roboflow_skin_problem_clean3,Acne|Wrinkles,,96b71baa1a466cafcdc92e6c8a28eb9ea8d340e1bf8234536b11132f5cbaa6bf,"contains multiple target classes: acne, wrinkle"
dataset/raw/roboflow_skin_problem_clean3/train/56_jpg.rf.7ea524053d2c943d3e5d1936f5840916.jpg,roboflow_skin_problem_clean3,Acne|Blackheads|Eyebags,,b4ac0004ee4008d5f53c98f43004ddb3fef531561bde80013bc87992c0229663,"contains extra/non-target annotations: Blackheads, Eyebags"
dataset/raw/roboflow_skin_problem_clean3/train/642_jpg.rf.7f1ebb267f90faee62dd6a75e95983b4.jpg,roboflow_skin_problem_clean3,Acne|Englarged-Pores|Eyebags,,08fe10cc82325c92c6b6886e7ba00f07cb479d10a3f509d8de74f5146db8663e,contains extra/non-target annotations: Eyebags
dataset/raw/roboflow_skin_problem_clean3/train/levle2_72_png.rf.7f17e407e53438509c1f9fffa063312a.jpg,roboflow_skin_problem_clean3,Acne|Whiteheads,,ee69eaa6624409ff517a83ccd66a179879eb2e8f83b62957249579cc93cd23f1,contains extra/non-target annotations: Whiteheads
dataset/raw/roboflow_skin_problem_clean3/train/levle1_513_jpg.rf.7f4ce5b2dbd8695155e2a8d26e3da7e3.jpg,roboflow_skin_problem_clean3,Acne|Blackheads|Whiteheads,,2c116b8e50806274492214a15b3ef0532ece7ef4d359b05921d66abb8261b56a,"contains extra/non-target annotations: Blackheads, Whiteheads"
dataset/raw/roboflow_skin_problem_clean3/train/levle1_156_jpg.rf.7f61b9361b5132f90fd6a6bc44be422a.jpg,roboflow_skin_problem_clean3,Acne|Blackheads,,722b692fdc962e297da00199fa0150232318947b0395d75e2447cb879fa8333b,contains extra/non-target annotations: Blackheads
dataset/raw/roboflow_skin_problem_clean3/train/478_jpg.rf.7f6a6b7681e747fa74dc6173a3762d51.jpg,roboflow_skin_problem_clean3,Englarged-Pores|Eyebags,,968e4f5425164283b673748fe54ec6e15fc50721f96833c9aa0037688e32b2dc,contains extra/non-target annotations: Eyebags
dataset/raw/roboflow_skin_problem_clean3/train/levle1_483_jpg.rf.7f6e26cd5cf86d31032d2ebe94fe7adf.jpg,roboflow_skin_problem_clean3,Acne|Whiteheads,,bf404144d50227819f7588e06dc00da4b62df66185161511e567d8598837f38d,contains extra/non-target annotations: Whiteheads
dataset/raw/roboflow_skin_problem_clean3/train/kering_-114-_jpg.rf.7f9a41d9acfc3867dfdb2491d9f2a796.jpg,roboflow_skin_problem_clean3,Dry-Skin,,6066889f9f68f19a7a85386a6c6eb071eb687b0c44beac42cfa70272e2caf989,contains extra/non-target annotations: Dry-Skin
dataset/raw/roboflow_skin_problem_clean3/train/kering_-68-_jpg.rf.7fc77db42d084803934d4439b047024d.jpg,roboflow_skin_problem_clean3,Dry-Skin,,295d05a4b0d604b0c6da34842bcc648aa938ba217ba0268cf415d30352a7eba5,contains extra/non-target annotations: Dry-Skin
dataset/raw/roboflow_skin_problem_clean3/train/kering_-97-_jpg.rf.802f2f38874c374704eb69937a4339fa.jpg,roboflow_skin_problem_clean3,Dry-Skin,,b8e9c904a376b6768d2a75e950551cab84d6dada700aee8247be1599cc60560f,contains extra/non-target annotations: Dry-Skin
dataset/raw/roboflow_skin_problem_clean3/train/oily-246-_jpg.rf.7fe21c2ab2b017bef1942bf54c450e44.jpg,roboflow_skin_problem_clean3,Acne|Oily-Skin,,ab690e7996a347a88adac67fcc5f1e6591e79230802a2b57734b3ed2462675b6,contains extra/non-target annotations: Oily-Skin
dataset/raw/roboflow_skin_problem_clean3/train/oily-116-_jpg.rf.80b1bb512df4f8812d5f89e709e8ad8f.jpg,roboflow_skin_problem_clean3,Oily-Skin,,f4ae03abd3e7d788aa4128fdbc61998cf0b9246d19787fd4cf4a0075407cd9b0,contains extra/non-target annotations: Oily-Skin
dataset/raw/roboflow_skin_problem_clean3/train/dry3_jpg.rf.80a4a26b6333970d7805d2d176fe88ba.jpg,roboflow_skin_problem_clean3,Dry-Skin,,8e1d8d39fd1763b3d0641899fae70aa89794be675d481a73bf99242b24abaa66,contains extra/non-target annotations: Dry-Skin
dataset/raw/roboflow_skin_problem_clean3/train/dry25_jpg.rf.80e1c5add70fc962c2695e5fda5cb50c.jpg,roboflow_skin_problem_clean3,Dry-Skin,,b0755e6e6a343484d533ef21c9455cc2e106aa43bd19ff45220f0dc95789fbdd,contains extra/non-target annotations: Dry-Skin
dataset/raw/roboflow_skin_problem_clean3/train/Image_146_jpg.rf.80facb228abbdd5cd08c6147168fa3dd.jpg,roboflow_skin_problem_clean3,Eyebags,,a3cc811e2992eee099682323d02f0c2bb1637cbc8b9d8dda3eb6b1843680325f,contains extra/non-target annotations: Eyebags
dataset/raw/roboflow_skin_problem_clean3/train/357_jpg.rf.8114c6e3f44fcdc31da46671982b6acc.jpg,roboflow_skin_problem_clean3,Acne|Englarged-Pores,,2053b2be09643b91fb945ccbc8036a23760a4dd56f31753acb064ac27ae6319d,"contains multiple target classes: acne, large_pore"
dataset/raw/roboflow_skin_problem_clean3/train/right_before_jpg.rf.8129525ce1ce8b50e7e96c8d29b2e19c.jpg,roboflow_skin_problem_clean3,Skin-Redness,,2d65f66035342db470f8ce9a71bf7b48c906c5fd10d29395c658b93f987e6f8a,contains extra/non-target annotations: Skin-Redness
dataset/raw/roboflow_skin_problem_clean3/train/levle0_296_jpg.rf.8134987aa6a6d8343206078253842301.jpg,roboflow_skin_problem_clean3,Blackheads,,697f8cde4c6356361b1f71fed808d588c22782b59c5358c3759f4d7e4abc6a69,contains extra/non-target annotations: Blackheads
dataset/raw/roboflow_skin_problem_clean3/train/654_jpg.rf.813dc82ee1afab4a5f59f64386e233a5.jpg,roboflow_skin_problem_clean3,Acne|Eyebags,,b76e65329e84037df53c6aa504bd5295889fa6fef16dd68af3ebbc669ee1e390,contains extra/non-target annotations: Eyebags
dataset/raw/roboflow_skin_problem_clean3/train/240_F_276016522_IsVo5qn0aPsII5LGQOrflbfCODHW1OkA_jpg.rf.81cb43bf78a5affa4e0c5eba126af1a9.jpg,roboflow_skin_problem_clean3,Eyebags,,7d8ae36dea28975a1aa898a6a98aae4444b7e91541211500622e08c70f5e71e6,contains extra/non-target annotations: Eyebags
dataset/raw/roboflow_skin_problem_clean3/train/a7_jpg.rf.8147c62ecedff2a47d2c7c36d6faa72d.jpg,roboflow_skin_problem_clean3,Whiteheads,,49288de0336e55d7028d57113aa6f1e893dfdb475d4da8a73f635c46dd61ca87,contains extra/non-target annotations: Whiteheads
dataset/raw/roboflow_skin_problem_clean3/train/berminyak-47_jpg.rf.81dcc59f11af30e94ac9ae29a393daee.jpg,roboflow_skin_problem_clean3,Oily-Skin,,21d53d54832ee0b318cece2d36ff318636906925ee4d131d61c4c18575b6cc53,contains extra/non-target annotations: Oily-Skin
dataset/raw/roboflow_skin_problem_clean3/train/oily28_jpg.rf.8236ee7e505701cfd83cb0377badd064.jpg,roboflow_skin_problem_clean3,Oily-Skin,,aa69ab3d82d4483a0fb2874a66193f634511a4728ab56f17d9735c93278fa06f,contains extra/non-target annotations: Oily-Skin
dataset/raw/roboflow_skin_problem_clean3/train/2501339174_1_jpg.rf.824e13ef0bacb428004516162c3374cf.jpg,roboflow_skin_problem_clean3,Eyebags,,d1c797a4dfe31cf0a0152e1df00fe7418d14ae80c620218313ec96abb6259137,contains extra/non-target annotations: Eyebags
dataset/raw/roboflow_skin_problem_clean3/train/dry27_jpg.rf.826a418538972d79cdc8f2db5f1425b3.jpg,roboflow_skin_problem_clean3,Dry-Skin,,e9f6ab9e2e09f72db40f9ca386133650e088ecc197811489bd6c3e642807e8e7,contains extra/non-target annotations: Dry-Skin
dataset/raw/roboflow_skin_problem_clean3/train/394_jpg.rf.826323151c648be4c8a68c417ba34fd9.jpg,roboflow_skin_problem_clean3,Acne|Eyebags,,af4d36356e23b9352cefd5d73bcae2128a0c1966ed60ee913e379db637c756c2,contains extra/non-target annotations: Eyebags
dataset/raw/roboflow_skin_problem_clean3/train/347_jpg.rf.82145ed450db4e95a6df0151f600af5a.jpg,roboflow_skin_problem_clean3,Acne|Englarged-Pores,,34b26882c338b9e057d88e56993ef61b00175340c98e73354bead89842774c89,"contains multiple target classes: acne, large_pore"
dataset/raw/roboflow_skin_problem_clean3/train/levle1_315_png.rf.831fc914185247eb60910dbfc4cbd300.jpg,roboflow_skin_problem_clean3,Acne|Blackheads,,56f5c0d68a42706e78a066f75773b7d31da7200a733d8a44fe2bef87390007a5,contains extra/non-target annotations: Blackheads
dataset/raw/roboflow_skin_problem_clean3/train/levle1_433_png.rf.82e5936052b52f32ad8fe0cbb0b0c9d5.jpg,roboflow_skin_problem_clean3,Blackheads|Whiteheads,,e24affacf37638dc55fb72750ab415b8e77594fadf912204dd4e20700f293484,"contains extra/non-target annotations: Blackheads, Whiteheads"
dataset/raw/roboflow_skin_problem_clean3/train/426_jpg.rf.836ec3e1e434fce2ca627296ee9a7a47.jpg,roboflow_skin_problem_clean3,Acne|Englarged-Pores,,17971d7549770025ced0b325fc4e082f559ee180849a95517eab14a59a365604,"contains multiple target classes: acne, large_pore"
dataset/raw/roboflow_skin_problem_clean3/train/levle0_21_jpg.rf.83ee82c486e158a93d5c1d6f4f055d0e.jpg,roboflow_skin_problem_clean3,Acne|Whiteheads,,6a48c69513abd91c95248d74ab23d23ab51720f7961bf4406e84f49af1dac368,contains extra/non-target annotations: Whiteheads
dataset/raw/roboflow_skin_problem_clean3/train/324_jpg.rf.8342b62db88776db3e90cd3204b6f1af.jpg,roboflow_skin_problem_clean3,Acne|Wrinkles,,8fb8f35fa08a69df55077a5b9b3edfd1f7b3a84e64b2a2afe5177059bc1b9256,"contains multiple target classes: acne, wrinkle"
dataset/raw/roboflow_skin_problem_clean3/train/kering_-87-_jpg.rf.8407749937db585edfbcb4015a7ececb.jpg,roboflow_skin_problem_clean3,Dry-Skin,,aa84c876bc94b0fc72630b4748df94a639a2316bb6eb526bea1a3504ef3425ae,contains extra/non-target annotations: Dry-Skin
dataset/raw/roboflow_skin_problem_clean3/train/acne-prone-skin_10_jpeg.rf.007859612d9d07b9438938ca6e95815e.jpg,roboflow_skin_problem_clean3,Acne|Oily-Skin,,21aa5c1529211a5c16c1073141d0c1799490baf033d48db09ff15e95dc4bb77e,contains extra/non-target annotations: Oily-Skin
dataset/raw/roboflow_skin_problem_clean3/train/kering-21-_jpg.rf.00a1d44312ca638551a8794d0821b736.jpg,roboflow_skin_problem_clean3,Dry-Skin,,9853cd4d5445a9872650d998ec111e26573d41b7290e9760ced837589918f914,contains extra/non-target annotations: Dry-Skin
dataset/raw/roboflow_skin_problem_clean3/train/Berminyak-27-_JPG.rf.0089f5c1cb2cf93a284327ed305fb13a.jpg,roboflow_skin_problem_clean3,Oily-Skin,,328a2214b12a84efbdd30bea89046576c6bb7908f414d7934d644b8dfe6d78bb,contains extra/non-target annotations: Oily-Skin
dataset/raw/roboflow_skin_problem_clean3/train/levle1_224_jpg.rf.00df22c896de6e30c82ae92471c01058.jpg,roboflow_skin_problem_clean3,Acne|Blackheads,,3f4369d7ece4f93b9ee7aec446490f3e0aef9fe375fffbd523a535a1dbc8f403,contains extra/non-target annotations: Blackheads
dataset/raw/roboflow_skin_problem_clean3/train/624_jpg.rf.00ea8514ddbbeb9768bbfcc4718bf438.jpg,roboflow_skin_problem_clean3,Acne|Englarged-Pores|Wrinkles,,059d44f34c4bd5729661ecd4efefdaa3119166de0eca355a471cdf3633bc02d1,"contains multiple target classes: acne, large_pore, wrinkle"
dataset/raw/roboflow_skin_problem_clean3/train/oily-61-_jpg.rf.00fd58ad35d889be29c8aad613bd57e9.jpg,roboflow_skin_problem_clean3,Englarged-Pores|Oily-Skin,,0dc09b8f36c002a73df40b4ac5c057f3ff06f8f6d0bb3ff184b5d81ed5ef0873,contains extra/non-target annotations: Oily-Skin
dataset/raw/roboflow_skin_problem_clean3/train/oily-224-_jpg.rf.013370d7eb58f0b7a00d97704c0d84f8.jpg,roboflow_skin_problem_clean3,Acne|Englarged-Pores|Oily-Skin,,85d33f1902a60a1b85b095e1d40e9661d27aa74ec76e4163ded3a4b16a4e1948,contains extra/non-target annotations: Oily-Skin
dataset/raw/roboflow_skin_problem_clean3/train/Kering-25-_jpg.rf.017a918deee26fab25759adb9ffa95ba.jpg,roboflow_skin_problem_clean3,Dry-Skin,,c02ae980bf3e53b02ad0008aab08e47c592811d05fd13ce0972af2e195defdeb,contains extra/non-target annotations: Dry-Skin
dataset/raw/roboflow_skin_problem_clean3/train/2091682510_1_jpg.rf.01c7e7b653d91a3ab407f54b82cace8a.jpg,roboflow_skin_problem_clean3,Eyebags,,be58137f1b4a0a77f4a8422c8e3969082fb5a3afed5c542ba626e359dd732ea0,contains extra/non-target annotations: Eyebags
dataset/raw/roboflow_skin_problem_clean3/train/dry10_jpg.rf.0186c3535d9be3e200b6a4988370c6d9.jpg,roboflow_skin_problem_clean3,Dry-Skin,,185181ab390e1e639cf77dbedd59c3fb9ebb323b2dabeed043a2d5e13617c1b8,contains extra/non-target annotations: Dry-Skin
dataset/raw/roboflow_skin_problem_clean3/train/levle0_105_png.rf.01fec432b0daaf534ac4e910b6894738.jpg,roboflow_skin_problem_clean3,Acne|Dark-Spots,,9948d016eec9381eb507e8a0fd2e413d43a628002e4f512dbabb2228bff2b804,"contains multiple target classes: acne, dark_spot"
dataset/raw/roboflow_skin_problem_clean3/train/316_jpg.rf.024665bf5ac61ac0e61cb6b1da372b27.jpg,roboflow_skin_problem_clean3,Englarged-Pores|Wrinkles,,ce6843fad9b7d42ef6aa360cde77a70ff064a272c4cf37447e3ad56b30e5c41b,"contains multiple target classes: large_pore, wrinkle"
dataset/raw/roboflow_skin_problem_clean3/train/kering_-144-_jpg.rf.02201d791093990d9be44d61d465936b.jpg,roboflow_skin_problem_clean3,Dry-Skin,,9635110302cc8bda1d63e024281aa12898cb64d263e1cc4b0dc509556d832b40,contains extra/non-target annotations: Dry-Skin
dataset/raw/roboflow_skin_problem_clean3/train/levle2_84_jpg.rf.027a8a0deb088e07f7e1ec28c43bdebd.jpg,roboflow_skin_problem_clean3,Acne|Blackheads,,b86341f3434c0778c263fb0582d4527fc55cf572ffcf195ad290cf754a1862ea,contains extra/non-target annotations: Blackheads
dataset/raw/roboflow_skin_problem_clean3/train/Image_81_jpg.rf.02b87d25c43887fd1e2c81fdc2fa0991.jpg,roboflow_skin_problem_clean3,Oily-Skin,,52710e10c7b9c39a970a2d0fdc96d0c43b9668281d9e879fff0c15d0ebd8df3d,contains extra/non-target annotations: Oily-Skin
dataset/raw/roboflow_skin_problem_clean3/train/levle0_312_jpg.rf.0330ac8827f2cc925e583b7878952068.jpg,roboflow_skin_problem_clean3,Acne|Whiteheads,,ab92c212df1b63a1972ac3df0d7de30acce979795424a69f97153426690b19d8,contains extra/non-target annotations: Whiteheads
dataset/raw/roboflow_skin_problem_clean3/train/149_jpg.rf.032101663f687444958be36ce673a586.jpg,roboflow_skin_problem_clean3,Acne|Englarged-Pores|Wrinkles,,75fb72c0c8cd00b5b0a8b048a9ba4a6d34b2fba58d819a6fcd92e7217b9982f3,"contains multiple target classes: acne, large_pore, wrinkle"
dataset/raw/roboflow_skin_problem_clean3/train/405_jpg.rf.037bd01cc40530cce431d721f91003ee.jpg,roboflow_skin_problem_clean3,Acne|Wrinkles,,89ead26c143d90a59d5a82ce8bf78f65132f01318ed74db1d8b29de5a425825a,"contains multiple target classes: acne, wrinkle"
dataset/raw/roboflow_skin_problem_clean3/train/412_jpg.rf.039577c22eff3f10379c7872e9a86848.jpg,roboflow_skin_problem_clean3,Acne|Englarged-Pores,,1b62f6353fa9c93947a9104866998c92eff34e0e23a9afe75228084c1af41134,"contains multiple target classes: acne, large_pore"
dataset/raw/roboflow_skin_problem_clean3/train/download_jpg.rf.03b7572635684b1807886a72a3d001b9.jpg,roboflow_skin_problem_clean3,Eyebags,,18ae5d2a04058455540f2d17822d569e68f2821dd205668cf99c3743afc37d9c,contains extra/non-target annotations: Eyebags
dataset/raw/roboflow_skin_problem_clean3/train/293_jpg.rf.03fbd658275f645b69307f7f7a034f4b.jpg,roboflow_skin_problem_clean3,Acne|Blackheads,,6fd87c411a9d44039f95efdfbe560b37bd8e1f293fd466597f43caa4018c0658,contains extra/non-target annotations: Blackheads
dataset/raw/roboflow_skin_problem_clean3/train/_2265062407_jpg.rf.03f63e3faf745520525c1a449fd99dc0.jpg,roboflow_skin_problem_clean3,Skin-Redness,,63ed80a7dd1dc22223c881c97e70ddd74885f7d5e7150a549909cd5512025b66,contains extra/non-target annotations: Skin-Redness
dataset/raw/roboflow_skin_problem_clean3/train/normal-139-_jpg.rf.04cf924d5210b9a8cff91b1d13e9de64.jpg,roboflow_skin_problem_clean3,,,baefc215788156ee6a0edc61a1d7fb3d517ea1c19444190084b7b0bb529b5fee,image has no COCO annotations
dataset/raw/roboflow_skin_problem_clean3/train/kering_-118-_jpg.rf.04dbbbfebb42b8d623d0ed48b21e1d2b.jpg,roboflow_skin_problem_clean3,Dry-Skin,,7e2d9119cfc61f99cb54045c2ff71075f2f4a8965ff70985c0e8258a0b140990,contains extra/non-target annotations: Dry-Skin
dataset/raw/roboflow_skin_problem_clean3/train/Kering-20-_jpeg.rf.04f4184fe0682ad51e386294c9b70cd8.jpg,roboflow_skin_problem_clean3,Dry-Skin,,2036ca15b284bb7c1c9955f528795876bc0be237674543b732e6b80f54877ad5,contains extra/non-target annotations: Dry-Skin
dataset/raw/roboflow_skin_problem_clean3/train/381_jpg.rf.0581b03ba9b0f7a9a8db75725175e823.jpg,roboflow_skin_problem_clean3,Acne|Blackheads|Englarged-Pores|Eyebags,,f235e0dea88d1e8300fd49a30f3da0d884a88b87973f033a4bbed465bb865b74,"contains extra/non-target annotations: Blackheads, Eyebags"
dataset/raw/roboflow_skin_problem_clean3/train/kering-19-_jpg.rf.0588749f93b817f81b9e4f9f38786fc0.jpg,roboflow_skin_problem_clean3,Dry-Skin,,00ea588df7640529d9a630eb2ce70fbd556eaf53a20da7707cc092c0740a407b,contains extra/non-target annotations: Dry-Skin
dataset/raw/roboflow_skin_problem_clean3/train/levle1_64_jpg.rf.0580019a2ecf591fed6ecaa153f77638.jpg,roboflow_skin_problem_clean3,Acne|Whiteheads,,6db4549203019c0b80e72c1ec3b50c7f109154b017b463cd8de28eb73a5753de,contains extra/non-target annotations: Whiteheads
dataset/raw/roboflow_skin_problem_clean3/train/362_jpg.rf.05acf06cd6b25c6f0c9fabff48978f3e.jpg,roboflow_skin_problem_clean3,Acne|Wrinkles,,8a30c87c6e1ef9821c2cd0b445b67fdb655e41babb2ec8539dfa244cfe89be1e,"contains multiple target classes: acne, wrinkle"
dataset/raw/roboflow_skin_problem_clean3/train/dry-skin_10_jpeg.rf.05ea5fd64dd44672fa54cb62c5d83f03.jpg,roboflow_skin_problem_clean3,Dry-Skin,,d4d7a4c519d628de80069cf42c3f5dea3c2551e82e308db5362b223630808951,contains extra/non-target annotations: Dry-Skin
dataset/raw/roboflow_skin_problem_clean3/train/kering-43-_jpg.rf.05e0a5e0e20a1177819d3c1be00345ea.jpg,roboflow_skin_problem_clean3,Dry-Skin,,36ecea7df0397a9d7f7d4386c9a0966cf31b0ac5de1d4014966dcacb0503ec38,contains extra/non-target annotations: Dry-Skin
dataset/raw/roboflow_skin_problem_clean3/train/143_jpg.rf.05e299d284370715fd1b213ea2795039.jpg,roboflow_skin_problem_clean3,Acne|Eyebags|Wrinkles,,e8623f3764869769874df09f17aab9cbb055f682f3cf78dd3f7126ec50f9e277,contains extra/non-target annotations: Eyebags
dataset/raw/roboflow_skin_problem_clean3/train/626_jpg.rf.06ebac5b59f64da455e1e441b9220fd1.jpg,roboflow_skin_problem_clean3,Acne|Englarged-Pores,,7ced2f2568f13637e996d4a0086248ea23773f54547d465dcca400112df09339,"contains multiple target classes: acne, large_pore"
dataset/raw/roboflow_skin_problem_clean3/train/33_jpeg_jpg.rf.073ca4bfc8f2c1fea58a468168e757d4.jpg,roboflow_skin_problem_clean3,Acne|Whiteheads,,4c6e6bda9a4f2dd1d297f1c4d90d2b3ba42e16e584b77c2d2feff103b1bc1ec2,contains extra/non-target annotations: Whiteheads
dataset/raw/roboflow_skin_problem_clean3/train/2175042512_1_jpg.rf.06123babaeb60954de552b9f319aa374.jpg,roboflow_skin_problem_clean3,Eyebags,,2c37853ada2341b6305eb0b9670063305a95ec37573f68b8621b5a9f7dac39be,contains extra/non-target annotations: Eyebags
dataset/raw/roboflow_skin_problem_clean3/train/berminyak__-26-_jpg.rf.065b1a6cc96ebf6cdb79f09b5d741f6e.jpg,roboflow_skin_problem_clean3,Dry-Skin,,fca5a733b7f3eb563e486ad3aa2cdeac4d893d67993d90c49f79e8ff74ec3964,contains extra/non-target annotations: Dry-Skin
dataset/raw/roboflow_skin_problem_clean3/train/546_jpg.rf.0a531e3f12cee570104f7b7ef9fdca99.jpg,roboflow_skin_problem_clean3,Acne|Blackheads|Eyebags,,b1e2870c2edef45dfa9c96844807d550494dd3fdd19e3c7349d74aa50de41a2a,"contains extra/non-target annotations: Blackheads, Eyebags"
dataset/raw/roboflow_skin_problem_clean3/train/Image_98_jpg.rf.07c131145a83226071a6ee654517c62e.jpg,roboflow_skin_problem_clean3,Oily-Skin,,9c6d123ba831e375fef90a1d7c1df55f9f9a47e5f2370d3e034ff3d2d57f5d91,contains extra/non-target annotations: Oily-Skin
dataset/raw/roboflow_skin_problem_clean3/train/215_jpg.rf.0c056f929fb4a38ed2646f6499eb8925.jpg,roboflow_skin_problem_clean3,Englarged-Pores|Wrinkles,,3c1cf269b53c84df8ee2dbaf87cf3322acadcebb4cb7679044136e9563c5d791,"contains multiple target classes: large_pore, wrinkle"
dataset/raw/roboflow_skin_problem_clean3/train/Img_82_jpg.rf.084bd8099bbf1b01d68d132fa1545bc1.jpg,roboflow_skin_problem_clean3,Eyebags,,442d1c92f97aff6622df01f17d1b2c734e917656173b4a5d07799dc451c90cb0,contains extra/non-target annotations: Eyebags
dataset/raw/roboflow_skin_problem_clean3/train/kering__-33-_jpg.rf.09fe553b3697e8ddbb122b1fe3ffd4b2.jpg,roboflow_skin_problem_clean3,Dry-Skin,,56ee359c8f10e86e73b5f63e5a29511575d055db2b53dd75e72e395bc48c1260,contains extra/non-target annotations: Dry-Skin
dataset/raw/roboflow_skin_problem_clean3/train/dry-150-_jpg.rf.0c736b38a49a20e70f130d0eb802a735.jpg,roboflow_skin_problem_clean3,Dry-Skin,,0358c8950892023033ba8954632b841845542fdac9ca0b9102a6acc8d0ee15e1,contains extra/non-target annotations: Dry-Skin
dataset/raw/roboflow_skin_problem_clean3/train/33_jpg.rf.0d33fc54f8193d10e75b83f0fb8e4fdd.jpg,roboflow_skin_problem_clean3,Acne|Blackheads|Englarged-Pores|Wrinkles,,64c25465ded094930424a5372fb187140f88903fb09f51d5236fd0616b8b61f7,contains extra/non-target annotations: Blackheads
dataset/raw/roboflow_skin_problem_clean3/train/kering_-74-_jpg.rf.0cc45fc1bef42bbe990a1cf60b5b39a5.jpg,roboflow_skin_problem_clean3,Dry-Skin,,10147676403fd3c77f07305ff74bfe6d7acf43485c337ade69fd0ee4ea73a925,contains extra/non-target annotations: Dry-Skin
dataset/raw/roboflow_skin_problem_clean3/train/653_jpg.rf.0801f1f335e0069756531f4458466e90.jpg,roboflow_skin_problem_clean3,Eyebags,,497dbc0b8b3bd5006446b2b8b9e585d1ec79636b57a592c41cfc024ddcaffb36,contains extra/non-target annotations: Eyebags
dataset/raw/roboflow_skin_problem_clean3/train/kering-88-_jpg.rf.0a589f9d3b03a0c0d2982f5179b11bee.jpg,roboflow_skin_problem_clean3,Oily-Skin,,f3e74b84cb6968b4e181b422f070a213d4169e5b2208445e6c5395324856e420,contains extra/non-target annotations: Oily-Skin
dataset/raw/roboflow_skin_problem_clean3/train/kering__-88-_jpg.rf.0a79d46c353273054f54441dc55958b0.jpg,roboflow_skin_problem_clean3,Dry-Skin,,35b623e8ed2bc36616bd341ede1e7131992b941d7b30b1347cff1df5280ce5b3,contains extra/non-target annotations: Dry-Skin
dataset/raw/roboflow_skin_problem_clean3/train/333_jpg.rf.081ce9e405c42be56446ec6323b1c437.jpg,roboflow_skin_problem_clean3,Acne|Englarged-Pores,,f193ec3ad848d358f6c6fb8e35ee0d44196c678dc141801a8d8cc96c9166a07e,"contains multiple target classes: acne, large_pore"
dataset/raw/roboflow_skin_problem_clean3/train/44_jpg.rf.0af8d69d797ece9fedfe6023476c6422.jpg,roboflow_skin_problem_clean3,Blackheads,,c5fb7c89828e42d2f234b2609b3f6480d97c17d6e2f1f3a89183c02752ff1774,contains extra/non-target annotations: Blackheads
dataset/raw/roboflow_skin_problem_clean3/train/kering-33-_jpg.rf.077a5836ce7c206287ef152d81644590.jpg,roboflow_skin_problem_clean3,Dry-Skin,,24c700e8f97100350f0585d9fa3fb0da41d249b8873081f041f020bdeaa390dc,contains extra/non-target annotations: Dry-Skin
dataset/raw/roboflow_skin_problem_clean3/train/kering_-57-_jpg.rf.079e012246a19ae1ee8c51b90cf775e9.jpg,roboflow_skin_problem_clean3,Dry-Skin,,c85eb4c1e24ee6f9a4d03118ebfe058cdde8e5f1056fdd56993cf0cf2f113a52,contains extra/non-target annotations: Dry-Skin
dataset/raw/roboflow_skin_problem_clean3/train/100_jpg.rf.0a12f6288b072a21bea5f5f6a4936aaf.jpg,roboflow_skin_problem_clean3,Acne|Blackheads,,532376eaaa805769e3a7a08dba0a0d958684c2e5cc3210cdba997cc35d2c18b6,contains extra/non-target annotations: Blackheads
dataset/raw/roboflow_skin_problem_clean3/train/483_jpg.rf.0ce33e3b00388d00e8c39c5b54261d54.jpg,roboflow_skin_problem_clean3,Acne|Englarged-Pores,,3c95634f61c79fedf0acea76ee0d3e4edbcc80cacc29ae7056ded19dd98e440e,"contains multiple target classes: acne, large_pore"
dataset/raw/roboflow_skin_problem_clean3/train/oily-177-_jpg.rf.091cf03b0ee3700d8ff1aeab3b017ea4.jpg,roboflow_skin_problem_clean3,Acne|Englarged-Pores,,241b5b14e19a0487469d7c81526c95cf8d10e2122a3445a15b9dc461df76730f,"contains multiple target classes: acne, large_pore"
dataset/raw/roboflow_skin_problem_clean3/train/dry15_jpg.rf.0ba2b626f08d94d0acbddda368356ead.jpg,roboflow_skin_problem_clean3,Dry-Skin,,7d38342e9b5105943155d873a9564e6ef3e74a394b71fcda1401d964a850244d,contains extra/non-target annotations: Dry-Skin
dataset/raw/roboflow_skin_problem_clean3/train/levle1_207_jpg.rf.0d35501c03a73873e5b2760bfce71cab.jpg,roboflow_skin_problem_clean3,Acne|Blackheads|Whiteheads,,2efbc19632145b27ce4a7897b33151dfb7a33a8a57e5e48fc9553eeeaed8f877,"contains extra/non-target annotations: Blackheads, Whiteheads"
dataset/raw/roboflow_skin_problem_clean3/train/kering__-43-_jpg.rf.0d563d97fdb084d99cef0f966abd758a.jpg,roboflow_skin_problem_clean3,Dry-Skin,,73baee56f79c46f361644106b97ea217d8211220905d7b8bb4ef28d59f2c4fbe,contains extra/non-target annotations: Dry-Skin
dataset/raw/roboflow_skin_problem_clean3/train/kering-49-_jpg.rf.0db948ea7546cedeaa53570851e8ca6d.jpg,roboflow_skin_problem_clean3,Dry-Skin,,690b3638f5bd14b266aa30e9e8a1cb2b7be6c08e418a4cb6f9701e3b2a00e00b,contains extra/non-target annotations: Dry-Skin
dataset/raw/roboflow_skin_problem_clean3/train/Image_130_jpg.rf.0e3b08f0c413106966e40ea57af02d8c.jpg,roboflow_skin_problem_clean3,Eyebags,,9a773c657d8b8545ee3c9af625bf457f805b4afe1b612f9c01e55ed2ede226df,contains extra/non-target annotations: Eyebags
dataset/raw/roboflow_skin_problem_clean3/train/levle1_168_jpg.rf.0e41160e29624e1aa4f47e5a01672a6a.jpg,roboflow_skin_problem_clean3,Acne|Blackheads,,4e1b0d28b0298da29e2168834fd94349e8cbf273e3b431e730baad1db54ac5e7,contains extra/non-target annotations: Blackheads
dataset/raw/roboflow_skin_problem_clean3/train/105_jpg.rf.0e6fc5279db9e4172779df063da23782.jpg,roboflow_skin_problem_clean3,Acne|Wrinkles,,f921a86395f4f58d3eef38c02e7767faeaed4c72a3ff74fa80ce186033629d0a,"contains multiple target classes: acne, wrinkle"
dataset/raw/roboflow_skin_problem_clean3/train/Image_140_jpg.rf.0ee3a9e28374eca0bc4ddfbbff7031cd.jpg,roboflow_skin_problem_clean3,Dry-Skin,,e6dc2322a94d6b020db1ff530dacc42cfd9be1d5a1772b005a4e9805026b4d85,contains extra/non-target annotations: Dry-Skin
dataset/raw/roboflow_skin_problem_clean3/train/levle1_200_png.rf.0ea1fad8fc3726f79f895022fb8190ea.jpg,roboflow_skin_problem_clean3,Acne|Blackheads|Whiteheads,,ce5a32f1ced0106144942167ca2fd174b920af297099819826b3a7a57317b890,"contains extra/non-target annotations: Blackheads, Whiteheads"
dataset/raw/roboflow_skin_problem_clean3/train/oily-102-_jpg.rf.0e6fca723abc99e3c7ffd3fb6b50de2c.jpg,roboflow_skin_problem_clean3,Acne|Oily-Skin,,6d4a894b195ec5773d610372aa28db692e256c504954b084c810f1ad494e25d1,contains extra/non-target annotations: Oily-Skin
dataset/raw/roboflow_skin_problem_clean3/train/levle1_175_jpg.rf.0f0b5f96c7b0228665bbae10a44e33e6.jpg,roboflow_skin_problem_clean3,Acne|Whiteheads,,faae5c7f1215ce7e41c67d84b967584d75b4806b5a855485e9e36a4b54052033,contains extra/non-target annotations: Whiteheads
dataset/raw/roboflow_skin_problem_clean3/train/kering-13-_jpg.rf.0f582ad82548f74af117b1514e2e8de3.jpg,roboflow_skin_problem_clean3,Dry-Skin,,e1a50d7b4a9a95d4d5d7c540fff9f475e402ad7409e230ec1d4fc37b2f1a75ac,contains extra/non-target annotations: Dry-Skin
dataset/raw/roboflow_skin_problem_clean3/train/levle0_127_jpg.rf.0ed2c29c4ee472d59175ff5d5e20c36c.jpg,roboflow_skin_problem_clean3,Acne|Blackheads,,84e1d0b50717d7ff53cf504a3a58c109f123a37ca93299e62709c0dfba2cf561,contains extra/non-target annotations: Blackheads
dataset/raw/roboflow_skin_problem_clean3/train/oily59_jpg.rf.0f594a127194f15d6a973cb06cffb0cb.jpg,roboflow_skin_problem_clean3,Oily-Skin,,17da9a10724bc8f03fc7586b62c4cac32afde9e12034a6f774b6287ee583cea5,contains extra/non-target annotations: Oily-Skin
dataset/raw/roboflow_skin_problem_clean3/train/01F3MMXHDK6SC93PVPSB2MFG62_jpeg_jpg.rf.0f6a45a1268739564b87387dd157f853.jpg,roboflow_skin_problem_clean3,Acne|Whiteheads,,25af1ba3c79ff05e87f8e764e9ec64727827d8bf329c96a6f89443db346d773f,contains extra/non-target annotations: Whiteheads
dataset/raw/roboflow_skin_problem_clean3/train/337_jpg.rf.0f7e593d438bf1c57c4a225321d67b79.jpg,roboflow_skin_problem_clean3,Acne|Wrinkles,,05f50c4a914c71463104dcbe9590708124fad04b085e4a81a70be76af2c628db,"contains multiple target classes: acne, wrinkle"
dataset/raw/roboflow_skin_problem_clean3/train/levle1_225_jpg.rf.0f6724377330af2c7abe038f685b4011.jpg,roboflow_skin_problem_clean3,Acne|Blackheads,,b1465f6c39bcfe1f0bf80ad0dbedc89aa57e64836f47626c7c3ab4d2178dfe78,contains extra/non-target annotations: Blackheads
dataset/raw/roboflow_skin_problem_clean3/train/593_jpg.rf.0ff2b49d74d86556b3fd36756ae2ac35.jpg,roboflow_skin_problem_clean3,Acne|Wrinkles,,fb643b220c843878216225ae24b81695e0b0030f439c3ed0bca5787430ca8105,"contains multiple target classes: acne, wrinkle"
dataset/raw/roboflow_skin_problem_clean3/train/kering_-4-_jpg.rf.10307e16287480cd21ee3bcec26a0ce3.jpg,roboflow_skin_problem_clean3,Dry-Skin,,e05ec6f2f32ffb466616b7f72d20ae9a759ba9663bfc13cbde3982e3d08987b0,contains extra/non-target annotations: Dry-Skin
dataset/raw/roboflow_skin_problem_clean3/train/144_jpg.rf.1053a6986c1bc6103bfd19fb8dc8ce8c.jpg,roboflow_skin_problem_clean3,Acne|Eyebags|Wrinkles,,80bbe501683203eef46e6499985628eafed955ad1d0d39b214f77748fa9309ba,contains extra/non-target annotations: Eyebags
dataset/raw/roboflow_skin_problem_clean3/train/Berminyak205_jpg.rf.106a683fb5274ee275e3d4e469962126.jpg,roboflow_skin_problem_clean3,Oily-Skin,,2de7c8503ccd2d568ad152724d2a9c65a8f1bcd161e202af96494532da313214,contains extra/non-target annotations: Oily-Skin
dataset/raw/roboflow_skin_problem_clean3/train/509_jpg.rf.10ab350c4cf48df2ba9be2f13f1af53f.jpg,roboflow_skin_problem_clean3,Acne|Eyebags,,a5b25123585dcf8b833577306245adb74c2c3e16b80c14b83db4da7a70d16473,contains extra/non-target annotations: Eyebags
dataset/raw/roboflow_skin_problem_clean3/train/111_jpg.rf.10c3e3b25a4a7630cf1072d1a7244aaa.jpg,roboflow_skin_problem_clean3,Acne|Blackheads,,8f2e1e911193ec41f08429c060bb384170451b4b643b394eebe7285f6f45736d,contains extra/non-target annotations: Blackheads
dataset/raw/roboflow_skin_problem_clean3/train/levle0_92_jpg.rf.11535e411ea5ebd39226562a5ce99402.jpg,roboflow_skin_problem_clean3,Acne|Whiteheads,,f2f53d92471bc70f90e4b6924a931bcd1f78e5a6464f02efc4d3d1d6be9b6e20,contains extra/non-target annotations: Whiteheads
dataset/raw/roboflow_skin_problem_clean3/train/levle1_271_png.rf.11b20c647d5998a472e47f508b486fa4.jpg,roboflow_skin_problem_clean3,Acne|Whiteheads,,ba7e26fa7a25188eac95105e407e23e700b744a564f57e22c3792102da4d6928,contains extra/non-target annotations: Whiteheads
dataset/raw/roboflow_skin_problem_clean3/train/669_jpg.rf.12858120a44df312b967afaf6bb8a3d6.jpg,roboflow_skin_problem_clean3,Acne|Englarged-Pores,,d2d590785ad450413e4e3c7caebc6e5503c0aa2e1ea41c195347a8cb65bb70ba,"contains multiple target classes: acne, large_pore"
dataset/raw/roboflow_skin_problem_clean3/train/Kering-29-_jpeg.rf.1297ad68e056287ffc9d00759706e73b.jpg,roboflow_skin_problem_clean3,Dry-Skin,,c13bc9e77e2192195e3de1ad4a6f5f354966cbbd5e59fbc8024218f485be6d15,contains extra/non-target annotations: Dry-Skin
dataset/raw/roboflow_skin_problem_clean3/train/kering_-94-_jpg.rf.11894e403c78da45c326a56eab83071e.jpg,roboflow_skin_problem_clean3,Dry-Skin,,0160a0c5226d3b0092b6122ca804701d1109def0a1017a0122fff69d7e578cc3,contains extra/non-target annotations: Dry-Skin
dataset/raw/roboflow_skin_problem_clean3/train/kering_-35-_jpg.rf.11360d8e2beeefa6d56a7094131ddacf.jpg,roboflow_skin_problem_clean3,Dry-Skin,,f6900c26626ad9913e5749633e01cf0c9ebc88a349aee4ed24428c4d2b218714,contains extra/non-target annotations: Dry-Skin
dataset/raw/roboflow_skin_problem_clean3/train/438_jpg.rf.12a7b6a9e4661da013e3ffe4c7d7f365.jpg,roboflow_skin_problem_clean3,Acne|Englarged-Pores|Eyebags,,70355f6e4d33ae0a8ec124bb4bf73b8e1f305f7a30e68605ae00adae5a3863c5,contains extra/non-target annotations: Eyebags
dataset/raw/roboflow_skin_problem_clean3/train/levle1_56_png.rf.121493bf9c984bfdb3a20031d82958a5.jpg,roboflow_skin_problem_clean3,Acne|Blackheads|Whiteheads,,837605beb2532a26e68173f727e5e77e935696dce5f3826edc4570c4d8894fff,"contains extra/non-target annotations: Blackheads, Whiteheads"
dataset/raw/roboflow_skin_problem_clean3/train/Kering-31-_jpg.rf.12bd11ec11dbed9f0b84eac62c2c0c7e.jpg,roboflow_skin_problem_clean3,Dry-Skin,,3ebfc8872c0fedd245ac20ee9931c032f95fb9f9a48f5b2c63cf6abecc9bcd79,contains extra/non-target annotations: Dry-Skin
dataset/raw/roboflow_skin_problem_clean3/train/Berminyak-4-_jpeg.rf.12beb3dd86e7bbd0baa76f19bddb65de.jpg,roboflow_skin_problem_clean3,Oily-Skin,,6a3f26491b6baaf92dc9f299b9b2fa3903a64cbde6f2ccf11e12df8540cf8ab2,contains extra/non-target annotations: Oily-Skin
dataset/raw/roboflow_skin_problem_clean3/train/01F3MMX6SD07BKJYXNPC9DHQTD_jpeg_jpg.rf.1309a63ccc920aaeb5d6b5ee17bbe82c.jpg,roboflow_skin_problem_clean3,Blackheads,,3b5169b5993b4044cf0028f35734d58f1c0da1066acd51c975dd45e4fcd98ef3,contains extra/non-target annotations: Blackheads
dataset/raw/roboflow_skin_problem_clean3/train/levle1_338_png.rf.130ee422446f63e2f330388a87fbb395.jpg,roboflow_skin_problem_clean3,Acne|Blackheads,,44c9ba708b7e7adfb4ac604998637332e9834a034a7a1a883b0c7c02c6b4fdfe,contains extra/non-target annotations: Blackheads
dataset/raw/roboflow_skin_problem_clean3/train/kering__-71-_jpg.rf.13609c684b81372243af00e1fa666b7b.jpg,roboflow_skin_problem_clean3,Dry-Skin,,76f606bbbf316b01851082a832e1b044451ae5057d783afd7a7537b043ba4891,contains extra/non-target annotations: Dry-Skin
dataset/raw/roboflow_skin_problem_clean3/train/kering_-25-_jpg.rf.13588a113180cf8b4778d1b2c1b79743.jpg,roboflow_skin_problem_clean3,Dry-Skin,,8957aec99404703518d1e89354c0852a26e54521115c62d13c0a4d43b760567c,contains extra/non-target annotations: Dry-Skin
dataset/raw/roboflow_skin_problem_clean3/train/oily54_jpg.rf.132cbb2b5dda8e1a46b62889470bf731.jpg,roboflow_skin_problem_clean3,Oily-Skin,,b3915c3bb8ad65fcaa8ecab85d8edc6ca125aefea650620ac7b9263c02089c22,contains extra/non-target annotations: Oily-Skin
dataset/raw/roboflow_skin_problem_clean3/train/a3_jpg.rf.1388e0540279c45c7117ceed88dbe3c8.jpg,roboflow_skin_problem_clean3,Whiteheads,,73fbed4ebd9a430814764d7056632b1fc0d723e55c81bc033e6ae8f621a1e5f5,contains extra/non-target annotations: Whiteheads
dataset/raw/roboflow_skin_problem_clean3/train/240_F_203088174_Y10HdNxqyBbEFTBctiIDfMBQNO8Ze3p2_jpg.rf.13ccb11859fa60f787206c4aa4dcae44.jpg,roboflow_skin_problem_clean3,Eyebags,,061e2374e8d374ae9b6ab7f59cebefd5c370e9f49ef60bc5e7d01410a76190d4,contains extra/non-target annotations: Eyebags
dataset/raw/roboflow_skin_problem_clean3/train/Berminyak-11-_jpg.rf.138c114cb3c74124d8eabfd7ced83f91.jpg,roboflow_skin_problem_clean3,Oily-Skin,,9d1502fdf87523398fc38505e42dc7ac58e50362e43ce906369e8071c779f7ee,contains extra/non-target annotations: Oily-Skin
dataset/raw/roboflow_skin_problem_clean3/train/levle2_178_jpg.rf.1457d321e0e12d5016a340e35bf93cc8.jpg,roboflow_skin_problem_clean3,Acne|Blackheads|Whiteheads,,c778d03999e41dd19305ace09ec577a4c1422e6c642ca6bb6659d40f1b507f87,"contains extra/non-target annotations: Blackheads, Whiteheads"
dataset/raw/roboflow_skin_problem_clean3/train/kering_-38-_jpg.rf.14b44f5406c93233ce45451b23fcce7e.jpg,roboflow_skin_problem_clean3,Dry-Skin,,06817593db1701c334bfdcb615a8bb876021e18ab0568ffc17efe6ab41a10675,contains extra/non-target annotations: Dry-Skin
dataset/raw/roboflow_skin_problem_clean3/train/576_jpg.rf.14314eb5429caee41cac750334671869.jpg,roboflow_skin_problem_clean3,Acne|Englarged-Pores,,cd3447924d798a7a64e2525b80c17f69536a81c506664a7d05f06ac8449ae3f7,"contains multiple target classes: acne, large_pore"
dataset/raw/roboflow_skin_problem_clean3/train/oily-145-_jpg.rf.14e073f9dc24c37f1a934bb0b960c7e4.jpg,roboflow_skin_problem_clean3,Acne|Oily-Skin,,d2b3bd0d83af514eb66686d4558c32bd3a874cdc93a2820b865e480db8b2727b,contains extra/non-target annotations: Oily-Skin
dataset/raw/roboflow_skin_problem_clean3/train/Screenshot-2023-03-29-144433_png.rf.1508f8085ec0f83de7bc3f69d2eacb19.jpg,roboflow_skin_problem_clean3,Skin-Redness,,b77da494be71b47645505b1072aa11e142d4af5d363e845d1455adfa3e590172,contains extra/non-target annotations: Skin-Redness
dataset/raw/roboflow_skin_problem_clean3/train/dry-skin_15_jpeg.rf.14fcdfc986d016335c5affd8602b6015.jpg,roboflow_skin_problem_clean3,Dry-Skin,,3974f78d093b5fe32098356670c6199cca1df6c775e1d89271592e0ef4a5c246,contains extra/non-target annotations: Dry-Skin
dataset/raw/roboflow_skin_problem_clean3/train/240_F_110479910_n9eh4gcWPH8kOGIWN8ZD1PvfQ9XhloHO_jpg.rf.15379d18f1a237ca13450cf564166027.jpg,roboflow_skin_problem_clean3,Eyebags,,0b8b78c09ec3d993f8d360f976417f8957ff49ffae00c717808fc8b0c4f789b4,contains extra/non-target annotations: Eyebags
dataset/raw/roboflow_skin_problem_clean3/train/240_F_477645690_E0R8uapTGEyyv0cwUM9P06Uk78kiLPXW_jpg.rf.156af4c2ffbfbda05b13698e52f89413.jpg,roboflow_skin_problem_clean3,Eyebags,,bf1d36456ca76c18953f9fe3f937b70552f699d4726763472fc46da73cb65d36,contains extra/non-target annotations: Eyebags
dataset/raw/roboflow_skin_problem_clean3/train/319_jpg.rf.15450b026f4535e9be5d0ffc09338f69.jpg,roboflow_skin_problem_clean3,Acne|Blackheads,,96fcb68dc5326c0c83290e005b967bb506be04cee6ef9c269460d87bd6425e07,contains extra/non-target annotations: Blackheads
dataset/raw/roboflow_skin_problem_clean3/train/Berminyak131_jpg.rf.157b6961080db45c316ceb90bd5ba460.jpg,roboflow_skin_problem_clean3,Dry-Skin,,2dfa775231557933ba98f96fcbd93de4624d7ecb21891f377f265f1c1cb6ab18,contains extra/non-target annotations: Dry-Skin
dataset/raw/roboflow_skin_problem_clean3/train/kering-36-_jpg.rf.156df35984edf87035230cb8ab608008.jpg,roboflow_skin_problem_clean3,Dry-Skin,,1d811f903109a9de62dee7a69fa39167162f427dacb6db39bb87398e98a84b83,contains extra/non-target annotations: Dry-Skin
dataset/raw/roboflow_skin_problem_clean3/train/levle1_474_jpg.rf.1585dcce7ba3a177e823631486564831.jpg,roboflow_skin_problem_clean3,Acne|Whiteheads,,dd17fb4e16c718c0333a577910c8c0135c95cd1c4e61f3b025ee4196f891fddf,contains extra/non-target annotations: Whiteheads
dataset/raw/roboflow_skin_problem_clean3/train/Kering-10-_jpeg.rf.157e2e69c98f8955f9a9a0c03c7a4456.jpg,roboflow_skin_problem_clean3,Dry-Skin,,5557d7a02104aab20b611f755de0a88bb87a1498da04f9cc17fbe69394072b8c,contains extra/non-target annotations: Dry-Skin
dataset/raw/roboflow_skin_problem_clean3/train/levle3_91_jpg.rf.15d7a2eafc4eff8111725efde1e83281.jpg,roboflow_skin_problem_clean3,Acne|Blackheads,,03b680d7d5896e4c523eac2ffa4441dca698e3fdc98d7150062203483a1ac9b4,contains extra/non-target annotations: Blackheads
dataset/raw/roboflow_skin_problem_clean3/train/Berminyak-7-_jpg.rf.15d697076e862f73d9469f6294236599.jpg,roboflow_skin_problem_clean3,Oily-Skin,,0055df681635f46a0a86be3d844c0ba9e970822dd1c855b93d1b7ee440ff0ec2,contains extra/non-target annotations: Oily-Skin
dataset/raw/roboflow_skin_problem_clean3/train/levle1_190_png.rf.15ee7af3687794822c11a370fe962a27.jpg,roboflow_skin_problem_clean3,Acne|Blackheads,,dc53d0a042041761257bdd0c73cc31bb54dd0e927797d56c7b12d31ad51ad3b1,contains extra/non-target annotations: Blackheads
dataset/raw/roboflow_skin_problem_clean3/train/2437904540_1_jpg.rf.16014eb6d4f36d709700ea865406cf31.jpg,roboflow_skin_problem_clean3,Eyebags,,cae586d54c089e027e97f571ff8dbd64bf7e817514df087ced258ab1af34d2ba,contains extra/non-target annotations: Eyebags
dataset/raw/roboflow_skin_problem_clean3/train/Berminyak-15-_jpeg.rf.163622ffe4ae29cb43fe98ea546820f4.jpg,roboflow_skin_problem_clean3,Oily-Skin,,373614550085aa69e1a9e7f5fbe35946b1d6f82a9b83d83de97135820f46b157,contains extra/non-target annotations: Oily-Skin
dataset/raw/roboflow_skin_problem_clean3/train/oily17_jpg.rf.175c87fecc102442bb11ecc88dbd602b.jpg,roboflow_skin_problem_clean3,Oily-Skin,,e6b5321aef3e7a74ecf4ce02bc91e2b14c624eedecc410e0534cc56e24527cf0,contains extra/non-target annotations: Oily-Skin
dataset/raw/roboflow_skin_problem_clean3/train/levle0_189_jpg.rf.17257fd0113dc988edfe01f9d99cf324.jpg,roboflow_skin_problem_clean3,Acne|Blackheads|Whiteheads,,30b3576ebbd04b32126a51a3e748939df537e07b2fb3c93f6213ed955b527a58,"contains extra/non-target annotations: Blackheads, Whiteheads"
dataset/raw/roboflow_skin_problem_clean3/train/levle0_427_jpg.rf.176975f0fe7305fd0a9413810041ec95.jpg,roboflow_skin_problem_clean3,Acne|Blackheads,,cd253f344aac967f21af03a2ecf1050cddde2f29a58cdf5a47725566ba42e6b7,contains extra/non-target annotations: Blackheads
dataset/raw/roboflow_skin_problem_clean3/train/oily34_jpg.rf.18b34657e9ab6a699285d3c3160ce3e7.jpg,roboflow_skin_problem_clean3,Oily-Skin,,a5f08d4ddf5bbc4f158e33ee3ae4517ce911277d20ce4b898d221cd2c50f60b7,contains extra/non-target annotations: Oily-Skin
dataset/raw/roboflow_skin_problem_clean3/train/Image_60_jpg.rf.18abe877f29fe97bcbc855b49db3276b.jpg,roboflow_skin_problem_clean3,Dry-Skin,,44baf90bb1c8a1585e63d3e7e6d0ad007579aeee30242df1888c7cd0af79ea48,contains extra/non-target annotations: Dry-Skin
dataset/raw/roboflow_skin_problem_clean3/train/dry-162-_jpg.rf.1805c5ee36108603571f2122827cac93.jpg,roboflow_skin_problem_clean3,Blackheads,,115d24d24c71616db4882bf1def6b79e06377773a651bcdd6a01652b6b98557b,contains extra/non-target annotations: Blackheads
dataset/raw/roboflow_skin_problem_clean3/train/206_jpg.rf.18caeea69a98c99da49e660a00752b2c.jpg,roboflow_skin_problem_clean3,Acne|Eyebags,,329e12a158f6bb294f9c351725eeec5441c84df46777ea88e4db3b29bfee6342,contains extra/non-target annotations: Eyebags
dataset/raw/roboflow_skin_problem_clean3/train/437_jpg.rf.18cc4d505e8e6e411dbd5ef61a8daf40.jpg,roboflow_skin_problem_clean3,Englarged-Pores|Eyebags,,9711462484e301c60e0a030b70e9a34922b7f8a7dfad5f91969dbbdbcc4f5e81,contains extra/non-target annotations: Eyebags
dataset/raw/roboflow_skin_problem_clean3/train/berminyak__-44-_jpg.rf.18def7e69cdd7dd0426cae84b806413f.jpg,roboflow_skin_problem_clean3,Oily-Skin,,ee20ed0a4f13e22cc1d18d7b6dd93974679407e15651357018f273e5da1f8f13,contains extra/non-target annotations: Oily-Skin
dataset/raw/roboflow_skin_problem_clean3/train/levle1_411_jpg.rf.19500a09b07be7ee64c6439808c98f79.jpg,roboflow_skin_problem_clean3,Acne|Blackheads|Whiteheads,,ac9028c416c7a956cecc8c7c30f5f121be07b0c56fb9256dd5ca16503fc0b54b,"contains extra/non-target annotations: Blackheads, Whiteheads"
dataset/raw/roboflow_skin_problem_clean3/train/Kering-6-_JPG.rf.19afe710531a586bcbf4e62d32ad06da.jpg,roboflow_skin_problem_clean3,Dry-Skin,,f4c767df923beb81f1c03e7ed2fbee13e2183b5b1794e984d496949779392cf1,contains extra/non-target annotations: Dry-Skin
dataset/raw/roboflow_skin_problem_clean3/train/71_jpg.rf.1a1605105a243f75ee0bf7d1183794c3.jpg,roboflow_skin_problem_clean3,Acne|Englarged-Pores,,e8ec19226df06e1545d612cb399bc5df03e7233249a67339330e1f44b2147733,"contains multiple target classes: acne, large_pore"
dataset/raw/roboflow_skin_problem_clean3/train/Berminyak-15-_jpg.rf.1a3b994b2b7ae1e05103e64f3967928a.jpg,roboflow_skin_problem_clean3,Oily-Skin,,95c88f28db072abbdb2f983cc0605ef8a5d7c43291b147c6381ac39c1babebab,contains extra/non-target annotations: Oily-Skin
dataset/raw/roboflow_skin_problem_clean3/train/kering-3-_jpg.rf.1b1dc54eac4b9f316069e0752a2126b8.jpg,roboflow_skin_problem_clean3,Dry-Skin,,2d4d39d5e002f0d0d60139dcf78e0b3a3a2ee6ea867291ef072d475b3970320f,contains extra/non-target annotations: Dry-Skin
dataset/raw/roboflow_skin_problem_clean3/train/Kering-1-_JPG.rf.1ab9c27f2a20280639d8124bea5e407a.jpg,roboflow_skin_problem_clean3,Dry-Skin,,a45a089de4940248cdabdab769319694ad2e151d35bb0b8042fd87ba08ea0a8b,contains extra/non-target annotations: Dry-Skin
dataset/raw/roboflow_skin_problem_clean3/train/levle2_44_jpg.rf.1a7a9877f0694cc489370fc38c8514fa.jpg,roboflow_skin_problem_clean3,Acne|Blackheads,,5a7f15381532f927fd16680e99fbc3859445dbd9290f5a4a8978e9d79f0785fe,contains extra/non-target annotations: Blackheads
dataset/raw/roboflow_skin_problem_clean3/train/Berminyak-21-_jpeg.rf.1b249902a9c4c04e7f73740df3493333.jpg,roboflow_skin_problem_clean3,Oily-Skin,,be47f88e2a88685e9a5fb4899283abdb218c9b9ae2c52e4bacac1b0a3e125b32,contains extra/non-target annotations: Oily-Skin
dataset/raw/roboflow_skin_problem_clean3/train/di-ung-da-mat_jpg.rf.1b3106c5679967d497651f337af60485.jpg,roboflow_skin_problem_clean3,Skin-Redness,,23a7a3efebe1a9b7abfa68b0be89ef5eb5efa400002cf603bcb569608a25d4bc,contains extra/non-target annotations: Skin-Redness
dataset/raw/roboflow_skin_problem_clean3/train/Berminyak-9-_jpg.rf.1bd0b8e03b6fa20e13cc4ee897432740.jpg,roboflow_skin_problem_clean3,Oily-Skin,,36e837fe78e471b4dff203954d929d1927e1a39da5e9d447e43d09c19bff9d03,contains extra/non-target annotations: Oily-Skin
dataset/raw/roboflow_skin_problem_clean3/train/dry23_jpg.rf.1b4859bdcc1955da8a84acb037f95608.jpg,roboflow_skin_problem_clean3,Dry-Skin,,371d1e02c10ef7e019b2a8166edb38d38fd66e6bb277226aef6d60df25966628,contains extra/non-target annotations: Dry-Skin
dataset/raw/roboflow_skin_problem_clean3/train/kering-17-_jpg.rf.1be1109de2a7f3aef73c39b2b65a39d3.jpg,roboflow_skin_problem_clean3,Dry-Skin,,5ca812cac030129fe3707e051e183a9317d3350c41f38d4a4af3ef332b29deed,contains extra/non-target annotations: Dry-Skin
dataset/raw/roboflow_skin_problem_clean3/train/Kering-53-_jpg.rf.1c253e0c9a697165ef4ec8643432a139.jpg,roboflow_skin_problem_clean3,Dry-Skin,,6f21170f1de50f0157aa1a372bb729f6fa77eff879f8ec0e1972473c66125dc1,contains extra/non-target annotations: Dry-Skin
dataset/raw/roboflow_skin_problem_clean3/train/Kering-11-_JPG.rf.1c99d18caba0ce0d71fee121a1aad278.jpg,roboflow_skin_problem_clean3,Dry-Skin,,3fdb63e4e73a6bd0014dffc89e6df59e54f47b5a34c1b10122e591ab02b85267,contains extra/non-target annotations: Dry-Skin
dataset/raw/roboflow_skin_problem_clean3/train/633_jpg.rf.1d0c8edd695a3e11d31ac735b44404f5.jpg,roboflow_skin_problem_clean3,Acne|Englarged-Pores|Wrinkles,,f978b3833e376202ee0c86f2a2c04111abe33cce0bdf5171b1455df6a8195568,"contains multiple target classes: acne, large_pore, wrinkle"
dataset/raw/roboflow_skin_problem_clean3/train/531_jpg.rf.1d37efcc1c2935aa827dbaa573fd7fc6.jpg,roboflow_skin_problem_clean3,Acne|Englarged-Pores,,2cd83988b38aee0c8959e2fbbd31c9325267fa0a613d5f7143f9287e1872348c,"contains multiple target classes: acne, large_pore"
dataset/raw/roboflow_skin_problem_clean3/train/537_jpg.rf.1d3285fb958bf2ed713b478ec3e085ed.jpg,roboflow_skin_problem_clean3,Acne|Eyebags,,c10d295f3406c4486098f546aca59211220d7ef13860f5517780b95cd8654e10,contains extra/non-target annotations: Eyebags
dataset/raw/roboflow_skin_problem_clean3/train/352_jpg.rf.1d74c2c4732d903c6fd0f1c55569d07e.jpg,roboflow_skin_problem_clean3,Acne|Englarged-Pores|Wrinkles,,c28962becd85ff092ecf2054d47db2340a1829e7848fc56595839233f31a7f9f,"contains multiple target classes: acne, large_pore, wrinkle"
dataset/raw/roboflow_skin_problem_clean3/train/Kering-27-_jpg.rf.1d69b4145fb68e252acf130cb5a1cdd3.jpg,roboflow_skin_problem_clean3,Dry-Skin,,48b68c460bd113e115b9ed44ce66958a35175a2d1ca5fb0d2a488fdf9e11199a,contains extra/non-target annotations: Dry-Skin
dataset/raw/roboflow_skin_problem_clean3/train/514_jpg.rf.1d9e8bd1714ca6b23ed0abf97838c479.jpg,roboflow_skin_problem_clean3,Acne|Englarged-Pores|Wrinkles,,e22cab340c9b0d5d7b72e2ad4c60bb18b5c0eeb28a017cb4c0d759618ab70245,"contains multiple target classes: acne, large_pore, wrinkle"
dataset/raw/roboflow_skin_problem_clean3/train/oily-47-_jpg.rf.1deb07087dcd7d744ccc0088d19fa3a8.jpg,roboflow_skin_problem_clean3,Englarged-Pores|Oily-Skin,,025df586bb6dd7df6b19b5643ec232c835abf04174a5ac9eea00255ac5933243,contains extra/non-target annotations: Oily-Skin
dataset/raw/roboflow_skin_problem_clean3/train/kering_-129-_jpg.rf.1dd7a2fbfe7a6dfb59a4f1a8cc4b11eb.jpg,roboflow_skin_problem_clean3,Dry-Skin,,9709aff2243a9af6e29bb06f76c310e02ee340e0b6c663b7f66907222e57d15f,contains extra/non-target annotations: Dry-Skin
dataset/raw/roboflow_skin_problem_clean3/train/oily-220-_jpg.rf.1e1ab55ecb6a5cddc9a04c45ac135ca3.jpg,roboflow_skin_problem_clean3,Acne|Oily-Skin,,d2029f9ee3f9cbeba08e6cae2b276d38189dceb21939555968034b9002676ed1,contains extra/non-target annotations: Oily-Skin
dataset/raw/roboflow_skin_problem_clean3/train/levle1_184_jpg.rf.1e39b67d8c308175dc0bd444cb4b1d2e.jpg,roboflow_skin_problem_clean3,Acne|Blackheads|Whiteheads,,3ecda87b0f2640fcb98cf3e91cd0fc5f353fb17cfa9b68f9ce61646368f461e0,"contains extra/non-target annotations: Blackheads, Whiteheads"
dataset/raw/roboflow_skin_problem_clean3/train/217_jpg.rf.1e40976092cbf55ab95a817635b41b07.jpg,roboflow_skin_problem_clean3,Acne|Englarged-Pores,,62eb4032f2feb3a94ccb109c3dda3d22364a905d6dca26405c96fdf96c864fe6,"contains multiple target classes: acne, large_pore"
dataset/raw/roboflow_skin_problem_clean3/train/27_jpg.rf.1e4a809d79e8f55a2690318eec7c4ade.jpg,roboflow_skin_problem_clean3,Acne|Blackheads|Englarged-Pores,,949746bbf5522928cca6fa921138dbc466f46d74f1191536f7597f81965a1c1a,contains extra/non-target annotations: Blackheads
dataset/raw/roboflow_skin_problem_clean3/train/kering_-29-_jpg.rf.1f11478fc893b0cf93c059838d242a05.jpg,roboflow_skin_problem_clean3,Dry-Skin,,4833a57995a374b625ed55592d4a91045a664ab32206c7ae9a4a8966d47e8fb8,contains extra/non-target annotations: Dry-Skin
dataset/raw/roboflow_skin_problem_clean3/train/590_jpg.rf.1ef562a131682d69a250a2116eafa744.jpg,roboflow_skin_problem_clean3,Englarged-Pores|Eyebags|Wrinkles,,9f9a598f694099f3910cda572a5566def27359411508b81332cfdfd91ba3d8f4,contains extra/non-target annotations: Eyebags
dataset/raw/roboflow_skin_problem_clean3/train/berminyak-40_jpg.rf.1f5571d41865743884ceadd376343978.jpg,roboflow_skin_problem_clean3,Dry-Skin,,475ab4a460bb32542ada9f61167da53fbda8ddb94f76f059599e893c15642fab,contains extra/non-target annotations: Dry-Skin
dataset/raw/roboflow_skin_problem_clean3/train/Image_122_jpg.rf.1f5df8d077f6a726458e2fa5b44a37b0.jpg,roboflow_skin_problem_clean3,Dry-Skin,,bc0391c6b6bd8d90cfbaef71bd2f2fb88b4965e75f8b62f3124b9e25f7d15a9c,contains extra/non-target annotations: Dry-Skin
dataset/raw/roboflow_skin_problem_clean3/train/kering_-79-_jpg.rf.1f408d3dbc47ecc5dc19555f44ba57cd.jpg,roboflow_skin_problem_clean3,Dry-Skin,,aae8d46c41de8c2416f8aea3aa076e9365466ce10654a77ed950e454ecd53e7c,contains extra/non-target annotations: Dry-Skin
dataset/raw/roboflow_skin_problem_clean3/train/levle1_589_jpg.rf.1f9cd79368bd346e9ecfa8ac9327e0b9.jpg,roboflow_skin_problem_clean3,Acne|Blackheads,,fdf3c7d38e28dd53573d4826dcc2fee0a4023a0469d7862e07bbb4e8356a5883,contains extra/non-target annotations: Blackheads
dataset/raw/roboflow_skin_problem_clean3/train/oily-168-_jpg.rf.1fac449b913108b27646b96eef2983b7.jpg,roboflow_skin_problem_clean3,Oily-Skin,,8bffcc074991ecff32b465e56d37c3bd0445e3e318a7d8690f9d15831a31b523,contains extra/non-target annotations: Oily-Skin
dataset/raw/roboflow_skin_problem_clean3/train/levle0_102_jpg.rf.1fa438a379fd1c0b73ce0d50bb4dba5e.jpg,roboflow_skin_problem_clean3,Acne|Blackheads,,d75e5512aa7dd7250afc5c290e982a67b8fb7298de6814662fa151afa1ef21d3,contains extra/non-target annotations: Blackheads
dataset/raw/roboflow_skin_problem_clean3/train/kering-50-_jpg.rf.201a4220dc460dc76cd0c91e68bab7db.jpg,roboflow_skin_problem_clean3,Dry-Skin,,fad0140f96c43d806c15376401826331eb082982c47e90ceee11a69750e5cdc8,contains extra/non-target annotations: Dry-Skin
dataset/raw/roboflow_skin_problem_clean3/train/317_jpg.rf.1fc57de3e6a554806274bd374be46743.jpg,roboflow_skin_problem_clean3,Acne|Englarged-Pores,,04f8e668ba8261f3b9ef774f6f913679802351000c2ec05429b2d88b31a4299d,"contains multiple target classes: acne, large_pore"
dataset/raw/roboflow_skin_problem_clean3/train/Berminyak-22-_jpg.rf.20378142bc8efcc885d513ccc9d87196.jpg,roboflow_skin_problem_clean3,Oily-Skin,,652c81c070ebdd85f11cc86d59d399946c924959b0d068de7715ef4fdc0b6e53,contains extra/non-target annotations: Oily-Skin
dataset/raw/roboflow_skin_problem_clean3/train/Berminyak96_jpg.rf.20406ae81a09f8a5e3d4659e5f4038fa.jpg,roboflow_skin_problem_clean3,Oily-Skin,,fbfdc0ab1357ab62754c00db596606852707a91302b43e471c036385eb7782b3,contains extra/non-target annotations: Oily-Skin
dataset/raw/roboflow_skin_problem_clean3/train/kering__-76-_jpg.rf.205797a820d85fbc9c50489658fd322f.jpg,roboflow_skin_problem_clean3,Dry-Skin,,095551e9d6a80fa7892ac0e7aec0b080f91471d328280ddc7de8694b6ef6e7cc,contains extra/non-target annotations: Dry-Skin
dataset/raw/roboflow_skin_problem_clean3/train/kering_-136-_jpg.rf.20d8d4bc6f29e64ccc196f590d862e50.jpg,roboflow_skin_problem_clean3,Dry-Skin,,a90a824ffe11f9de1051658ee4de75af6ae7a28e38c503713da80420f15468da,contains extra/non-target annotations: Dry-Skin
dataset/raw/roboflow_skin_problem_clean3/train/364_jpg.rf.2084e169b072642f884068165799d6e2.jpg,roboflow_skin_problem_clean3,Acne|Blackheads|Englarged-Pores,,0c89ea3ddb877b32851561261b15da699e46b3b1f5ffede85d2323cf27d5d845,contains extra/non-target annotations: Blackheads
dataset/raw/roboflow_skin_problem_clean3/train/474_jpg.rf.20e65d4b069c71b7548abbcb180cd670.jpg,roboflow_skin_problem_clean3,Acne|Englarged-Pores,,136b7405fe411bba238956784058198018eb5ac8292992b62cbcf375f3001c3a,"contains multiple target classes: acne, large_pore"
dataset/raw/roboflow_skin_problem_clean3/train/kering-2-_jpg.rf.21103245b15cd78602e22d1809054e0b.jpg,roboflow_skin_problem_clean3,Dry-Skin,,cf5e00c6b0c01b7a25ff19452428e916851754265ce045abf71c88bc2cc798fb,contains extra/non-target annotations: Dry-Skin
dataset/raw/roboflow_skin_problem_clean3/train/Image_71_jpg.rf.212bd18b8e09633c2e0e2c2bb558545d.jpg,roboflow_skin_problem_clean3,Oily-Skin,,4475ff7241ee13dc775ed4620ed4e7798c30f4461fd74204942335273b6dc243,contains extra/non-target annotations: Oily-Skin
dataset/raw/roboflow_skin_problem_clean3/train/levle1_360_jpg.rf.20ee1b951cd013131c1ca391b113abb4.jpg,roboflow_skin_problem_clean3,Acne|Whiteheads,,626547e107ec880a1844f0d6747dd54813a63f012af743f480c73abe38f44238,contains extra/non-target annotations: Whiteheads
dataset/raw/roboflow_skin_problem_clean3/train/155_jpg.rf.2164f593a2ff9ed2effedf0a4bc0d54e.jpg,roboflow_skin_problem_clean3,Dry-Skin|Englarged-Pores,,60001b06b35aa0f6edb961fc1328c5af6a321fb692af7ef4598442f148db4e34,contains extra/non-target annotations: Dry-Skin
dataset/raw/roboflow_skin_problem_clean3/train/Image_51_jpg.rf.2160be2452c8fcb6c09152551fd141ef.jpg,roboflow_skin_problem_clean3,Oily-Skin,,8d8ea7d5700fd34173d2a8653a44a2630bc6e04daed41798221a0351a38a1cf1,contains extra/non-target annotations: Oily-Skin
dataset/raw/roboflow_skin_problem_clean3/train/301_jpg.rf.2176a2df269f438fcf744476cc8ed98c.jpg,roboflow_skin_problem_clean3,Acne|Englarged-Pores,,b51cd629809622801e9016c30495b5deae0ac1732467ac85c50af80a8e863283,"contains multiple target classes: acne, large_pore"
dataset/raw/roboflow_skin_problem_clean3/train/berminyak__-16-_jpg.rf.21aa25cf159b349c6b52e583f175247b.jpg,roboflow_skin_problem_clean3,Dry-Skin,,6121ba1a09e17fb55403d08e778762e5d190e21e9616d24278a6d0b7a0bb503c,contains extra/non-target annotations: Dry-Skin
dataset/raw/roboflow_skin_problem_clean3/train/acne-prone-skin_155_jpeg.rf.21878aefbc9fc1a5ff3e18e40dbc1afb.jpg,roboflow_skin_problem_clean3,Oily-Skin,,8b1df1fdc3ec503143468fff0ee9e7ce7e2418ca14af65f5effa5e1e6864a808,contains extra/non-target annotations: Oily-Skin
dataset/raw/roboflow_skin_problem_clean3/train/570_jpg.rf.21ba3cefc73add89fe1e07694fe01caf.jpg,roboflow_skin_problem_clean3,Acne|Eyebags,,2cbde7a270fe6489a43a4f1e026a3d00f991b219b9e14f194ea8899f193bb4fa,contains extra/non-target annotations: Eyebags
dataset/raw/roboflow_skin_problem_clean3/train/levle1_80_jpg.rf.21f9e56eaabef6d0c3623840d0814d63.jpg,roboflow_skin_problem_clean3,Acne|Blackheads|Dark-Spots,,d434bd690aa3e20d04f6b452fb0b05777c9724477afa0b60af765dcad8cb55f6,contains extra/non-target annotations: Blackheads
dataset/raw/roboflow_skin_problem_clean3/train/Kering-42-_jpg.rf.2216ccb8ab8e99ecec80e89e71edff7c.jpg,roboflow_skin_problem_clean3,Dry-Skin,,3c46ee876c6a85738948505ec1971c09c777a87bc4696987014cbf8666ca3715,contains extra/non-target annotations: Dry-Skin
dataset/raw/roboflow_skin_problem_clean3/train/01F3MMZ02QJ70C2QHKWDNJRWV6_jpeg_jpg.rf.2257140a88674a59abe1a79270a909fe.jpg,roboflow_skin_problem_clean3,Whiteheads,,e0ce721df1d0e0caa1e1913210a32cdedea6d3099620229bd92cf46b3c36badf,contains extra/non-target annotations: Whiteheads
dataset/raw/roboflow_skin_problem_clean3/train/2450984791_1_jpg.rf.226f9ce803eb8ccb3c9087af21e69376.jpg,roboflow_skin_problem_clean3,Eyebags,,b5d4600b753f4d37bc056aeaa48902edcd2df7bf7e10fa030e12efea8b415bf4,contains extra/non-target annotations: Eyebags
dataset/raw/roboflow_skin_problem_clean3/train/berminyak__-9-_jpg.rf.2271bb0741cdd7586628644290d2a618.jpg,roboflow_skin_problem_clean3,Dry-Skin,,80ded9c3e4e41ada6ffe99e5d0592ac81d893358d7fe9ea9e0fed1b718ac547c,contains extra/non-target annotations: Dry-Skin
dataset/raw/roboflow_skin_problem_clean3/train/oily21_jpg.rf.22b70448931fadfceaf612d71d14e8c2.jpg,roboflow_skin_problem_clean3,Oily-Skin,,deb40e06c9f3d0a27b1efc5756d58170c23a76936169a94b9093ed2fb57d17b0,contains extra/non-target annotations: Oily-Skin
dataset/raw/roboflow_skin_problem_clean3/train/levle1_7_jpg.rf.22ed0619cb43fb3c46509fc8add608c1.jpg,roboflow_skin_problem_clean3,Acne|Whiteheads,,f096247a90c9c43fea6a1d3667b4d7084134471ce4351e4c68118a7b2dce43e9,contains extra/non-target annotations: Whiteheads
dataset/raw/roboflow_skin_problem_clean3/train/_1869624823_jpg.rf.22901d2050a89b78a15269103bd803f8.jpg,roboflow_skin_problem_clean3,Skin-Redness,,0a5762db581b98cb4b783eed266f38003238a39d19f0ea4e14c8af6fe5179daf,contains extra/non-target annotations: Skin-Redness
dataset/raw/roboflow_skin_problem_clean3/train/kering_-24-_jpg.rf.230f4d237bd7aeeeb2bb9ab79b494801.jpg,roboflow_skin_problem_clean3,Dry-Skin,,41bad5653262d943688ed242d97a8dbadb84806f6c244acb6c2c008f32f18bb1,contains extra/non-target annotations: Dry-Skin
dataset/raw/roboflow_skin_problem_clean3/train/levle1_100_jpg.rf.231f1d788b3fc6a030ac94814f29c052.jpg,roboflow_skin_problem_clean3,Acne|Blackheads,,a28d16056007f74b1850c7b5f2716e11ecf2a72f571856283583f0c8eba55b60,contains extra/non-target annotations: Blackheads
dataset/raw/roboflow_skin_problem_clean3/train/berminyak__-13-_jpg.rf.23e10368e7a803905a4b7e0dcfdad781.jpg,roboflow_skin_problem_clean3,Dry-Skin,,acfb1094597ddb8b99c150fb2da40d8b9a26c932840797dde6bdba319e5ece86,contains extra/non-target annotations: Dry-Skin
dataset/raw/roboflow_skin_problem_clean3/train/Kering-17-_jpeg.rf.2394bd8797bafdba9c2247d50658a602.jpg,roboflow_skin_problem_clean3,Dry-Skin,,6570a93b692f8ec5cbc55b9078131bc03c40f5947378c2c90a8148851781694f,contains extra/non-target annotations: Dry-Skin
dataset/raw/roboflow_skin_problem_clean3/train/kering_-115-_jpg.rf.254d8b3d343e5cfb35ff9039f2535a39.jpg,roboflow_skin_problem_clean3,Dry-Skin,,29779872555702d38ff99d1caadc7d10b2342755d87d3900325f8164141f5c68,contains extra/non-target annotations: Dry-Skin
dataset/raw/roboflow_skin_problem_clean3/train/kering__-90-_jpg.rf.25a4ecff97271577c3ccb632e4bea3de.jpg,roboflow_skin_problem_clean3,Dry-Skin,,3390fdc47143109d427bc9d586eb66666772ad0c3f5a8a13a3a274ff445fb7cb,contains extra/non-target annotations: Dry-Skin
dataset/raw/roboflow_skin_problem_clean3/train/2719469801_1_jpg.rf.25a2849c55156e128f725c5815ac1a43.jpg,roboflow_skin_problem_clean3,Eyebags,,2e3e77f863bd28a459bdd7d1e848c46347c43b63465ab65df86a3bc6dccdf306,contains extra/non-target annotations: Eyebags
dataset/raw/roboflow_skin_problem_clean3/train/levle1_401_jpg.rf.2625eabbc701121a601d2f2c1015d173.jpg,roboflow_skin_problem_clean3,Acne|Blackheads|Whiteheads,,ab6e08fb7d72038a2a03cfea7e608f0ba029114c013c6f8d639d4a34a6a4e3f1,"contains extra/non-target annotations: Blackheads, Whiteheads"
dataset/raw/roboflow_skin_problem_clean3/train/kering-45-_jpg.rf.269c58a91ca07dd04220c75badf6b1d7.jpg,roboflow_skin_problem_clean3,Dry-Skin,,f3c2ee73a7176d873fda8c88cc332b172920665fe6e464457ad55447358f0c93,contains extra/non-target annotations: Dry-Skin
dataset/raw/roboflow_skin_problem_clean3/train/oily-172-_jpg.rf.26702adf5516ad1648d6320036ef2c9e.jpg,roboflow_skin_problem_clean3,Englarged-Pores|Oily-Skin,,d2f811900fdc552fc6b9e60b76fae420ca649b6f2e454f2060c11f0da2dc3d50,contains extra/non-target annotations: Oily-Skin
dataset/raw/roboflow_skin_problem_clean3/train/levle2_102_png.rf.273e12ec6acfdce428b5e931c67e8505.jpg,roboflow_skin_problem_clean3,Acne|Blackheads|Whiteheads,,396a7e629a70db1cb3083866c7380ee69bdcba89727e8340bc880affa59de796,"contains extra/non-target annotations: Blackheads, Whiteheads"
dataset/raw/roboflow_skin_problem_clean3/train/452_jpg.rf.2724c33f2c095a45c2b900d41376bae4.jpg,roboflow_skin_problem_clean3,Acne|Englarged-Pores,,d1ad0272171c8fad085e7e53f5c127da33b9b272b69c0329d994e8694180abbd,"contains multiple target classes: acne, large_pore"
dataset/raw/roboflow_skin_problem_clean3/train/318_jpg.rf.26f7b7b84f70985da56bf5023b83d850.jpg,roboflow_skin_problem_clean3,Acne|Englarged-Pores,,b4124595ec222a3a0465762ab8bcebfa78a893d71cef44ab5f2ed688e4b453d7,"contains multiple target classes: acne, large_pore"
dataset/raw/roboflow_skin_problem_clean3/train/levle0_406_jpg.rf.277b00b4ac1b4bc7b457f35a2c980531.jpg,roboflow_skin_problem_clean3,Acne|Whiteheads,,116ad88018d979ae89a1a79fb0be2bf965d672c44edf018114ffdb7b67f7d8a9,contains extra/non-target annotations: Whiteheads
dataset/raw/roboflow_skin_problem_clean3/train/kering_-72-_jpg.rf.27ee81acf4910048d8c93615054a0103.jpg,roboflow_skin_problem_clean3,Dry-Skin,,2d2511928de4ec2ffb503cb68a63c9f436e2fa68aa3d0668dc4d191fd515279b,contains extra/non-target annotations: Dry-Skin
dataset/raw/roboflow_skin_problem_clean3/train/levle0_527_jpg.rf.275a87e54b42d11561ff886439c937d8.jpg,roboflow_skin_problem_clean3,Acne|Whiteheads,,ad750be3232e3b1e3456e9b1cb979944f8c611553aa2e22e5644cca3d61cc200,contains extra/non-target annotations: Whiteheads
dataset/raw/roboflow_skin_problem_clean3/train/kering__-47-_jpg.rf.281167120c647e6f71e9087fa91956aa.jpg,roboflow_skin_problem_clean3,Dry-Skin,,81b630f846470b569474377a5bec690c68a36a2c0c3d81337d5fae6955e5a32f,contains extra/non-target annotations: Dry-Skin
dataset/raw/roboflow_skin_problem_clean3/train/oily-231-_JPG.rf.28c5a2a3f498a990d96267cbfd4851a6.jpg,roboflow_skin_problem_clean3,Acne|Oily-Skin,,e58716864783211bfeb7da38253743e440e2648f5ac89f5d6952d6566a3e8a5a,contains extra/non-target annotations: Oily-Skin
dataset/raw/roboflow_skin_problem_clean3/train/noi-mao-mach_jpg.rf.28ca6d8476cc1f30824c1450c77a9345.jpg,roboflow_skin_problem_clean3,Skin-Redness,,b2ae4dbac59bd574d47e1ab0603a19f193cd27301868e29286093b24087adde0,contains extra/non-target annotations: Skin-Redness
dataset/raw/roboflow_skin_problem_clean3/train/23a01088b97c930c8fa8c6781a4c2f0d_jpg.rf.288c04679c3ff51992607b89feb93e47.jpg,roboflow_skin_problem_clean3,Dry-Skin,,5553895bf0cca50c0ab5c08a82898b36da84a50f409ff154e26cfeaadfec9d4a,contains extra/non-target annotations: Dry-Skin
dataset/raw/roboflow_skin_problem_clean3/train/361_jpg.rf.28cfa9a3ea36783e543322ad7ecd7c66.jpg,roboflow_skin_problem_clean3,Acne|Englarged-Pores|Eyebags|Wrinkles,,9c31928591efd6f61c88cf253334276cebc92b3fb322bad568fb07163c445087,contains extra/non-target annotations: Eyebags
dataset/raw/roboflow_skin_problem_clean3/train/kering-47-_jpg.rf.29bc385c4b8fac16c0c62449dc262306.jpg,roboflow_skin_problem_clean3,Dry-Skin,,2d5a988f30dda1aef0aa65c15ecfd7274c03d9a56a355e1f3d9529b1abdb180f,contains extra/non-target annotations: Dry-Skin
dataset/raw/roboflow_skin_problem_clean3/train/Berminyak88_jpg.rf.29c8c86b05e039e216503e14b473eb67.jpg,roboflow_skin_problem_clean3,Dry-Skin,,7e1c625b4a164784a74fec7b59aa55d77521246b05cf357242921b72769c1481,contains extra/non-target annotations: Dry-Skin
dataset/raw/roboflow_skin_problem_clean3/train/262545392_1_jpg.rf.29b8fec0787258cedf8cfdd89bbcccf4.jpg,roboflow_skin_problem_clean3,Eyebags,,ddf7594252c3cccc80a42faca53f46746698bf91ef856e1ed7ec5655ec3d98fc,contains extra/non-target annotations: Eyebags
dataset/raw/roboflow_skin_problem_clean3/train/kering_-34-_jpg.rf.29f06a504526aed94074446978172a94.jpg,roboflow_skin_problem_clean3,Dry-Skin,,04ef7a9f42e4216d7e0f61e18f198d524a58298aa9923af9c662e118415b61b8,contains extra/non-target annotations: Dry-Skin
dataset/raw/roboflow_skin_problem_clean3/train/dry-skin_19_jpeg.rf.2a0a55fd8eb765c640bb47c5f71b27bb.jpg,roboflow_skin_problem_clean3,Dry-Skin,,08bd39acd9451126cd68cde2c66241c5b92f616b7606cd2b5d63f0cc4e4b370f,contains extra/non-target annotations: Dry-Skin
dataset/raw/roboflow_skin_problem_clean3/train/oily-192-_jpg.rf.29daec56393f11ed169ca844a096c04e.jpg,roboflow_skin_problem_clean3,Englarged-Pores|Oily-Skin,,9c9423af9070909bc451fb16cf9a8828ca3c4efba1ec0bde49573b31fde0ef01,contains extra/non-target annotations: Oily-Skin
dataset/raw/roboflow_skin_problem_clean3/train/dry22_jpg.rf.2a6282fc941fe78dbe065246d895f231.jpg,roboflow_skin_problem_clean3,Dry-Skin,,6b3a45b66f4aa041ee04828d0936645c6452ffbd53c41fac791b233d37c2e87d,contains extra/non-target annotations: Dry-Skin
dataset/raw/roboflow_skin_problem_clean3/train/levle1_146_png.rf.2a694db5fb30d864f36de647eb154790.jpg,roboflow_skin_problem_clean3,Acne|Blackheads,,ac597418b983287bcac4be28da6146e0c0546e3b5a317fe87e26b2d39cb572f5,contains extra/non-target annotations: Blackheads
dataset/raw/roboflow_skin_problem_clean3/train/kering_-7-_jpg.rf.2afd97edb3c8268f23170031e0b773e3.jpg,roboflow_skin_problem_clean3,Dry-Skin,,3cb344d84d29fa8c0816893e4576198f60bd7615ecf78f4659e0142b42ff7522,contains extra/non-target annotations: Dry-Skin
dataset/raw/roboflow_skin_problem_clean3/train/555_jpg.rf.2b2e760c35857f0bdeb3b7a11c50457f.jpg,roboflow_skin_problem_clean3,Acne|Englarged-Pores,,c1d4d409d517cca1bdeb04324ee3851ddeb808cb97a842188cde25d2bc03e134,"contains multiple target classes: acne, large_pore"
dataset/raw/roboflow_skin_problem_clean3/train/kering__-87-_jpg.rf.2af9c583c51f8e1eeb898bc8e42ec4be.jpg,roboflow_skin_problem_clean3,Dry-Skin,,f48a110483ac23813aed4e35ab86a1804301421e6cf0bc2f3614dd5be0c49bf2,contains extra/non-target annotations: Dry-Skin
dataset/raw/roboflow_skin_problem_clean3/train/levle1_123_png.rf.2bb340c7fe311a42787566838a2dfd97.jpg,roboflow_skin_problem_clean3,Acne|Whiteheads,,9a6ad9e724d89f47809260d193e2b494fd396ebd057eb52dd7bd7802dda9601d,contains extra/non-target annotations: Whiteheads
dataset/raw/roboflow_skin_problem_clean3/train/126_jpg.rf.2b4b6d7b8eac5174a95eeca6a264f913.jpg,roboflow_skin_problem_clean3,Acne|Eyebags,,6d9eee4f756e57f0425d11ed464d663708710918599fd2e8d6b48a7dc60b94b5,contains extra/non-target annotations: Eyebags
dataset/raw/roboflow_skin_problem_clean3/train/49_jpg.rf.2b9ca57b69464a224d9249df434b22f6.jpg,roboflow_skin_problem_clean3,Acne|Blackheads,,91277afaf23fa4b8dcd791577e6ed358aa5ec320771fcd85331703d233aa867d,contains extra/non-target annotations: Blackheads
dataset/raw/roboflow_skin_problem_clean3/train/535_jpg.rf.2bc7064e4675dca13b6ff0d70147e6a9.jpg,roboflow_skin_problem_clean3,Acne|Englarged-Pores|Eyebags,,01c720fa0809b10e1ce7fd0691c125d87c43452aafe10730be637d2772f948e1,contains extra/non-target annotations: Eyebags
dataset/raw/roboflow_skin_problem_clean3/train/berminyak__-52-_JPG.rf.2bf4aecc94acf6bb87d502c2882d6622.jpg,roboflow_skin_problem_clean3,Oily-Skin,,3730195b5f21ceef0513772a0681656b07d66306fc8138e5979f26ef7202dc80,contains extra/non-target annotations: Oily-Skin
dataset/raw/roboflow_skin_problem_clean3/train/kering-5-_jpg.rf.2bf42dcb4b8d1d3e02ed9d168f3c00a7.jpg,roboflow_skin_problem_clean3,Dry-Skin,,0e5bf112a5c5ced9021524d91a07529078cfc27976196129c5ae1f754ad8efa8,contains extra/non-target annotations: Dry-Skin
dataset/raw/roboflow_skin_problem_clean3/train/kering-46-_jpg.rf.2c2bc974cb4ee4ca31a647b8e96f84f4.jpg,roboflow_skin_problem_clean3,Dry-Skin,,61e2c6b42d38b88112f66f940dca6fc0d9c5d79e2efe6307c846a39d78cde24a,contains extra/non-target annotations: Dry-Skin
dataset/raw/roboflow_skin_problem_clean3/train/levle1_576_jpg.rf.2c99b3933c52405143bbb040853be74a.jpg,roboflow_skin_problem_clean3,Acne|Whiteheads,,1ed37dfc464033a4e48726848a02468557377d34ca7c93ad62cf3077eca28e56,contains extra/non-target annotations: Whiteheads
dataset/raw/roboflow_skin_problem_clean3/train/Kering-23-_jpeg.rf.2c1213018a05482d1928cd0e29f2fd10.jpg,roboflow_skin_problem_clean3,Dry-Skin,,f6f57aec037bb5fc699d548747f2c58c818ed3a57148722d27c8a952c910beb3,contains extra/non-target annotations: Dry-Skin
dataset/raw/roboflow_skin_problem_clean3/train/dry14_jpg.rf.2cdd2e67f8ad56e72cc5ff0c3fa61fcd.jpg,roboflow_skin_problem_clean3,Dry-Skin,,05cf0f92b9d29a596eca6700e82e267e4fcdd0a9b2a38d84bdb1e1b65e3161ec,contains extra/non-target annotations: Dry-Skin
dataset/raw/roboflow_skin_problem_clean3/train/levle1_337_jpg.rf.2d2820766acea764469076c817637696.jpg,roboflow_skin_problem_clean3,Acne|Blackheads|Whiteheads,,dc0c9f115c9bbe036cb9250d10ac847206df844d4f907c68cae006f0ac2f41ae,"contains extra/non-target annotations: Blackheads, Whiteheads"
dataset/raw/roboflow_skin_problem_clean3/train/346_jpg.rf.2d22fbb3ad73e0291a5b49367d65dee5.jpg,roboflow_skin_problem_clean3,Acne|Englarged-Pores,,dd10a6666dda319d8b711ba558ac25cb9cea44989a29c20e00a63506453e5ded,"contains multiple target classes: acne, large_pore"
dataset/raw/roboflow_skin_problem_clean3/train/240_F_303787590_E77HGFUoZJhi2l5GEpegMU9jmUrfrHYv_jpg.rf.2d070f169e82ba012cced005f2de4bee.jpg,roboflow_skin_problem_clean3,Eyebags,,38ca4d8e85530898c8e0d61476954e791c3b57a6592ee7e0202dce7aca9685ae,contains extra/non-target annotations: Eyebags
dataset/raw/roboflow_skin_problem_clean3/train/kering-56-_jpg.rf.2de783bf4393e7c98ae196925224f95a.jpg,roboflow_skin_problem_clean3,Dry-Skin,,50342ae67267772b7c76d2a707f5e395bf3ecad0b0dc6d059e92a2e15ad19e27,contains extra/non-target annotations: Dry-Skin
dataset/raw/roboflow_skin_problem_clean3/train/98_jpg.rf.2e872045f1e38113b6671c8c750e3393.jpg,roboflow_skin_problem_clean3,Acne|Englarged-Pores,,11025e18303381725a5514020f39e1214560c0359404de340bbff94d26b8b2ab,"contains multiple target classes: acne, large_pore"
dataset/raw/roboflow_skin_problem_clean3/train/levle1_144_jpg.rf.2eb67e087f2e6464ddbded28e7bdba3b.jpg,roboflow_skin_problem_clean3,Acne|Blackheads,,9ce2d80d709dce6872f6e8bdd994515a24c72a3a8e872f7efa303001b7edab4d,contains extra/non-target annotations: Blackheads
dataset/raw/roboflow_skin_problem_clean3/train/kering_-149-_jpg.rf.2ec2e1f191d518e264f0e20711efc75a.jpg,roboflow_skin_problem_clean3,Dry-Skin,,334d352f9da599636c94e7e7d685274d53752ddec2e9d3cbe3d2db3313580c08,contains extra/non-target annotations: Dry-Skin
dataset/raw/roboflow_skin_problem_clean3/train/acne-705-_jpg.rf.2ea6665adee3d8668472d4751ace4ba9.jpg,roboflow_skin_problem_clean3,Dry-Skin,,08d024291b2befd7dd1f97cc4af285b1f9ee4e322d76cba2e5975289ef384e15,contains extra/non-target annotations: Dry-Skin
dataset/raw/roboflow_skin_problem_clean3/train/117_jpg.rf.2ff9f4686ae0f192b9c7c018ee782ec1.jpg,roboflow_skin_problem_clean3,Acne|Englarged-Pores,,d50219e3222f29038942e43e7502e2384725eb6262acc9440acb26863b9a9496,"contains multiple target classes: acne, large_pore"
dataset/raw/roboflow_skin_problem_clean3/train/kering-53-_jpg.rf.30cc1e5625d85168931a002c613f3cf2.jpg,roboflow_skin_problem_clean3,Dry-Skin,,591e367c30fcb3ce5c5918e1b85c61afd534561e1e0683ba681c16d3ff089d28,contains extra/non-target annotations: Dry-Skin
dataset/raw/roboflow_skin_problem_clean3/train/Berminyak258_jpg.rf.308d78d72801a00c4b8c8ae381a08f72.jpg,roboflow_skin_problem_clean3,Oily-Skin,,7fc029c65ca847deae2d41313d5b8b884635cf30a77aa510d5decd21f4e60f78,contains extra/non-target annotations: Oily-Skin
dataset/raw/roboflow_skin_problem_clean3/train/402_jpg.rf.305b66b3491821634ff9b7cf28f8605e.jpg,roboflow_skin_problem_clean3,Acne|Englarged-Pores,,795e866377ddb237958677e4c74b653a56a46f802226791863706bd2cef43f4b,"contains multiple target classes: acne, large_pore"
dataset/raw/roboflow_skin_problem_clean3/train/acne-571-_jpg.rf.30e5bedbe78b0f478aa99cf2a1b3c460.jpg,roboflow_skin_problem_clean3,Dry-Skin,,972c9524764523bf59cca46db236320c5dda2687cb1f6667d107fbcedb4f182a,contains extra/non-target annotations: Dry-Skin
dataset/raw/roboflow_skin_problem_clean3/train/shutterstock_1545102416_jpg.rf.30f47e0bfdfd3e87e2a794149158ceac.jpg,roboflow_skin_problem_clean3,Skin-Redness,,68cdba95f64f7ec1790c671aef3c244ccebe5895eabc3628353ec771432ed38e,contains extra/non-target annotations: Skin-Redness
dataset/raw/roboflow_skin_problem_clean3/train/levle2_145_jpg.rf.312cec5141e41051651e40923e240f81.jpg,roboflow_skin_problem_clean3,Acne|Whiteheads,,5f43b1c51d84b2875fec7b33a8f0a981dc42cf87bbe8ece5e94b211537c5e01c,contains extra/non-target annotations: Whiteheads
dataset/raw/roboflow_skin_problem_clean3/train/oily51_jpg.rf.3165df86bb5e251b468d087f1fd4b633.jpg,roboflow_skin_problem_clean3,Oily-Skin,,bb08b4e1ea9b8fd006f1a4ba76de3452dfc5f3444bff5b1e0231e547f24b0399,contains extra/non-target annotations: Oily-Skin
dataset/raw/roboflow_skin_problem_clean3/train/kering-11-_jpg.rf.3196bba48de4c4a7f2a0b6a79dc18e37.jpg,roboflow_skin_problem_clean3,Dry-Skin,,ecca836a974e6906ef80ab9199c4118d558b67e10cd7ed39637aef7200a012eb,contains extra/non-target annotations: Dry-Skin
dataset/raw/roboflow_skin_problem_clean3/train/IMG_6807_JPG.rf.317328e8da49bb8377f5f8ef67b17574.jpg,roboflow_skin_problem_clean3,Oily-Skin,,a429d3f59976166a0646a7a021417112acf5f3dfe986ca4b3081a9c913fe5d0e,contains extra/non-target annotations: Oily-Skin
dataset/raw/roboflow_skin_problem_clean3/train/Image_16_jpeg.rf.322663a8ebab3d64411624b8fbd02bab.jpg,roboflow_skin_problem_clean3,Oily-Skin,,2e0440d7e988e9b77686e523f8c282e12364829dc87af9aee2405c4a4ec05fab,contains extra/non-target annotations: Oily-Skin
dataset/raw/roboflow_skin_problem_clean3/train/levle0_35_jpg.rf.31be9bebff959363f278ce2033ad4f39.jpg,roboflow_skin_problem_clean3,Acne|Blackheads|Whiteheads,,3efb9eedaccb5912029ac1999e6526c816b75d5f973d593f8f00c2cfcfbb037d,"contains extra/non-target annotations: Blackheads, Whiteheads"
dataset/raw/roboflow_skin_problem_clean3/train/berminyak__-22-_jpg.rf.32400937094ddac69376b39dc62e2587.jpg,roboflow_skin_problem_clean3,Dry-Skin,,4c3c78e32398dee21ab0dfa3b2687a20f1765799fee4a65c03c5e327f1a6f9bd,contains extra/non-target annotations: Dry-Skin
dataset/raw/roboflow_skin_problem_clean3/train/01F3MMX85MKKVDR2PMR3S2F4B6_jpeg_jpg.rf.31f103f2d559d7448a1c11761781ed4f.jpg,roboflow_skin_problem_clean3,Acne|Whiteheads,,38e3275128fdfba23e900cea6e91af269266ca6d819a700865e917ef01bacf8d,contains extra/non-target annotations: Whiteheads
dataset/raw/roboflow_skin_problem_clean3/train/2423457666_1_jpg.rf.324ee5d637abddb342667e612976d72e.jpg,roboflow_skin_problem_clean3,Eyebags,,8c4da601bc3a6570db226112b8d0d59f5c0f5af65932bb85f0ba5276c820f1c6,contains extra/non-target annotations: Eyebags
dataset/raw/roboflow_skin_problem_clean3/train/83_jpg.rf.32489e2c975fb38f634ee24d36e0ce44.jpg,roboflow_skin_problem_clean3,Acne|Blackheads,,1cf412c8fed6dd7d581d012ba4a8397a0bb6e3106fb45bfadf149f858142be68,contains extra/non-target annotations: Blackheads
dataset/raw/roboflow_skin_problem_clean3/train/Kering-24-_jpeg.rf.dbe0aea65f68a278fa9beb60427cf2d8.jpg,roboflow_skin_problem_clean3,Dry-Skin,,483db0d93e9870c2d8c19bc6898a1a3a5e263cda5df778af15e38f897e8977da,contains extra/non-target annotations: Dry-Skin
dataset/raw/roboflow_skin_problem_clean3/train/2973A28100000578-0-image-m-194_1433782669849_jpg.rf.dc179822fa269af29556ad0a61d151ab.jpg,roboflow_skin_problem_clean3,Skin-Redness,,426d05c0fee56066ba824560fb20bccb010c70d0280ac57efdbd358314387f27,contains extra/non-target annotations: Skin-Redness
dataset/raw/roboflow_skin_problem_clean3/train/dry-147-_jpg.rf.de28358b4ad9f60db56182ff53caf482.jpg,roboflow_skin_problem_clean3,Dry-Skin,,98b41e4829b4ef68db24f0b6e6f1a264a9a12cd2cf8700d02bc771c0324b8218,contains extra/non-target annotations: Dry-Skin
dataset/raw/roboflow_skin_problem_clean3/train/609_jpg.rf.dba02dcc996341b104bc638fe0f639cb.jpg,roboflow_skin_problem_clean3,Acne|Englarged-Pores|Wrinkles,,adbe2eb92514c6c9e78a66c4d6ed9f1dd358fe9ca579f4967cd89f70d5009d5e,"contains multiple target classes: acne, large_pore, wrinkle"
dataset/raw/roboflow_skin_problem_clean3/train/levle1_461_jpg.rf.dc8b996be114002b07c7d0f741705cd5.jpg,roboflow_skin_problem_clean3,Acne|Blackheads|Whiteheads,,3ea9c466d639d1bd159253fad52c799224a404f8bf82639f1bc31c6b2525b50f,"contains extra/non-target annotations: Blackheads, Whiteheads"
dataset/raw/roboflow_skin_problem_clean3/train/levle2_85_png.rf.dd0f45ce29b4a2d6aec43002151e3e0e.jpg,roboflow_skin_problem_clean3,Blackheads,,b0f199ca5beef7d64e913abbb1dff0dceeb996e98ddcd1bc958773dd85f8a304,contains extra/non-target annotations: Blackheads
dataset/raw/roboflow_skin_problem_clean3/train/kering_-121-_jpg.rf.de14c84169ed57578f59c5e0c5e81c5a.jpg,roboflow_skin_problem_clean3,Dry-Skin,,fd7d34c2a4c5617f5f86e4149628eb6dd665678fb008f4de3148b339b0b2aed5,contains extra/non-target annotations: Dry-Skin
dataset/raw/roboflow_skin_problem_clean3/train/2545119553_1_jpg.rf.dcf4cd55b8b8b38d675c9368f0616d0a.jpg,roboflow_skin_problem_clean3,Eyebags,,04aec0d51b3c4ca3ee780781b199f079b527c5766c339bb9cd70d9f801bca24e,contains extra/non-target annotations: Eyebags
dataset/raw/roboflow_skin_problem_clean3/train/Image_82_jpg.rf.dc07396c7d5c5afd05512a28098ee2a0.jpg,roboflow_skin_problem_clean3,Oily-Skin,,c05a548e37de6f6108f31e142070c1e9e150c04689136a82b21f98801de8c406,contains extra/non-target annotations: Oily-Skin
dataset/raw/roboflow_skin_problem_clean3/train/levle1_524_jpg.rf.dd32cacf6233725f7a0edf3d8e43ac1a.jpg,roboflow_skin_problem_clean3,Acne|Whiteheads,,94d078a3426c7eee41d1bf0422948d06e89c0526f583697598f407c9abe01100,contains extra/non-target annotations: Whiteheads
dataset/raw/roboflow_skin_problem_clean3/train/Image_52_jpg.rf.dc58182c31093a75b9f552a53b3f4fd3.jpg,roboflow_skin_problem_clean3,Eyebags,,3b2b3d36bec25a685aa397bdfa5d6ea7f3a6c3ad241c23b7c6d97e7ab599a084,contains extra/non-target annotations: Eyebags
dataset/raw/roboflow_skin_problem_clean3/train/224_jpg.rf.dd0c2be5bcba0892dd5e2c6380a9c148.jpg,roboflow_skin_problem_clean3,Acne|Eyebags,,7d2ae1726cae68cabe58158dd73cb838e3b8e078cc944a8dcd25db0306ef5445,contains extra/non-target annotations: Eyebags
dataset/raw/roboflow_skin_problem_clean3/train/levle1_564_png.rf.dbcb9822d1e30a012d3163d2edf8b895.jpg,roboflow_skin_problem_clean3,Blackheads,,bd7283d7aaeb05a496b13c1db76cd00db122195b3346b0680caa2c32812ed92e,contains extra/non-target annotations: Blackheads
dataset/raw/roboflow_skin_problem_clean3/train/308_jpg.rf.dbc85ec4f61d54ba638a535ce77653fe.jpg,roboflow_skin_problem_clean3,Acne|Blackheads|Eyebags|Wrinkles,,48f2b32132120730ba29aeed77250e13602b2e5fa7d05038c4b97292c3e175ed,"contains extra/non-target annotations: Blackheads, Eyebags"
dataset/raw/roboflow_skin_problem_clean3/train/Image_58_jpg.rf.de5a9e6eda1c137a2adfc04efb21081a.jpg,roboflow_skin_problem_clean3,Eyebags,,57b9e4cd69f5d36e2e82cc5283dccbbddb29e8cec985ee9e5581b91e5bf59835,contains extra/non-target annotations: Eyebags
dataset/raw/roboflow_skin_problem_clean3/train/Image_42_jpg.rf.dc949a8458139ec9b2240d66aa65a698.jpg,roboflow_skin_problem_clean3,Dry-Skin,,c45779e84e3fcf75a88f1b017971419abb49b026a0d713ff0dc0b0a74b0a9f6d,contains extra/non-target annotations: Dry-Skin
dataset/raw/roboflow_skin_problem_clean3/train/97723bf3c1966b6736962b435dd43bda_jpg.rf.def425e1ce709e358bfc922cc76c9495.jpg,roboflow_skin_problem_clean3,Dry-Skin,,e4b1edcf48bdd96cc7b11cf4621e5474997e7109d9a2f0aa1725b15146557a62,contains extra/non-target annotations: Dry-Skin
dataset/raw/roboflow_skin_problem_clean3/train/34_jpg.rf.df139b3beac68c6e43a759cb3e9770fd.jpg,roboflow_skin_problem_clean3,Acne|Blackheads|Englarged-Pores,,764a0928d79138cdeed32405d5d21878a92d21e21a01d5fc05a57cd033b4612b,contains extra/non-target annotations: Blackheads
dataset/raw/roboflow_skin_problem_clean3/train/01F3MMWPHM7QWX87HTV8QSWJ7S_jpeg_jpg.rf.de6c4ddfe3396bdeb2a20588b0dea526.jpg,roboflow_skin_problem_clean3,Acne|Blackheads|Whiteheads,,c897c184c19908f347e3bd9016cb4775ffd296fac85818cb07f389df7a2a1ce1,"contains extra/non-target annotations: Blackheads, Whiteheads"
dataset/raw/roboflow_skin_problem_clean3/train/kering_-18-_jpg.rf.df435d15ce8833f72bd7539541ec09a7.jpg,roboflow_skin_problem_clean3,Dry-Skin,,ee411f3181439671099e79dae405e7dba310ff630811eca0083996085bd09dea,contains extra/non-target annotations: Dry-Skin
dataset/raw/roboflow_skin_problem_clean3/train/levle2_164_png.rf.df617febdb68acfab5facd87cbeca55a.jpg,roboflow_skin_problem_clean3,Acne|Blackheads|Whiteheads,,7755d201f6848b8bb5bcc95f9ddb977fa78a2d0d432348ef473aabffbf460dbd,"contains extra/non-target annotations: Blackheads, Whiteheads"
dataset/raw/roboflow_skin_problem_clean3/train/levle1_401_png.rf.df772b7741e681bb7ebab84531695960.jpg,roboflow_skin_problem_clean3,Acne|Whiteheads,,b07c64b75bf16539e3919f777d09b3f0836a5888eba75cc2d51ea08d6a63afe5,contains extra/non-target annotations: Whiteheads
dataset/raw/roboflow_skin_problem_clean3/train/kering-30-_jpg.rf.dfbc1b2d0d71a1797846addaa29561a2.jpg,roboflow_skin_problem_clean3,Dry-Skin,,fec132b057b12da9350492e28e017c05b8fd2095179e8a6ccef169ae2452a701,contains extra/non-target annotations: Dry-Skin
dataset/raw/roboflow_skin_problem_clean3/train/154_jpg.rf.dfad1f9bd5529d0d64312a8aaf3d33aa.jpg,roboflow_skin_problem_clean3,Dry-Skin,,a4625fc5c6bf62da4872da8c05b416a35689674ec812b4fbe3c79e898fff60ae,contains extra/non-target annotations: Dry-Skin
dataset/raw/roboflow_skin_problem_clean3/train/661_jpg.rf.dfbcfa2e27deedb38d089d11adc77687.jpg,roboflow_skin_problem_clean3,Acne|Englarged-Pores,,acc9a1e4a43169dde2379de482e40d536bda27bb5eedb62c4045afc8061628b9,"contains multiple target classes: acne, large_pore"
dataset/raw/roboflow_skin_problem_clean3/train/kering__-63-_jpg.rf.dfb3f1a06dbdfee0a1d4d9449409ad1d.jpg,roboflow_skin_problem_clean3,Dry-Skin,,e22231a9dd5d815da1c75a0cc681b1e6e437607759162cfd3681e3e9f3c76b13,contains extra/non-target annotations: Dry-Skin
dataset/raw/roboflow_skin_problem_clean3/train/387_jpg.rf.e0b02e66cff909c5a7dd3da530ce3d90.jpg,roboflow_skin_problem_clean3,Acne|Englarged-Pores,,dee0a9f059390c0b286f434781627cd6fa2dbd924fd7339c78a8abebfe57873b,"contains multiple target classes: acne, large_pore"
dataset/raw/roboflow_skin_problem_clean3/train/kering__-17-_JPG.rf.e08cf4407a0740ea99488d0a85774d5b.jpg,roboflow_skin_problem_clean3,Dry-Skin,,931fc5dc8d9fc7c4bea4d46c089f266d6d1f46ca5b5ccbd7364b701396fa37f6,contains extra/non-target annotations: Dry-Skin
dataset/raw/roboflow_skin_problem_clean3/train/671_jpg.rf.e0b72bd05517bdca562f3e4b29dccff3.jpg,roboflow_skin_problem_clean3,Acne|Wrinkles,,9a162eb576ca40cbf93118ec26a659208f40b37cc711955764dad9906b579924,"contains multiple target classes: acne, wrinkle"
dataset/raw/roboflow_skin_problem_clean3/train/levle1_564_jpg.rf.e1b8d1f83f77b3d6908cb579e676fc6c.jpg,roboflow_skin_problem_clean3,Acne|Blackheads,,c8cdc30523e5db8da827b6fbdd8633f88c7b9c441eccfa086e064cd46c0927e7,contains extra/non-target annotations: Blackheads
dataset/raw/roboflow_skin_problem_clean3/train/levle1_64_jpg.rf.e13a8a2bb86ae15d245f9642bbcd995d.jpg,roboflow_skin_problem_clean3,Acne|Whiteheads,,b00a49513a709f1d414bab6dc1181409966022ea6e490651d77ed0d999e663a7,contains extra/non-target annotations: Whiteheads
dataset/raw/roboflow_skin_problem_clean3/train/2828057266_1_jpg.rf.e164e5371d7b5e54c47170d6a8165718.jpg,roboflow_skin_problem_clean3,Eyebags,,c56802b2a5221606ad8f6bbe81a7bdf9bb92e2358470cdd52191ac3697b3bde1,contains extra/non-target annotations: Eyebags
dataset/raw/roboflow_skin_problem_clean3/train/kering_-71-_jpg.rf.e1c426dd21b79f044a9a06204d54a202.jpg,roboflow_skin_problem_clean3,Dry-Skin,,c37f4a183fc93b090f8172399446a5fd09b8ea18812b355855019dff7a207921,contains extra/non-target annotations: Dry-Skin
dataset/raw/roboflow_skin_problem_clean3/train/kering__-28-_jpg.rf.e1d44dd3939d1954c2ddb915acbf81e1.jpg,roboflow_skin_problem_clean3,Dry-Skin,,6918b385ff2e2f0826bb45516a7830182050ea1d024ad170d9aafa9a1e21b9ec,contains extra/non-target annotations: Dry-Skin
dataset/raw/roboflow_skin_problem_clean3/train/berminyak__-57-_JPG.rf.e1d682114266858eee07f92973ec4507.jpg,roboflow_skin_problem_clean3,Oily-Skin,,4fd1ed0b8647f3779b19b048d403153063a9fdf7ada053a8b6922543a503d392,contains extra/non-target annotations: Oily-Skin
dataset/raw/roboflow_skin_problem_clean3/train/levle0_334_jpg.rf.e2971b08456d5de3acf756d52ab5be85.jpg,roboflow_skin_problem_clean3,Acne|Whiteheads,,623aea389004701b9ee54f46d9884c097e960c92e3b36e229d9e0617b135fe04,contains extra/non-target annotations: Whiteheads
dataset/raw/roboflow_skin_problem_clean3/train/levle1_597_jpg.rf.e29f9f356ca812589939452892014b9b.jpg,roboflow_skin_problem_clean3,Acne|Whiteheads,,7baf7b86fe75cca10edc403c4f62ad3f17528046e6b5de9f06fbd3e2eda5af3d,contains extra/non-target annotations: Whiteheads
dataset/raw/roboflow_skin_problem_clean3/train/berminyak__-23-_jpg.rf.e263b68f906df5ece0e8fd37656a0859.jpg,roboflow_skin_problem_clean3,Dry-Skin,,6dddf0acc94ebcc3cc7c4fecb066780a9bdac9687c4312e3f9d22d43ca34b5d1,contains extra/non-target annotations: Dry-Skin
dataset/raw/roboflow_skin_problem_clean3/train/levle0_115_png.rf.e31f6f3bc96690252c6245e612c122dc.jpg,roboflow_skin_problem_clean3,Acne|Blackheads|Whiteheads,,be82db9020a4db264955d574e81efc9ccf2ce02a7702903833a5c75a1990c2a7,"contains extra/non-target annotations: Blackheads, Whiteheads"
dataset/raw/roboflow_skin_problem_clean3/train/01F3MMZ4J6M8C0N5VAMN449RRZ_jpeg_jpg.rf.e329ef7b7f1b9ab6b94509c909ba9d45.jpg,roboflow_skin_problem_clean3,Acne|Whiteheads,,8ee8a4aa481315a439b40bd3c5cdb1f6b5b3add142fba4ba8b42b291e9cbf8e7,contains extra/non-target annotations: Whiteheads
dataset/raw/roboflow_skin_problem_clean3/train/288_jpg.rf.e34f9bd8789d4c119a977eeaa92f97a1.jpg,roboflow_skin_problem_clean3,Blackheads,,db202c8ede29616e337b29a29da154503adb3b2b83f588668f50e63befc796dc,contains extra/non-target annotations: Blackheads
dataset/raw/roboflow_skin_problem_clean3/train/levle0_52_jpg.rf.e38c629e829587c889f31d9ffedad550.jpg,roboflow_skin_problem_clean3,Acne|Blackheads,,1a64913dc88a8c300b6379526c795b16af129df8d45cb707002ecdfd95b62727,contains extra/non-target annotations: Blackheads
dataset/raw/roboflow_skin_problem_clean3/train/oily-48-_jpg.rf.e404d6e5cff64e3e1f4e78b8eb313f06.jpg,roboflow_skin_problem_clean3,Blackheads|Oily-Skin,,9418d5fb3f487f916287f1165dc3d0e17456efcbae2690852745a82fed1bd1c6,"contains extra/non-target annotations: Blackheads, Oily-Skin"
dataset/raw/roboflow_skin_problem_clean3/train/475_jpg.rf.e3e2b2988a2d72cdbda4751beb664b99.jpg,roboflow_skin_problem_clean3,Dry-Skin|Englarged-Pores,,6fd03fa3a0d3f1dbd60f2f913993cde3e204750aee01d0e2cbc9de0787dc2798,contains extra/non-target annotations: Dry-Skin
dataset/raw/roboflow_skin_problem_clean3/train/408_jpg.rf.e3a541fbc8d45d5591dc260df37c600b.jpg,roboflow_skin_problem_clean3,Acne|Englarged-Pores,,dab49919ce06453c86ccd067fd18d01277bdb57215f453d1082c88b312b6e4a5,"contains multiple target classes: acne, large_pore"
dataset/raw/roboflow_skin_problem_clean3/train/Image_97_jpg.rf.e51ec168e6bf0c9d2227343c3981ec5f.jpg,roboflow_skin_problem_clean3,Eyebags,,14f2e5ea899cb388fb080cd361a4f5aacf11270302f59c9604416a66c3b3fc8e,contains extra/non-target annotations: Eyebags
dataset/raw/roboflow_skin_problem_clean3/train/oily-115-_jpg.rf.e52e7f0de8312c19eda628259ba85f05.jpg,roboflow_skin_problem_clean3,Oily-Skin,,2cdb9bfc6d7c2c5d0090c05de4a10c537e1bc3ca3d23fe1153cfad8a77779f7b,contains extra/non-target annotations: Oily-Skin
dataset/raw/roboflow_skin_problem_clean3/train/572_jpg.rf.e53d2dd179139f7ea392aeb1055e84cf.jpg,roboflow_skin_problem_clean3,Acne|Wrinkles,,57045a8e90d147eca2d1828ee1a325fb55b8f642082c3e74f43fac6db4ff9168,"contains multiple target classes: acne, wrinkle"
dataset/raw/roboflow_skin_problem_clean3/train/kering-4-_jpg.rf.e565819bd351f4cd3c21c1af139aa221.jpg,roboflow_skin_problem_clean3,Oily-Skin,,53a0d85b9f3213846ae6d9a71850ebd349d3ea835cdf305c25bee5e60d5282c5,contains extra/non-target annotations: Oily-Skin
dataset/raw/roboflow_skin_problem_clean3/train/dry-131-_jpg.rf.e60d4abe23fd4e6ead7ef1f61fecdee7.jpg,roboflow_skin_problem_clean3,Dry-Skin,,db8ec0e7cbe6ee6a101926e769b717834040fbac6a607c35f67974f1076418e3,contains extra/non-target annotations: Dry-Skin
dataset/raw/roboflow_skin_problem_clean3/train/Berminyak260_jpg.rf.e68ae7fced60eca74d8e1044b27f0e54.jpg,roboflow_skin_problem_clean3,Oily-Skin,,61ec0bced594f9862077c7d896c4e8b6f77271cc3aeca76e76f2b0fe55bc70ca,contains extra/non-target annotations: Oily-Skin
dataset/raw/roboflow_skin_problem_clean3/train/2397008230_1_jpg.rf.e6be6a8b6c2a6fd1fd32138043b8d219.jpg,roboflow_skin_problem_clean3,Eyebags,,a8a2d87906a5f651233660f9a6b79e048d5ea1b1e4d14b61587626186d978ab7,contains extra/non-target annotations: Eyebags
dataset/raw/roboflow_skin_problem_clean3/train/berminyak__-24-_jpg.rf.e6fe150c02b3aff08825d0a7c60e6a38.jpg,roboflow_skin_problem_clean3,Dry-Skin,,f9506b2148102ef5e6c2f168008d5e78bcfe56ac6a7c6424e392496c9dc83730,contains extra/non-target annotations: Dry-Skin
dataset/raw/roboflow_skin_problem_clean3/train/levle1_509_jpg.rf.e73c7dc8057dbd0f801b4eafe54b5bf7.jpg,roboflow_skin_problem_clean3,Acne|Whiteheads,,1c540dab196100f3f124bdac75c578df13f5c4324a6b5edcd32c758b2e6ecf7d,contains extra/non-target annotations: Whiteheads
dataset/raw/roboflow_skin_problem_clean3/train/615_jpg.rf.e72f42f36fdfb46dfe705af229e9dd02.jpg,roboflow_skin_problem_clean3,Acne|Wrinkles,,87d87e824257f39bc3901f80f306fa1b648ecf2d70decc1f804d515dd1b9f03f,"contains multiple target classes: acne, wrinkle"
dataset/raw/roboflow_skin_problem_clean3/train/2426631349_1_jpg.rf.e6bc30c345c20c98898b55adb83febda.jpg,roboflow_skin_problem_clean3,Eyebags,,6f308982aaf11a632791c92f04a88d4d76d564daa0b0bcd85517d039ab414fb9,contains extra/non-target annotations: Eyebags
dataset/raw/roboflow_skin_problem_clean3/train/kering_-40-_jpg.rf.e79a22bc013ed692b686b9371cfa8d3c.jpg,roboflow_skin_problem_clean3,Dry-Skin,,4bfab7885da6a1ca09f126f959ecdd00ed21ba302fd955f40a1ba2337632d138,contains extra/non-target annotations: Dry-Skin
dataset/raw/roboflow_skin_problem_clean3/train/655_jpg.rf.e7fbf42399a6efb50cd42f102123a5a5.jpg,roboflow_skin_problem_clean3,Acne|Eyebags,,74fa48c12e3ab08f3790de52381ab5a29073c9c3c0a184c3e0ea7ffe01425877,contains extra/non-target annotations: Eyebags
dataset/raw/roboflow_skin_problem_clean3/train/levle0_223_png.rf.e80b5c170e3d51f7fadff42d2bcc0306.jpg,roboflow_skin_problem_clean3,Acne|Blackheads,,e9e882c76c0c1c0e0a1e6944b6815c8522aa7d564240df7af2d5de4fec8310ed,contains extra/non-target annotations: Blackheads
dataset/raw/roboflow_skin_problem_clean3/train/432_jpg.rf.e89de9d95f9eaa0c9376f9e74399352e.jpg,roboflow_skin_problem_clean3,Eyebags,,eb29ae71ad8fc4a92e5d3c2ccf03e7611e439fd045b515efc86047a559f58cf8,contains extra/non-target annotations: Eyebags
dataset/raw/roboflow_skin_problem_clean3/train/oily-251-_jpg.rf.e88387255b092b31336aff809c82b622.jpg,roboflow_skin_problem_clean3,Englarged-Pores|Oily-Skin,,140b524310eb2a481f612a08baa9fdf33e42588a40f80ebc7f374ec41ae73951,contains extra/non-target annotations: Oily-Skin
dataset/raw/roboflow_skin_problem_clean3/train/levle1_191_png.rf.e902fe0437def6a1666ba817aca21ada.jpg,roboflow_skin_problem_clean3,Acne|Blackheads|Whiteheads,,d1e4275ac89c87d74b9a91493ac1e153819f6d02a38931188407fb043044df6f,"contains extra/non-target annotations: Blackheads, Whiteheads"
dataset/raw/roboflow_skin_problem_clean3/train/kering__-21-_JPG.rf.e924e9b833f56592ae696e35f0d55bfd.jpg,roboflow_skin_problem_clean3,Dry-Skin,,2f895d470196db1b2be04ef34e039783edba0ce307fa783a15dde8912e7bc5e1,contains extra/non-target annotations: Dry-Skin
dataset/raw/roboflow_skin_problem_clean3/train/641_jpg.rf.e8f44b450a524fb3457005746096214b.jpg,roboflow_skin_problem_clean3,Acne|Englarged-Pores|Eyebags,,cf1c33cc157826f969e2cf0d3a5c7e235e14115e4486ce1230846e3765171527,contains extra/non-target annotations: Eyebags
dataset/raw/roboflow_skin_problem_clean3/train/Normal280_jpg.rf.e914e1161abe9fc99e597552808e89b5.jpg,roboflow_skin_problem_clean3,Dry-Skin,,833fc2d22b30166dfadd070e42dfd34d1432b4e144b6255410588dea6e8a1136,contains extra/non-target annotations: Dry-Skin
dataset/raw/roboflow_skin_problem_clean3/train/2106011059_1_jpg.rf.e911c3e4598bbd58aa7fc1d06efbe4d6.jpg,roboflow_skin_problem_clean3,Eyebags,,846f13a1e62318cde109caa130d127a61775389a37742fb19775d1283e191acd,contains extra/non-target annotations: Eyebags
dataset/raw/roboflow_skin_problem_clean3/train/kering_-37-_jpg.rf.e9998236f652b75cddf4be9afa610cf8.jpg,roboflow_skin_problem_clean3,Dry-Skin,,93800c93e974ec904fe53bc5ee260b75429c818670f24615c638c5468a4dec0f,contains extra/non-target annotations: Dry-Skin
dataset/raw/roboflow_skin_problem_clean3/train/Berminyak279_jpg.rf.e9c51818d39202f0e3b64a2a397d2cb1.jpg,roboflow_skin_problem_clean3,Oily-Skin,,75acd7ca72cf3401cafa247e3dc7c5e6e041e3c6db6a7dc5265e03f79f49a4a5,contains extra/non-target annotations: Oily-Skin
dataset/raw/roboflow_skin_problem_clean3/train/Berminyak-19-_jpg.rf.e952d1c9cc6ec185c2d5746446338931.jpg,roboflow_skin_problem_clean3,Oily-Skin,,815b1423beccd80ec26d8da8f82d93ee169392eab77c624268617901a55b6cc1,contains extra/non-target annotations: Oily-Skin
dataset/raw/roboflow_skin_problem_clean3/train/da-bi-kich-ung_9b3f3875_d7b1_4c14_b67c_5e6434550409_jpg.rf.e9d1e1e456d33a1e1412d0c3af5ecd67.jpg,roboflow_skin_problem_clean3,Skin-Redness,,2fb23ac0c38f2bff3dcfd27e540c54e3a9783fd98afacafbea0eee5d4084ec43,contains extra/non-target annotations: Skin-Redness
dataset/raw/roboflow_skin_problem_clean3/train/kering_-130-_jpg.rf.e9f5aa4fc7e796888f602408981f49cd.jpg,roboflow_skin_problem_clean3,Dry-Skin,,763e9f8d2ad3df8821c28449c7fc453f8c280b2027c7231e26a5734e0c2b41ea,contains extra/non-target annotations: Dry-Skin
dataset/raw/roboflow_skin_problem_clean3/train/Image_38_jpg.rf.eb0f8dcdb2ed5ccc9989df1855430f2a.jpg,roboflow_skin_problem_clean3,Oily-Skin,,adcb6475f208dcce9ea8b1b89331316f81ed5d3d7070e5d4989e23caf20179bc,contains extra/non-target annotations: Oily-Skin
dataset/raw/roboflow_skin_problem_clean3/train/kering_-48-_jpg.rf.ead9b37e87c534c7b3b00a4ad1d13ae0.jpg,roboflow_skin_problem_clean3,Dry-Skin,,46c6dd745762848b4f5cea037cd295df50cc3e1a35bde6e2f976061d22ca70f3,contains extra/non-target annotations: Dry-Skin
dataset/raw/roboflow_skin_problem_clean3/train/da-mat-noi-man-do-khong-ngua-do-di-ung_jpg.rf.eb3031b5d309ff1449da5c2b12d4f9f0.jpg,roboflow_skin_problem_clean3,Skin-Redness,,d988f1b796d440a180507a4f59ba34d45dbbb6e77672d97591c1d0b0f95ec230,contains extra/non-target annotations: Skin-Redness
dataset/raw/roboflow_skin_problem_clean3/train/levle1_394_jpg.rf.eb53706d21b1ca16b512a556df9dfd37.jpg,roboflow_skin_problem_clean3,Acne|Blackheads|Dark-Spots,,0a664c2ebc322b773691186db0f6d46c592466606efcb7c7c1380090dfe802a8,contains extra/non-target annotations: Blackheads
dataset/raw/roboflow_skin_problem_clean3/train/Image_29_jpg.rf.eb6d09a6affbac35d413cae48aa92729.jpg,roboflow_skin_problem_clean3,Dry-Skin,,8aa9026b2dda586e04acb06d3976e0611e176c92306da7226fb58f2bc74c2573,contains extra/non-target annotations: Dry-Skin
dataset/raw/roboflow_skin_problem_clean3/train/oily-199-_jpg.rf.eb22dee5826b50962cd4a6356c383f71.jpg,roboflow_skin_problem_clean3,Oily-Skin,,587a5cb25d2394ff8535f9de0c700662c0fcc59e6bad8331fe4f631e1e3a9c81,contains extra/non-target annotations: Oily-Skin
dataset/raw/roboflow_skin_problem_clean3/train/kering_-56-_jpg.rf.ebe1778ccb40b948bd3f2df5eebf7973.jpg,roboflow_skin_problem_clean3,Dry-Skin,,164d289a3b9a74eb27388834e22a6f51b4e29b8f485ada9a8dd6384f8054517f,contains extra/non-target annotations: Dry-Skin
dataset/raw/roboflow_skin_problem_clean3/train/Berminyak269_jpg.rf.ebdbac7076943091844b3d25f8a9a3ca.jpg,roboflow_skin_problem_clean3,Oily-Skin,,2ebddcfd3a0f9114d8a7124903a7b1b83e0287fd6a16cac44d4f453bce26d2b4,contains extra/non-target annotations: Oily-Skin
dataset/raw/roboflow_skin_problem_clean3/train/kering-1-_jpg.rf.ebf0a5b0a48c206bbc519ca18f96110e.jpg,roboflow_skin_problem_clean3,Dry-Skin,,bff08f8a03c719094c9fcc5fa0675d279ae813549c560fb11cd48cd762660a34,contains extra/non-target annotations: Dry-Skin
dataset/raw/roboflow_skin_problem_clean3/train/656_jpg.rf.ec68af54bca52c941895407ac813344d.jpg,roboflow_skin_problem_clean3,Acne|Eyebags,,54d0967a67a6ba2312f64a2ffbdbeda2d7d08fba10e659156fc4d3194aed286b,contains extra/non-target annotations: Eyebags
dataset/raw/roboflow_skin_problem_clean3/train/92_jpg.rf.ec1e19ea9e13d74bda97ab42c93170f7.jpg,roboflow_skin_problem_clean3,Acne|Englarged-Pores|Eyebags,,41bc8ba8e760fac38ed2a7a79a3b1ca98cc57f4a71bddf2fdac35c9e643eb472,contains extra/non-target annotations: Eyebags
dataset/raw/roboflow_skin_problem_clean3/train/Image_11_jpg.rf.ecbeadc7d22446a707ae9a05ff6ff227.jpg,roboflow_skin_problem_clean3,Oily-Skin,,63742b5b0a1b2b5e2fe15cc487eb4bfd7539284172fd10d5f1d4d91a91a051f2,contains extra/non-target annotations: Oily-Skin
dataset/raw/roboflow_skin_problem_clean3/train/levle0_67_jpg.rf.ec97d460250d8ccaa4b21c1727945702.jpg,roboflow_skin_problem_clean3,Acne|Blackheads,,c463ad38aa9407e9207af5d036b9d3a52b103e709b85540e34e3a7df437176f2,contains extra/non-target annotations: Blackheads
dataset/raw/roboflow_skin_problem_clean3/train/oily15_jpg.rf.ec2ee78a4a5f3f82e52978093e48f966.jpg,roboflow_skin_problem_clean3,Oily-Skin,,83834b4917cdb4ca50d8cb694f7bf82c399018d1c1f7b4281c353f303ddd4bed,contains extra/non-target annotations: Oily-Skin
dataset/raw/roboflow_skin_problem_clean3/train/acne-704-_jpg.rf.ecb235b5e24e37f9c033099e19c11a3c.jpg,roboflow_skin_problem_clean3,Dry-Skin,,7b4c9e752c3bc935a03b7e8f236636ec01de0d9f5ad5c5dc2f589207b374cb67,contains extra/non-target annotations: Dry-Skin
dataset/raw/roboflow_skin_problem_clean3/train/levle1_110_png.rf.ecf071a005346312632ecc3f5b6b5da3.jpg,roboflow_skin_problem_clean3,Acne|Blackheads,,50d0af4ee420bcddcf790d4252e3d16cf1b78270cf4497c15698292ca696b488,contains extra/non-target annotations: Blackheads
dataset/raw/roboflow_skin_problem_clean3/train/levle1_337_jpg.rf.eced465674e825f4720ca5fa2f460dc3.jpg,roboflow_skin_problem_clean3,Acne|Blackheads,,700a653bc77a65da978a72e965e61ee2dcd640729c447c209469c0ee5707bb3d,contains extra/non-target annotations: Blackheads
dataset/raw/roboflow_skin_problem_clean3/train/104074861_1_jpg.rf.ed2280460637c8321f4f4c02ee18116d.jpg,roboflow_skin_problem_clean3,Eyebags,,89334b83f2a076c0987cc3dca1910e6d852fbb47d623e0d9df8ba3fce52fb14c,contains extra/non-target annotations: Eyebags
dataset/raw/roboflow_skin_problem_clean3/train/617_jpg.rf.ecb8ad1551a09104eb84d54e77f8ec4c.jpg,roboflow_skin_problem_clean3,Acne|Englarged-Pores|Wrinkles,,76eb0dbe7e8c4abe57aea6f1dfad3c2d120a98a7e16ba6b1a6ca183f2664e3cc,"contains multiple target classes: acne, large_pore, wrinkle"
dataset/raw/roboflow_skin_problem_clean3/train/2692799934_1_jpg.rf.ed28c556d14a5b1a7fa263326291ce32.jpg,roboflow_skin_problem_clean3,Eyebags,,a96c351444bae2325c4b7489598303a04fd63fc55175e430e635ae28604dd2d7,contains extra/non-target annotations: Eyebags
dataset/raw/roboflow_skin_problem_clean3/train/oily-222-_jpg.rf.ed17045dfce745da2f85b87003b37944.jpg,roboflow_skin_problem_clean3,Acne|Blackheads|Oily-Skin,,ea3661ea0d630b4240b8cc587a3381fc22d9785617910a0832ca00471cdbf4ad,"contains extra/non-target annotations: Blackheads, Oily-Skin"
dataset/raw/roboflow_skin_problem_clean3/train/Berminyak-30-_JPG.rf.eda7d24cac9f1f8796a0f7ed50259055.jpg,roboflow_skin_problem_clean3,Oily-Skin,,f93473f619bcfcb4cdda4f024cd96a8962b63cf87a45391e3ec8553c62b0213f,contains extra/non-target annotations: Oily-Skin
dataset/raw/roboflow_skin_problem_clean3/train/kering_-138-_jpg.rf.ed4a24c175295a89daf687b8314ef8b8.jpg,roboflow_skin_problem_clean3,Dry-Skin,,169a314f43406dd00eaffdcdef5663fbf0e6062243e144bede72e46b3ec89a34,contains extra/non-target annotations: Dry-Skin
dataset/raw/roboflow_skin_problem_clean3/train/493_jpg.rf.ed98fd41671904712e21b542ad3984f4.jpg,roboflow_skin_problem_clean3,Acne|Eyebags|Wrinkles,,87f068740b53f4cc53e07d4724f83c2526dec21d14dd4bb6c71e5cc769632fd0,contains extra/non-target annotations: Eyebags
dataset/raw/roboflow_skin_problem_clean3/train/oily-278-_jpg.rf.ed3adca3e8e04b16d5c006b6b826833a.jpg,roboflow_skin_problem_clean3,Oily-Skin,,80f50a6deaeb0b7484787769b749a23accd45ad00ac06feba2eb8b4b9f2750a7,contains extra/non-target annotations: Oily-Skin
dataset/raw/roboflow_skin_problem_clean3/train/414_jpg.rf.edfee0cef8be0225402afe8684dbbda8.jpg,roboflow_skin_problem_clean3,Acne|Englarged-Pores,,41dd9f44255071a4efe060afb3f54b30524126889a4a745e0b770b4a067a0023,"contains multiple target classes: acne, large_pore"
dataset/raw/roboflow_skin_problem_clean3/train/levle0_483_jpg.rf.ee9c15a5a24fc77653fa9ba758c91b17.jpg,roboflow_skin_problem_clean3,Acne|Whiteheads,,46bb306447f6080d16d23ba97c0a032f2434c771308532ad496162dfec704685,contains extra/non-target annotations: Whiteheads
dataset/raw/roboflow_skin_problem_clean3/train/564_jpg.rf.eeacf7e3e0dd6e0e803aeca5dc2fcf46.jpg,roboflow_skin_problem_clean3,Acne|Englarged-Pores,,29804931896fe824dad3218788438e341d6f3ba0835e260ad7e7b6469eff87c4,"contains multiple target classes: acne, large_pore"
dataset/raw/roboflow_skin_problem_clean3/train/kering_-103-_jpg.rf.eec6ced893b63b687da88ff24dfb33c0.jpg,roboflow_skin_problem_clean3,Dry-Skin,,da79d38a64ba4dd9ad2a0cfb36d3a07a37c257470890e7c049858f35a79a86af,contains extra/non-target annotations: Dry-Skin
dataset/raw/roboflow_skin_problem_clean3/train/202_jpg.rf.ef8291c053ba87ba1634614e323d48bb.jpg,roboflow_skin_problem_clean3,Acne|Englarged-Pores|Wrinkles,,b88ea3d6bf282934784ee6f7f5a766b81e47082114d30aed0e2c7f8a6cddac25,"contains multiple target classes: acne, large_pore, wrinkle"
dataset/raw/roboflow_skin_problem_clean3/train/Normal81_jpg.rf.f086ff58394d4f9f62566fb5ff56196e.jpg,roboflow_skin_problem_clean3,Oily-Skin,,683f995cfeb48806bc263395297613f78b05af73904966d2c4b3f639a0a129fb,contains extra/non-target annotations: Oily-Skin
dataset/raw/roboflow_skin_problem_clean3/train/365_jpg.rf.efa2e9008f9fb6587720af9db9cc4600.jpg,roboflow_skin_problem_clean3,Acne|Englarged-Pores,,ec942ddc01e6f9f54bded35c388a2f814c2b68e8632c9dec61737954a063086b,"contains multiple target classes: acne, large_pore"
dataset/raw/roboflow_skin_problem_clean3/train/oily36_jpg.rf.efcf72207ec8550188f39808cde9d757.jpg,roboflow_skin_problem_clean3,Oily-Skin,,8b4ecd6ec729d13a022bf8788e5ee443cf0eb01dce52319ff7fb212ece3f1678,contains extra/non-target annotations: Oily-Skin
dataset/raw/roboflow_skin_problem_clean3/train/oily-skin_187_jpeg.rf.f050ecd5a5e0f0a5d30b683c6fdec8b4.jpg,roboflow_skin_problem_clean3,Oily-Skin,,efa1553287415d0491b2033ca15f3193c0bf1ddf7482c2523f9e4765e9668923,contains extra/non-target annotations: Oily-Skin
dataset/raw/roboflow_skin_problem_clean3/train/61_jpg.rf.f0cc6ab197d861ac20023e3a4c5d3ecc.jpg,roboflow_skin_problem_clean3,Acne|Blackheads,,9793c7271218511a61c597a672b6336ee19d5270584ce5c64f2d8777cc470799,contains extra/non-target annotations: Blackheads
dataset/raw/roboflow_skin_problem_clean3/train/oily-194-_jpg.rf.f0fbd3b3879842ecb4eba72881bd12f0.jpg,roboflow_skin_problem_clean3,Oily-Skin,,439bf892331cfc60d347a554f140ee5d8e87dce0f280a63eadbb69a735f2d139,contains extra/non-target annotations: Oily-Skin
dataset/raw/roboflow_skin_problem_clean3/train/kering_-122-_jpg.rf.f0edd6e81713a92ec0a8b1e1363e3803.jpg,roboflow_skin_problem_clean3,Dry-Skin,,1ef0360663231769c04d0f6f25845e70ee27c90e313664af664d2c63e33d6005,contains extra/non-target annotations: Dry-Skin
dataset/raw/roboflow_skin_problem_clean3/train/468_jpg.rf.f0fcc72976f02fe427dafda9d87fa440.jpg,roboflow_skin_problem_clean3,Acne|Englarged-Pores|Eyebags,,09f3cc86091214500925dd0d2879d8f1ed420bacb172363bc2bcf7ae4f965e4a,contains extra/non-target annotations: Eyebags
dataset/raw/roboflow_skin_problem_clean3/train/239_jpg.rf.f12d0c4e0338380f1f8fd8922a495e12.jpg,roboflow_skin_problem_clean3,Acne|Wrinkles,,a50d2ee84c80a788f9bb94f6b48de19039541143fa45d03a9a0e0f0c340e8353,"contains multiple target classes: acne, wrinkle"
dataset/raw/roboflow_skin_problem_clean3/train/_1495410572_jpg.rf.f1934277db264eb66f6d0e912e9bdebc.jpg,roboflow_skin_problem_clean3,Skin-Redness,,448cde2009405a1ff65486f029b1c103e69bca84b157a2194f0f43d3501b0a35,contains extra/non-target annotations: Skin-Redness
dataset/raw/roboflow_skin_problem_clean3/train/levle1_550_jpg.rf.f226c354ca423dcf8699700c1e8f5120.jpg,roboflow_skin_problem_clean3,Acne|Blackheads|Whiteheads,,35edd47af321b1cb078662b95f1bce1391991dbe8e7a97296d8f02316bcbc85e,"contains extra/non-target annotations: Blackheads, Whiteheads"
dataset/raw/roboflow_skin_problem_clean3/train/levle1_467_jpg.rf.f1fc8c9aad226c85977842d5dc59b67b.jpg,roboflow_skin_problem_clean3,Acne|Blackheads,,2e72bad1e3a651e67f0646ec5bae5d4a275bb048faa00063ec36d30336a1516c,contains extra/non-target annotations: Blackheads
dataset/raw/roboflow_skin_problem_clean3/train/Kering-31-_jpeg.rf.f2172b4a673a3bd5e39dfac20575673c.jpg,roboflow_skin_problem_clean3,Dry-Skin,,0551b501d46fd59731a7a0851180118f5119d76144c29450025917da12f4d4b6,contains extra/non-target annotations: Dry-Skin
dataset/raw/roboflow_skin_problem_clean3/train/kering-18-_jpg.rf.f25484c7b92bbcf9ae9fb3398d96eca0.jpg,roboflow_skin_problem_clean3,Dry-Skin,,927ee3fa8eac28239d6ba0ca035ff0fb96612b4c8e8e30109e1140e68bf5a148,contains extra/non-target annotations: Dry-Skin
dataset/raw/roboflow_skin_problem_clean3/train/01F3MMWT0B1CGT5C650VZ0YSPN_jpeg_jpg.rf.f27587dd68a41b0868fa1128e787c630.jpg,roboflow_skin_problem_clean3,Acne|Blackheads,,0563960342bfaa6b0ab3970f53da070fc3a3727a31a5e71fe7a7133d0ba8a963,contains extra/non-target annotations: Blackheads
dataset/raw/roboflow_skin_problem_clean3/train/levle0_207_jpg.rf.f256fd32169bc5f203b51d1002892d6f.jpg,roboflow_skin_problem_clean3,Acne|Blackheads|Whiteheads,,611d4bfa8ed49ddc69ff2b17f7dd4864dd10d0d24eb75790abcb26a3bfc16d29,"contains extra/non-target annotations: Blackheads, Whiteheads"
dataset/raw/roboflow_skin_problem_clean3/train/Berminyak191_jpg.rf.f2fe80fabe815fb76a7d957ef84f817e.jpg,roboflow_skin_problem_clean3,Oily-Skin,,c9693077b7c4fcaf86a3dc91e489916df6c7a6ef9d9a588ab815794c38646438,contains extra/non-target annotations: Oily-Skin
dataset/raw/roboflow_skin_problem_clean3/train/2352254513_1_jpg.rf.f2ec2a1ac464feebd93f45a72647c5c3.jpg,roboflow_skin_problem_clean3,Eyebags,,2593ec1b39d397b6eb2da97ff82a14b25743c5133b90edaf4e234add5976af37,contains extra/non-target annotations: Eyebags
dataset/raw/roboflow_skin_problem_clean3/train/oily-98-_jpg.rf.f336c1eeda7dc84242846613079f75fa.jpg,roboflow_skin_problem_clean3,Acne|Blackheads,,207cd41fd296b202cfa7f54689e1725b6cda9b0b6181576eadf71bf5d86a6ff5,contains extra/non-target annotations: Blackheads
dataset/raw/roboflow_skin_problem_clean3/train/464_jpg.rf.f381df1e97d609e74a15ed7c550fa745.jpg,roboflow_skin_problem_clean3,Acne|Blackheads|Englarged-Pores,,d448c3d15564f79c4a423a422f1da644c69cfa9eb5963754c805118e8cadeb4c,contains extra/non-target annotations: Blackheads
dataset/raw/roboflow_skin_problem_clean3/train/629_jpg.rf.f36475cba090c653cbebcc6fdd5d9564.jpg,roboflow_skin_problem_clean3,Acne|Englarged-Pores,,ece8a834fd5c55b3670255c824974c5633b50ea52d4cd9c43112f4dce91f52fb,"contains multiple target classes: acne, large_pore"
dataset/raw/roboflow_skin_problem_clean3/train/berminyak__-39-_jpg.rf.f3fc910455160dfb8519c6f2b6f2b9ca.jpg,roboflow_skin_problem_clean3,Oily-Skin,,4cad6e605726e5ae41b7e3d3c2a0b156a08794a32554946df612fd1f40ce9e4a,contains extra/non-target annotations: Oily-Skin
dataset/raw/roboflow_skin_problem_clean3/train/562_jpg.rf.f419d9d7aa9f0e67d477e97254d0e647.jpg,roboflow_skin_problem_clean3,Acne|Englarged-Pores,,f4e698a23305e84517a1b9ee4ea00aa4edfbf00b3cf192147a00edfad3425c12,"contains multiple target classes: acne, large_pore"
dataset/raw/roboflow_skin_problem_clean3/train/kering-3-_jpg.rf.f438afc9a545e182b616db267fef70aa.jpg,roboflow_skin_problem_clean3,Oily-Skin,,f7fb8452761e09aadcc6b3488559bb026ac8e4427af62525855c16eb1120c8c6,contains extra/non-target annotations: Oily-Skin
dataset/raw/roboflow_skin_problem_clean3/train/oily-176-_jpg.rf.f4b84c491bacc37917a1d52c3d17a63b.jpg,roboflow_skin_problem_clean3,Oily-Skin,,9ef0ea64f82718818b7f5c4c274b826bce422f7f8d6fda03f1985fefd77ba771,contains extra/non-target annotations: Oily-Skin
dataset/raw/roboflow_skin_problem_clean3/train/162_jpg.rf.f49cb5eea0838194f6ecb560b5b63a50.jpg,roboflow_skin_problem_clean3,Eyebags,,88101a551d816b6021c98474ce1abc8a3ccdfd3a8d0cf5903df11dcd688a3927,contains extra/non-target annotations: Eyebags
dataset/raw/roboflow_skin_problem_clean3/train/oily7_jpg.rf.f591a7038c278475a4dd56c41d10fe85.jpg,roboflow_skin_problem_clean3,Oily-Skin,,1b8a681cb39913a2529177ed65ac29910d8d9db5ac519f7ae92dd1c2cf8842ac,contains extra/non-target annotations: Oily-Skin
dataset/raw/roboflow_skin_problem_clean3/train/kering_-101-_jpg.rf.f69de2223f3aa0ada3f8c552ad94318f.jpg,roboflow_skin_problem_clean3,Dry-Skin,,2e6390decdb26f562cf5ab9b08f83e1f004cc362ea56256e21837ea81cfd29ba,contains extra/non-target annotations: Dry-Skin
dataset/raw/roboflow_skin_problem_clean3/train/23_png_jpg.rf.f68e2fd50fff256b2991733f135e9f12.jpg,roboflow_skin_problem_clean3,Acne|Blackheads|Whiteheads,,dab31f332ad2272ed395d806b0bad6631b543e6024bd8461662c489f153cf72a,"contains extra/non-target annotations: Blackheads, Whiteheads"
dataset/raw/roboflow_skin_problem_clean3/train/632_jpg.rf.f67d1fa7a0b77b94ee79e7ff074c3c06.jpg,roboflow_skin_problem_clean3,Acne|Englarged-Pores,,df10ad315ceb3214fcb06b882af38dd3108cc5d9be7d1fc25dc9e9f91a16fab0,"contains multiple target classes: acne, large_pore"
dataset/raw/roboflow_skin_problem_clean3/train/levle1_67_jpg.rf.f6af7a6ac66ca40aff8669297398a5f2.jpg,roboflow_skin_problem_clean3,Acne|Dark-Spots|Whiteheads,,140b39cecdfc251b39bb384553b218990880be215db671032ea8b1d67e56b196,contains extra/non-target annotations: Whiteheads
dataset/raw/roboflow_skin_problem_clean3/train/dry-141-_jpg.rf.f5a7099041a4b13d480b909d45e3aa36.jpg,roboflow_skin_problem_clean3,Dry-Skin,,05cf0f92b9d29a596eca6700e82e267e4fcdd0a9b2a38d84bdb1e1b65e3161ec,contains extra/non-target annotations: Dry-Skin
dataset/raw/roboflow_skin_problem_clean3/train/kering_-26-_jpg.rf.f6fa5cf617753230f4ca89e2d8995052.jpg,roboflow_skin_problem_clean3,Dry-Skin,,1d1d3849299ef66f75eaadd79b64b1c369fdfb65d4fc30e9593f061b9cab27a6,contains extra/non-target annotations: Dry-Skin
dataset/raw/roboflow_skin_problem_clean3/train/levle2_46_png.rf.f756b26338b49a4d35415071c4ad20f2.jpg,roboflow_skin_problem_clean3,Blackheads,,04c08c7411d8efaf8ae3865a565f46257e93aaba8225232538f1d6bf485a7891,contains extra/non-target annotations: Blackheads
dataset/raw/roboflow_skin_problem_clean3/train/436_jpg.rf.f7b323391409bbd1575a3c0bc7c8da88.jpg,roboflow_skin_problem_clean3,Acne|Englarged-Pores|Eyebags,,a727c8b654d8455fd2113d4ec2581a4be8d0626be7048c56ebdce452f65502d6,contains extra/non-target annotations: Eyebags
dataset/raw/roboflow_skin_problem_clean3/train/57_jpg.rf.f7725f4b003fc71aef765f0c5ad6a1ad.jpg,roboflow_skin_problem_clean3,Acne|Blackheads|Eyebags,,6eee6292cabebc64eff0b4f3c808e5d9f0d887b3e85586168efb2b0ed28ae16a,"contains extra/non-target annotations: Blackheads, Eyebags"
dataset/raw/roboflow_skin_problem_clean3/train/oily13_jpg.rf.f7e4346b4ac8d640fc62b799448ee503.jpg,roboflow_skin_problem_clean3,Oily-Skin,,11d88fee647344ef9b8adfc4838d16d18237835a6af3d0f9d437d260b5220b1f,contains extra/non-target annotations: Oily-Skin
dataset/raw/roboflow_skin_problem_clean3/train/Image_57_jpg.rf.f84d6fdaccfc7bd1f07fdf38fa472c56.jpg,roboflow_skin_problem_clean3,Eyebags,,2b99369226478cd2658988116eaa999b0390bb59b26d7b2d055da8f6a55b5e74,contains extra/non-target annotations: Eyebags
dataset/raw/roboflow_skin_problem_clean3/train/pro04_sec03_png.rf.f85679a7727179b6f4e3a547a72d761a.jpg,roboflow_skin_problem_clean3,Skin-Redness,,aa00157a592f5818aca873a0a9fe764d823a32e8279f4010733a20dd4418cb51,contains extra/non-target annotations: Skin-Redness
dataset/raw/roboflow_skin_problem_clean3/train/levle0_78_png.rf.f90ccf9c04e13457ebf4694d44ca3a5e.jpg,roboflow_skin_problem_clean3,Blackheads,,8177b75adeb773cc2c7a268fd5cafa67447980fc8ca5dda0331b69ddaa867cfb,contains extra/non-target annotations: Blackheads
dataset/raw/roboflow_skin_problem_clean3/train/2665784919_1_jpg.rf.f96f053e28eb05c2511c3ebd8c844d9b.jpg,roboflow_skin_problem_clean3,Eyebags,,99524ddf99ead7ba6966accc05521038339fd272c87d3c8ab8e8869b961990e3,contains extra/non-target annotations: Eyebags
dataset/raw/roboflow_skin_problem_clean3/train/146_jpg.rf.f9a1a3b8cea8a1844181facfe1cc9821.jpg,roboflow_skin_problem_clean3,Acne|Englarged-Pores|Eyebags|Wrinkles,,8b41be6e220f650231473a69ae7a6df3f029bc4c35c6ab5dcf07a6807e0f8389,contains extra/non-target annotations: Eyebags
dataset/raw/roboflow_skin_problem_clean3/train/295_jpg.rf.f9a6baf8a378238f3f1a9d5fcec70811.jpg,roboflow_skin_problem_clean3,Acne|Englarged-Pores,,fef3e7757769667ba882226bc908b0dfc61cfb5391ad8d1b4d2a895eace4da8c,"contains multiple target classes: acne, large_pore"
dataset/raw/roboflow_skin_problem_clean3/train/kering-29-_jpg.rf.f9ae78eb746e6dadd8d2a10e8f8f9e05.jpg,roboflow_skin_problem_clean3,Dry-Skin,,299eb9e2b5576c71bdb4136fc961de4f6c7c4a7e94140ffc3f38c1e62a105e28,contains extra/non-target annotations: Dry-Skin
dataset/raw/roboflow_skin_problem_clean3/train/levle1_593_png.rf.f9937dae39e24c1a11fa4c3de3bf1bdf.jpg,roboflow_skin_problem_clean3,Blackheads|Whiteheads,,5f7cfa7447838b85e5b2e396660596d4dd30ef5e5c86d34c75161a0e2d6c8101,"contains extra/non-target annotations: Blackheads, Whiteheads"
dataset/raw/roboflow_skin_problem_clean3/train/26_jpg.rf.f9dff0b25f7cb30c8271d99c2aa99f6d.jpg,roboflow_skin_problem_clean3,Acne|Englarged-Pores,,beecf7d754aef069274a97b0caf738073a73e7ea8f3259ef9152ce100c9a88fe,"contains multiple target classes: acne, large_pore"
dataset/raw/roboflow_skin_problem_clean3/train/608_jpg.rf.fa34a78b5ba6d663e37886cc23c9fd46.jpg,roboflow_skin_problem_clean3,Acne|Englarged-Pores,,bc4cb0a25cf981ed614a415620985ce8f66af24a4db459dde86354738895d098,"contains multiple target classes: acne, large_pore"
dataset/raw/roboflow_skin_problem_clean3/train/Image_33_jpg.rf.faa33e4d4b429d43dbb47115b52682bd.jpg,roboflow_skin_problem_clean3,Eyebags,,338da9cae3d3a0bba97bdf571d89052bc7fa9bf8ab9d2ec178143b274cab21e8,contains extra/non-target annotations: Eyebags
dataset/raw/roboflow_skin_problem_clean3/train/01F3MMVXXRHA3S1EBPKVXEFEZZ_jpeg_jpg.rf.fb77f276b709c9b6e1d58bc2a7f7b91a.jpg,roboflow_skin_problem_clean3,Acne|Whiteheads,,6b0058103588a7c299987aaaf9367d4e5782985d5b0f744fb7d798dbe9433174,contains extra/non-target annotations: Whiteheads
dataset/raw/roboflow_skin_problem_clean3/train/151_jpg.rf.fb8b9d5764da32d232051d2b5f4c87b0.jpg,roboflow_skin_problem_clean3,Acne|Englarged-Pores|Eyebags|Wrinkles,,8b41ea72ea828d115e620b7ce3e8dc6ed695316e4ba465ad7cb279e1d0f3fac4,contains extra/non-target annotations: Eyebags
dataset/raw/roboflow_skin_problem_clean3/train/levle1_532_png.rf.fbb40f1dfac74231aef87ffa4bd8ae2e.jpg,roboflow_skin_problem_clean3,Acne|Whiteheads,,0ed3165995f0725d13fbcb241a6dbde68194e0bc7a55e7c791fe0cb7e75c17ea,contains extra/non-target annotations: Whiteheads
dataset/raw/roboflow_skin_problem_clean3/train/levle1_515_jpg.rf.fbbd6318ebbe064073bea0e47cf949a9.jpg,roboflow_skin_problem_clean3,Acne|Whiteheads,,d68782c274c8ce37f45189136df0bb40928a162f3da226f7587222a1c2957297,contains extra/non-target annotations: Whiteheads
dataset/raw/roboflow_skin_problem_clean3/train/berminyak__-51-_JPG.rf.fbcd94c739b95ed4fc6882544f0a1a75.jpg,roboflow_skin_problem_clean3,Oily-Skin,,a1ac55d8cf14037122b0379fd2d803b467cf687006923fd9a023657c483c25fd,contains extra/non-target annotations: Oily-Skin
dataset/raw/roboflow_skin_problem_clean3/train/levle1_563_png.rf.fbf4df2498715bceede7a8e283687d4a.jpg,roboflow_skin_problem_clean3,Acne|Blackheads,,f2f3f2ba8c33c87d630d3b7fe4428cc0209889d6437fb4b6291174af05457f02,contains extra/non-target annotations: Blackheads
dataset/raw/roboflow_skin_problem_clean3/train/90_jpg.rf.fc83938b1756c4090001ee814631e7d0.jpg,roboflow_skin_problem_clean3,Acne|Blackheads|Englarged-Pores,,f4b5a92003e17decc63c526c0b1d2e311fce52f77311563d771379ab3fe3e3bc,contains extra/non-target annotations: Blackheads
dataset/raw/roboflow_skin_problem_clean3/train/ac1_jpg.rf.fc4b68115f93b71216ab6c624c6c6624.jpg,roboflow_skin_problem_clean3,Acne|Blackheads|Dark-Spots,,42ca659faf307fe0c54d561ba1d484a370d1535f83d2ddf037c37c6a3f087292,contains extra/non-target annotations: Blackheads
dataset/raw/roboflow_skin_problem_clean3/train/dry-166-_jpg.rf.fcaf7cc4e484177d39f4857d18ec30ff.jpg,roboflow_skin_problem_clean3,Oily-Skin,,66a8dd749e2cac197c65cdeb38469114a6590494473eedd1485edd9f2b50c5bf,contains extra/non-target annotations: Oily-Skin
dataset/raw/roboflow_skin_problem_clean3/train/kering-55-_jpg.rf.fc8f49903ada888c7445729a6a126249.jpg,roboflow_skin_problem_clean3,Dry-Skin,,9cc5d42603d594f618e72246414394dccc8e767eb3e3b3083f99cb791f5f1cd2,contains extra/non-target annotations: Dry-Skin
dataset/raw/roboflow_skin_problem_clean3/train/levle0_304_jpg.rf.fcb43e080273f656bbfcd1ec0c3a4a7d.jpg,roboflow_skin_problem_clean3,Whiteheads,,a77bb6ce43e13a17c82ec8dc3e3a1e37556395c592ce61867556393a8b253e34,contains extra/non-target annotations: Whiteheads
dataset/raw/roboflow_skin_problem_clean3/train/levle0_279_jpg.rf.fcf2d35c30323055191621e24b8924b9.jpg,roboflow_skin_problem_clean3,Acne|Blackheads,,8dd4a2ed4a51cb98c126b9c0c4df5f6ab5ff6f40f125eff175125f2995b79a22,contains extra/non-target annotations: Blackheads
dataset/raw/roboflow_skin_problem_clean3/train/kering__-50-_jpg.rf.fd1e662de713c17c78c3258879f75d71.jpg,roboflow_skin_problem_clean3,Dry-Skin,,cd5902914f553cea486f5190e4d1f7c7740f1e6036bf803a6bd5c00ca1f3ad35,contains extra/non-target annotations: Dry-Skin
dataset/raw/roboflow_skin_problem_clean3/train/oily2_jpg.rf.fd29c17e9f1c30086269ab85de651412.jpg,roboflow_skin_problem_clean3,Oily-Skin,,8a2ac1d16d1b9e3c80eead1a35d3a17b3bcbb6320f6781153e605d3287f96421,contains extra/non-target annotations: Oily-Skin
dataset/raw/roboflow_skin_problem_clean3/train/Berminyak286_jpg.rf.fcf653b5aa9622495a4293deb4b743fe.jpg,roboflow_skin_problem_clean3,Oily-Skin,,28e81ee81aa4109fb7cdcfb216370c78ce59aacac79b4504ec009069555a0e0f,contains extra/non-target annotations: Oily-Skin
dataset/raw/roboflow_skin_problem_clean3/train/levle1_516_png.rf.fd76cf277fa290acfca36f04f462244a.jpg,roboflow_skin_problem_clean3,Acne|Blackheads,,d7787788f89a6670a49b0cc4ca628aa83e7f3144eaa145fcee1dc0094c839bea,contains extra/non-target annotations: Blackheads
dataset/raw/roboflow_skin_problem_clean3/train/578_jpg.rf.fec415968a54c035d1da56839a9e30d7.jpg,roboflow_skin_problem_clean3,Acne|Englarged-Pores,,f5f522776b1a7ca5dab924b22eef3757eb85b7b26a1d72c0e1c2cf468ba727d5,"contains multiple target classes: acne, large_pore"
dataset/raw/roboflow_skin_problem_clean3/train/398_jpg.rf.fe323e9b2057cf1fd4402b3490b24d42.jpg,roboflow_skin_problem_clean3,Acne|Englarged-Pores,,04ac1d53571eec16a3f944c9f6094a397b28005d69e99d6c02e7f72907ee23f4,"contains multiple target classes: acne, large_pore"
dataset/raw/roboflow_skin_problem_clean3/train/469_jpg.rf.feb64c354a619ed74c58010d8b3d29c8.jpg,roboflow_skin_problem_clean3,Acne|Englarged-Pores|Wrinkles,,48ac5d0074083631bf04db8b6395229b80bc23f8a3da9aee87f86c56ebe635e8,"contains multiple target classes: acne, large_pore, wrinkle"
dataset/raw/roboflow_skin_problem_clean3/train/413_jpg.rf.fedf64a6047ed5ac7a79e5d9a418ad4f.jpg,roboflow_skin_problem_clean3,Acne|Englarged-Pores,,cb70669979650a3885deb3e5eed7c9c1ee8cea6903c1df58e71ca4ed0ed54643,"contains multiple target classes: acne, large_pore"
dataset/raw/roboflow_skin_problem_clean3/train/37_jpg.rf.febe487d0b9ff7f64ad2bc4d0429e2e8.jpg,roboflow_skin_problem_clean3,Acne|Blackheads|Whiteheads,,4939b7533e08c7e87e12edcf7d0851f39fc146b04ea2ccbcacb7fd128312a040,"contains extra/non-target annotations: Blackheads, Whiteheads"
dataset/raw/roboflow_skin_problem_clean3/train/511_jpg.rf.fed24ecec30d919145d0cc6fb9fbbefa.jpg,roboflow_skin_problem_clean3,Acne|Englarged-Pores,,9d90e81cf8373d10f2cf486be61dfe13e4704ec24ae56b25f95f137f0a0bb3d7,"contains multiple target classes: acne, large_pore"
dataset/raw/roboflow_skin_problem_clean3/train/kering_-128-_jpg.rf.fdb5d7f5506335aa84268d5f53fae795.jpg,roboflow_skin_problem_clean3,Dry-Skin,,14ccd8018a8cb0ee13026d20b78c78d280557e7afa795e8bf761ae385578da51,contains extra/non-target annotations: Dry-Skin
dataset/raw/roboflow_skin_problem_clean3/train/levle1_512_jpg.rf.feefb01d34326ff60b13f17bd517aeed.jpg,roboflow_skin_problem_clean3,Blackheads|Whiteheads,,860317903fcbd83ba3532c0e1dd7efb9bad469275d1be6faa3297e50969a6f38,"contains extra/non-target annotations: Blackheads, Whiteheads"
dataset/raw/roboflow_skin_problem_clean3/train/443_jpg.rf.ff07667759ad23df0a7ec93b2dc6ab1d.jpg,roboflow_skin_problem_clean3,Acne|Englarged-Pores,,6080096b0548e7611ba8de5c8bb7f802308939490ec7c28c33bb3f2a6f285051,"contains multiple target classes: acne, large_pore"
dataset/raw/roboflow_skin_problem_clean3/train/454_jpg.rf.ff51995ac39f01b761c45af3db6afbcf.jpg,roboflow_skin_problem_clean3,Acne|Blackheads|Englarged-Pores|Eyebags,,a3a797bc3086e7096687304270f8fc44f0097a2609510567f2de831f6f25b45e,"contains extra/non-target annotations: Blackheads, Eyebags"
dataset/raw/roboflow_skin_problem_clean3/train/Berminyak-14-_jpeg.rf.ff9f8f6ea26f77127486198970cfad26.jpg,roboflow_skin_problem_clean3,Oily-Skin,,7ff99ca9129154492400fc37eeac1dd7f2663997f6f63fca7da1cc0c91b5a1b7,contains extra/non-target annotations: Oily-Skin
dataset/raw/roboflow_skin_problem_clean3/train/1030333538_1_jpg.rf.ffcb885e0e33afe7d65555b71ebddf15.jpg,roboflow_skin_problem_clean3,Eyebags,,be0077bab38d298f4968665c845d516ddf50e6e253d61ec114edddcd50dbaeff,contains extra/non-target annotations: Eyebags
dataset/raw/roboflow_skin_problem_clean3/train/levle1_157_jpg.rf.ff6787bb217b219f9253d08c728a02fb.jpg,roboflow_skin_problem_clean3,Acne|Blackheads,,9ae8daadd15b5429ff8f1054712707abb4828bf4e295c7ea44f7e5b598b43f84,contains extra/non-target annotations: Blackheads
dataset/raw/roboflow_skin_problem_clean3/train/kering__-4-_JPG.rf.ffe81f9b7f0acba60b6084800658af5d.jpg,roboflow_skin_problem_clean3,Dry-Skin,,865db0151e9245c829811f1adc5509be3ee1d26b5262fd6892f1bd0e2fb3cf8c,contains extra/non-target annotations: Dry-Skin
dataset/raw/roboflow_skin_problem_clean3/train/c0500788-800px-wm_jpg.rf.857e6d14dffd73e1ee770cf7b6c32695.jpg,roboflow_skin_problem_clean3,Skin-Redness,,ce9e169ed6978750c43add297e59b67f8c116e5e7ed6e9b47d176649f0eb9368,contains extra/non-target annotations: Skin-Redness
dataset/raw/roboflow_skin_problem_clean3/train/965748b1b0e0f4cc84e6fb5daa335cb8_jpg.rf.8688eac856653c9dea863292bec83f92.jpg,roboflow_skin_problem_clean3,Dry-Skin,,d9b9f6f2ca12e9083a1126ea412ebaafdea9e999df2bd171ab0a69c5a42807dd,contains extra/non-target annotations: Dry-Skin
dataset/raw/roboflow_skin_problem_clean3/train/628_jpg.rf.861a2d9a070b5df0f38c7714c9bd7508.jpg,roboflow_skin_problem_clean3,Acne|Englarged-Pores|Eyebags|Wrinkles,,9c2dfd9616c0062f49d894d504355a523a830de77c5249f49940261c981c7448,contains extra/non-target annotations: Eyebags
dataset/raw/roboflow_skin_problem_clean3/train/152_jpg.rf.85f644ddbd07ba61a3d34a5aab463abd.jpg,roboflow_skin_problem_clean3,Eyebags,,d8827f4a06e34ea39e15fcc7122a05ce91ecbb51a7327491a35611d806e80c79,contains extra/non-target annotations: Eyebags
dataset/raw/roboflow_skin_problem_clean3/train/oily42_jpg.rf.85638078c6a9d7cd0aab262987d8d0ad.jpg,roboflow_skin_problem_clean3,Oily-Skin,,3ce931ea11a329ea29ebd15c8739d57aa3aa1166e2dfdf27de23d144d99eac16,contains extra/non-target annotations: Oily-Skin
dataset/raw/roboflow_skin_problem_clean3/train/kering-45-_jpg.rf.85c355124fd0d9680590f553e51e5cdb.jpg,roboflow_skin_problem_clean3,Dry-Skin,,1b033553f2cd72fca9c73e7479ebacc3929edef1acf854a784eef43d9ea91969,contains extra/non-target annotations: Dry-Skin
dataset/raw/roboflow_skin_problem_clean3/train/Berminyak177_jpg.rf.852c03aa0237cf08750a0574c15237e1.jpg,roboflow_skin_problem_clean3,Oily-Skin,,ed6de9408223eb973e7ebbbd4520d57d29e4b49e7859bca5c498c5d8effae597,contains extra/non-target annotations: Oily-Skin
dataset/raw/roboflow_skin_problem_clean3/train/148_jpg.rf.85af414f3670b542224f60052f9b7cc6.jpg,roboflow_skin_problem_clean3,Acne|Blackheads|Wrinkles,,5496855a670d314bd319177df4f125728a0e8b6dd11ef5636e44a96374b5b385,contains extra/non-target annotations: Blackheads
dataset/raw/roboflow_skin_problem_clean3/train/2720297592_1_jpg.rf.84a56d6f17f22761ba08a448887fb138.jpg,roboflow_skin_problem_clean3,Eyebags,,35d5281598516924ba225f0bf546c4786a6c8feb420869f8ffa2dc9ec0d88dc5,contains extra/non-target annotations: Eyebags
dataset/raw/roboflow_skin_problem_clean3/train/levle1_614_png.rf.8690fd8861e1500e1b84f4d56674eef0.jpg,roboflow_skin_problem_clean3,Acne|Blackheads,,e7a83cc26dc38baade3b120a9523d52e6081f7cefed72545a74ff6365a96287c,contains extra/non-target annotations: Blackheads
dataset/raw/roboflow_skin_problem_clean3/train/Image_36_jpg.rf.8522c00eec2095ed2c931d93eb9d0065.jpg,roboflow_skin_problem_clean3,Oily-Skin,,60d782bd7e0cdd630e2838458bab73c5ed3426719f98ea060190ca0f31794ace,contains extra/non-target annotations: Oily-Skin
dataset/raw/roboflow_skin_problem_clean3/train/93_jpg.rf.84924744faf0f11404a4c349367de1fc.jpg,roboflow_skin_problem_clean3,Acne|Eyebags,,5532da20ab82a676d49b406b71a75848dde198f4aea701b050368c0d24545afa,contains extra/non-target annotations: Eyebags
dataset/raw/roboflow_skin_problem_clean3/train/dry-236-_jpg.rf.852c3928a5e128ed9f1c3282415b0514.jpg,roboflow_skin_problem_clean3,Dry-Skin,,6e59b10aa85372759da5892ce99098e5d16313c3a3ddda0c16277e9ea909b979,contains extra/non-target annotations: Dry-Skin
dataset/raw/roboflow_skin_problem_clean3/train/Kering-26-_jpg.rf.856f4261d4b363ffb1f461b32028396a.jpg,roboflow_skin_problem_clean3,Dry-Skin,,889190361a2770b0b890336fe50be1eb564e3f682eff3f90d924fd64115cfc36,contains extra/non-target annotations: Dry-Skin
dataset/raw/roboflow_skin_problem_clean3/train/Berminyak-2-_jpeg.rf.854c758d656eacbcb3d96c002f37cd13.jpg,roboflow_skin_problem_clean3,Oily-Skin,,ab5de654aec0754d3eb732df743e06f396f54659d0b1c40c4d8867d9be260d74,contains extra/non-target annotations: Oily-Skin
dataset/raw/roboflow_skin_problem_clean3/train/levle1_250_jpg.rf.86944ceb5e0034057b2299475c36f24f.jpg,roboflow_skin_problem_clean3,Acne|Blackheads|Whiteheads,,d7e0b9fd60a1f6d84fb9cd954c3ceec498d9e6717b3846782269c3fbb7cead00,"contains extra/non-target annotations: Blackheads, Whiteheads"
dataset/raw/roboflow_skin_problem_clean3/train/2936372160_1_jpg.rf.87134264d6694d74cfd4d1288a49f577.jpg,roboflow_skin_problem_clean3,Eyebags,,a23d6fbbfb0cc8a737ca5d2bb824c44d58d7c5ee7cee9f7cd694e14b774c3220,contains extra/non-target annotations: Eyebags
dataset/raw/roboflow_skin_problem_clean3/train/441_jpg.rf.8719f3887faf8c012a157c905f9e5d46.jpg,roboflow_skin_problem_clean3,Acne|Wrinkles,,a71660b97d624fc26a32c20576582f992f844f0db51bd3bdf3f39a05181c1cb0,"contains multiple target classes: acne, wrinkle"
dataset/raw/roboflow_skin_problem_clean3/train/156_jpg.rf.844c522ee6ee31a0c881378ba4247a69.jpg,roboflow_skin_problem_clean3,Dry-Skin,,84aa4eb308f802d71f5381a79d785c405b58b18e436b7a97bc7cf9a5f6ae0516,contains extra/non-target annotations: Dry-Skin
dataset/raw/roboflow_skin_problem_clean3/train/oily18_jpg.rf.857e99e6693975c0eeb342c874be624a.jpg,roboflow_skin_problem_clean3,Oily-Skin,,bcf710321700c8775ca4815795cd7d87142015df984e875b41e810c7d1d8a765,contains extra/non-target annotations: Oily-Skin
dataset/raw/roboflow_skin_problem_clean3/train/berminyak__-3-_jpg.rf.85c4336a12fe3cd1b99b0b0e93dd887e.jpg,roboflow_skin_problem_clean3,Dry-Skin,,5ef8990dc45b02373b551cfdc41f657d4a8846fe8eec1eb2fccd394bf6402672,contains extra/non-target annotations: Dry-Skin
dataset/raw/roboflow_skin_problem_clean3/train/kering_-77-_jpg.rf.87492278f38507a541fc8c3494a68aa8.jpg,roboflow_skin_problem_clean3,Dry-Skin,,768bf0d2a486fdd14d68ed8a000961acee6f8910ab529a44ef20047b08d62b40,contains extra/non-target annotations: Dry-Skin
dataset/raw/roboflow_skin_problem_clean3/train/kering_-3-_jpg.rf.87572c7f83d8892fb0dc9971302825b1.jpg,roboflow_skin_problem_clean3,Dry-Skin,,1d7301d27f344de9fb1d222c5cda4825f5f887fb16c8fd821e8b726aa696ec05,contains extra/non-target annotations: Dry-Skin
dataset/raw/roboflow_skin_problem_clean3/train/levle1_62_png.rf.87e2bc9d6d0d09a147cecb3e0059050b.jpg,roboflow_skin_problem_clean3,Acne|Whiteheads,,9a27434a8a8143b28adfde302a61818524717485fbefdf9666623450d9c6b53f,contains extra/non-target annotations: Whiteheads
dataset/raw/roboflow_skin_problem_clean3/train/485_jpg.rf.87a53f7a065b5bce5bdd29a14b95f8cd.jpg,roboflow_skin_problem_clean3,Acne|Englarged-Pores,,ccc2e798fca5e1fe8d9ae86437c08f6706004c8204be838f3b660fd7f85acb2c,"contains multiple target classes: acne, large_pore"
dataset/raw/roboflow_skin_problem_clean3/train/kering__-14-_JPG.rf.879355a96b8bc5b2fd9b061bc6a1cdf3.jpg,roboflow_skin_problem_clean3,Dry-Skin,,bd6f4fc0ba609df634b27c4ce45663a0408016643b8c6998b455ef792fd9b493,contains extra/non-target annotations: Dry-Skin
dataset/raw/roboflow_skin_problem_clean3/train/oily37_jpg.rf.883900c2c917d20dbd50d1dda14cac5d.jpg,roboflow_skin_problem_clean3,Oily-Skin,,80c241c93a4970e7c3b2937fd3cdcd2d6e762150d55a53653694ca2b4c6dcb97,contains extra/non-target annotations: Oily-Skin
dataset/raw/roboflow_skin_problem_clean3/train/Berminyak-14-_jpg.rf.882a652db9c91ec2c69a67547cf4d67c.jpg,roboflow_skin_problem_clean3,Oily-Skin,,22bfa58e8560be173a970e82a6411d6d792125b36b6f8af2fdc9cd719df47300,contains extra/non-target annotations: Oily-Skin
dataset/raw/roboflow_skin_problem_clean3/train/Kering-14-_jpeg.rf.8823827d857f068711cdd7ce3c953fa2.jpg,roboflow_skin_problem_clean3,Dry-Skin,,5e249314158dd08a1107337d268bb98855031978b372eba6fe29df49a7ef8dad,contains extra/non-target annotations: Dry-Skin
dataset/raw/roboflow_skin_problem_clean3/train/435_jpg.rf.88d92ac010d37672f8cd6ac1c1c1e479.jpg,roboflow_skin_problem_clean3,Acne|Eyebags,,0770d5e722ec2cf2a5cdd14941f45237922c9bffc5a3ae5bb24dc015730ddf7a,contains extra/non-target annotations: Eyebags
dataset/raw/roboflow_skin_problem_clean3/train/dry1_jpg.rf.888ce70f1734fd701f6e558a91e421e6.jpg,roboflow_skin_problem_clean3,Dry-Skin,,f71dc4cec1689703bcabeff0e7d741648b638404ad17d15eca0062be89084af1,contains extra/non-target annotations: Dry-Skin
dataset/raw/roboflow_skin_problem_clean3/train/levle2_161_jpg.rf.889902c67c0192f0059aa705d5c0f1af.jpg,roboflow_skin_problem_clean3,Whiteheads,,762e42ddae4062aa2ff64b64e80fe586e2b4086720fa3f3b48e1040a46b5a2e1,contains extra/non-target annotations: Whiteheads
dataset/raw/roboflow_skin_problem_clean3/train/levle1_616_png.rf.890ce8e3714c9bd05599a3f9d262c31a.jpg,roboflow_skin_problem_clean3,Acne|Blackheads,,edfb9e57269976dc5534e524dcb6a1809b1c049dab0853a3afcaffa9f286eb38,contains extra/non-target annotations: Blackheads
dataset/raw/roboflow_skin_problem_clean3/train/Screenshot-2023-03-29-145623_png.rf.899cc55c924ecd780adb197e3848a58c.jpg,roboflow_skin_problem_clean3,Skin-Redness,,30e1f580ffe41afe3283c8cf7a2e5f880d891bb57b6e94db076c66728beb54e4,contains extra/non-target annotations: Skin-Redness
dataset/raw/roboflow_skin_problem_clean3/train/2405801774_1_jpg.rf.89315bc62a9972f2e03e0a8e0705a85d.jpg,roboflow_skin_problem_clean3,Eyebags,,eb736f8c85c3bc4f683d6506fa6426b56152974610ef320de3ecd7236f57680f,contains extra/non-target annotations: Eyebags
dataset/raw/roboflow_skin_problem_clean3/train/berminyak__-33-_jpg.rf.8a1ac6ca384293c98f2dea57c63b34ee.jpg,roboflow_skin_problem_clean3,Dry-Skin,,8c8ec200ad0e39df17f5ce83cbfc39053fa649ac3cc9cc5e240070347507f4c6,contains extra/non-target annotations: Dry-Skin
dataset/raw/roboflow_skin_problem_clean3/train/2113106881_1_jpg.rf.89fc5a86c53e32b271a40a4349565355.jpg,roboflow_skin_problem_clean3,Eyebags,,e98cd41c41d44d0e54400d1e0be69bf3aebc5b05b767f3aaced7407521ad9ca1,contains extra/non-target annotations: Eyebags
dataset/raw/roboflow_skin_problem_clean3/train/Kering-43-_jpg.rf.8a36400d7a260b32bca6d5eaf344caf0.jpg,roboflow_skin_problem_clean3,Dry-Skin,,2da1a12cedbe2e45320279969ab4ae955fab2c116f3009e63e445f394d4fdb74,contains extra/non-target annotations: Dry-Skin
dataset/raw/roboflow_skin_problem_clean3/train/276_jpg.rf.8a81b4af6d616276ee5e6a348b423b60.jpg,roboflow_skin_problem_clean3,Acne|Englarged-Pores,,f6187d3a2a2273105bf281a3cf7d48d4b914f33eee69dace89dd8424633846b3,"contains multiple target classes: acne, large_pore"
dataset/raw/roboflow_skin_problem_clean3/train/105_jpg.rf.8a54c3eadcbf4c942eee264630adf083.jpg,roboflow_skin_problem_clean3,Eyebags,,07c461f83f3bc832014016875a756216beda6ceb6a02bebc26211b052289c01a,contains extra/non-target annotations: Eyebags
dataset/raw/roboflow_skin_problem_clean3/train/439_jpg.rf.8afd9c55870774f6ab2d59d4786c0680.jpg,roboflow_skin_problem_clean3,Acne|Wrinkles,,2fac719bad406ac38e1c3249739d66ad7b28093e5a651afc687efda9c6787b8e,"contains multiple target classes: acne, wrinkle"
dataset/raw/roboflow_skin_problem_clean3/train/278_jpg.rf.8af24d552f6af798f1aeb9d1ec668dff.jpg,roboflow_skin_problem_clean3,Blackheads|Wrinkles,,069b33bc39efbc60202779d6bbb4b261cde5d3453b6148ff2c7842047099789c,contains extra/non-target annotations: Blackheads
dataset/raw/roboflow_skin_problem_clean3/train/4_jpg.rf.8b79abd5553e4812d4317be6a4cbf1bf.jpg,roboflow_skin_problem_clean3,Acne|Blackheads,,fb84a8316bfcbf5acf2fd0c5c2d8cc0f01d02981a48778907a43838f473ada69,contains extra/non-target annotations: Blackheads
dataset/raw/roboflow_skin_problem_clean3/train/levle1_544_png.rf.8c69ec3aa3e7d2775471a522695c197d.jpg,roboflow_skin_problem_clean3,Blackheads|Whiteheads,,a8b365016b31d7b2d0e7e5baa960b79846fe16040a1fc8b1db2359fb52c4aaf3,"contains extra/non-target annotations: Blackheads, Whiteheads"
dataset/raw/roboflow_skin_problem_clean3/train/levle1_271_jpg.rf.8cb34954d0b564e2e3feef57bb49afd8.jpg,roboflow_skin_problem_clean3,Acne|Whiteheads,,1cb4db79dca7bfb5d2beb640eda9c86cb814b00bce329ea6b24e9aa15c8c57cc,contains extra/non-target annotations: Whiteheads
dataset/raw/roboflow_skin_problem_clean3/train/levle1_634_jpg.rf.8c44db2d81756dc3cc233559c831b098.jpg,roboflow_skin_problem_clean3,Acne|Whiteheads,,b2234013436bf9f490c9d52413e1d9f3c59bb1b772c554607001b4966ef2573d,contains extra/non-target annotations: Whiteheads
dataset/raw/roboflow_skin_problem_clean3/train/levle0_353_png.rf.8d2068d017fc957673f4650f216eb15a.jpg,roboflow_skin_problem_clean3,Blackheads,,0aac556adeefaadcb6013341a6b769f51705dbfde080cae2c1eafbd8c2e49d90,contains extra/non-target annotations: Blackheads
dataset/raw/roboflow_skin_problem_clean3/train/kering__-73-_jpg.rf.8d2c5045571d50d58210f0b82c9ed415.jpg,roboflow_skin_problem_clean3,Dry-Skin,,6eb12fb299b037fd952d4897577c2435d3c4808a952975fc0257f0f3490791a6,contains extra/non-target annotations: Dry-Skin
dataset/raw/roboflow_skin_problem_clean3/train/levle1_347_jpg.rf.8d49e5de84efb5d03ca199496ada1ad4.jpg,roboflow_skin_problem_clean3,Acne|Blackheads,,e2555db3f0a1384febfdd5bae0e10bee10a4a868c547ddc4d120c4e31df7b4a8,contains extra/non-target annotations: Blackheads
dataset/raw/roboflow_skin_problem_clean3/train/levle1_180_jpg.rf.8d766580468a11e3e572f93b620a1235.jpg,roboflow_skin_problem_clean3,Acne|Blackheads|Dark-Spots|Whiteheads,,37e56d82fa58461457e409e7a91af10b9583bc8ca433e8c81f2ad291f2426901,"contains extra/non-target annotations: Blackheads, Whiteheads"
dataset/raw/roboflow_skin_problem_clean3/train/Berminyak249_jpg.rf.8dbf6fac78b45acf37a03788d25974b8.jpg,roboflow_skin_problem_clean3,Oily-Skin,,7927de07116da365adc6f215b55cfb581d57c055393276f2f42af22c5599a9b2,contains extra/non-target annotations: Oily-Skin
dataset/raw/roboflow_skin_problem_clean3/train/Berminyak-27-_jpeg.rf.8dde490d8f84af9ee11d900f998f5587.jpg,roboflow_skin_problem_clean3,Oily-Skin,,157b826a9e93d46d498cd1b246745ee8aa34753923cd716241295c331607b685,contains extra/non-target annotations: Oily-Skin
dataset/raw/roboflow_skin_problem_clean3/train/472_jpg.rf.8dd802289b84f7e6da49ab8b55c2026e.jpg,roboflow_skin_problem_clean3,Acne|Englarged-Pores,,19c13d41ede7f753f4d2d49bdf858885bb766841bd6d3b1069704b28757aac99,"contains multiple target classes: acne, large_pore"
dataset/raw/roboflow_skin_problem_clean3/train/Skin-Redness_jpg.rf.8dff0dbf21097c83d9917c4dde33568a.jpg,roboflow_skin_problem_clean3,Skin-Redness,,aea3417d90cea8e2189f12c31c68b996b2646919c7b6fe334c4cb8de12486c32,contains extra/non-target annotations: Skin-Redness
dataset/raw/roboflow_skin_problem_clean3/train/kering__-57-_jpg.rf.8ec78fc2807ab2f0632c01e93b70cb7b.jpg,roboflow_skin_problem_clean3,Dry-Skin,,f7136a425961d0dee05953e67042b977bdacd319f18124368db3fad125690dcb,contains extra/non-target annotations: Dry-Skin
dataset/raw/roboflow_skin_problem_clean3/train/oily-277-_jpg.rf.8e76b1a3902e0d762e44152b7ec41fad.jpg,roboflow_skin_problem_clean3,Acne|Blackheads,,bc74676108b4e620b541afdd9d0ff3562104986e0bccfd1e683b9c864c8cd684,contains extra/non-target annotations: Blackheads
dataset/raw/roboflow_skin_problem_clean3/train/495_jpg.rf.8edefc519a1a6dda18b533992e3aed8d.jpg,roboflow_skin_problem_clean3,Acne|Eyebags|Wrinkles,,1f74bf9d09619e5e09a59cd7d6601c2e1215e44684818b387e6556a4964b2d2a,contains extra/non-target annotations: Eyebags
dataset/raw/roboflow_skin_problem_clean3/train/446_jpg.rf.8f6c16bf815f7365aff5eaa5a7c626ad.jpg,roboflow_skin_problem_clean3,Acne|Englarged-Pores,,6332163a3abfa6b4cd5e18695eec39dd74830e47aa8a4cc7c2283337bfc81812,"contains multiple target classes: acne, large_pore"
dataset/raw/roboflow_skin_problem_clean3/train/berminyak__-20-_jpg.rf.8ffc7ebf1f5223352ab3384584f11f6f.jpg,roboflow_skin_problem_clean3,Dry-Skin,,847312836b562e2cf2e0c422d65f564c1e1e20ed4d0ef2e3181d205d8d47e57a,contains extra/non-target annotations: Dry-Skin
dataset/raw/roboflow_skin_problem_clean3/train/453_jpg.rf.8faedb08d02ff649c627df7bbb0bba44.jpg,roboflow_skin_problem_clean3,Acne|Englarged-Pores,,c4d874981c0ac6be627372d93dc329171c9dce204a118cb525d3116144346f1c,"contains multiple target classes: acne, large_pore"
dataset/raw/roboflow_skin_problem_clean3/train/levle0_122_jpg.rf.902e5a72ceb1d9c3d0b85026b160ff0c.jpg,roboflow_skin_problem_clean3,Acne|Blackheads,,278f61defb271eec1b605b522fb936f3bfe2a9d7eaca392337a74ea5877f1add,contains extra/non-target annotations: Blackheads
dataset/raw/roboflow_skin_problem_clean3/train/kering_-93-_jpg.rf.904a6d50050b895102d8ea56dfaa9775.jpg,roboflow_skin_problem_clean3,Dry-Skin,,fb5032169f014568eec816a5e87125573dde0f4ebf28f44641762e0bd2b69ed5,contains extra/non-target annotations: Dry-Skin
dataset/raw/roboflow_skin_problem_clean3/train/acne-prone-skin_184_jpeg.rf.905acf5912a29082c82e02a25aa5e795.jpg,roboflow_skin_problem_clean3,Acne|Oily-Skin,,e00b272835dce99adb904d197b3cdd04c0005e33dcd7bf07d55b9537690654e0,contains extra/non-target annotations: Oily-Skin
dataset/raw/roboflow_skin_problem_clean3/train/Rosacea-treatment-removal-redness-acne-veins-spider_jpg.rf.91d6d70f121bd74e7078db131579c707.jpg,roboflow_skin_problem_clean3,Skin-Redness,,2b1e3f10abb427ad27eed168fb60b432a3363d3d74005a9aca041270aa194a3f,contains extra/non-target annotations: Skin-Redness
dataset/raw/roboflow_skin_problem_clean3/train/635_jpg.rf.92295e413c9f5941263b0130a359be9d.jpg,roboflow_skin_problem_clean3,Acne|Wrinkles,,6cd48a39e03009396719f8089c1bacfed10b17c229fc68c7100fbd4d96106d22,"contains multiple target classes: acne, wrinkle"
dataset/raw/roboflow_skin_problem_clean3/train/levle1_381_png.rf.925a710d3317c3fd67e0d8895c54896d.jpg,roboflow_skin_problem_clean3,Blackheads|Whiteheads,,dd5d0c7457aa55d45ae6c76e943f96c003660bf6e451ac9c7261cc4ce89aeeb6,"contains extra/non-target annotations: Blackheads, Whiteheads"
dataset/raw/roboflow_skin_problem_clean3/train/01F3MMVNR3XB2A86H1Y87XW2SE_jpeg_jpg.rf.9267e3b93f3f52c48ff8a33889ce5af3.jpg,roboflow_skin_problem_clean3,Acne|Blackheads|Whiteheads,,9399060a4131853c56a8fad273bbc867932b9e8ad50e8e1550aac4a80e09d9d6,"contains extra/non-target annotations: Blackheads, Whiteheads"
dataset/raw/roboflow_skin_problem_clean3/train/Screenshot_34_png.rf.927d42a0c52b92455f93cff5b6261f53.jpg,roboflow_skin_problem_clean3,Skin-Redness,,b1dd4a99f0ccd76f284441248db9b53610b236fcaaa00089ddf91e5189ca07d7,contains extra/non-target annotations: Skin-Redness
dataset/raw/roboflow_skin_problem_clean3/train/668_jpg.rf.92df579d01908732aa6c4880150584e1.jpg,roboflow_skin_problem_clean3,Acne|Englarged-Pores,,30b704391b3ce62215b2c64c6008b3c78fd91ba4142c6271ae9ae6308085d641,"contains multiple target classes: acne, large_pore"
dataset/raw/roboflow_skin_problem_clean3/train/levle1_207_jpg.rf.92c2eca565f80576bde98bf65fbc48fc.jpg,roboflow_skin_problem_clean3,Acne|Blackheads|Whiteheads,,8b62b1d85f656dbc64a5cdb3433408367509c36335af0c045e1e2810b8f6c4b3,"contains extra/non-target annotations: Blackheads, Whiteheads"
dataset/raw/roboflow_skin_problem_clean3/train/dry31_jpg.rf.92f5a20fc591a5c8913677dc165ce9bf.jpg,roboflow_skin_problem_clean3,Dry-Skin,,a8602c5522a64450f0798cb654254f7a1666f2828c3330ad3c3e9cba46601e61,contains extra/non-target annotations: Dry-Skin
dataset/raw/roboflow_skin_problem_clean3/train/oily22_jpg.rf.939e33aa8929d8c7cd4f3f7cd39f244f.jpg,roboflow_skin_problem_clean3,Oily-Skin,,7bd4bd393b6088e54c6b501d26c3828b1e1c25a4866b9c95bc2780df49375762,contains extra/non-target annotations: Oily-Skin
dataset/raw/roboflow_skin_problem_clean3/train/oily-154-_jpg.rf.95246c22c4ced0e74f18b52d18eca06a.jpg,roboflow_skin_problem_clean3,Acne|Englarged-Pores|Oily-Skin,,695b5795a9430b86aca945b6bd67c916fc837ad41d5b5065913714ab7f01b855,contains extra/non-target annotations: Oily-Skin
dataset/raw/roboflow_skin_problem_clean3/train/dry12_jpg.rf.94e2cc7094a0e9d47b0bce2ff0e73c5f.jpg,roboflow_skin_problem_clean3,Dry-Skin,,450ae8086d3e20813a76813aeaeb3d9ae369937e8624cac6114e994e569601e3,contains extra/non-target annotations: Dry-Skin
dataset/raw/roboflow_skin_problem_clean3/train/kering-45-_JPG.rf.959f0a4f790e58023445d1565c223a8f.jpg,roboflow_skin_problem_clean3,Oily-Skin,,86d0a9e7975012d50e06a9a18a86ae74df2a853a90c850179a053a23dc395a1e,contains extra/non-target annotations: Oily-Skin
dataset/raw/roboflow_skin_problem_clean3/train/noi-man-do-ngua-toan-than-4_jpg.rf.9558d6c65196a1bf9ef5089fb75acf9f.jpg,roboflow_skin_problem_clean3,Skin-Redness,,de61c3201a20986ebf36f0d01d95894ada6c9bbdb29fc5d9e868155d91514c36,contains extra/non-target annotations: Skin-Redness
dataset/raw/roboflow_skin_problem_clean3/train/Berminyak208_jpg.rf.961d9ad18ffc976447445babfb33282c.jpg,roboflow_skin_problem_clean3,Dry-Skin,,77713aa966d3357e1dfa69e92d2027fc16107c7d96d60c05860d7fa621deab3b,contains extra/non-target annotations: Dry-Skin
dataset/raw/roboflow_skin_problem_clean3/train/levle1_486_jpg.rf.95d7a6ca269b86d6de89d7188870ef38.jpg,roboflow_skin_problem_clean3,Acne|Whiteheads,,b6a3dcb4d1295cdefc7a4d2f1536af1e10806f5e3376d6340bdb1890d858dea9,contains extra/non-target annotations: Whiteheads
dataset/raw/roboflow_skin_problem_clean3/train/kering__-77-_jpg.rf.961cbe69b3a18f9feb46023c56eb3a9f.jpg,roboflow_skin_problem_clean3,Dry-Skin,,ac21c64027f4cb17b0449c197ea64629bb422dc39b6ec8ae3a2878579fcd7ca1,contains extra/non-target annotations: Dry-Skin
dataset/raw/roboflow_skin_problem_clean3/train/Berminyak87_jpg.rf.9668160693727e9f79ccffc6bfd803e3.jpg,roboflow_skin_problem_clean3,Oily-Skin,,84d58016075aa7a24c99583503094470ad4448c7018687947b08c6deda87e681,contains extra/non-target annotations: Oily-Skin
dataset/raw/roboflow_skin_problem_clean3/train/levle0_255_png.rf.96514eacca25eef7d76dbf2ccd082706.jpg,roboflow_skin_problem_clean3,Blackheads,,66b1f18219239e4a4cc66b53f36cbb416b018574964ce3e9c3b9a93e77859359,contains extra/non-target annotations: Blackheads
dataset/raw/roboflow_skin_problem_clean3/train/berminyak__-10-_jpg.rf.9685a1f78b4172d7d77259f42fbaa5bd.jpg,roboflow_skin_problem_clean3,Dry-Skin,,869d055563bc596d8c10daf008b7806801e91f435cc18d3700a932acac6e250e,contains extra/non-target annotations: Dry-Skin
dataset/raw/roboflow_skin_problem_clean3/train/levle1_427_jpg.rf.96f55099d518b3644e9ddad6e6ea2586.jpg,roboflow_skin_problem_clean3,Acne|Whiteheads,,396735c0fe0c8c8b0ef81c13383c7a20a22056324af1d0c19e7cb77e6dbfe7ce,contains extra/non-target annotations: Whiteheads
dataset/raw/roboflow_skin_problem_clean3/train/levle0_319_jpg.rf.96937ad56e74adc1936a6c36b6804f15.jpg,roboflow_skin_problem_clean3,Acne|Blackheads,,b145b53082989d5585d694896e06e44ebf824ef73c5f15ca4295f633d5cbe3de,contains extra/non-target annotations: Blackheads
dataset/raw/roboflow_skin_problem_clean3/train/Berminyak-19-_jpeg.rf.96c3302ad5d18271e5fa4aebdcdfa8b9.jpg,roboflow_skin_problem_clean3,Oily-Skin,,5f737159530f76aaea3e25b2a56ae70847b9a64350e9f1e0210c04d33db06a88,contains extra/non-target annotations: Oily-Skin
dataset/raw/roboflow_skin_problem_clean3/train/568_jpg.rf.9702aa2aaed666dfea70dd14608f5507.jpg,roboflow_skin_problem_clean3,Acne|Eyebags,,f6a75cb29111e2933536ad417da5ce3a96b798126ada8fd1c0497bdbfe5c08fa,contains extra/non-target annotations: Eyebags
dataset/raw/roboflow_skin_problem_clean3/train/levle0_488_jpg.rf.973b93a361b91b54c79e1a1e9ebc9294.jpg,roboflow_skin_problem_clean3,Acne|Blackheads|Whiteheads,,45fe72cd3b30e5d1d8caa6c636919c438439bfe8a1e7dcbbefd8f063bee7997b,"contains extra/non-target annotations: Blackheads, Whiteheads"
dataset/raw/roboflow_skin_problem_clean3/train/356_jpg.rf.972e20c67d4ef04c2fab8f53b485e8a8.jpg,roboflow_skin_problem_clean3,Acne|Blackheads|Englarged-Pores,,babaadd8ee9e9af2e85e78e1bd3c2e00bd5ed39e7d5bcaad3da796b9f738f193,contains extra/non-target annotations: Blackheads
dataset/raw/roboflow_skin_problem_clean3/train/152_jpg.rf.977232bd98d02a5cff88d2e4d00afdf7.jpg,roboflow_skin_problem_clean3,Acne|Eyebags|Wrinkles,,7b8ef1b62b8a75e58c5173a455dc00844a5e4f822d392afdc1f79bcd2d90b33d,contains extra/non-target annotations: Eyebags
dataset/raw/roboflow_skin_problem_clean3/train/oily-94-_jpg.rf.985f8969e5ecf10310e2d8e11b76bab1.jpg,roboflow_skin_problem_clean3,Englarged-Pores|Oily-Skin,,750879a4891e98cf4dd451c0f72cb5026d7b0cac51224af62b6fa2a5bea0388e,contains extra/non-target annotations: Oily-Skin
dataset/raw/roboflow_skin_problem_clean3/train/levle3_102_jpg.rf.977f73e990e766872e74e9a4231d8c01.jpg,roboflow_skin_problem_clean3,Acne|Whiteheads,,a0fcc43d3ac0990e23caa3336686f120df5ea1c74c6ca264bff72fdad61474d8,contains extra/non-target annotations: Whiteheads
dataset/raw/roboflow_skin_problem_clean3/train/kering-4-_jpg.rf.9806cec711298fab0f39685406e4bbba.jpg,roboflow_skin_problem_clean3,Dry-Skin,,33bbce923864f3e6fe9aec42ca973e5f2b6262588cafa99f634473780b69da47,contains extra/non-target annotations: Dry-Skin
dataset/raw/roboflow_skin_problem_clean3/train/kering_-76-_jpg.rf.98680dc73198d2ea3395bd5f9efa973e.jpg,roboflow_skin_problem_clean3,Dry-Skin,,9c5e3f57b781723df0e639b6e806432457440bc0b5eaa84124b181663cafd829,contains extra/non-target annotations: Dry-Skin
dataset/raw/roboflow_skin_problem_clean3/train/121_jpg.rf.98805dbe1760d803971e13f2191c7b3c.jpg,roboflow_skin_problem_clean3,Acne|Eyebags|Wrinkles,,afa6a0471340d7bcaa0f36fe969bf8a37fb791e0e90855fa9a6dcb44232023c6,contains extra/non-target annotations: Eyebags
dataset/raw/roboflow_skin_problem_clean3/train/226_jpg.rf.98c300d89065823aad4679fb314068a1.jpg,roboflow_skin_problem_clean3,Acne|Englarged-Pores,,bd297d19772a5577f8bee26209485a0dc61a75e95c84eab8466259e164489407,"contains multiple target classes: acne, large_pore"
dataset/raw/roboflow_skin_problem_clean3/train/levle2_108_jpg.rf.98a86300ed92a987c8fc0e79bf9ff70a.jpg,roboflow_skin_problem_clean3,Acne|Blackheads|Whiteheads,,d9e10ef0f64e55f8d1f0d4a8899503e825b3730b35666beced0e5ef4b543d87f,"contains extra/non-target annotations: Blackheads, Whiteheads"
dataset/raw/roboflow_skin_problem_clean3/train/120_jpg.rf.993363380a8bc42892ab7044d8e3af4e.jpg,roboflow_skin_problem_clean3,Acne|Blackheads,,61e74b670e65a7294ea4a2503b82f8bcafabcb137b6a67f0edfab52bd3b7baab,contains extra/non-target annotations: Blackheads
dataset/raw/roboflow_skin_problem_clean3/train/kering__-23-_jpg.rf.9930c86439b2e09c39c1291facffdbce.jpg,roboflow_skin_problem_clean3,Dry-Skin,,aca8ab0574471b013dbced19156ad72d96e6f11f7517194aa9fa52a622da94bf,contains extra/non-target annotations: Dry-Skin
dataset/raw/roboflow_skin_problem_clean3/train/575_jpg.rf.9944847641f7ba9f1beb0473b60bd67d.jpg,roboflow_skin_problem_clean3,Acne|Englarged-Pores,,c8f78a28f08d81b627544ccb53da2066175d114ec0a12d74f8f26ef998973cf7,"contains multiple target classes: acne, large_pore"
dataset/raw/roboflow_skin_problem_clean3/train/kering-31-_jpg.rf.98fd15119431cbaaa3b40dfe5a27da25.jpg,roboflow_skin_problem_clean3,Dry-Skin,,9da8efb3ce86e4897981098d3e765ad8949228716a22a8b57d3cb90bbc2a4f12,contains extra/non-target annotations: Dry-Skin
dataset/raw/roboflow_skin_problem_clean3/train/levle1_199_jpg.rf.99c94de947ff7c3fc0a0dd78d09c2224.jpg,roboflow_skin_problem_clean3,Whiteheads,,c4e21bee2f789082b2bcc049306dd34b1eda943d432bcc66d4d531672797f3f5,contains extra/non-target annotations: Whiteheads
dataset/raw/roboflow_skin_problem_clean3/train/berminyak__-35-_jpg.rf.99e425264f121d4eee996347243c2ba3.jpg,roboflow_skin_problem_clean3,Dry-Skin,,7625b8932887e26bad22852faf56b86eea967f13b66cc14c9f994dc080cbd15e,contains extra/non-target annotations: Dry-Skin
dataset/raw/roboflow_skin_problem_clean3/train/kering_-89-_jpg.rf.9a7c5f092335a458d0027dadc5fee327.jpg,roboflow_skin_problem_clean3,Dry-Skin,,9f00130a7f405ce9090b55181f7016356483b91fb7acceb66bd32bb7a0800c67,contains extra/non-target annotations: Dry-Skin
dataset/raw/roboflow_skin_problem_clean3/train/acne-689-_jpg.rf.9a6d95aeeb5b42ebd11e2ded48aa9140.jpg,roboflow_skin_problem_clean3,Dry-Skin,,24b67b4d5019b19bb64c619d11b29dff2d5332653021293c9728ba7ea3b9a1ea,contains extra/non-target annotations: Dry-Skin
dataset/raw/roboflow_skin_problem_clean3/train/kering-42-_jpg.rf.9ba281ef0a59acb6476bd1927d6d362c.jpg,roboflow_skin_problem_clean3,Dry-Skin,,10b350f3b9da991924afdf5affdd980105d73235dadeebd99d128ab33153e19d,contains extra/non-target annotations: Dry-Skin
dataset/raw/roboflow_skin_problem_clean3/train/levle1_139_jpg.rf.9b5cda99477649682f529abc91a788ec.jpg,roboflow_skin_problem_clean3,Acne|Blackheads,,eb6c7e055eb19256b018a4b6d930b84e490d3b9226f1dcc389ea88f90236c4b6,contains extra/non-target annotations: Blackheads
dataset/raw/roboflow_skin_problem_clean3/train/Berminyak45_jpg.rf.9b3f20d125055434bd4a7363e6017310.jpg,roboflow_skin_problem_clean3,Oily-Skin,,f8cbdb29226c5f497443e945883ca1509a529b2dec844d2a474694e8eea7cf74,contains extra/non-target annotations: Oily-Skin
dataset/raw/roboflow_skin_problem_clean3/train/610_jpg.rf.9a3fb1db300625bc54f64f541e7970a8.jpg,roboflow_skin_problem_clean3,Acne|Englarged-Pores|Wrinkles,,ce909f4cc2ced8a5c5417404ed6d1a2f1ecc6760c0210bef9833c958f3ec5c49,"contains multiple target classes: acne, large_pore, wrinkle"
dataset/raw/roboflow_skin_problem_clean3/train/acne-272-_jpg.rf.9c21b968e84c63d5d9f1eb68ee1e3022.jpg,roboflow_skin_problem_clean3,Acne|Dry-Skin,,0fabf4bd9914abd745aed781ab6cac8c23bdcf1f5cfcd17a44226e6edf73d9b9,contains extra/non-target annotations: Dry-Skin
dataset/raw/roboflow_skin_problem_clean3/train/273_jpg.rf.9bcedb16c2dbda16e9bb8ec06ffefb8e.jpg,roboflow_skin_problem_clean3,Acne|Blackheads,,c365cc7bcd02695a666bdf2776afd58486fa02cafa4a2e5f9c4ed1e9cf37d598,contains extra/non-target annotations: Blackheads
dataset/raw/roboflow_skin_problem_clean3/train/471_jpg.rf.9c7fcc12367a838d210ca298ba444a07.jpg,roboflow_skin_problem_clean3,Acne|Blackheads,,0cd50e4c11122d2d8a7a1eaa8d3e79bfd785fbc1bf92ccb21e7ac8b7c9a168c7,contains extra/non-target annotations: Blackheads
dataset/raw/roboflow_skin_problem_clean3/train/Kering-16-_JPG.rf.9d2d6bd76492b85b47256c8940fce38a.jpg,roboflow_skin_problem_clean3,Dry-Skin,,e1ebb877d63f158363edb214de91705bdb236b0304e994abd9d5d0b60a5ab19e,contains extra/non-target annotations: Dry-Skin
dataset/raw/roboflow_skin_problem_clean3/train/levle1_173_jpg.rf.9d2067e1d88b868c9a3616d934cc707c.jpg,roboflow_skin_problem_clean3,Acne|Blackheads,,feae4f7844a8099a25da15045f326cfdbe310349906df6daac011dcf105df5bf,contains extra/non-target annotations: Blackheads
dataset/raw/roboflow_skin_problem_clean3/train/103887554_1_jpg.rf.9d462c8b9c2cce77766c975e13cff794.jpg,roboflow_skin_problem_clean3,Eyebags,,ec0445f2932acde0469326512edd86d0cb3ac20ca0d099dc70138d944d022afc,contains extra/non-target annotations: Eyebags
dataset/raw/roboflow_skin_problem_clean3/train/6_jpg.rf.9d908c7c1178524fe3d8c3332784e83a.jpg,roboflow_skin_problem_clean3,Acne|Blackheads,,09c9598ca74e2fbf32d90637c67d390c878c72da4d64e83abdd8a2caa4f4d279,contains extra/non-target annotations: Blackheads
dataset/raw/roboflow_skin_problem_clean3/train/kering__-97-_jpg.rf.9e15252cb6a288737f4e0275081d168d.jpg,roboflow_skin_problem_clean3,Dry-Skin,,ed27e59426e9c1aefac335a4cd897ea261656dc4588507cab260ea0c395b58cf,contains extra/non-target annotations: Dry-Skin
dataset/raw/roboflow_skin_problem_clean3/train/oily49_jpg.rf.9e392da96e6ca8559eee5d9544f4cf2c.jpg,roboflow_skin_problem_clean3,Oily-Skin,,5c4688276c34f25cac59829336f3b055333ef5378976b3cfbfc576c05dd0459b,contains extra/non-target annotations: Oily-Skin
dataset/raw/roboflow_skin_problem_clean3/train/547_jpg.rf.9e6d2ab36d82a58bd383d44b5d7a6c02.jpg,roboflow_skin_problem_clean3,Acne|Englarged-Pores,,18444ca87b00ff35defacd3cca4ccf932c4b8ec54021c05da2c603feb10bbfb2,"contains multiple target classes: acne, large_pore"
dataset/raw/roboflow_skin_problem_clean3/train/Image_49_jpg.rf.9e9657100f7f29fc1462ef3d3fb577ff.jpg,roboflow_skin_problem_clean3,Eyebags,,e5879bcd2bb360fdf9ec7c1a4399fb17d77eb1de98c0e05db7c27245eaff117c,contains extra/non-target annotations: Eyebags
dataset/raw/roboflow_skin_problem_clean3/train/levle1_195_png.rf.9ec1e27650de1d3f06550dd037c1a7f0.jpg,roboflow_skin_problem_clean3,Acne|Blackheads|Whiteheads,,45e44419afce7592523b419073e57941522994d10c70057dae36115deba151d7,"contains extra/non-target annotations: Blackheads, Whiteheads"
dataset/raw/roboflow_skin_problem_clean3/train/638_jpg.rf.9f2c4dc07bae58c92e3412af47b1954b.jpg,roboflow_skin_problem_clean3,Acne|Eyebags,,be8b267faec9a6e2bfd42d43ae54500355bfb0247bd3bdd506586230e085bdfb,contains extra/non-target annotations: Eyebags
dataset/raw/roboflow_skin_problem_clean3/train/kering_-143-_jpg.rf.9f84134f4a35f391496205c43f850e12.jpg,roboflow_skin_problem_clean3,Dry-Skin,,f1b2a058b7ad2ca36f91b096a74d1b836dfbfe9bcef10e14e432c62750643542,contains extra/non-target annotations: Dry-Skin
dataset/raw/roboflow_skin_problem_clean3/train/berminyak__-40-_jpg.rf.9f690ba36266f8fc772531f6352eff68.jpg,roboflow_skin_problem_clean3,Dry-Skin,,155a258b74b6c59a660cf329aecf0472ca598e9dc4bc6bdcea7d0d399ae75307,contains extra/non-target annotations: Dry-Skin
dataset/raw/roboflow_skin_problem_clean3/train/Berminyak211_jpg.rf.9fb07f67f4435ca681245d11cf3ab634.jpg,roboflow_skin_problem_clean3,Dry-Skin,,622a7fd7455d79a359c9d022a207b300630571cb4d9cd6f877b0b9a98904fbd6,contains extra/non-target annotations: Dry-Skin
dataset/raw/roboflow_skin_problem_clean3/train/levle1_23_jpg.rf.9fd56288608cc1813da41168edbfd41b.jpg,roboflow_skin_problem_clean3,Acne|Dark-Spots,,9239d64e4f4201afd1241ce85eab0b79ff3e0cc212193889dec2668f2b85730d,"contains multiple target classes: acne, dark_spot"
dataset/raw/roboflow_skin_problem_clean3/train/25_jpg.rf.9fe72667e1db262dbae959648b9d6839.jpg,roboflow_skin_problem_clean3,Acne|Englarged-Pores,,8d08be5dfcb71716ca4e6ddcc598763e5617f6d9e7807a15db6f5961987741b3,"contains multiple target classes: acne, large_pore"
dataset/raw/roboflow_skin_problem_clean3/train/682_jpg.rf.9f889c0659ebd06ebb9be69cc7025288.jpg,roboflow_skin_problem_clean3,Acne|Englarged-Pores,,69415dbaa321b3541a6ab6607337a77153c9ec4b0f7e644c1d98d3fa86aaea84,"contains multiple target classes: acne, large_pore"
dataset/raw/roboflow_skin_problem_clean3/train/623_jpg.rf.9ffb09ff3ba1d91b5aafab196573530d.jpg,roboflow_skin_problem_clean3,Acne|Wrinkles,,2770ace82d3479732719f968c655c070a3305bf1041b3a8a93826b631abd8579,"contains multiple target classes: acne, wrinkle"
dataset/raw/roboflow_skin_problem_clean3/train/kering-19-_jpg.rf.a009bf16af7b98436bec81f412fea90a.jpg,roboflow_skin_problem_clean3,Dry-Skin,,0591a28cd53fb58510584e88a195be11eae02f35179da90b2c08946e5cc6149d,contains extra/non-target annotations: Dry-Skin
dataset/raw/roboflow_skin_problem_clean3/train/kering_-84-_jpg.rf.a054d36e1f78dcc15829fca7b9e07aa4.jpg,roboflow_skin_problem_clean3,Dry-Skin,,7a3733fb75e0baf0b3c189e8d71549cd8dc31d7a0a6afac3caeed8018d4126d3,contains extra/non-target annotations: Dry-Skin
dataset/raw/roboflow_skin_problem_clean3/train/Kering-16-_jpeg.rf.a07d2af01c088fee25f0a3a4b20c2139.jpg,roboflow_skin_problem_clean3,Dry-Skin,,807042f4c3a83b1dc54ab8f5f0abf88b90c7d74a922c2fcb14f7574d29d5c006,contains extra/non-target annotations: Dry-Skin
dataset/raw/roboflow_skin_problem_clean3/train/levle1_334_png.rf.a098b8b10bd4803924bd747f19539562.jpg,roboflow_skin_problem_clean3,Acne|Blackheads|Whiteheads,,1a57f6a82c02a71e26c5f82fdd24eb98c296f767f14a8a67a889bee35403314f,"contains extra/non-target annotations: Blackheads, Whiteheads"
dataset/raw/roboflow_skin_problem_clean3/train/348_jpg.rf.a0948e7dd77b175b5eac2c6c636c4161.jpg,roboflow_skin_problem_clean3,Acne|Englarged-Pores,,ffe25511f20fc490324bded5102c5f4d70e8628718a13dd4aa596556184311d4,"contains multiple target classes: acne, large_pore"
dataset/raw/roboflow_skin_problem_clean3/train/kering__-27-_jpg.rf.a0bbde6a69b9cb7cb63458881f83d755.jpg,roboflow_skin_problem_clean3,Dry-Skin,,0c7e86d5214a3332c5235d3c56b63e4dbce97f509b03bfb7e4ce492b171342cc,contains extra/non-target annotations: Dry-Skin
dataset/raw/roboflow_skin_problem_clean3/train/normal-135-_jpg.rf.a0b3bc769cccbed852b0770a81fd9ca6.jpg,roboflow_skin_problem_clean3,,,839476796ff4ee2b6d1f556b2c386f7a4d9c1b75bbb487349cb183af4fd04027,image has no COCO annotations
dataset/raw/roboflow_skin_problem_clean3/train/kering_-110-_jpg.rf.a0dd22ac6cf59069b4c1a7c6e89afec9.jpg,roboflow_skin_problem_clean3,Dry-Skin,,44a337d3e76de8172d0f0478493b933ddae2efb85dcf2ae385f0a562082cd98b,contains extra/non-target annotations: Dry-Skin
dataset/raw/roboflow_skin_problem_clean3/train/kering-14-_jpg.rf.a0b76cfa799cb0ab5cdb699421374dfa.jpg,roboflow_skin_problem_clean3,Dry-Skin,,aeea1a5c57bac7b67a29cfea15389ff8de56f751c430451a4658981a6caa9f5b,contains extra/non-target annotations: Dry-Skin
dataset/raw/roboflow_skin_problem_clean3/train/kering_-39-_jpg.rf.a1312a7a2575c37219e0df1b34dad2e7.jpg,roboflow_skin_problem_clean3,Dry-Skin,,328836f7af8feeac8193bb152ea8e5de277dc293ac7ab0910fc27098bd70f2ff,contains extra/non-target annotations: Dry-Skin
dataset/raw/roboflow_skin_problem_clean3/train/556_jpg.rf.a0ea869f84314d15cf1010e2763276da.jpg,roboflow_skin_problem_clean3,Eyebags,,453ea107e749bdf7eb124eb525ad731787e300847d44ac417bf5154804b7a05c,contains extra/non-target annotations: Eyebags
dataset/raw/roboflow_skin_problem_clean3/train/Image_71_jpg.rf.a1084fe8c34bfaff9c0c94f1bb69c42a.jpg,roboflow_skin_problem_clean3,Eyebags,,996c6460d30f131474e68884b76a169802812f94270265356bb5af1503c530aa,contains extra/non-target annotations: Eyebags
dataset/raw/roboflow_skin_problem_clean3/train/287_jpg.rf.a13eba621fb6833561d238095977dbbb.jpg,roboflow_skin_problem_clean3,Blackheads,,19eebfbaee07855d5a7f3a96e0ee5912f2c30502acda3924ec100c527680b1b9,contains extra/non-target annotations: Blackheads
dataset/raw/roboflow_skin_problem_clean3/train/481_jpg.rf.a15da339e667d636eb904449215d00cb.jpg,roboflow_skin_problem_clean3,Acne|Englarged-Pores,,48a9a964b148be96f41f59a3699b4bca7cb9a59bf1b240b5187a4ffa6cd9ef62,"contains multiple target classes: acne, large_pore"
dataset/raw/roboflow_skin_problem_clean3/train/levle1_595_jpg.rf.a18adfc7a6f83a43fda319bab9d49592.jpg,roboflow_skin_problem_clean3,Acne|Blackheads,,973b82905b80afc319e1eae3f412b376798dfa46262cb7e9a5a1197663c9fa68,contains extra/non-target annotations: Blackheads
dataset/raw/roboflow_skin_problem_clean3/train/kering-32-_jpg.rf.a1c4caaf0c4aab4f11ec27b06fa2abc4.jpg,roboflow_skin_problem_clean3,Dry-Skin,,48d5e4cbea79e4a61c1e3782337a55fee9372c49e30a58b1323d10f67941b975,contains extra/non-target annotations: Dry-Skin
dataset/raw/roboflow_skin_problem_clean3/train/667_jpg.rf.a2185a44ebf7d5a46582e520b64afe13.jpg,roboflow_skin_problem_clean3,Acne|Englarged-Pores,,c9b35a43d66f38b3ac7d0cb062f8988165139b06f829f2687fb413846153ae71,"contains multiple target classes: acne, large_pore"
dataset/raw/roboflow_skin_problem_clean3/train/268_jpg.rf.a253aad44b530df03e17ad65209f47b4.jpg,roboflow_skin_problem_clean3,Acne|Englarged-Pores,,2aa0e0711cc5fee694d578902163a9ad803e3545d223fd839004697886f1b1a4,"contains multiple target classes: acne, large_pore"
dataset/raw/roboflow_skin_problem_clean3/train/berminyak__-4-_jpg.rf.a2a2775d1d5b5c6879e9db1a11953db6.jpg,roboflow_skin_problem_clean3,Dry-Skin,,f4e6b9dfa17da88377f24d45ce066d36dee97dbb77fd55483301a0d5f3415d13,contains extra/non-target annotations: Dry-Skin
dataset/raw/roboflow_skin_problem_clean3/train/463_jpg.rf.a33217f5ed8f91f7939d698945cba9f1.jpg,roboflow_skin_problem_clean3,Acne|Blackheads|Englarged-Pores,,3edf245e6edb7eaef0e0a5de25c781473933d596379588ef3e1b2e2f04f30c34,contains extra/non-target annotations: Blackheads
dataset/raw/roboflow_skin_problem_clean3/train/Kering-26-_jpeg.rf.a3d38d0bf3acfcd4dfd67dc8df4fba61.jpg,roboflow_skin_problem_clean3,Dry-Skin,,9011eb66dc8b4dcac1a95417f4ebcf67fea4262290a2142f46ac1c6c0a2c95bd,contains extra/non-target annotations: Dry-Skin
dataset/raw/roboflow_skin_problem_clean3/train/oily24_jpg.rf.a2d8139032bc247289fbd373c2e073ab.jpg,roboflow_skin_problem_clean3,Oily-Skin,,d636b749449b24b3e5f244bb2dfc58becc48180ecfcc02d7a955c8af27be1631,contains extra/non-target annotations: Oily-Skin
dataset/raw/roboflow_skin_problem_clean3/train/424_jpg.rf.a3dd5b510e0e8357dc922cbb3564ce72.jpg,roboflow_skin_problem_clean3,Acne|Eyebags,,a685aad61ceb8a26f74265bfc4866191b74c02fbbb6d3a7823060dd27d950fc1,contains extra/non-target annotations: Eyebags
dataset/raw/roboflow_skin_problem_clean3/train/levle0_426_png.rf.a48824cd407eddb79009f458eb2a77a8.jpg,roboflow_skin_problem_clean3,Acne|Blackheads|Whiteheads,,61d57d5527c1b7bf9783b0fb0c13275c2165ec0586f258b358c2cc146c44be19,"contains extra/non-target annotations: Blackheads, Whiteheads"
dataset/raw/roboflow_skin_problem_clean3/train/levle2_113_jpg.rf.a460193e7bf9a3e3f62ea5305956d0df.jpg,roboflow_skin_problem_clean3,Acne|Blackheads,,5a3af1add1988c25e61984e191f7bb56de68726603a0319833d2a51ead4df846,contains extra/non-target annotations: Blackheads
dataset/raw/roboflow_skin_problem_clean3/train/levle0_460_jpg.rf.a4bdc16e4be925488ebfcecccc340f0c.jpg,roboflow_skin_problem_clean3,Acne|Dark-Spots|Whiteheads,,13e5d562c784bb5542630adb6ac0f16d72a938d4c62498c2cbfefc34f034ccb0,contains extra/non-target annotations: Whiteheads
dataset/raw/roboflow_skin_problem_clean3/train/327_jpg.rf.a4af2152c422c3b20f8f14a5a68e1049.jpg,roboflow_skin_problem_clean3,Acne|Wrinkles,,50084391a7942a9ca6b87ad6bcf2b25706bb354bbe27016db225d082a4daa95e,"contains multiple target classes: acne, wrinkle"
dataset/raw/roboflow_skin_problem_clean3/train/kering_-67-_jpg.rf.a4c88c1a28262396a684eb12b1c9fea5.jpg,roboflow_skin_problem_clean3,Dry-Skin,,4742137cca68b2724c2c668ce7d91fe16f338a285791973ce53fb0b177cb039b,contains extra/non-target annotations: Dry-Skin
dataset/raw/roboflow_skin_problem_clean3/train/kering-61-_jpg.rf.a4e8f682300a13da3c9ff13698bf0abd.jpg,roboflow_skin_problem_clean3,Dry-Skin,,75fc695cb9d2abca5160123451bd5cf56763ff7edf53bc6145eb62498c7721a3,contains extra/non-target annotations: Dry-Skin
dataset/raw/roboflow_skin_problem_clean3/train/Berminyak295_jpg.rf.a53bcca2aef24629f0d40899543fbfff.jpg,roboflow_skin_problem_clean3,Oily-Skin,,b49d563d8ded31e7e6910189f3b78e6b87b455ab82e977d3d14b873d222c877a,contains extra/non-target annotations: Oily-Skin
dataset/raw/roboflow_skin_problem_clean3/train/2666396914_1_jpg.rf.a4f5fb0aa9ab7615f0294cbb06a178f9.jpg,roboflow_skin_problem_clean3,Eyebags,,dc9b8af2f2259ccd3197be1a1d06f06adb7300e211784f91bb43e2cdff33eee2,contains extra/non-target annotations: Eyebags
dataset/raw/roboflow_skin_problem_clean3/train/173_jpg.rf.a57186c123c7824cf88a55367e18131a.jpg,roboflow_skin_problem_clean3,Acne|Dry-Skin|Wrinkles,,460bc6235b0c2748dc2e0303c52eb82a770f3a47815fb8ae9ea53924e6188b27,contains extra/non-target annotations: Dry-Skin
dataset/raw/roboflow_skin_problem_clean3/train/2707644515_1_jpg.rf.a5bcaa044b3446a52036955e8f73933b.jpg,roboflow_skin_problem_clean3,Eyebags,,227e8c32ff35480a8bc82cd64336d9220151264523d0ff5571432db39bbb3d0b,contains extra/non-target annotations: Eyebags
dataset/raw/roboflow_skin_problem_clean3/train/levle0_451_jpg.rf.a5ccfacb342386dae7c9c0ae21cef65e.jpg,roboflow_skin_problem_clean3,Acne|Whiteheads,,618d4b631659f1709ee9cf9521ec8e2bcdcb23fb36a8a8a4b3aa85f852ee2fd5,contains extra/non-target annotations: Whiteheads
dataset/raw/roboflow_skin_problem_clean3/train/berminyak__-34-_jpg.rf.a5c00a619fef5b044c7402a0ff5444d0.jpg,roboflow_skin_problem_clean3,Dry-Skin,,dc0d4455a41957e73ac6b67340d38441401f2760fdf823259176cf85543edff1,contains extra/non-target annotations: Dry-Skin
dataset/raw/roboflow_skin_problem_clean3/train/Berminyak267_jpg.rf.a6006e824fddd2a9ad0cba9037225db5.jpg,roboflow_skin_problem_clean3,Oily-Skin,,d84e15b9f6be94960940b92ab2ec043f2da9c77f9818dd1f6865504c83a9db7e,contains extra/non-target annotations: Oily-Skin
dataset/raw/roboflow_skin_problem_clean3/train/dry18_jpg.rf.a5e4ad1b491a60ad22bdcc3d13758e30.jpg,roboflow_skin_problem_clean3,Dry-Skin,,7fbc0405ea16d8c05b8e177b06bd6d3517348ffe0012bde2ea0f538bd49011d1,contains extra/non-target annotations: Dry-Skin
dataset/raw/roboflow_skin_problem_clean3/train/dry4_jpg.rf.a6253bae2b390f85b24d85d0e8bcd32d.jpg,roboflow_skin_problem_clean3,Dry-Skin,,6cdb8ac6c4f6aceb75b4b3ca6fd74701ef4f73156729cd3feb97105d23fa5702,contains extra/non-target annotations: Dry-Skin
dataset/raw/roboflow_skin_problem_clean3/train/Kering-7-_JPG.rf.a63ab8f56c9ccdd071a2ee1e6368d8f0.jpg,roboflow_skin_problem_clean3,Dry-Skin,,104b2706474222771439e5320a22689882b8c50788e4d47379254ddebd1208e3,contains extra/non-target annotations: Dry-Skin
dataset/raw/roboflow_skin_problem_clean3/train/oily23_jpg.rf.a623e0a5b2ada477afde9cf0475375ff.jpg,roboflow_skin_problem_clean3,Oily-Skin,,6ab70b6dadb3ceae99684a3c3a9ec0855caab2cb9db7d24b2a95ff8c45ccd5d5,contains extra/non-target annotations: Oily-Skin
dataset/raw/roboflow_skin_problem_clean3/train/da-mat-bi-rat-khong-ro-nguyen-nhan-1_jpg.rf.a64298c51caf2db6a403855e77db544f.jpg,roboflow_skin_problem_clean3,Skin-Redness,,9beaffbf1adef33302daf5c430bcf99d11fe55fba6d76e12f1de67920e80d214,contains extra/non-target annotations: Skin-Redness
dataset/raw/roboflow_skin_problem_clean3/train/dry-skin_118_jpeg.rf.a7587c4a3ba00779e2d904aa9705e2ec.jpg,roboflow_skin_problem_clean3,Dry-Skin,,40f1562e35e3d4a34f0db8a1b9e5cad94dabc5afbde2a694ddd23f10fb74164c,contains extra/non-target annotations: Dry-Skin
dataset/raw/roboflow_skin_problem_clean3/train/20200418_102430_703398_thuoc-tri-cham-sua-max-1800x1800_jpg.rf.a79c0bd5e2f55c0b8c2316ab505579d3.jpg,roboflow_skin_problem_clean3,Skin-Redness,,20cdf82078712d8db5f969bf683ed445f9aec577373d0254bd7106806e949e62,contains extra/non-target annotations: Skin-Redness
dataset/raw/roboflow_skin_problem_clean3/train/levle2_138_png.rf.a7cfd3c2b6111c76868b6e57b28ba311.jpg,roboflow_skin_problem_clean3,Acne|Whiteheads,,0b48e774577f397c9dce9296706d10958bea340715b98aabfd174865d885b571,contains extra/non-target annotations: Whiteheads
dataset/raw/roboflow_skin_problem_clean3/train/levle1_190_jpg.rf.a818527f1482f1452a6dd92af05f0063.jpg,roboflow_skin_problem_clean3,Acne|Blackheads|Dark-Spots|Whiteheads,,2d0a10813da193132984d9b4b984e5ce3fbd1f9717e20b759851df4ec17f822b,"contains extra/non-target annotations: Blackheads, Whiteheads"
dataset/raw/roboflow_skin_problem_clean3/train/levle1_108_png.rf.a86528cf71fc7525d5a211dee01afd5d.jpg,roboflow_skin_problem_clean3,Blackheads|Whiteheads,,c378b663e407e6f8129e1c06532f7b70daae41a332246871a99fe9e7f519f35d,"contains extra/non-target annotations: Blackheads, Whiteheads"
dataset/raw/roboflow_skin_problem_clean3/train/kering_-102-_jpg.rf.a83b721f83277945d6d99dd620238edd.jpg,roboflow_skin_problem_clean3,Dry-Skin,,db7146cc6d4d6c6d93686da07d7629945b00d60f12bec9f099055dfd4e429be2,contains extra/non-target annotations: Dry-Skin
dataset/raw/roboflow_skin_problem_clean3/train/kering_-8-_jpg.rf.a894623646444ab7accc809e7c91082f.jpg,roboflow_skin_problem_clean3,Dry-Skin,,92a441809930796bb5687308c02f3f9883aa7b49d7f76fa57d52b213dd08ca12,contains extra/non-target annotations: Dry-Skin
dataset/raw/roboflow_skin_problem_clean3/train/Berminyak-17-_jpeg.rf.a8e1898d6fea3745bc50250ee8c9dd76.jpg,roboflow_skin_problem_clean3,Oily-Skin,,cf022296a6dac32995cdea5d4572ddab12a534a886ea69ab7695d7b13ee422b8,contains extra/non-target annotations: Oily-Skin
dataset/raw/roboflow_skin_problem_clean3/train/normal-140-_jpg.rf.a8cc93010856132ca065e267404bf5b2.jpg,roboflow_skin_problem_clean3,Dry-Skin,,b076223f13d5bfa8d7b69c2bf460afff372a946458bd00eb297d3b35a97cb1a9,contains extra/non-target annotations: Dry-Skin
dataset/raw/roboflow_skin_problem_clean3/train/levle0_378_jpg.rf.a9007ac3847e3ad27e895fff742cb2ed.jpg,roboflow_skin_problem_clean3,Acne|Blackheads,,b4b5f681d7e0569370f3379b03d2e42adb6b1c9c71c2f6229090acccd8640f9a,contains extra/non-target annotations: Blackheads
dataset/raw/roboflow_skin_problem_clean3/train/levle1_604_png.rf.a9243162d21532cd27e0835237e5b104.jpg,roboflow_skin_problem_clean3,Blackheads,,346802c3c90e921b051d2386c65152b5038853529b062c62991511a8185a5d86,contains extra/non-target annotations: Blackheads
dataset/raw/roboflow_skin_problem_clean3/train/354_jpg.rf.a9df307d67c10d5d22e53f476278f2c5.jpg,roboflow_skin_problem_clean3,Acne|Englarged-Pores,,edf71ddf26f394d808ebfddf7066b8a03da6f48d1e6e6e099f43185bc0fd7538,"contains multiple target classes: acne, large_pore"
dataset/raw/roboflow_skin_problem_clean3/train/kering_-134-_jpg.rf.aa9fe983239e02d5b7d369150299fb18.jpg,roboflow_skin_problem_clean3,Dry-Skin,,110ff87b2ebbfdcd8994591033fb83ca4b13685df45ecf25b2c7fa888def30d2,contains extra/non-target annotations: Dry-Skin
dataset/raw/roboflow_skin_problem_clean3/train/kering__-65-_jpg.rf.aa4c3088d8f5bc65334868207ec7fdd3.jpg,roboflow_skin_problem_clean3,Dry-Skin,,f088ac3cbabf2e453a4afd0842461865bd51eeb331ef7944d536685abdda47ab,contains extra/non-target annotations: Dry-Skin
dataset/raw/roboflow_skin_problem_clean3/train/589_jpg.rf.aac2dd6b236a987b39df1cbd82837e44.jpg,roboflow_skin_problem_clean3,Acne|Englarged-Pores|Eyebags|Wrinkles,,0985c35fd0da4828db60090e899288f9963e7e83fd1cd5e38ce93cfb95df748a,contains extra/non-target annotations: Eyebags
dataset/raw/roboflow_skin_problem_clean3/train/kering-9-_jpg.rf.ab2fc57d61e5f933c5c57e672fe9a6d5.jpg,roboflow_skin_problem_clean3,Dry-Skin,,a0501ac95a80fc81f8a8fcb832c7f58f79fee4a1074f1a1b9d412478bc6d3576,contains extra/non-target annotations: Dry-Skin
dataset/raw/roboflow_skin_problem_clean3/train/levle2_74_jpg.rf.aae7325c99f764e4513fc69be71178ff.jpg,roboflow_skin_problem_clean3,Acne|Blackheads,,ca080bbb578e5f138179ad63c3cae749e736e0eb9ed09624979f137bcacc894f,contains extra/non-target annotations: Blackheads
dataset/raw/roboflow_skin_problem_clean3/train/kering__-24-_jpg.rf.ab3128875434f9730e566e16d1d9ab70.jpg,roboflow_skin_problem_clean3,Dry-Skin,,f576cf256db60d9cea901c329f02f84f0b31ce958a10aac92908bc81663f0841,contains extra/non-target annotations: Dry-Skin
dataset/raw/roboflow_skin_problem_clean3/train/01F3MMWXCRJZGN9E33KZPXT82D_jpeg_jpg.rf.ab3375e4bfc59be329ceb39d8254fe37.jpg,roboflow_skin_problem_clean3,Acne|Blackheads,,eb57a56b658d973a304b9478dd27f3618c6a192ce8a245ce2b52b43a2f8a2df0,contains extra/non-target annotations: Blackheads
dataset/raw/roboflow_skin_problem_clean3/train/levle0_185_png.rf.ac654ef79ff889da40f6c7d516ec12e2.jpg,roboflow_skin_problem_clean3,Acne|Blackheads,,b30e395e35774a7c2f077aac7fe177ed6097926dfc2169022bb8a47149bdf870,contains extra/non-target annotations: Blackheads
dataset/raw/roboflow_skin_problem_clean3/train/kering-16-_jpg.rf.aca146c0450a937e6913f40e3c1e4535.jpg,roboflow_skin_problem_clean3,Dry-Skin,,8818aafaf3ecee07b39432882998a87e988abfd110a8dae2f3bb10a83e710abc,contains extra/non-target annotations: Dry-Skin
dataset/raw/roboflow_skin_problem_clean3/train/467_jpg.rf.acc5a4df027e1e4ddddaa92ceda9789f.jpg,roboflow_skin_problem_clean3,Englarged-Pores|Eyebags,,08b7a57c1a1b1bc98e402af063f5f9873f275afb9e737cc369fbdaffb3952d67,contains extra/non-target annotations: Eyebags
dataset/raw/roboflow_skin_problem_clean3/train/235_jpg.rf.acd325111453865ad0fd1aeae086ed51.jpg,roboflow_skin_problem_clean3,Acne|Eyebags,,866552530cc36883668e6f32d8f36dee10c94172432a67e8ac8bcb0df19754f2,contains extra/non-target annotations: Eyebags
dataset/raw/roboflow_skin_problem_clean3/train/levle0_211_jpg.rf.acfdb57010db307e86ab8d694691ce10.jpg,roboflow_skin_problem_clean3,Acne|Blackheads|Whiteheads,,9351df42c9eeb442491d0e9e29e4f1b27e9de29cacd525e40165d66948bf53cd,"contains extra/non-target annotations: Blackheads, Whiteheads"
dataset/raw/roboflow_skin_problem_clean3/train/665_jpg.rf.ad55574f3dfc38569f450a23f36dd319.jpg,roboflow_skin_problem_clean3,Acne|Englarged-Pores,,2884a41ceb6329e5d62a776a29e48a8e71ddb742ab41a3b2d9b04414fd8facbb,"contains multiple target classes: acne, large_pore"
dataset/raw/roboflow_skin_problem_clean3/train/Screenshot-2023-03-29-144534_png.rf.ad95dac391131cd236a960643c2848ee.jpg,roboflow_skin_problem_clean3,Skin-Redness,,ac0858e3b3d64487de2cb7a1b0a12ce61691571185dc028a62185cf2bf4d6987,contains extra/non-target annotations: Skin-Redness
dataset/raw/roboflow_skin_problem_clean3/train/01F3MMWDF4M4P269K7GH56PHZT_jpeg_jpg.rf.ad811a87fd0cef02d08589156f000b10.jpg,roboflow_skin_problem_clean3,Acne|Blackheads|Whiteheads,,d3eb6a7b474793bbc18c661f28367971d1ca1b148d304fb88f0f4ca09abbd396,"contains extra/non-target annotations: Blackheads, Whiteheads"
dataset/raw/roboflow_skin_problem_clean3/train/116_jpg.rf.ad7ca4dacf727ca28bf333909db2e0d2.jpg,roboflow_skin_problem_clean3,Acne|Blackheads|Englarged-Pores,,0451f819c966674711526a879ebbff81cd94be523bf0d60d311abb9f3bae5d39,contains extra/non-target annotations: Blackheads
dataset/raw/roboflow_skin_problem_clean3/train/Berminyak-8-_jpg.rf.adfc0414a6f31576a867b67ccce23d00.jpg,roboflow_skin_problem_clean3,Oily-Skin,,4d14ba1a1feaa9dd4f45e0768e6eddd09fdbd21fd8641837f40528b8cf3e4cdc,contains extra/non-target annotations: Oily-Skin
dataset/raw/roboflow_skin_problem_clean3/train/297_jpg.rf.ade738685f56ba6aca0bf4997656e005.jpg,roboflow_skin_problem_clean3,Acne|Englarged-Pores,,0506ba1abc406a1f84772cae999a6fe6ac8541703b7dfd19051be222e7b308ee,"contains multiple target classes: acne, large_pore"
dataset/raw/roboflow_skin_problem_clean3/train/599_jpg.rf.adbb2fde6d16c09419db64ef854a66da.jpg,roboflow_skin_problem_clean3,Acne|Englarged-Pores,,0872ec7216132b93ead9fbb4017f63ce53b0113456781ae5a2fdc77c00b5f4a9,"contains multiple target classes: acne, large_pore"
dataset/raw/roboflow_skin_problem_clean3/train/levle1_543_png.rf.ae2ceb5ccca9fe5b1a0f7ed86eb8e8f4.jpg,roboflow_skin_problem_clean3,Acne|Blackheads,,c69d0328f5c628157a9ee80eec06f3b85cae027646921bb6bd23fad22392a070,contains extra/non-target annotations: Blackheads
dataset/raw/roboflow_skin_problem_clean3/train/Condition-Rosacea_jpg.rf.ae1bd3318a2bb9261efebc73f0e7c392.jpg,roboflow_skin_problem_clean3,Skin-Redness,,a8e5d4d3dfa96c1a157e997b82d682dbfb42e33b385bd1db1fb8e36221830f03,contains extra/non-target annotations: Skin-Redness
dataset/raw/roboflow_skin_problem_clean3/train/oily52_jpg.rf.ae5cbeaaf94b29765276e4bdf0d47c85.jpg,roboflow_skin_problem_clean3,Oily-Skin,,2b3a31e117b57d27da9f21f4c4ffe0095c7a6bf9133b58f2003baea84527c866,contains extra/non-target annotations: Oily-Skin
dataset/raw/roboflow_skin_problem_clean3/train/levle1_171_jpg.rf.aea63cbce2c7dfe589a2174e5650e30a.jpg,roboflow_skin_problem_clean3,Acne|Blackheads|Dark-Spots|Whiteheads,,634d09d13ed004ad48680684f61371a7284452dfe6694d55b4873e8e2849f5aa,"contains extra/non-target annotations: Blackheads, Whiteheads"
dataset/raw/roboflow_skin_problem_clean3/train/480_jpg.rf.aeb86bc1e457dd08ca9c9d6d05a185ec.jpg,roboflow_skin_problem_clean3,Acne|Englarged-Pores|Eyebags,,9ea92a5ef73fd9b70ee3820bb68c21c375abdbbd4a68ab5ef108807ffa58e880,contains extra/non-target annotations: Eyebags
dataset/raw/roboflow_skin_problem_clean3/train/levle1_414_jpg.rf.3632bf3368c7e2956064bbd75f38cc9c.jpg,roboflow_skin_problem_clean3,Blackheads,,ad5872be71534436db2718b89bf7ab686d52708d2016f50ae8015baf75802929,contains extra/non-target annotations: Blackheads
dataset/raw/roboflow_skin_problem_clean3/train/kering-27-_jpg.rf.341d6bacbffd439e6cc59451ff062312.jpg,roboflow_skin_problem_clean3,Dry-Skin,,eeea88eef92833b5876d12e8a25c3883aba1cb2772fd1c5fcce4fa25ab8cf46e,contains extra/non-target annotations: Dry-Skin
dataset/raw/roboflow_skin_problem_clean3/train/Kering-17-_JPG.rf.33e69d8f05b0be759231825ed3d9b123.jpg,roboflow_skin_problem_clean3,Dry-Skin,,5a4b95861c375f9b5443aa7d3ee56078f9cb9788dfeba5ec7605c587c3f41660,contains extra/non-target annotations: Dry-Skin
dataset/raw/roboflow_skin_problem_clean3/train/da-mong-noi-mach-mau-1-2_png.rf.35b6c09b6b34bf86e065b8a693137eea.jpg,roboflow_skin_problem_clean3,Skin-Redness,,6524ade24d7aa0eda1001c5c7672d5f639bd52ed8e93d2704a767d7508f53e94,contains extra/non-target annotations: Skin-Redness
dataset/raw/roboflow_skin_problem_clean3/train/kering__-16-_JPG.rf.351b298f6be2dd4c95e1cc7bf3a2e35b.jpg,roboflow_skin_problem_clean3,Dry-Skin,,dcc1baf4fcc9d673d7d8cdcfcbbfdbe879795ecfb3506e5fb2917bd674ab6af2,contains extra/non-target annotations: Dry-Skin
dataset/raw/roboflow_skin_problem_clean3/train/kering__-105-_jpg.rf.33a04a5b6fbd6db0e7835da08a8fb77b.jpg,roboflow_skin_problem_clean3,Dry-Skin,,f146e53d94e473b648cc78951380d9de36d310e12da3d79e511f58983c2844e1,contains extra/non-target annotations: Dry-Skin
dataset/raw/roboflow_skin_problem_clean3/train/442_jpg.rf.32992c0a0ffe4edd969d08a993819763.jpg,roboflow_skin_problem_clean3,Acne|Englarged-Pores,,20b125ab9c062822ae8ce397d3045306b5fcbf16fb1e3db8ef10e6539857cdd3,"contains multiple target classes: acne, large_pore"
dataset/raw/roboflow_skin_problem_clean3/train/kering__-80-_jpg.rf.32745b5af9b9aefe676951afb4afc395.jpg,roboflow_skin_problem_clean3,Dry-Skin,,a4281915935385f55b49b8a9676de40b057cd74ceeb7d2e057d91bcf08cbdd5b,contains extra/non-target annotations: Dry-Skin
dataset/raw/roboflow_skin_problem_clean3/train/87_jpg.rf.33d82ed407139561c078ebb4c1488191.jpg,roboflow_skin_problem_clean3,Acne|Englarged-Pores|Wrinkles,,4b2effcedcce6876492d59f687b631b3ec1c24356aea53a80e03a9377ea16303,"contains multiple target classes: acne, large_pore, wrinkle"
dataset/raw/roboflow_skin_problem_clean3/train/416_jpg.rf.359423fc837ff8b4c318191805f910bd.jpg,roboflow_skin_problem_clean3,Acne|Englarged-Pores,,e69f41a92860ed0340d0646f23eea195f2c41330b62faf4454b003ee161281e1,"contains multiple target classes: acne, large_pore"
dataset/raw/roboflow_skin_problem_clean3/train/acne-5561750_1280_jpg.rf.3259cd4b32289ae53c148dc23b3533c9.jpg,roboflow_skin_problem_clean3,Skin-Redness,,16d3e3ee7a89bc8e64a4a3947473ed350341cc405cee0029d0e6f05cae74f0f0,contains extra/non-target annotations: Skin-Redness
dataset/raw/roboflow_skin_problem_clean3/train/levle0_280_jpg.rf.3635b6e6b18262a2906784749d274db5.jpg,roboflow_skin_problem_clean3,Acne|Blackheads,,41e7b7d878c7aae4109b9dcca859ee2e577acda24db12dfb1829a8ed2c4e1ab3,contains extra/non-target annotations: Blackheads
dataset/raw/roboflow_skin_problem_clean3/train/oily57_jpg.rf.333632d792b4d5545a53500957423ea5.jpg,roboflow_skin_problem_clean3,Oily-Skin,,5854e243bdaa9129fd19c86f0808bf7dbef53905feb1e78eccb2f2d99b5ad233,contains extra/non-target annotations: Oily-Skin
dataset/raw/roboflow_skin_problem_clean3/train/kering_-109-_jpg.rf.34635a424ae12508fd750ff1039ab547.jpg,roboflow_skin_problem_clean3,Dry-Skin,,2f2cc81c7f8780a12123dcf52b15378e297aa0bb420a212f8c1bfe48cef5bee8,contains extra/non-target annotations: Dry-Skin
dataset/raw/roboflow_skin_problem_clean3/train/levle1_143_jpg.rf.36d1e5762e73028d5655b12200e6be84.jpg,roboflow_skin_problem_clean3,Acne|Blackheads|Whiteheads,,c6f41eeb836a74b25b5c32af4855bc0e0cd15d9b2e0b2014f76b5bc5bd89e071,"contains extra/non-target annotations: Blackheads, Whiteheads"
dataset/raw/roboflow_skin_problem_clean3/train/Berminyak-6-_jpg.rf.3671e6e1a025a528031aef47ea4a8635.jpg,roboflow_skin_problem_clean3,Oily-Skin,,636729245a63818ea98b4bae0d8431548301fe4df788f52cfb64144383a02d3f,contains extra/non-target annotations: Oily-Skin
dataset/raw/roboflow_skin_problem_clean3/train/Kering-5-_jpeg.rf.3639b946e23febbe7fb8c867f22f629c.jpg,roboflow_skin_problem_clean3,Dry-Skin,,5659dcbf991df008ca81a225104d64b68d5552df4c4f1feabf0e52d9458870d1,contains extra/non-target annotations: Dry-Skin
dataset/raw/roboflow_skin_problem_clean3/train/oily-122-_jpg.rf.325f36e427c5fb72fabf5f6f0c8f9502.jpg,roboflow_skin_problem_clean3,Oily-Skin,,7850306485ef96d6eece3c87ca45226ad9b7858dd2750acdfaf193fe7b48236c,contains extra/non-target annotations: Oily-Skin
dataset/raw/roboflow_skin_problem_clean3/train/01F3MMZ6PBPZ02R00D2GS0XSDQ_jpeg_jpg.rf.347d4b0285b15e91aa734af5e3e2e688.jpg,roboflow_skin_problem_clean3,Acne|Whiteheads,,2ba43cefd96876b94f1acde929f5739a94f0e5755ea9866d08f11eb61289c015,contains extra/non-target annotations: Whiteheads
dataset/raw/roboflow_skin_problem_clean3/train/1129801707_1_jpg.rf.350013671876f4c144d26316877d7621.jpg,roboflow_skin_problem_clean3,Eyebags,,f51674650ab30785137bf3929e327faed24b109e74e4be6356c04f774ae2f683,contains extra/non-target annotations: Eyebags
dataset/raw/roboflow_skin_problem_clean3/train/2719463843_1_jpg.rf.35eae27cdc29dcdb6d47c2f5a08dc121.jpg,roboflow_skin_problem_clean3,Eyebags,,497cfc082ecf7a4f29979e8f768117f1f51901e5633bf5cbdc45347f983b12b1,contains extra/non-target annotations: Eyebags
dataset/raw/roboflow_skin_problem_clean3/train/serum-phuc-hoi-da-mong-noi-mach-mau-min_jpg.rf.325f9c6e310a6c2b394196ed06302602.jpg,roboflow_skin_problem_clean3,Skin-Redness,,a2dbc9f546444ccb83c540c6eb55eb2b304476bf4f311a09b850f50308c4a015,contains extra/non-target annotations: Skin-Redness
dataset/raw/roboflow_skin_problem_clean3/train/Kering-19-_JPG.rf.36d8068b1db2ddab306f762a374179f3.jpg,roboflow_skin_problem_clean3,Dry-Skin,,81006e0d4e67041f6ae07a765b32c31abbf4f96164ec2619b2c9bd6746e74faf,contains extra/non-target annotations: Dry-Skin
dataset/raw/roboflow_skin_problem_clean3/train/levle2_176_jpg.rf.372d42597a7815a440d113a4d2b771a6.jpg,roboflow_skin_problem_clean3,Acne|Blackheads,,88a72277a56ce7f067aa2e19449748643cac84bb0e5f45b8b130638212c8412f,contains extra/non-target annotations: Blackheads
dataset/raw/roboflow_skin_problem_clean3/train/levle1_184_jpg.rf.378dc7ac38556f1f47cb6dc3356a3dbc.jpg,roboflow_skin_problem_clean3,Acne|Blackheads|Whiteheads,,7c964e08cdad2033c945b598cbab96feaef9b7b90b5fcc38408366325a36ecb2,"contains extra/non-target annotations: Blackheads, Whiteheads"
dataset/raw/roboflow_skin_problem_clean3/train/369_jpg.rf.37d74585fbc4fd02074d55d6628a2ec5.jpg,roboflow_skin_problem_clean3,Acne|Blackheads|Englarged-Pores,,87ee6d23aa3183ca08545590a2b08db933ae9f9e5d2b6d5231dc02af07876035,contains extra/non-target annotations: Blackheads
dataset/raw/roboflow_skin_problem_clean3/train/kering__-52-_jpg.rf.37ec322da8591981977266d8e393e7db.jpg,roboflow_skin_problem_clean3,Dry-Skin,,75c5c504ad855c613e36475efce6e77b123b420eabafea309c057a5408548d65,contains extra/non-target annotations: Dry-Skin
dataset/raw/roboflow_skin_problem_clean3/train/kering-37-_jpg.rf.37e61cec7871ff3291d2ac9f8e8f3a34.jpg,roboflow_skin_problem_clean3,Dry-Skin,,d6bf0fda5692b114fd1827861a8e81eeaafa46c04e2e75507cca2e68b6e43c1a,contains extra/non-target annotations: Dry-Skin
dataset/raw/roboflow_skin_problem_clean3/train/image_jpg.rf.380efc7a03344f1d02c66e2b36c89976.jpg,roboflow_skin_problem_clean3,Skin-Redness,,9ca3267eb49b997c747bac201d0dc98d653d8fb5db80b7e618c5f6f258d1a084,contains extra/non-target annotations: Skin-Redness
dataset/raw/roboflow_skin_problem_clean3/train/502_jpg.rf.3872ac7541bf31e7668aafa6a9f73df0.jpg,roboflow_skin_problem_clean3,Acne|Englarged-Pores,,4fc13c0797d3668751989f35700ad68186ef9109857b85f4ec0581f72de0d961,"contains multiple target classes: acne, large_pore"
dataset/raw/roboflow_skin_problem_clean3/train/how-to-get-rid-of-redness-on-face-feat_jpg.rf.382997c6a20171ace42aab72ab83c1b8.jpg,roboflow_skin_problem_clean3,Skin-Redness,,c791b8e4c03cdf95b145085d51bc09f2808402a4078e4bb0c24bc2bdb0a4b8c2,contains extra/non-target annotations: Skin-Redness
dataset/raw/roboflow_skin_problem_clean3/train/_1892688412_jpg.rf.3896e7d4bdb3df0e356a98365da2f799.jpg,roboflow_skin_problem_clean3,Skin-Redness,,8addcc3af581183114d53f9ef9ff7d0676baf964cc01b02e5cc72d1fdffbde9e,contains extra/non-target annotations: Skin-Redness
dataset/raw/roboflow_skin_problem_clean3/train/515_jpg.rf.3884a7c2a9dcb266a0d37dbb80b63c73.jpg,roboflow_skin_problem_clean3,Acne|Englarged-Pores|Wrinkles,,4936cbb39242af3b118412891f3e26d035d2779322d818f560992fcd1ac1339a,"contains multiple target classes: acne, large_pore, wrinkle"
dataset/raw/roboflow_skin_problem_clean3/train/Rosacea-Skin-Concerns-Vitality-Laser-Geelong_jpg.rf.38b31c31f6e66bce01a04870b8890142.jpg,roboflow_skin_problem_clean3,Skin-Redness,,062b4b9b240d4801f2f518c79808ef84b03d42e5b3f203c82e769e39c0aee00d,contains extra/non-target annotations: Skin-Redness
dataset/raw/roboflow_skin_problem_clean3/train/levle0_304_jpg.rf.38cf61ce6c520be9c96f80ad976f4049.jpg,roboflow_skin_problem_clean3,Acne|Blackheads,,24e40ddc70ed1b2a4cc153b86d15a1b7d06d5d3bf916acba230469f44384376d,contains extra/non-target annotations: Blackheads
dataset/raw/roboflow_skin_problem_clean3/train/da-mat-bi-do-rat-va-ngua-600x400_jpg.rf.391dde71a440675e95352ac8fcf09ec7.jpg,roboflow_skin_problem_clean3,Skin-Redness,,f0fec8168e542743ff066472f76f4673792b208cb51cb374d2a8646b80e7330c,contains extra/non-target annotations: Skin-Redness
dataset/raw/roboflow_skin_problem_clean3/train/Berminyak288_jpg.rf.3955a600cc4022cae7e5e4eacb3dce30.jpg,roboflow_skin_problem_clean3,Oily-Skin,,b2f4445301e665aebede0c3792af2c1b73b4d8ab3cd0de7a405957ccd916b69f,contains extra/non-target annotations: Oily-Skin
dataset/raw/roboflow_skin_problem_clean3/train/dry20_JPG.rf.395f440a64cc9646df067ec1b00f982e.jpg,roboflow_skin_problem_clean3,Dry-Skin,,deb6482291eaf1316bcdfd362c6e3932610887216c428923fb0b686c06731065,contains extra/non-target annotations: Dry-Skin
dataset/raw/roboflow_skin_problem_clean3/train/kering__-54-_jpg.rf.39abf25f8fa50400c836185907be55fd.jpg,roboflow_skin_problem_clean3,Dry-Skin,,bf89e50eb537fbca9c7215c0980f0024c9b5265d3f60ac6a41ddba92e765841c,contains extra/non-target annotations: Dry-Skin
dataset/raw/roboflow_skin_problem_clean3/train/berminyak__-42-_jpg.rf.3902b6bf41828927cd9a2825a4c3c12a.jpg,roboflow_skin_problem_clean3,Oily-Skin,,6e5b9a8e68d361e83053a4cd59df24ca72e5ca028cdac7236bd5b7b73955b576,contains extra/non-target annotations: Oily-Skin
dataset/raw/roboflow_skin_problem_clean3/train/levle0_385_png.rf.39ecfd2d528956dee4d15308561c8d7b.jpg,roboflow_skin_problem_clean3,Blackheads|Whiteheads,,e0bc577de0e4c04669dffd1386937a9e5ebdabe9272ca668bf427d93305ba3b2,"contains extra/non-target annotations: Blackheads, Whiteheads"
dataset/raw/roboflow_skin_problem_clean3/train/2708460596_1_jpg.rf.39e8b0369f17d4faa7adee292c6354b6.jpg,roboflow_skin_problem_clean3,Eyebags,,62ef2cc476ce1d699c0895ed65a5348eb3ea4e8f6f854d6b6cb36530d2b009f0,contains extra/non-target annotations: Eyebags
dataset/raw/roboflow_skin_problem_clean3/train/levle0_252_png.rf.3a1460487c14a04d0d8dd33fc5fa7117.jpg,roboflow_skin_problem_clean3,Blackheads,,e63226672a90f53ffb61694ef9dd7275d9e7aa92c3ffb8ee6f70518d0a7d1335,contains extra/non-target annotations: Blackheads
dataset/raw/roboflow_skin_problem_clean3/train/_2250439467_jpg.rf.3a110c2e1deabd44da74625e60eafe52.jpg,roboflow_skin_problem_clean3,Skin-Redness,,38b71a4f1b5c4add3b068e6b8ff22e24f97c5f054f27c3bc8afcb4a5b55e1bc4,contains extra/non-target annotations: Skin-Redness
dataset/raw/roboflow_skin_problem_clean3/train/2394089614_1_jpg.rf.3a1775c0304d3a4e515a0f064157e036.jpg,roboflow_skin_problem_clean3,Eyebags,,ef9d9f41512725ea8038900d98a84063b019e6dee72787836aed715638e01a6f,contains extra/non-target annotations: Eyebags
dataset/raw/roboflow_skin_problem_clean3/train/dry-121-_jpg.rf.3a764ff4cd11a2c63b36c86477e47a9a.jpg,roboflow_skin_problem_clean3,Dry-Skin,,966701bfb3567558cafc9435cde53e8490eea16b414992782e7d54d18574fdce,contains extra/non-target annotations: Dry-Skin
dataset/raw/roboflow_skin_problem_clean3/train/571_jpg.rf.3a72d95bfb735a77c579b9cd414a95df.jpg,roboflow_skin_problem_clean3,Acne|Wrinkles,,851d9a6d062761e5187078bf4dc10a40706ada247ce5e89b6b08bce744ad12d8,"contains multiple target classes: acne, wrinkle"
dataset/raw/roboflow_skin_problem_clean3/train/kering-39-_jpg.rf.3a9307582ee998552ec2cd0259df671f.jpg,roboflow_skin_problem_clean3,Dry-Skin,,f9ee7b5cd34be34d98ee3c6e8abcd196ddfa605cf8bb804cecce61f6d869bb27,contains extra/non-target annotations: Dry-Skin
dataset/raw/roboflow_skin_problem_clean3/train/325_jpg.rf.3a9a7c1acad34e64a9ef89436b528d77.jpg,roboflow_skin_problem_clean3,Acne|Englarged-Pores|Wrinkles,,d70281d89c5e7cd6a192df1a5b564933e794daec608cbd687d2466db5869645d,"contains multiple target classes: acne, large_pore, wrinkle"
dataset/raw/roboflow_skin_problem_clean3/train/Kering-8-_JPG.rf.3b402a0361ff93df6fc53aed47397184.jpg,roboflow_skin_problem_clean3,Dry-Skin,,65baeda05a4caedaa98d2e2436f598c13f2e6a9f1a24abd67335b1996a705a12,contains extra/non-target annotations: Dry-Skin
dataset/raw/roboflow_skin_problem_clean3/train/levle3_129_jpg.rf.3ae161c644ff8532f2ddf262586e6506.jpg,roboflow_skin_problem_clean3,Acne|Blackheads,,1ad6c9c80aa4656b34702429155b1d1111bb847ef7a58e27f4987c4a668271d2,contains extra/non-target annotations: Blackheads
dataset/raw/roboflow_skin_problem_clean3/train/kering-25-_jpg.rf.3b5fb1c0eb4acc63ccf79bb2b8492763.jpg,roboflow_skin_problem_clean3,Dry-Skin,,4a28e091db571acb121097b323ed8a76e1bc09ce31b2761eacc6bd2c4f4b4f4c,contains extra/non-target annotations: Dry-Skin
dataset/raw/roboflow_skin_problem_clean3/train/kering-20-_jpg.rf.3b6c27ec82bcaa538874aa3f05046816.jpg,roboflow_skin_problem_clean3,Dry-Skin,,f36df50a4c9ce2218d2edb18023ec1ed54c5f5495c56c86cd3f03c1abba7a492,contains extra/non-target annotations: Dry-Skin
dataset/raw/roboflow_skin_problem_clean3/train/levle1_586_jpg.rf.3b4764330c5903c9ac6701bd3f20018a.jpg,roboflow_skin_problem_clean3,Acne|Whiteheads,,37a7281e6516c0bb1298dc6e65325dc819447245dd2b38475641c6969003db27,contains extra/non-target annotations: Whiteheads
dataset/raw/roboflow_skin_problem_clean3/train/levle1_133_png.rf.3b7a3b91fe9fcc3c1d02b9713b485c18.jpg,roboflow_skin_problem_clean3,Acne|Blackheads,,2783508770b3bbccb1409e1cbbaa778e2b10a31a4602a12bd2a9d6649efacff3,contains extra/non-target annotations: Blackheads
dataset/raw/roboflow_skin_problem_clean3/train/levle1_351_jpg.rf.3b7bba169830ddea91ee177124925692.jpg,roboflow_skin_problem_clean3,Acne|Whiteheads,,eb757a0f4abf1eb6ca1f416a235bb7ca67abf780a280ac545bb9f7170966e3ee,contains extra/non-target annotations: Whiteheads
dataset/raw/roboflow_skin_problem_clean3/train/kering_-119-_jpg.rf.3bbdfee5b023954b04b2438f62776f1f.jpg,roboflow_skin_problem_clean3,Dry-Skin,,e5a32a171f46b8ab867158faadd0a58d1a55938f8fcac48240e2bb7c40c5a01d,contains extra/non-target annotations: Dry-Skin
dataset/raw/roboflow_skin_problem_clean3/train/dry34_jpg.rf.3ba80132436b6a8a1c419ad4c05ba978.jpg,roboflow_skin_problem_clean3,Dry-Skin,,a23674dfd6b586781498c31f1d411be62b3ef0b8ebff65b9765dd2a4109b4208,contains extra/non-target annotations: Dry-Skin
dataset/raw/roboflow_skin_problem_clean3/train/levle1_65_jpg.rf.3c589cbd6cd0c8bb47effe12aadd194a.jpg,roboflow_skin_problem_clean3,Acne|Whiteheads,,fca116456e87c917a1285e9252c2ed5f2c44489ec289bafdfe3cc91d14882949,contains extra/non-target annotations: Whiteheads
dataset/raw/roboflow_skin_problem_clean3/train/kering_-62-_jpg.rf.3bd0b85222368625d4617ebd23b5095f.jpg,roboflow_skin_problem_clean3,Dry-Skin,,9848cfe45782b3baf1602d871595c65bccf710664216666c44ef8bca260fb086,contains extra/non-target annotations: Dry-Skin
dataset/raw/roboflow_skin_problem_clean3/train/levle0_511_png.rf.3c1104a43cde31603b67d203ad906180.jpg,roboflow_skin_problem_clean3,Acne|Blackheads,,6bf1343b510f8817b0776b1e847ee80cd6be15bfbe3c587a02021f16b519d663,contains extra/non-target annotations: Blackheads
dataset/raw/roboflow_skin_problem_clean3/train/acne-793-_jpg.rf.3c8d51d3a5ffcb55fcf004b646fa4fe7.jpg,roboflow_skin_problem_clean3,Dry-Skin,,fd79b4bd19360bdc1783f3061a2ff1fcbf0a636c4c350a25b4837c9eb11c3d06,contains extra/non-target annotations: Dry-Skin
dataset/raw/roboflow_skin_problem_clean3/train/322_jpg.rf.3c744433896b0b950bfef92612e432f0.jpg,roboflow_skin_problem_clean3,Acne|Wrinkles,,2090b1f078ac688793cfee6e937a920d381f5dbdc3710efc25fe5db0654e2013,"contains multiple target classes: acne, wrinkle"
dataset/raw/roboflow_skin_problem_clean3/train/levle1_1_jpg.rf.3d315d37ac095197e9db999168e8985a.jpg,roboflow_skin_problem_clean3,Acne|Blackheads,,8ca2e49c7145ad6a0fc63e4c264da1c63439ab5a547a2ce215e387849a2995d1,contains extra/non-target annotations: Blackheads
dataset/raw/roboflow_skin_problem_clean3/train/2937757570_1_jpg.rf.3cd9503475e01fe8192407f48c2c2a21.jpg,roboflow_skin_problem_clean3,Eyebags,,741a41ad2e515c2dfd92d130e0dbc6ecf661b92926939d39061efb755185c03e,contains extra/non-target annotations: Eyebags
dataset/raw/roboflow_skin_problem_clean3/train/Image_132_jpg.rf.3d8e98886d7df23244eb15897fc00fdc.jpg,roboflow_skin_problem_clean3,Eyebags,,5f1ee26ea7aaa1ce17e9f64780307cb6a04f45c2e032c53f4fc0fb97ff8ac6d8,contains extra/non-target annotations: Eyebags
dataset/raw/roboflow_skin_problem_clean3/train/kering__-109-_jpg.rf.3d86cc28c6ac1461bb2c10729e747645.jpg,roboflow_skin_problem_clean3,Dry-Skin,,c919614537cb1648694b20113635d37fa7af4baad286f3121a6dbcf4e4dcd097,contains extra/non-target annotations: Dry-Skin
dataset/raw/roboflow_skin_problem_clean3/train/kering-28-_jpg.rf.3db6089dbba1fb3d5dc31f960c3e5079.jpg,roboflow_skin_problem_clean3,Dry-Skin,,42fa2b653fc9f30780d68bf7ae2db2484961fc6a7672b15d9b0a7a1bbeb4af3f,contains extra/non-target annotations: Dry-Skin
dataset/raw/roboflow_skin_problem_clean3/train/kering__-22-_jpg.rf.3dd1b4eb07b4a32a5d1ed52ea916cf49.jpg,roboflow_skin_problem_clean3,Dry-Skin,,1f4b4e22c9e7366306c5cec36af623a8c2d1c3e16a2a2b08a5df3f3016789092,contains extra/non-target annotations: Dry-Skin
dataset/raw/roboflow_skin_problem_clean3/train/142661608_1_jpg.rf.3e054c1d050547a9ac23f55ff017dc30.jpg,roboflow_skin_problem_clean3,Eyebags,,aada6015d3972734d40fe58b1326b9cb845fb86ea4e66f2eae56d0456abde054,contains extra/non-target annotations: Eyebags
dataset/raw/roboflow_skin_problem_clean3/train/566_jpg.rf.3e5a79d3cf0cf758b5eae448dd1be3b4.jpg,roboflow_skin_problem_clean3,Englarged-Pores|Wrinkles,,442a53d93162a40282d8fbec6261746fc7c6e86491cac9f7313568121f315387,"contains multiple target classes: large_pore, wrinkle"
dataset/raw/roboflow_skin_problem_clean3/train/21_jpg.rf.3e1fe52892721e4aaff6568590a7cad7.jpg,roboflow_skin_problem_clean3,Acne|Whiteheads,,a210ca860cf1025f8c079787f8450aa6ac3f8d425f74d4ab8e8000fcbab6e145,contains extra/non-target annotations: Whiteheads
dataset/raw/roboflow_skin_problem_clean3/train/levle1_420_png.rf.3e819fead12b406622c2bc932a9e2d5b.jpg,roboflow_skin_problem_clean3,Acne|Blackheads|Whiteheads,,023711be396f9e6f328e48fbee8df0ad611288f439a07e63f7d9dc7b947464ff,"contains extra/non-target annotations: Blackheads, Whiteheads"
dataset/raw/roboflow_skin_problem_clean3/train/187_jpg.rf.3ea2f5a235ce3eb0a9ba9819fd9dc110.jpg,roboflow_skin_problem_clean3,Acne|Englarged-Pores|Eyebags,,1dec2dd15adcc2b039023287b2badfd7d6b0326bc6bc4ba542a627f496a49a82,contains extra/non-target annotations: Eyebags
dataset/raw/roboflow_skin_problem_clean3/train/levle0_19_jpg.rf.3f5b8b0cab7c7d23431733c99e74d21a.jpg,roboflow_skin_problem_clean3,Acne|Whiteheads,,2708d27538b0c7af0716e16676aa77e58c6fc6d99e84d84d7b2ae64a84a4dc6a,contains extra/non-target annotations: Whiteheads
dataset/raw/roboflow_skin_problem_clean3/train/levle2_132_jpg.rf.3ee6cc2c6751225361932b9654ee5915.jpg,roboflow_skin_problem_clean3,Acne|Whiteheads,,e382a99078688b8de782c52807c38034f40c46969e5d661880c02426876413f5,contains extra/non-target annotations: Whiteheads
dataset/raw/roboflow_skin_problem_clean3/train/kering_-45-_jpg.rf.3f12fc2d05b043c7a87ab9977ee70a02.jpg,roboflow_skin_problem_clean3,Dry-Skin,,3597ad155f8c5056c9fc50b4318ec5938c44d541345883217244afab5e117fca,contains extra/non-target annotations: Dry-Skin
dataset/raw/roboflow_skin_problem_clean3/train/216_jpg.rf.3fdb5eb87b442450293e043a71004ed6.jpg,roboflow_skin_problem_clean3,Acne|Englarged-Pores,,de4f64a5c5cf392e1410b273869c2e7c2c6b28045e89eb547937b503fa761564,"contains multiple target classes: acne, large_pore"
dataset/raw/roboflow_skin_problem_clean3/train/175_jpg.rf.405089ddb7e789b727c7c01ce8827ccf.jpg,roboflow_skin_problem_clean3,Acne|Eyebags|Wrinkles,,3755fc0cf895febd05cf50bb0165ada1922b93f5ec7cc209a34f1cf7d3926066,contains extra/non-target annotations: Eyebags
dataset/raw/roboflow_skin_problem_clean3/train/levle1_16_jpg.rf.3fd3f142c6779b82d5be7a643025dcc7.jpg,roboflow_skin_problem_clean3,Acne|Dark-Spots,,978d1f9a4ad1823d6766348024802a53d82af2cc9192b6e3cdb8098ad3f2b5d4,"contains multiple target classes: acne, dark_spot"
dataset/raw/roboflow_skin_problem_clean3/train/6b0bbb7874796fd11f8edb526cba498e_jpg.rf.4058ae9c79bc5657e3a734dae4989463.jpg,roboflow_skin_problem_clean3,Dry-Skin,,59577770873cbd27e99d5de4a69ecddf20f7573f7e1511ebfee6bba947dfe3e5,contains extra/non-target annotations: Dry-Skin
dataset/raw/roboflow_skin_problem_clean3/train/acne-792-_jpg.rf.40e4ec42c28f874945686c505bcfb716.jpg,roboflow_skin_problem_clean3,Dry-Skin,,9b302bf10c033332160ef73c691109e16ad8e67424ad6eed84bdb40ebd16e318,contains extra/non-target annotations: Dry-Skin
dataset/raw/roboflow_skin_problem_clean3/train/Berminyak-1-_jpeg.rf.410521de591baa80145e9e8e3add090f.jpg,roboflow_skin_problem_clean3,Oily-Skin,,1f006779d13eb2f699b407d451d1fa54a379dee104b83a3ec85f30464d78684a,contains extra/non-target annotations: Oily-Skin
dataset/raw/roboflow_skin_problem_clean3/train/kering-23-_jpg.rf.40e5ae9bfea66c757286339899d6bc1b.jpg,roboflow_skin_problem_clean3,Dry-Skin,,4fe532addcb2221ca3b67c0bfc4d6fd8efee9fe2ac871d3fc657e8d7ec085df4,contains extra/non-target annotations: Dry-Skin
dataset/raw/roboflow_skin_problem_clean3/train/kering__-55-_jpg.rf.408a91446c4938a7bac39b2976f495c3.jpg,roboflow_skin_problem_clean3,Dry-Skin,,f8042c84d2d4796cc89afae11177eecc764e02983ec480ce8f5e0c7caea39427,contains extra/non-target annotations: Dry-Skin
dataset/raw/roboflow_skin_problem_clean3/train/101_jpg.rf.410b841ed82f2737fb5d2057056c063a.jpg,roboflow_skin_problem_clean3,Acne|Blackheads,,0fdee5f499d5209b595b2284aca73f04c6ec3d0cebca3e4519af1d16ec7641af,contains extra/non-target annotations: Blackheads
dataset/raw/roboflow_skin_problem_clean3/train/levle2_74_png.rf.415c848576c134dcfdc3849f25e35651.jpg,roboflow_skin_problem_clean3,Acne|Blackheads,,52bbbd909eb6d5cc752de735105922f7c22dab17448c9ed169fcd96cdcba4db1,contains extra/non-target annotations: Blackheads
dataset/raw/roboflow_skin_problem_clean3/train/Berminyak-26-_JPG.rf.41c201986d99b6991d3bd71925e273f0.jpg,roboflow_skin_problem_clean3,Oily-Skin,,4f669659a36054feadab06686faa8ea07fc7823b0682473bf71fadc986137fda,contains extra/non-target annotations: Oily-Skin
dataset/raw/roboflow_skin_problem_clean3/train/Berminyak-23-_jpeg.rf.414469816cbf4fd874be64460a227338.jpg,roboflow_skin_problem_clean3,Oily-Skin,,0e45eea4088d2e8e4fa65ec5bc39bead872be99a11fa0af02366335bd165d2a2,contains extra/non-target annotations: Oily-Skin
dataset/raw/roboflow_skin_problem_clean3/train/excelvplus-Vascular-Lesions-Telangiectasias-Ross-P1-before_jpg.rf.41c7f75d4ea37c9fd4cfd1a525f6a31f.jpg,roboflow_skin_problem_clean3,Skin-Redness,,98271a3cda8f4d9b7131275f5b590531cd4c607566f3e537e1e8f09300446839,contains extra/non-target annotations: Skin-Redness
dataset/raw/roboflow_skin_problem_clean3/train/levle1_613_jpg.rf.41d98b447504e85b47fa657a0306f603.jpg,roboflow_skin_problem_clean3,Acne|Whiteheads,,6f67f426e760455f6654e0be5e7da16db87f853a5f458dac57af931b6f8b5b16,contains extra/non-target annotations: Whiteheads
dataset/raw/roboflow_skin_problem_clean3/train/338_jpg.rf.41eb0381021539456dcde573195ed29b.jpg,roboflow_skin_problem_clean3,Acne|Blackheads,,3301573ee517bf44fa546b9c927051d8c4695835e3ef9ac046300e24413e753c,contains extra/non-target annotations: Blackheads
dataset/raw/roboflow_skin_problem_clean3/train/kering_-43-_jpg.rf.423270d934587efbc0e76542e7856586.jpg,roboflow_skin_problem_clean3,Dry-Skin,,afb26c7d1285b28046c46bba8439aaec292cb63c787b68223425384327c7c670,contains extra/non-target annotations: Dry-Skin
dataset/raw/roboflow_skin_problem_clean3/train/627_jpg.rf.42dd796e264452aeeec513cbde7f9fc6.jpg,roboflow_skin_problem_clean3,Acne|Englarged-Pores,,c06426119b0431caf0c6564c88fbbf2fef2da1a1bb26b52813d8f01483e5be1c,"contains multiple target classes: acne, large_pore"
dataset/raw/roboflow_skin_problem_clean3/train/240_jpg.rf.42bc4fee7cdca1c7b0af474cb6f9db74.jpg,roboflow_skin_problem_clean3,Acne|Englarged-Pores,,35ba3ca8702f39f9d87a15e360998647a8c25eb7f7e7b28ea1655dc0e5885294,"contains multiple target classes: acne, large_pore"
dataset/raw/roboflow_skin_problem_clean3/train/c0500787-800px-wm_jpg.rf.42e74f37f3124239849ee76b5c6fd1cb.jpg,roboflow_skin_problem_clean3,Skin-Redness,,467d600d01c9f6404cdbec8c2892f2b7e9a8f0d4230ad813b9ad580d10d8d944,contains extra/non-target annotations: Skin-Redness
dataset/raw/roboflow_skin_problem_clean3/train/kering-43-_jpg.rf.4300112e169e8c926dcaf96e090b85b6.jpg,roboflow_skin_problem_clean3,Dry-Skin,,6a161b8d7aa0a687e47645d4a0cc7366de69d54cab2cab8bc6be05f1c5a63528,contains extra/non-target annotations: Dry-Skin
dataset/raw/roboflow_skin_problem_clean3/train/2196749951_1_jpg.rf.4311d190a3178dcd2342de3b346f610e.jpg,roboflow_skin_problem_clean3,Eyebags,,de70b1cd8afd3fef362b82370ff995f5c97f2c194a5e807f3e24203dd3fa499b,contains extra/non-target annotations: Eyebags
dataset/raw/roboflow_skin_problem_clean3/train/580_jpg.rf.4338bcbeffd090acc852eb82a48afa3b.jpg,roboflow_skin_problem_clean3,Acne|Wrinkles,,aa8093157e70f7d2cd2941ab9507a61adb25fb3c082b650683458f3e8191760c,"contains multiple target classes: acne, wrinkle"
dataset/raw/roboflow_skin_problem_clean3/train/oily8_jpg.rf.4360d3322212bdfeaf39f7bdcbeb6751.jpg,roboflow_skin_problem_clean3,Oily-Skin,,2d88b45d52024065267c86766786a281741b5ad865d5b14fd859761b665fc584,contains extra/non-target annotations: Oily-Skin
dataset/raw/roboflow_skin_problem_clean3/train/levle2_25_jpg.rf.43630925d76d36d3c3b074f18e5868d5.jpg,roboflow_skin_problem_clean3,Acne|Blackheads,,b45351a6742c478288b0187abb09049666f2bcef42d001520bf37ca5f0f8b1a1,contains extra/non-target annotations: Blackheads
dataset/raw/roboflow_skin_problem_clean3/train/494_jpg.rf.438d59088b768d894faba490e116fbc5.jpg,roboflow_skin_problem_clean3,Acne|Eyebags,,2df842d5f0d7471fcbe2197bb1bb9ba044f1d11fef4741ab1c6f772fdb703b8f,contains extra/non-target annotations: Eyebags
dataset/raw/roboflow_skin_problem_clean3/train/kering__-92-_jpg.rf.4368c4b28ed3ca3768faacd37d65d072.jpg,roboflow_skin_problem_clean3,Dry-Skin,,0ac828f50088140f16d1e4b9b20d814a9895b14f525557ec00b271a220a090a0,contains extra/non-target annotations: Dry-Skin
dataset/raw/roboflow_skin_problem_clean3/train/levle0_334_jpg.rf.43f463528c8b85f6cb153abc26a761f3.jpg,roboflow_skin_problem_clean3,Acne|Blackheads|Whiteheads,,fffb214867822d4ac37d7a775b46635e8b581f19fbe49e73b713f058b4cef3ee,"contains extra/non-target annotations: Blackheads, Whiteheads"
dataset/raw/roboflow_skin_problem_clean3/train/670_jpg.rf.449d9e9be727414ad1d89c56825f6bf3.jpg,roboflow_skin_problem_clean3,Acne|Wrinkles,,50d2965153512571fed30140d371ca4b46de0fc8085cfb68d840b804d81da411,"contains multiple target classes: acne, wrinkle"
dataset/raw/roboflow_skin_problem_clean3/train/Berminyak282_jpg.rf.4488acf7111112ed58f8019b2de695dd.jpg,roboflow_skin_problem_clean3,Oily-Skin,,4ce3a089379015a7e85307f95d3b3c0e8f4cc1fc83306020a2f5ebba65c2103f,contains extra/non-target annotations: Oily-Skin
dataset/raw/roboflow_skin_problem_clean3/train/oily20_jpg.rf.450a2e3fb3453d738cf8e4cd8c5299ca.jpg,roboflow_skin_problem_clean3,Oily-Skin,,0f95482149f2ab32c65577580193255ad5484076e72bc8f2d173b1cfe8908a19,contains extra/non-target annotations: Oily-Skin
dataset/raw/roboflow_skin_problem_clean3/train/levle2_134_jpg.rf.451e9a8425214b7b0ade4af56d4e7ca6.jpg,roboflow_skin_problem_clean3,Acne|Whiteheads,,b272fb05a4f01f33d98e14a11509971dbc575867ccfa6a58538895025dad9829,contains extra/non-target annotations: Whiteheads
dataset/raw/roboflow_skin_problem_clean3/train/Image_17_jpg.rf.455c5dd500170d57b3bd51e9058a3094.jpg,roboflow_skin_problem_clean3,Oily-Skin,,c7304a7eb134f5a6f49d8f3b4806e32bda036d15cd6dfe467451bae1cdb05f06,contains extra/non-target annotations: Oily-Skin
dataset/raw/roboflow_skin_problem_clean3/train/berminyak__-2-_jpg.rf.451896d12b6e2c164acb90aa8fff9ac4.jpg,roboflow_skin_problem_clean3,Dry-Skin,,a6abf7c52334a0420e2a3988382b66f698bc4700234869b89a22c9c8b0624610,contains extra/non-target annotations: Dry-Skin
dataset/raw/roboflow_skin_problem_clean3/train/kering_-11-_jpg.rf.454a7c489449e8ef44452d49989d4692.jpg,roboflow_skin_problem_clean3,Dry-Skin,,708d7dde2035261c41ffd0fd56f0941ed367bc41a6676dcb918914aea0325553,contains extra/non-target annotations: Dry-Skin
dataset/raw/roboflow_skin_problem_clean3/train/517_jpg.rf.45810a8f75b01e0cc7c82325921a83aa.jpg,roboflow_skin_problem_clean3,Acne|Dry-Skin,,3de73f43a82c6ab251cef5980ff35d533f288e7428a260cac3a4c9e65d93f2bf,contains extra/non-target annotations: Dry-Skin
dataset/raw/roboflow_skin_problem_clean3/train/Image_112_jpg.rf.45bc795fa3f0e63fdb954cd7bb52e474.jpg,roboflow_skin_problem_clean3,Oily-Skin,,ad154379f8ca96d37ea30578645656dccd10cb27f7cdfa29b2f5b4a2f468124d,contains extra/non-target annotations: Oily-Skin
dataset/raw/roboflow_skin_problem_clean3/train/levle1_565_jpg.rf.45dbad2a638d4002f392f28dec77c739.jpg,roboflow_skin_problem_clean3,Acne|Blackheads|Whiteheads,,e7a0bccf85be86063b49855b0e34e697cda0e6d592d69bd4307d0675686360e5,"contains extra/non-target annotations: Blackheads, Whiteheads"
dataset/raw/roboflow_skin_problem_clean3/train/Image_14_jpg.rf.4635c848e95fd3807841ec5fa818ef9e.jpg,roboflow_skin_problem_clean3,Oily-Skin,,353c0b484022d726d88eb02434fcb690596c8cbc5910ca0ae2fb57ec4dc17161,contains extra/non-target annotations: Oily-Skin
dataset/raw/roboflow_skin_problem_clean3/train/300_jpg.rf.45ee8e21262317ae3c9a15608d95ca29.jpg,roboflow_skin_problem_clean3,Acne|Englarged-Pores,,7e215077ac9ba85ff7aa9e5547674fb96a804540d42765364964ee2b8eaeda4e,"contains multiple target classes: acne, large_pore"
dataset/raw/roboflow_skin_problem_clean3/train/levle1_135_jpg.rf.461195edd54e31ae5b110db1e04873fa.jpg,roboflow_skin_problem_clean3,Acne|Whiteheads,,ba846780e990ca7f296330e76e035bf2da24e468381165d56ca6532bedc116e8,contains extra/non-target annotations: Whiteheads
dataset/raw/roboflow_skin_problem_clean3/train/_1679374360_jpg.rf.46812fdeeaf08cdd3e1be257ebca7f76.jpg,roboflow_skin_problem_clean3,Skin-Redness,,c5bbe5d4ee1844b8be238ecc08c283288d714e56a3bd8e7cf6e863090d6565b4,contains extra/non-target annotations: Skin-Redness
dataset/raw/roboflow_skin_problem_clean3/train/Screenshot-2023-03-29-145645_png.rf.466409b8f5d9c4b516410440b2546a5d.jpg,roboflow_skin_problem_clean3,Skin-Redness,,7bb9183557571cd7ba220b5291185dce1c7773876fd234ed787f9ce3329fa408,contains extra/non-target annotations: Skin-Redness
dataset/raw/roboflow_skin_problem_clean3/train/2200730806_1_jpg.rf.4627037d0dae1c6d48dfc1265384e2bb.jpg,roboflow_skin_problem_clean3,Eyebags,,7567e2b28d1f1f2c4a6fdb62c995ba3ea9e0a96bb679b432a0d2f9ef4f9a5390,contains extra/non-target annotations: Eyebags
dataset/raw/roboflow_skin_problem_clean3/train/411_jpg.rf.4695fb85a9d936ebd6dba84f59dfe490.jpg,roboflow_skin_problem_clean3,Acne|Blackheads,,dba35af09ebd9b39bb8e57ac791861c8d4a7586800d8c6b6b09759608084e8fa,contains extra/non-target annotations: Blackheads
dataset/raw/roboflow_skin_problem_clean3/train/levle0_52_jpg.rf.46b4e9c03b606bbf8c3cde44328d28a9.jpg,roboflow_skin_problem_clean3,Acne|Blackheads|Whiteheads,,ac7cda3cd39957ff9121b994c8c059654acac545d09595ef08bb24c5fcc3ed0e,"contains extra/non-target annotations: Blackheads, Whiteheads"
dataset/raw/roboflow_skin_problem_clean3/train/Screenshot-2023-03-29-144401_png.rf.46cd1ad21ec14903e7150e29dc132751.jpg,roboflow_skin_problem_clean3,Skin-Redness,,4a2c2573f4c1132e15250e630c1f79281345dcedbd0ae2aa4a6bf5dae9ff859e,contains extra/non-target annotations: Skin-Redness
dataset/raw/roboflow_skin_problem_clean3/train/Kering-22-_jpg.rf.46d2ec3c4265729e4b5e905a0121529c.jpg,roboflow_skin_problem_clean3,Dry-Skin,,a8c4a0895b6a2f3938572190bf990bef490ce96eeaf7a7e0054e1c2ea4bd28f8,contains extra/non-target annotations: Dry-Skin
dataset/raw/roboflow_skin_problem_clean3/train/8_jpg.rf.4718e614a6217c18290f44ec1f2e52bc.jpg,roboflow_skin_problem_clean3,Eyebags,,048b129bff22ab0d1d10d0f511b8cae3948aef58a28f4e00d857a6bc5816cabc,contains extra/non-target annotations: Eyebags
dataset/raw/roboflow_skin_problem_clean3/train/Kering-24-_jpg.rf.471dabacbbf347d416faf29aff98cfa7.jpg,roboflow_skin_problem_clean3,Dry-Skin,,2fbb8775f9a5a4239f71b8897dddf4b98accae7a9c0ef96d6cd203f509f4d431,contains extra/non-target annotations: Dry-Skin
dataset/raw/roboflow_skin_problem_clean3/train/630_jpg.rf.471b0686476e02ce72dfe5bc05f71268.jpg,roboflow_skin_problem_clean3,Acne|Englarged-Pores,,86ce5f5efdda78c7121ff515e3e08760a25c5991ee2fca468067e4769cdbe765,"contains multiple target classes: acne, large_pore"
dataset/raw/roboflow_skin_problem_clean3/train/dry-112-_jpg.rf.4801e5a1ce5816340de32045a074bf15.jpg,roboflow_skin_problem_clean3,Dry-Skin,,590cf8f0e8e8985a0a80747ffc248423cd82c3649b3b2939a7e9f314fd92e3b9,contains extra/non-target annotations: Dry-Skin
dataset/raw/roboflow_skin_problem_clean3/train/levle1_577_jpg.rf.47bb8caf76b0c4de0396dca37b458291.jpg,roboflow_skin_problem_clean3,Acne|Whiteheads,,6b04636e1756762898ad7121c4da3c782fd483a5f57e0f7fe1b4334d9906c8a2,contains extra/non-target annotations: Whiteheads
dataset/raw/roboflow_skin_problem_clean3/train/309_jpg.rf.480b728207cd1add87858b1f45c681c4.jpg,roboflow_skin_problem_clean3,Blackheads|Eyebags|Wrinkles,,a24b003bf31eed987c75511ccc35f6c29542ee10931c170d801b49766fb0cc9a,"contains extra/non-target annotations: Blackheads, Eyebags"
dataset/raw/roboflow_skin_problem_clean3/train/Image_121_png.rf.4817bc2aa89a4b5806771361ad1f514c.jpg,roboflow_skin_problem_clean3,Eyebags,,6eb7afe7fcb62bee234e190bc9b7744c2200354a70694de3a30f133322f68913,contains extra/non-target annotations: Eyebags
dataset/raw/roboflow_skin_problem_clean3/train/levle2_126_jpg.rf.480f97a5dc29fc2df826eeaf2fea6123.jpg,roboflow_skin_problem_clean3,Acne|Blackheads,,326e5606e056b283e3fbb9efdf3053874f641ebedb45c6acdafb627a7cc88966,contains extra/non-target annotations: Blackheads
dataset/raw/roboflow_skin_problem_clean3/train/kering-8-_jpg.rf.486487f21d337248418ae88b8438e459.jpg,roboflow_skin_problem_clean3,Dry-Skin,,04f8de2ef8c28a35512fe92ad8698ef7359f7a5ae4ed91153915799c5d044389,contains extra/non-target annotations: Dry-Skin
dataset/raw/roboflow_skin_problem_clean3/train/kering-18-_jpg.rf.486cbe8abb8d752c6954fbe48f2b2264.jpg,roboflow_skin_problem_clean3,Dry-Skin,,e73accd660bdc6ba60a58183075caf6fffe8b66e9f24f638dad2de820832e61b,contains extra/non-target annotations: Dry-Skin
dataset/raw/roboflow_skin_problem_clean3/train/2609766139_1_jpg.rf.49376215a3682747fadd670279b1196e.jpg,roboflow_skin_problem_clean3,Eyebags,,389b04189bcc7022b66b7ab7ab86a143761576435ccef789f34d21e991e8e3f8,contains extra/non-target annotations: Eyebags
dataset/raw/roboflow_skin_problem_clean3/train/levle1_114_jpg.rf.49576f3452b1ac319f43aaada3b16634.jpg,roboflow_skin_problem_clean3,Acne|Blackheads,,29c14e464d3e3b46ecb9792bb73fdb5e5329499393defc4946ab40132bd0901c,contains extra/non-target annotations: Blackheads
dataset/raw/roboflow_skin_problem_clean3/train/Screenshot_3_png.rf.493eaf889fac923a4a884f8069e14495.jpg,roboflow_skin_problem_clean3,Skin-Redness,,06051c6fbbbb11bd886a31b96de9487ea82791041a6e9300cb85fc44721200a0,contains extra/non-target annotations: Skin-Redness
dataset/raw/roboflow_skin_problem_clean3/train/kering__-19-_JPG.rf.49ac03a6547c0e92f3c8207116e3b9d0.jpg,roboflow_skin_problem_clean3,Dry-Skin,,e34ce4c3627e2a4046fcccb8a0abb56c3ace42038fbc9854fd50e8c1d71b04c5,contains extra/non-target annotations: Dry-Skin
dataset/raw/roboflow_skin_problem_clean3/train/oily-156-_jpg.rf.49ec189284dbf697bef3f0f0647e96d6.jpg,roboflow_skin_problem_clean3,Acne|Oily-Skin,,bde543b4087e2d3adbf6102b89957683d3bf18c28970217c5444b23c4caadd41,contains extra/non-target annotations: Oily-Skin
dataset/raw/roboflow_skin_problem_clean3/train/455_jpg.rf.49eda8051a5b22669e42c3c7c320f836.jpg,roboflow_skin_problem_clean3,Acne|Blackheads|Englarged-Pores|Eyebags,,613ebe41eab1df7e80bf44fb1f0d0dcf56eaaafc87767026728505aa91b7850f,"contains extra/non-target annotations: Blackheads, Eyebags"
dataset/raw/roboflow_skin_problem_clean3/train/180_jpg.rf.4a7b80e17e5a8ee8e9022757d2d7e975.jpg,roboflow_skin_problem_clean3,Acne|Englarged-Pores,,fda57b7ef63df51f13a9ffd94013c0b93bf11289b73a83b061c1d6774bb19573,"contains multiple target classes: acne, large_pore"
dataset/raw/roboflow_skin_problem_clean3/train/36_jpg.rf.4a2c28a369f35670b73f170904573bfb.jpg,roboflow_skin_problem_clean3,Acne|Blackheads|Englarged-Pores,,79bb1def764b45eafc428c3d83ee8fa546860dc7dd89694163360b6c25008747,contains extra/non-target annotations: Blackheads
dataset/raw/roboflow_skin_problem_clean3/train/acne-788-_jpg.rf.4ada677be62da4213805708ddce5f50f.jpg,roboflow_skin_problem_clean3,Dry-Skin,,2c44bf019d6b5e8cc8ef2bd5b6cac7e7e6e5540a4c70ad1cb64a3f5328979880,contains extra/non-target annotations: Dry-Skin
dataset/raw/roboflow_skin_problem_clean3/train/levle1_133_jpg.rf.4a0408029465db783f8663d98522d1a5.jpg,roboflow_skin_problem_clean3,Acne|Blackheads,,f75c9ae29b7d3a71a32c8265be07c3c7763d3f8caf105d1bcf273f67ada57f12,contains extra/non-target annotations: Blackheads
dataset/raw/roboflow_skin_problem_clean3/train/levle2_110_jpg.rf.4ae87309f09543637b13c9bacd7c844e.jpg,roboflow_skin_problem_clean3,Acne|Whiteheads,,14d4a888cf5004c71b1d1b3c44e75043afe81464016eeed5ddb30b4d8c78ebe2,contains extra/non-target annotations: Whiteheads
dataset/raw/roboflow_skin_problem_clean3/train/460_jpg.rf.4c145cda8f3febbe292a4d14dc92437e.jpg,roboflow_skin_problem_clean3,Acne|Englarged-Pores,,840aa18bae88f886f206ed0f86b899782ddf27035a387dda3ced4cd11ef980f1,"contains multiple target classes: acne, large_pore"
dataset/raw/roboflow_skin_problem_clean3/train/240_F_210297159_7tMSDq38NJGGGfjubjo57EoqK1L4Qw6O_jpg.rf.4b6b88aa5c14d3584419e2851b95a85a.jpg,roboflow_skin_problem_clean3,Eyebags,,c32f9d37cd5f9e57e1f667a26b3ac6d096bd0faf64ff52851d63dab0b4ed3b3a,contains extra/non-target annotations: Eyebags
dataset/raw/roboflow_skin_problem_clean3/train/kering-36-_jpg.rf.4d2053fecef95e75e802e84a0cf0762a.jpg,roboflow_skin_problem_clean3,Dry-Skin,,94eada9057fee00c242f5066afd2ef4ea18f919d75be6851451c1f24d85ccb00,contains extra/non-target annotations: Dry-Skin
dataset/raw/roboflow_skin_problem_clean3/train/kering-71-_jpg.rf.4d4ceee3feafec8cf0307f09a2e1eb87.jpg,roboflow_skin_problem_clean3,Oily-Skin,,bc3fc17966eede1ab2a5770938b891386605719ae04780b0bfe362c5287c3e19,contains extra/non-target annotations: Oily-Skin
dataset/raw/roboflow_skin_problem_clean3/train/GettyImages-546459592-5b215d8996c74956bc733aa9f6dd21a8_jpg.rf.4d4d68e619c67777bd9501d44c9e3eac.jpg,roboflow_skin_problem_clean3,Skin-Redness,,7e7ecc9f5632adba2cd5efe36add785a934f4f81dc52b5d9dd70f369072f4024,contains extra/non-target annotations: Skin-Redness
dataset/raw/roboflow_skin_problem_clean3/train/kering-37-_jpg.rf.4daa835762c1d53b7043f4b7c4c13034.jpg,roboflow_skin_problem_clean3,Dry-Skin,,5612ff3b78ca67cd26eae7a451b1445bb210c34a4ceb7d41785cd46eac68a72d,contains extra/non-target annotations: Dry-Skin
dataset/raw/roboflow_skin_problem_clean3/train/Berminyak-21-_jpg.rf.4db91b5d57c5691305fcc049262ef557.jpg,roboflow_skin_problem_clean3,Oily-Skin,,10b747edc158cde3e54f1482f189dae16ecdf739dc6ba5598386ff4bfd75e767,contains extra/non-target annotations: Oily-Skin
dataset/raw/roboflow_skin_problem_clean3/train/294_jpg.rf.4db722a046aa3de5b2bdc5b4ec643d68.jpg,roboflow_skin_problem_clean3,Acne|Blackheads,,e8aa67d01db839769d908b3d8f91ba16780e805c41d767a8484f6111a6e568da,contains extra/non-target annotations: Blackheads
dataset/raw/roboflow_skin_problem_clean3/train/oily-101-_jpg.rf.4dcc8850e5f7b3b45679ad72d3327f38.jpg,roboflow_skin_problem_clean3,Acne|Dry-Skin,,1855dbb10ac1156beedce17e8d008668a3afdfa4800c96db681317f1237fddab,contains extra/non-target annotations: Dry-Skin
dataset/raw/roboflow_skin_problem_clean3/train/acne-570-_jpg.rf.4e2f632245488868b37dedaaf537e675.jpg,roboflow_skin_problem_clean3,Dry-Skin,,dfd376f8ea94d0b230bb5075d2a8cf91955a8021fbfa67ef7af4a7d040a41963,contains extra/non-target annotations: Dry-Skin
dataset/raw/roboflow_skin_problem_clean3/train/2_jpg.rf.4e08033f842f89f8105e5fce739fee78.jpg,roboflow_skin_problem_clean3,Acne|Englarged-Pores,,7473f07bff77d8a2782979de297ff026fbbe3dc595f6deed56d3bd4ac5111dbb,"contains multiple target classes: acne, large_pore"
dataset/raw/roboflow_skin_problem_clean3/train/berminyak__-53-_JPG.rf.4e4574d9f06ba4e63f6b16932d02bc07.jpg,roboflow_skin_problem_clean3,Oily-Skin,,f9cb085140c0f94290b511e631afe7ff5355c0aa1b2be4c84b0ba0cabd830630,contains extra/non-target annotations: Oily-Skin
dataset/raw/roboflow_skin_problem_clean3/train/levle1_192_jpg.rf.4e4bc68553b926ccc60c3d471e62d4df.jpg,roboflow_skin_problem_clean3,Acne|Blackheads,,510189c97737b93c1737388c234c7342ac14d7dbdcd956eef5dd1f908f31d1c4,contains extra/non-target annotations: Blackheads
dataset/raw/roboflow_skin_problem_clean3/train/berminyak__-54-_JPG.rf.4e42b2c87d06a372b3624bfb3448cb43.jpg,roboflow_skin_problem_clean3,Oily-Skin,,ccb5a24bfae5998730c1bff317e604b5e4d7a84607d355ea16e24478e396caad,contains extra/non-target annotations: Oily-Skin
dataset/raw/roboflow_skin_problem_clean3/train/554_jpg.rf.4e767255cc4f6a1471ff698bedd74b5f.jpg,roboflow_skin_problem_clean3,Acne|Englarged-Pores,,729cab58170cbf5682ebb30b85bcaf3b981669443c3da7b3a206c4fabc00956b,"contains multiple target classes: acne, large_pore"
dataset/raw/roboflow_skin_problem_clean3/train/c3bf013ac75c78c5d78fc8f7277af52f_jpg.rf.4fb348e977d7b7e03f70617161818af2.jpg,roboflow_skin_problem_clean3,Dry-Skin,,d55381a5387e998e5c57b01d5be10a4960804600e3ec3cb5347036a35dd96581,contains extra/non-target annotations: Dry-Skin
dataset/raw/roboflow_skin_problem_clean3/train/oily-215-_jpg.rf.4f811e5868d5545a6ed3dd02b6373eb1.jpg,roboflow_skin_problem_clean3,Englarged-Pores|Oily-Skin,,3df4685a1048997d028792b9905ec5066701a8a1ffffd2bec8699a6e8bfec22f,contains extra/non-target annotations: Oily-Skin
dataset/raw/roboflow_skin_problem_clean3/train/Kering-8-_jpeg.rf.4f73236efaecd890235dc5bf5fa72860.jpg,roboflow_skin_problem_clean3,Dry-Skin,,fdd797d1ee479f46375cdbd0b36d97781c94e7e697990afc311a422aea25f708,contains extra/non-target annotations: Dry-Skin
dataset/raw/roboflow_skin_problem_clean3/train/312_jpg.rf.4fce32b59b6ee00d1c1fde7bf9bdf585.jpg,roboflow_skin_problem_clean3,Acne|Englarged-Pores,,9c68496116b7fdc540e45c7b6ae74cc1966ad2669e595f5d2b86e83a6a494df9,"contains multiple target classes: acne, large_pore"
dataset/raw/roboflow_skin_problem_clean3/train/2458204984_1_jpg.rf.509d4372b6dccb44ae7fb604d865ae00.jpg,roboflow_skin_problem_clean3,Eyebags,,779601745a7267225ad73877c6fde5f1b77297926915955ba1dee91ae1172025,contains extra/non-target annotations: Eyebags
dataset/raw/roboflow_skin_problem_clean3/train/oily-35-_jpg.rf.50d5ca3aebc22c6dbf56a4ecb92b81a3.jpg,roboflow_skin_problem_clean3,Acne|Englarged-Pores|Oily-Skin,,f1d9efe9a6e79680cacbdb8e56f048d6f320f233d8d87106d8272df98dc8e32f,contains extra/non-target annotations: Oily-Skin
dataset/raw/roboflow_skin_problem_clean3/train/levle0_353_jpg.rf.51bc6755b076997876a00bab4334915c.jpg,roboflow_skin_problem_clean3,Acne|Blackheads|Dark-Spots,,f017eaf50e725e898847449775e547ca16b3e59890159246a8f10354ca985d80,contains extra/non-target annotations: Blackheads
dataset/raw/roboflow_skin_problem_clean3/train/660_jpg.rf.5170635e92618b500c118b036a676fc3.jpg,roboflow_skin_problem_clean3,Acne|Wrinkles,,7a37b7db9af4be1363af851e3d1a6f1aa46469aa8308b2ef9f3ce891205ad375,"contains multiple target classes: acne, wrinkle"
dataset/raw/roboflow_skin_problem_clean3/train/levle0_54_jpg.rf.511666532427147604ee3d501e650d19.jpg,roboflow_skin_problem_clean3,Acne|Blackheads,,c836b59eccf15f8e38cd570ae5c1f52e42af2ea98141f8a01f31c7f5cc8f301c,contains extra/non-target annotations: Blackheads
dataset/raw/roboflow_skin_problem_clean3/train/dry5_jpg.rf.51bdb8e574131b8b6194868360393fe6.jpg,roboflow_skin_problem_clean3,Dry-Skin,,03bca696dda0925a6f9865d1b782e9841459a89c2d7e6b326d4968ae32f8da55,contains extra/non-target annotations: Dry-Skin
dataset/raw/roboflow_skin_problem_clean3/train/2837076619_1_jpg.rf.51d5e45f1b5eff1265afdad3bb47ccdf.jpg,roboflow_skin_problem_clean3,Eyebags,,1ded1dd217433a728fbaa670117151f659d2c34781f35e213cf278a9fbf6f1ae,contains extra/non-target annotations: Eyebags
dataset/raw/roboflow_skin_problem_clean3/train/513_jpg.rf.5209d6a93397b9a6d3bd1dce30b38c82.jpg,roboflow_skin_problem_clean3,Acne|Englarged-Pores,,732814691699148980926ee20ac40a10180d021e0293d0cae759ee38aa4607e4,"contains multiple target classes: acne, large_pore"
dataset/raw/roboflow_skin_problem_clean3/train/Kering-46-_jpg.rf.525e0ad7d2f02e5bce294ba1a2d49bce.jpg,roboflow_skin_problem_clean3,Dry-Skin,,8ba9847943da701d3284f3347504524b520c9edf51f8ff78b87f1528be4c8724,contains extra/non-target annotations: Dry-Skin
dataset/raw/roboflow_skin_problem_clean3/train/193_jpg.rf.52386d11468ed7a0c721efcb0c0b4ce0.jpg,roboflow_skin_problem_clean3,Acne|Englarged-Pores,,e58b2fed6f1b6c621d06eef67e03289c2eff3796a3b9dbe596664150f5fbae20,"contains multiple target classes: acne, large_pore"
dataset/raw/roboflow_skin_problem_clean3/train/kering_-83-_jpg.rf.52c4dfd64dcef357695aadea26f8a90f.jpg,roboflow_skin_problem_clean3,Dry-Skin,,fcad68cb94383910b026e69f98e5e0be6d7657097b4d23c567f3af8c8ea88135,contains extra/non-target annotations: Dry-Skin
dataset/raw/roboflow_skin_problem_clean3/train/34_jpeg_jpg.rf.53256d3375f6ca00467886794f1211fb.jpg,roboflow_skin_problem_clean3,Blackheads,,e3813ec50d81a82016dd80bfbd43407ca837d9faa3bbc9b1fc8f99b83a06290c,contains extra/non-target annotations: Blackheads
dataset/raw/roboflow_skin_problem_clean3/train/levle0_9_jpg.rf.53029e4b7dc27f5578bbfed6e0d8beb9.jpg,roboflow_skin_problem_clean3,Blackheads,,6b842499dc40789c1062a1b678347394bf75253ad3035c89cd5053addfdb196b,contains extra/non-target annotations: Blackheads
dataset/raw/roboflow_skin_problem_clean3/train/berminyak__-59-_JPG.rf.532b014664184eb835229a55eb35f276.jpg,roboflow_skin_problem_clean3,Oily-Skin,,fb2ec11e61d6cd1c512da7a11d8f97648c45d0dc1485370e74e5125c34b6583a,contains extra/non-target annotations: Oily-Skin
dataset/raw/roboflow_skin_problem_clean3/train/Kering-22-_jpeg.rf.53878c26486e1197e88a80c85fd8dc1e.jpg,roboflow_skin_problem_clean3,Dry-Skin,,191bfa18a29a06a43f32f63598c44242f6dbeae9461b1035cfd1e76d6c040970,contains extra/non-target annotations: Dry-Skin
dataset/raw/roboflow_skin_problem_clean3/train/Normal108_jpg.rf.5384789363138090fecb28c93930de8f.jpg,roboflow_skin_problem_clean3,Dry-Skin,,6091aa64390f6fb34b5022d6ab1752ea5718eb23cd842b0d5e6598883d1580d9,contains extra/non-target annotations: Dry-Skin
dataset/raw/roboflow_skin_problem_clean3/train/240_F_505842148_TGTabIfdLCUOOQZD2kRsQnYJD7OTf3BT_jpg.rf.53c34ba426994d1afdca99d79a4e9164.jpg,roboflow_skin_problem_clean3,Eyebags,,10131f1f823df69ff228898626cc3d6b167edba33f1ef3532f6a563ae1de369b,contains extra/non-target annotations: Eyebags
dataset/raw/roboflow_skin_problem_clean3/train/levle1_531_jpg.rf.53a49956238d6333eee2b49689cee57b.jpg,roboflow_skin_problem_clean3,Acne|Blackheads,,d6f71f829a251b98b220de48ca3d3da068148acbc9afce7be4e22ac7673f7344,contains extra/non-target annotations: Blackheads
dataset/raw/roboflow_skin_problem_clean3/train/125_jpg.rf.53e7c3f2d2fb454ac5c93ac22b959c66.jpg,roboflow_skin_problem_clean3,Acne|Eyebags,,c772b1d1524c9cf9bd86d2bd50ba9265adaebf97663fd4f7da8edbddf6ca3e86,contains extra/non-target annotations: Eyebags
dataset/raw/roboflow_skin_problem_clean3/train/kering__-51-_jpg.rf.53f7a680309a063a2a54d04a41f9da59.jpg,roboflow_skin_problem_clean3,Dry-Skin,,da75e211f2928cbdc8368ed4bd9ad43ad36a27edf2490cd70111f4f04240cff2,contains extra/non-target annotations: Dry-Skin
dataset/raw/roboflow_skin_problem_clean3/train/levle1_583_jpg.rf.54124330971c6d6904fe37c51c0f4918.jpg,roboflow_skin_problem_clean3,Acne|Whiteheads,,75b95d7be98c1d80c28966b53bcbb239da223b9e09e963deba0d9fc49b05195e,contains extra/non-target annotations: Whiteheads
dataset/raw/roboflow_skin_problem_clean3/train/levle0_51_jpg.rf.547abece13f724d4ba6626035dc98901.jpg,roboflow_skin_problem_clean3,Acne|Whiteheads,,833c933aaf164542b87922ce5407ade3811ec2136a19d4d016e1e00dc4a48425,contains extra/non-target annotations: Whiteheads
dataset/raw/roboflow_skin_problem_clean3/train/Image_119_jpg.rf.53fd4f087d18a7d9855c121d55320e49.jpg,roboflow_skin_problem_clean3,Eyebags,,ebf5e75184e6da3187495a93e28037107497ffd573638b6b65d2ffcccb5a8b2e,contains extra/non-target annotations: Eyebags
dataset/raw/roboflow_skin_problem_clean3/train/84_jpg.rf.5533fdc774c54d89b4612fe383aeeed6.jpg,roboflow_skin_problem_clean3,Acne|Blackheads,,e3ec3e0a55405fcdfa6d747f05d6dc5e3886373e779f22592ccae837f5785b19,contains extra/non-target annotations: Blackheads
dataset/raw/roboflow_skin_problem_clean3/train/52_jpg.rf.54aba908ae10ec1f1cf3dd4feb1013cc.jpg,roboflow_skin_problem_clean3,Blackheads|Eyebags,,c22547d35ceb7b5a7edd95365c1dcf52a50069148908c1102d497630b92c6bf1,"contains extra/non-target annotations: Blackheads, Eyebags"
dataset/raw/roboflow_skin_problem_clean3/train/2720295826_1_jpg.rf.551be849641c69af1206509f9dae8eab.jpg,roboflow_skin_problem_clean3,Eyebags,,587527a18c6f956e19942dbd30b3c53786425b53cba890f978b7c9024d8d499f,contains extra/non-target annotations: Eyebags
dataset/raw/roboflow_skin_problem_clean3/train/510_jpg.rf.54a77e2ceeb275a42785fb186331e8b4.jpg,roboflow_skin_problem_clean3,Acne|Eyebags,,8a4ca525f100480a89ff4ecf4da441ecfb9567ab26f91d7c6c47e61d312176ea,contains extra/non-target annotations: Eyebags
dataset/raw/roboflow_skin_problem_clean3/train/dry32_jpg.rf.55568914eb17872e358d78bd8dd05269.jpg,roboflow_skin_problem_clean3,Dry-Skin,,c6df48ebfd642c60886b86fbb2d09516a31cc314a01a93cb45a13e6f7042b0cc,contains extra/non-target annotations: Dry-Skin
dataset/raw/roboflow_skin_problem_clean3/train/456_jpg.rf.55ae8969dc6af1aadf326b01d4057e14.jpg,roboflow_skin_problem_clean3,Acne|Blackheads|Englarged-Pores,,7ffcb66d0c1c9d8fadd3faeae665cffa95c11cd4da032ae7c55d912cea6ed7a6,contains extra/non-target annotations: Blackheads
dataset/raw/roboflow_skin_problem_clean3/train/levle2_79_jpg.rf.55c0e3916dc8ceb2aed583f8adaa5bb2.jpg,roboflow_skin_problem_clean3,Acne|Whiteheads,,c041f7f5d3c90bd5ca83510bc45cbc06553c703da4cc39e60d162f4f89498994,contains extra/non-target annotations: Whiteheads
dataset/raw/roboflow_skin_problem_clean3/train/berminyak__-19-_jpg.rf.5615844e9b1476a9c46160fd22d29f76.jpg,roboflow_skin_problem_clean3,Dry-Skin,,94522b131533a2f71fe3e5affd42caf46c4a1de89387ea8315f8e1de140fe3c0,contains extra/non-target annotations: Dry-Skin
dataset/raw/roboflow_skin_problem_clean3/train/kering_-95-_jpg.rf.5689337fa3dabae3a85acddda14a6b7e.jpg,roboflow_skin_problem_clean3,Dry-Skin,,2c9a9b9d0b465c40c2d785d352dd76f8e0aad9cd8a41e545575d6a389fde0eb4,contains extra/non-target annotations: Dry-Skin
dataset/raw/roboflow_skin_problem_clean3/train/614_jpg.rf.56aac8f6819a903688e7aa09c7100fc8.jpg,roboflow_skin_problem_clean3,Acne|Wrinkles,,b5879d5b5196cc57ebfd207b8f4808cacbbdaaf3ab3d7d5fa6ba517668a11662,"contains multiple target classes: acne, wrinkle"
dataset/raw/roboflow_skin_problem_clean3/train/kering_-111-_jpg.rf.56aaa232ae017c2a732ffe3561cd888d.jpg,roboflow_skin_problem_clean3,Dry-Skin,,35b940f3b58cf07fe8f060d177be9ff1066dc7931a4bd4bf6399651aca9df7a7,contains extra/non-target annotations: Dry-Skin
dataset/raw/roboflow_skin_problem_clean3/train/oily47_jpg.rf.5830616735fce5eb4696dab262471f68.jpg,roboflow_skin_problem_clean3,Oily-Skin,,bf41bd8468e3178ba0f5194cfe4566c781fbaef74e0b66a812ed77f47b26aa00,contains extra/non-target annotations: Oily-Skin
dataset/raw/roboflow_skin_problem_clean3/train/Image_110_jpg.rf.5877b0d0e3bd0b879a5a207f77545516.jpg,roboflow_skin_problem_clean3,Oily-Skin,,a1d0faa88226633cbdf4bd91bef464482ebc1e4b4b435d565e98020e66c713f4,contains extra/non-target annotations: Oily-Skin
dataset/raw/roboflow_skin_problem_clean3/train/Berminyak-12-_jpg.rf.58b54ade279a2ba8575c2f8a5fba8b4a.jpg,roboflow_skin_problem_clean3,Oily-Skin,,569f18e12f9acb4beb3d79b4e74cae08841ed8a38b037bee9ef9cbdb00c45433,contains extra/non-target annotations: Oily-Skin
dataset/raw/roboflow_skin_problem_clean3/train/110_jpg.rf.5878786e0e5b04eacd9d757e5909c3af.jpg,roboflow_skin_problem_clean3,Acne|Blackheads,,c8cb59f347e03f0cd62006fad4d07d131f8cfb32f4f418c31500a6b910af51f4,contains extra/non-target annotations: Blackheads
dataset/raw/roboflow_skin_problem_clean3/train/2677149532_1_jpg.rf.59977e13a9483bea840059c7917568e8.jpg,roboflow_skin_problem_clean3,Eyebags,,8c3bcfd82415887720901bdb4fdda627802a96c49c410ef6df9801dce0ff029f,contains extra/non-target annotations: Eyebags
dataset/raw/roboflow_skin_problem_clean3/train/levle1_229_png.rf.5980b9e1bc834ce895404e137fce60f2.jpg,roboflow_skin_problem_clean3,Blackheads,,88d3d1ba59a887a545ca4d9d2ebc538179cd7fed7d926dc09edb2be3e246a9ff,contains extra/non-target annotations: Blackheads
dataset/raw/roboflow_skin_problem_clean3/train/440_jpg.rf.58bd568c76e14ad6444ad6dd6fe6846e.jpg,roboflow_skin_problem_clean3,Acne|Wrinkles,,10ffd04b365b1a7fdf9971ca223d3452859332e411aba7f7ec272e595a9d329e,"contains multiple target classes: acne, wrinkle"
dataset/raw/roboflow_skin_problem_clean3/train/136_jpg.rf.5906e29d220923774398d55c33d85e0d.jpg,roboflow_skin_problem_clean3,Acne|Englarged-Pores|Eyebags,,b5303664711a3fabd898db0a73f012f467f3ada555814016854fc1e9d13a764f,contains extra/non-target annotations: Eyebags
dataset/raw/roboflow_skin_problem_clean3/train/kering-2-_jpg.rf.59c9cfb49785140b3c53580ce4b89e63.jpg,roboflow_skin_problem_clean3,Dry-Skin,,de165989404342724dca3b11ba736ba8fd004f39069f127afa4b73417e47eb53,contains extra/non-target annotations: Dry-Skin
dataset/raw/roboflow_skin_problem_clean3/train/401_jpg.rf.59a105fc0e7485213a34e3b1662367e4.jpg,roboflow_skin_problem_clean3,Acne|Englarged-Pores,,5427caffd613bbb4bf2aa611e2f6621e7a9b76bd8c32294ba2b263cd8260af09,"contains multiple target classes: acne, large_pore"
dataset/raw/roboflow_skin_problem_clean3/train/kering-40-_jpg.rf.59bf7611c6d9daccc3c99d46a684465e.jpg,roboflow_skin_problem_clean3,Dry-Skin,,77993d64fec5e53bf90764b136490dda67cf718c4c2732d0444e3e213158770b,contains extra/non-target annotations: Dry-Skin
dataset/raw/roboflow_skin_problem_clean3/train/levle1_472_jpg.rf.59ce792a70dbf3ebc9038fdc5dd473ba.jpg,roboflow_skin_problem_clean3,Acne|Blackheads|Whiteheads,,48bbeb46c13d2ccd914f82520336e8217048eee85f0c4dd006fb9ca13b0bc105,"contains extra/non-target annotations: Blackheads, Whiteheads"
dataset/raw/roboflow_skin_problem_clean3/train/berminyak__-31-_jpg.rf.59e2a49d2fac79d913db90f1f0e22f7d.jpg,roboflow_skin_problem_clean3,Dry-Skin,,88fa3afee6e4d47f5b8a5399af86aa9f0b96a185dfc3468d1816ab28de3d0ac1,contains extra/non-target annotations: Dry-Skin
dataset/raw/roboflow_skin_problem_clean3/train/Kering-18-_jpeg.rf.5a864a3afbeb6eb8c88254cbd798e82f.jpg,roboflow_skin_problem_clean3,Dry-Skin,,9ebe4f5f2160562eeaf992e655aa0ee26469545f67110d106c647807ad989017,contains extra/non-target annotations: Dry-Skin
dataset/raw/roboflow_skin_problem_clean3/train/dry-108-_jpg.rf.59d9143ec992e5b3c71b5d3af150b597.jpg,roboflow_skin_problem_clean3,Dry-Skin,,9784a03156e1343d08cc6c3bd0c42202a03234e295ab72ea27e2773738da6182,contains extra/non-target annotations: Dry-Skin
dataset/raw/roboflow_skin_problem_clean3/train/240_F_175181783_9h2VmEFY0xA9yc8O2fqKvhzsEOAfDFtD_jpg.rf.5a934167e520ac687c2f9a4f120e2434.jpg,roboflow_skin_problem_clean3,Eyebags,,1735fa26901b44bcfe845f688379bfa3ee6e3dfdde4965f87899d0e7e8239e9e,contains extra/non-target annotations: Eyebags
dataset/raw/roboflow_skin_problem_clean3/train/kering_-19-_jpg.rf.5b448c276365731cc65fd03d493436bf.jpg,roboflow_skin_problem_clean3,Dry-Skin,,833c078fd96864089fe6b1b83821b88ddb0072f08bbab879e07f643131be0224,contains extra/non-target annotations: Dry-Skin
dataset/raw/roboflow_skin_problem_clean3/valid/kering-7-_jpg.rf.001dca4cbc6205654fa66f771c999baf.jpg,roboflow_skin_problem_clean3,Dry-Skin,,b0fef30531d9c1cdec13c09e87bdf7fc6350406e0303ac8278f8132844c8767b,contains extra/non-target annotations: Dry-Skin
dataset/raw/roboflow_skin_problem_clean3/valid/kering_-51-_jpg.rf.01b2aad7b993d3b27d8a7c79a165e494.jpg,roboflow_skin_problem_clean3,Dry-Skin,,89a8b064224a60540346da31b611bd484d2c3db6d49ac4b1aff1be28e13120a4,contains extra/non-target annotations: Dry-Skin
dataset/raw/roboflow_skin_problem_clean3/valid/Image_10_jpg.rf.061b2cdce40d14e63ad4d30b2d2e31b2.jpg,roboflow_skin_problem_clean3,Eyebags,,2237f359142abe5a691677bee0db764b9cab4b2449c8d6aecc660788b9465e00,contains extra/non-target annotations: Eyebags
dataset/raw/roboflow_skin_problem_clean3/valid/Berminyak-40-_JPG.rf.0631589f89acbdcf68272002972daad2.jpg,roboflow_skin_problem_clean3,Oily-Skin,,7c57657c6eda506695be1aa8d4c39adfb5c2ea3a788081ea5e22cbc7e352a1eb,contains extra/non-target annotations: Oily-Skin
dataset/raw/roboflow_skin_problem_clean3/valid/kering__-25-_jpg.rf.061d1f2d67f0c6006a290d4aaca670f9.jpg,roboflow_skin_problem_clean3,Dry-Skin,,6d63525a9b836e7698c322acae6f6881527c1c14f34de833e9c480bb7d2e00ba,contains extra/non-target annotations: Dry-Skin
dataset/raw/roboflow_skin_problem_clean3/valid/Image_109_jpg.rf.0c1d1df82df31435799163f56e800a3c.jpg,roboflow_skin_problem_clean3,Eyebags,,4b6155139a06bb4b63f3c34dd9393e6d18c22a267aba95c7f332db04e0835c6e,contains extra/non-target annotations: Eyebags
dataset/raw/roboflow_skin_problem_clean3/valid/kering-33-_jpg.rf.0c27eaab521fde1fb73c769d4c012263.jpg,roboflow_skin_problem_clean3,Dry-Skin,,fc8ae3f0042dc7daafa11e805b99d299d3d792f70aabcd248865cae3208da358,contains extra/non-target annotations: Dry-Skin
dataset/raw/roboflow_skin_problem_clean3/valid/kering-22-_jpg.rf.0f2a153b4290c631f8b4a479fa120240.jpg,roboflow_skin_problem_clean3,Dry-Skin,,1e52348a0844864376480d405c2b08f57e3e1f370626ca16cf27af1592b04e0d,contains extra/non-target annotations: Dry-Skin
dataset/raw/roboflow_skin_problem_clean3/valid/1979d8a0484daed8c4e98ee0581f447f_jpg.rf.0ebe8a9fcd33347cb2b81306ff130c9e.jpg,roboflow_skin_problem_clean3,Dry-Skin,,e3f385e532c75e080c425137aefadcbe280d26baf74464555fc94753fd6f3452,contains extra/non-target annotations: Dry-Skin
dataset/raw/roboflow_skin_problem_clean3/valid/kering-89-_jpg.rf.0cb46b01a0d29594dfe4cdcf60789cc4.jpg,roboflow_skin_problem_clean3,Dry-Skin,,f0c6231ddb89a04a7164146df1a057ca389b67d8305e8c3013c1e1cc6eb41133,contains extra/non-target annotations: Dry-Skin
dataset/raw/roboflow_skin_problem_clean3/valid/22_jpg.rf.0c7900d2b2fb7af3eb7f38c09712dfab.jpg,roboflow_skin_problem_clean3,Acne|Blackheads,,59fba2242704eab0ef67c93fc9777d603ea1ca4fd2f1e1b87cb94db10932def4,contains extra/non-target annotations: Blackheads
dataset/raw/roboflow_skin_problem_clean3/valid/kering__-86-_jpg.rf.14f5360605fcbca27ddf5e79d25a1599.jpg,roboflow_skin_problem_clean3,Dry-Skin,,851e181a470fab85193dab57361257604bc9d4f4629e01e6c10f4f34030f49b7,contains extra/non-target annotations: Dry-Skin
dataset/raw/roboflow_skin_problem_clean3/valid/Image_120_jpg.rf.165db55c6d4ae325310f3ea70f257e3e.jpg,roboflow_skin_problem_clean3,Dry-Skin,,11b672d7976123cdd6beb2a5ed946dbe8b0903eb88530958b98b7140bb1d1f51,contains extra/non-target annotations: Dry-Skin
dataset/raw/roboflow_skin_problem_clean3/valid/Image_94_jpg.rf.16f762fe3337c9b229fdede9e56df293.jpg,roboflow_skin_problem_clean3,Dry-Skin,,d01ce17f4ef02acdf4ec388ca680d841faa85c35cedc45767dbde93eab2520a9,contains extra/non-target annotations: Dry-Skin
dataset/raw/roboflow_skin_problem_clean3/valid/Kering-2-_jpeg.rf.19ce2c020b7b97bbd21c3502b90ba191.jpg,roboflow_skin_problem_clean3,Dry-Skin,,947296d8111de7efc0cee2aae41637f30fe927fa469914f6f6b4dcbb9f553e66,contains extra/non-target annotations: Dry-Skin
dataset/raw/roboflow_skin_problem_clean3/valid/kering-27-_jpg.rf.19f63f8569da5a2b2a3012aec5d0e468.jpg,roboflow_skin_problem_clean3,Dry-Skin,,d4aa41350413e60782333976866d6afd2e870864f86eb7537caa4f4874e29beb,contains extra/non-target annotations: Dry-Skin
dataset/raw/roboflow_skin_problem_clean3/valid/kering_-58-_jpg.rf.29cffc23dcc6546d69776f576ff62542.jpg,roboflow_skin_problem_clean3,Dry-Skin,,3b15bbba0341909d6726fd38987fd3ca03542ec0c60ca1999bdfb08594c679bb,contains extra/non-target annotations: Dry-Skin
dataset/raw/roboflow_skin_problem_clean3/valid/oily-180-_jpg.rf.250b30b0be4ec2aabf2c2056ecf34422.jpg,roboflow_skin_problem_clean3,Acne|Oily-Skin,,2a5961944b12f3c4e658cb38d166fd553ea8525353dd47610260987b1a89447d,contains extra/non-target annotations: Oily-Skin
dataset/raw/roboflow_skin_problem_clean3/valid/dry19_jpg.rf.23f9728cc5fea80131ce572e6d054c8b.jpg,roboflow_skin_problem_clean3,Dry-Skin,,7170ecd41e0aa8833539d18e8705b85ad82d1f7525e626a41c9ff48689f647c0,contains extra/non-target annotations: Dry-Skin
dataset/raw/roboflow_skin_problem_clean3/valid/kering_-21-_jpg.rf.22ee1b40e31e5e0c0c4be90467a9506b.jpg,roboflow_skin_problem_clean3,Dry-Skin,,a91de9a82187baf41362d537a704db5092d48f2a4f29eef1c2bb1b70a516863c,contains extra/non-target annotations: Dry-Skin
dataset/raw/roboflow_skin_problem_clean3/valid/kering-31-_jpg.rf.2068baee72eb5d463f0de1007123a3ae.jpg,roboflow_skin_problem_clean3,Dry-Skin,,fbfb0cadeae3313843be2af10716cd455eb290af0f8ce9a1108dea9fd044bc57,contains extra/non-target annotations: Dry-Skin
dataset/raw/roboflow_skin_problem_clean3/valid/oily-190-_jpg.rf.28c9ad1d47e0fa0deca486860c6d113a.jpg,roboflow_skin_problem_clean3,Acne|Englarged-Pores,,39f2b3ee909333c47132baac2e94cbe8ee86a3488c77b585c1df220660b7acc9,"contains multiple target classes: acne, large_pore"
dataset/raw/roboflow_skin_problem_clean3/valid/Image_80_jpg.rf.1aca239514d10b41cbe5c3e96c64ab21.jpg,roboflow_skin_problem_clean3,Dry-Skin,,92c9796173cffba3c7f03cc2454aca8bb5c3db03e73a708bb3d63954de3b4db0,contains extra/non-target annotations: Dry-Skin
dataset/raw/roboflow_skin_problem_clean3/valid/17_jpg.rf.23826ea2494a47e7af44f5f358d8e92a.jpg,roboflow_skin_problem_clean3,Acne|Blackheads|Eyebags,,3e30840a4b910b8c3fe72d8f23c768463d1b408ef113aa2c0dd9d265dc6a67d9,"contains extra/non-target annotations: Blackheads, Eyebags"
dataset/raw/roboflow_skin_problem_clean3/valid/Image_112_jpg.rf.2f700914b25d6c775da7382320d8190b.jpg,roboflow_skin_problem_clean3,Dry-Skin,,1664edb6749fbbfff143e645e62bdfca29160e15424ff2b6b93c424a092b84de,contains extra/non-target annotations: Dry-Skin
dataset/raw/roboflow_skin_problem_clean3/valid/dry-skin_31_jpeg.rf.27fd6fae58ae4b161995dede2ab45be5.jpg,roboflow_skin_problem_clean3,Dry-Skin,,13f870c9bfb3752dcf166ced258d3ee792e81a41f34eddd9fb7ff4f845ea5b08,contains extra/non-target annotations: Dry-Skin
dataset/raw/roboflow_skin_problem_clean3/valid/dry-skin_102_jpeg.rf.1c92942611322f68f3994b3f09a0ed72.jpg,roboflow_skin_problem_clean3,Dry-Skin,,1495f61c828b20476a3e1583b46830600fc292d058294043d9ed4eb3e1a59e27,contains extra/non-target annotations: Dry-Skin
dataset/raw/roboflow_skin_problem_clean3/valid/dry-111-_jpg.rf.2f24e9211173ae3c9b5e423f731f20b3.jpg,roboflow_skin_problem_clean3,Dry-Skin,,8f15898e3c41801967738805085780bf806e3f65c3a07f995c4a254953cff278,contains extra/non-target annotations: Dry-Skin
dataset/raw/roboflow_skin_problem_clean3/valid/oily-87-_jpg.rf.2f54e56d99bb6e76dea038c58ff02d88.jpg,roboflow_skin_problem_clean3,Acne|Oily-Skin,,abbe13a79b89a225677cbab38985c23d84b2d0b85b7c2557239761dd5a4ad690,contains extra/non-target annotations: Oily-Skin
dataset/raw/roboflow_skin_problem_clean3/valid/kering-26-_jpg.rf.264c21501ae129fec0292b8f9f8e88ba.jpg,roboflow_skin_problem_clean3,Dry-Skin,,e989632c7ec9f48bd8da7dedfb2bbbc96035057173b278c4c546f81102fb166f,contains extra/non-target annotations: Dry-Skin
dataset/raw/roboflow_skin_problem_clean3/valid/dry-skin_115_jpeg.rf.1ebf41a4d9320bb95de5dfd03d253913.jpg,roboflow_skin_problem_clean3,Dry-Skin,,ea44b264aaf792df5ca86c730589f3c35e56024426b3b6c98c687e9aee1bf1aa,contains extra/non-target annotations: Dry-Skin
dataset/raw/roboflow_skin_problem_clean3/valid/kering_-150-_jpg.rf.2f9fca8adbf515afc441cdbbd2ec1613.jpg,roboflow_skin_problem_clean3,Dry-Skin,,bf7c736a45871fcad165b08c84e95909a98ecee4cd9825a0815dac28569805f0,contains extra/non-target annotations: Dry-Skin
dataset/raw/roboflow_skin_problem_clean3/valid/kering_-108-_jpg.rf.2a6cbd30d260fbdcfbed3fffce5bebc5.jpg,roboflow_skin_problem_clean3,Dry-Skin,,9e84226f9a94e47b4a86c043fc5c21c8fd95048e90cf30f41617ddd16a41ec1c,contains extra/non-target annotations: Dry-Skin
dataset/raw/roboflow_skin_problem_clean3/valid/kering__-64-_jpg.rf.32b4387f40e523cf62521f230f8a42e5.jpg,roboflow_skin_problem_clean3,Dry-Skin,,0882e3ae598de79c06b552a945c4233980fc3d3d25c7085e86fa1c62b45760be,contains extra/non-target annotations: Dry-Skin
dataset/raw/roboflow_skin_problem_clean3/valid/dry-110-_jpg.rf.314c39e335f052c20cbeef522a5fc5a8.jpg,roboflow_skin_problem_clean3,Dry-Skin,,e64593d85cbd5a418645506503c44d02d51cc0864d981224f5f74ce4e016e32d,contains extra/non-target annotations: Dry-Skin
dataset/raw/roboflow_skin_problem_clean3/valid/kering_-10-_jpg.rf.2853738a38c3728f3ad82927e83c693e.jpg,roboflow_skin_problem_clean3,Dry-Skin,,afa3fdb21b73babfe63cff384341d9cd5acce37d674bd3d0bded9467a60ac652,contains extra/non-target annotations: Dry-Skin
dataset/raw/roboflow_skin_problem_clean3/valid/berminyak__-21-_jpg.rf.331a9f2764363c97c6310bc975f05465.jpg,roboflow_skin_problem_clean3,Dry-Skin,,84017898a5af9916c4041d99c3e2e8e0bebe7228f11f2c404424be1d4752176d,contains extra/non-target annotations: Dry-Skin
dataset/raw/roboflow_skin_problem_clean3/valid/Image_8_jpg.rf.2e5fd6a8cdb76b699d6fef7350c599c4.jpg,roboflow_skin_problem_clean3,Eyebags,,8a6a780fdbe652a61c7570634b0dfe9683ea7290d4f2d0b322baa0a8a9ec76ef,contains extra/non-target annotations: Eyebags
dataset/raw/roboflow_skin_problem_clean3/valid/kering__-42-_jpg.rf.282f2657ceede4ee7275b70524199afa.jpg,roboflow_skin_problem_clean3,Dry-Skin,,30bc85ac003070298680a5dad0060d4d10e6b3ff153421c5f2a0ca6ded71020c,contains extra/non-target annotations: Dry-Skin
dataset/raw/roboflow_skin_problem_clean3/valid/166_jpg.rf.335abd067c21fae5f134c4b0c703d63b.jpg,roboflow_skin_problem_clean3,Acne|Englarged-Pores|Eyebags|Wrinkles,,06a54f4839bc83700a64f171ce597c9d3427e5f6938ed0b4e52849176e6281bc,contains extra/non-target annotations: Eyebags
dataset/raw/roboflow_skin_problem_clean3/valid/levle0_440_png.rf.34427682da7c0f283f15c2897db09ff4.jpg,roboflow_skin_problem_clean3,Blackheads|Whiteheads,,90cfe2ec052cc2b0c8c6fd75e113878ad98275c6ae5609efb73abe1bcdab699f,"contains extra/non-target annotations: Blackheads, Whiteheads"
dataset/raw/roboflow_skin_problem_clean3/valid/Berminyak-20-_jpeg.rf.36e59ded62dcc637989ce8bf14f722dc.jpg,roboflow_skin_problem_clean3,Oily-Skin,,a7ee72db01134880c794461b4548744bb9d0f91b6c2dbaf14957817b860b9817,contains extra/non-target annotations: Oily-Skin
dataset/raw/roboflow_skin_problem_clean3/valid/Berminyak46_jpg.rf.38edf011bd68ba261a54bb3fd62d911b.jpg,roboflow_skin_problem_clean3,Dry-Skin,,2b293a0532af703c769d8f048cf6e77143ae4b2e741d8acbc925e844cf21aec5,contains extra/non-target annotations: Dry-Skin
dataset/raw/roboflow_skin_problem_clean3/valid/Berminyak133_jpg.rf.38fdcec8a8ce99d47b8bf170c4dccf3e.jpg,roboflow_skin_problem_clean3,Dry-Skin,,4e211bc2fc8e6aece9d682384f64eec333d1b27d78d5df3d13acefe91ac1c826,contains extra/non-target annotations: Dry-Skin
dataset/raw/roboflow_skin_problem_clean3/valid/Image_123_jpg.rf.3a1b2aa2c45266b003ac237771a30ccf.jpg,roboflow_skin_problem_clean3,Oily-Skin,,f4c8fbe92c4211c256321fbb00a703ece86c07683338a7ebb2f90fc2de414b2b,contains extra/non-target annotations: Oily-Skin
dataset/raw/roboflow_skin_problem_clean3/valid/50_jpg.rf.390e85010d6af9e675c9c6719ae484a2.jpg,roboflow_skin_problem_clean3,Acne|Blackheads,,66c630609f104f00a751d5ccdd15c69ef44eb021660cab2c67bc17cd7c17e6c2,contains extra/non-target annotations: Blackheads
dataset/raw/roboflow_skin_problem_clean3/valid/18_jpg.rf.39349949b6fce059145587ac7443faf6.jpg,roboflow_skin_problem_clean3,Acne|Blackheads,,6a78373c7ae5551128ad7f7324314ce1793e7fc8fc481ebbeb9bc4389b96f25c,contains extra/non-target annotations: Blackheads
dataset/raw/roboflow_skin_problem_clean3/valid/Image_27_jpg.rf.3b0fe7f7e3a931575630013fcb2801f0.jpg,roboflow_skin_problem_clean3,Oily-Skin,,8b05084b1c4dbc7e828d6889d5d4a28e44fb667676671edb2023f4ace0066fb7,contains extra/non-target annotations: Oily-Skin
dataset/raw/roboflow_skin_problem_clean3/valid/kering__-98-_jpg.rf.3c3b4dc078264a5881e01c18e67bbfa5.jpg,roboflow_skin_problem_clean3,Dry-Skin,,c60ad5c83a507e87075ad54366bf82903a10e5c87375856c5c84975ebe3f13af,contains extra/non-target annotations: Dry-Skin
dataset/raw/roboflow_skin_problem_clean3/valid/3b9d484c12c66b804c84a030efea4cda_jpg.rf.3edafaf06e150dd34386a591f7548ae1.jpg,roboflow_skin_problem_clean3,Dry-Skin,,07e7b00c9cbce3f1dcceead9c793832348b30dd8d4d7b26ea9b6dc4b0460065d,contains extra/non-target annotations: Dry-Skin
dataset/raw/roboflow_skin_problem_clean3/valid/Kering-15-_JPG.rf.3f5310f8a57cfe9900f5e585722f748a.jpg,roboflow_skin_problem_clean3,Dry-Skin,,066ed6cc2f64be4f2184065ab1a9823137e51e0b655d2dd5f894c044835f2871,contains extra/non-target annotations: Dry-Skin
dataset/raw/roboflow_skin_problem_clean3/valid/kering-25-_jpg.rf.4833d47c4c22c1231c9a96e43fbebcc8.jpg,roboflow_skin_problem_clean3,Dry-Skin,,7043a9019e87ac05f01cb3e895e5684dd6f8745f333468f5597464bf8a8ff8b4,contains extra/non-target annotations: Dry-Skin
dataset/raw/roboflow_skin_problem_clean3/valid/dry29_jpg.rf.467211ffc6c10f29d83f4dfd8e76ee3b.jpg,roboflow_skin_problem_clean3,Dry-Skin,,574ccc2e150bfdfbf487829bb2b8d8408f2e1b5996d71393c3276c5dc92c4c52,contains extra/non-target annotations: Dry-Skin
dataset/raw/roboflow_skin_problem_clean3/valid/oily40_jpg.rf.47dc4ab17c5eca6bedcd97f80300b055.jpg,roboflow_skin_problem_clean3,Oily-Skin,,b4d8fff59cd59e2e76a0a8b3bd932f13488ad034154f3a6a198755c3f8a5c1f7,contains extra/non-target annotations: Oily-Skin
dataset/raw/roboflow_skin_problem_clean3/valid/oily38_jpg.rf.48bddfaba727938334f86476223b7e80.jpg,roboflow_skin_problem_clean3,Oily-Skin,,9cba721aef2366966f7d04951aa7a7f5044c38ab96b8017ce22907352dde8e3c,contains extra/non-target annotations: Oily-Skin
dataset/raw/roboflow_skin_problem_clean3/valid/kering_-41-_jpg.rf.4c732968d7980f6b1d569e834d7ae482.jpg,roboflow_skin_problem_clean3,Dry-Skin,,c78866033f4a9dadd0d67e84c658be63019517bf61e8cb09d14c81c687b0c457,contains extra/non-target annotations: Dry-Skin
dataset/raw/roboflow_skin_problem_clean3/valid/kering-5-_jpg.rf.4c16fc710ffe4bc89e4c292c5f31db1c.jpg,roboflow_skin_problem_clean3,Dry-Skin,,11455459f6399e125c6d0764397064b80aa57bd84dc4856acdebbf0ba3da2742,contains extra/non-target annotations: Dry-Skin
dataset/raw/roboflow_skin_problem_clean3/valid/Berminyak-22-_jpeg.rf.4f21933767f44dea403e5f1aed9067eb.jpg,roboflow_skin_problem_clean3,Oily-Skin,,cde770ea8914c80ea52433181d1a121c48e3b2eab7170b2fb42ce46f77994cfe,contains extra/non-target annotations: Oily-Skin
dataset/raw/roboflow_skin_problem_clean3/valid/kering-54-_jpg.rf.4c5b9f254d8e52a092dec65760d8d0fc.jpg,roboflow_skin_problem_clean3,Dry-Skin,,9a54c97d9338ebe9b56fe2904b39b646224bcaf3c8d9ded7ed4f0e472e39ecc2,contains extra/non-target annotations: Dry-Skin
dataset/raw/roboflow_skin_problem_clean3/valid/Image_76_jpg.rf.4f776a8d771f677da2895b261557a50c.jpg,roboflow_skin_problem_clean3,Oily-Skin,,20ad72d5116c19c045055b34743e51b0fd8eb3dbb7dfd33293d27fc545eb0357,contains extra/non-target annotations: Oily-Skin
dataset/raw/roboflow_skin_problem_clean3/valid/berminyak__-29-_jpg.rf.52674e813972acf3fc054978bb5fc56b.jpg,roboflow_skin_problem_clean3,Dry-Skin,,3b9e61ab0054829801beb9fa208fc82008d9e63f13c40cc8d3fca359f2357ee5,contains extra/non-target annotations: Dry-Skin
dataset/raw/roboflow_skin_problem_clean3/valid/30_jpg.rf.54e1480620b866e4eb557783d9a7071f.jpg,roboflow_skin_problem_clean3,Acne|Blackheads,,af3898f64ab505e9ddd036181e77486e29e25948afd0f4bb8cec0ba01e7a57c5,contains extra/non-target annotations: Blackheads
dataset/raw/roboflow_skin_problem_clean3/valid/oily39_jpg.rf.54dcea283ff2ddb27676098597118659.jpg,roboflow_skin_problem_clean3,Oily-Skin,,5dc39ccbb13b6dfabea48c30066a51e5dacf3b533f1401a0feda20a9bc8c2c9d,contains extra/non-target annotations: Oily-Skin
dataset/raw/roboflow_skin_problem_clean3/valid/dry-128-_jpg.rf.51b6790156b026d6203d7edbb61fc9ef.jpg,roboflow_skin_problem_clean3,Dry-Skin,,b5586425f0fbb13d3a48c1e6cd473944c22a1da4e022408849e768b65e9403e0,contains extra/non-target annotations: Dry-Skin
dataset/raw/roboflow_skin_problem_clean3/valid/Image_102_jpg.rf.58735179e18215bf250b6b4d45cca8e8.jpg,roboflow_skin_problem_clean3,Oily-Skin,,fb0bbaabba648e84570f82edae3f7145cc3b71ec7190b28f9ac5b06cfe578dcd,contains extra/non-target annotations: Oily-Skin
dataset/raw/roboflow_skin_problem_clean3/valid/All-about-rosacea-and-acne-rosacea-_-AES-Acne-Clinic_jpg.rf.58927bca5db27cf3e6eba60c86df8407.jpg,roboflow_skin_problem_clean3,Skin-Redness,,c8e346b970ca3cf46af378f2efcd9c0ceeb55ccbc60ec6d34483334aaa63b022,contains extra/non-target annotations: Skin-Redness
dataset/raw/roboflow_skin_problem_clean3/valid/kering__-100-_jpg.rf.5a2688c25c7055e9f9ebd349a0135189.jpg,roboflow_skin_problem_clean3,Dry-Skin,,dc7dfae5f3965a2752f108283d2dccb5050b113abd37b5c9c042af8b5d9581e4,contains extra/non-target annotations: Dry-Skin
dataset/raw/roboflow_skin_problem_clean3/valid/Image_58_jpg.rf.59509539c77bdd38a36b7ff46cb87c95.jpg,roboflow_skin_problem_clean3,Oily-Skin,,3b52db28931b4b701318ef5ec64a9573b5f5310b020cc1775f684770ddfad0bb,contains extra/non-target annotations: Oily-Skin
dataset/raw/roboflow_skin_problem_clean3/valid/kering__-18-_JPG.rf.5aa2bbd7cacc62497f9559318e161f9e.jpg,roboflow_skin_problem_clean3,Dry-Skin,,a7718dca969c41582b156a50e5b4fafa2add38f28cc98ffa2518b04074f8b370,contains extra/non-target annotations: Dry-Skin
dataset/raw/roboflow_skin_problem_clean3/valid/Image_18_jpg.rf.597ed265fa0eefd0cd49415eabeaa27d.jpg,roboflow_skin_problem_clean3,Oily-Skin,,da5ae8b2ddc8b5a9f4c0a402c25a354bf8488fc0b02c6153af92574d9a1f102f,contains extra/non-target annotations: Oily-Skin
dataset/raw/roboflow_skin_problem_clean3/valid/dry8_jpg.rf.5b1bf1f71f58cace7fe65dec560ceea2.jpg,roboflow_skin_problem_clean3,Dry-Skin,,b678adc4da1df1861e3e453a41b9845f88ec8c523b4ed42478924639130c0813,contains extra/non-target annotations: Dry-Skin
dataset/raw/roboflow_skin_problem_clean3/valid/kering_-53-_jpg.rf.5bc75cb5d85b2f4d0ebf02b5043d7181.jpg,roboflow_skin_problem_clean3,Dry-Skin,,657e1855ee54de15501340900bec63754e3bf833e874951d33436db038e8079f,contains extra/non-target annotations: Dry-Skin
dataset/raw/roboflow_skin_problem_clean3/valid/Image_28_jpg.rf.5bd60e674edf12e03815b8de2f8cd426.jpg,roboflow_skin_problem_clean3,Eyebags,,a5b0d8b165c0b2a4c1ec24a7f5f7ccb4d1bacc074f533a88485f23d7acd9bb08,contains extra/non-target annotations: Eyebags
dataset/raw/roboflow_skin_problem_clean3/valid/Image_46_jpg.rf.5d1cc74ac72fa04b600b203044c4d7da.jpg,roboflow_skin_problem_clean3,Dry-Skin,,a6955326d5ff1b8f429c25ffefbe88778927aca0a7d86359f9cfa00c74ef19ae,contains extra/non-target annotations: Dry-Skin
dataset/raw/roboflow_skin_problem_clean3/valid/76_jpg.rf.5ec8e8609ff6acfd3bfa04a6120ddb0d.jpg,roboflow_skin_problem_clean3,Acne|Blackheads|Englarged-Pores|Eyebags|Wrinkles,,b2cd5e9c180971e873857eb583cfc626732933b873de7858dc1d99afd6ada412,"contains extra/non-target annotations: Blackheads, Eyebags"
dataset/raw/roboflow_skin_problem_clean3/valid/Kering-21-_jpg.rf.5d81422149250f7fb56de5e8a17f5adf.jpg,roboflow_skin_problem_clean3,Dry-Skin,,0d74eb7ff8db3fff22c74611300e126e40568fc0cd78cb998af6758f70c59c17,contains extra/non-target annotations: Dry-Skin
dataset/raw/roboflow_skin_problem_clean3/valid/kering-7-_jpg.rf.5f26d7299f0297530883f77e20b9dc56.jpg,roboflow_skin_problem_clean3,Dry-Skin,,1187232d7087946ddea9cce852a5963c46e2f0ca788c1770a0cf3bcf844950f7,contains extra/non-target annotations: Dry-Skin
dataset/raw/roboflow_skin_problem_clean3/valid/kering-48-_jpg.rf.6101fb8002db58ad664e5fd2c13a207a.jpg,roboflow_skin_problem_clean3,Dry-Skin,,5cb61323399454f62c512dd560ada19b9204a9f5f4afd5414d5cdf6b9e6ea197,contains extra/non-target annotations: Dry-Skin
dataset/raw/roboflow_skin_problem_clean3/valid/kering__-89-_jpg.rf.5f6b6b56f98a3426f99c2190563dabb1.jpg,roboflow_skin_problem_clean3,Dry-Skin,,715a11dbba44d91bfb70a028ff8f36d82a01b7ea15a08f7a35f03b4fa2573cc3,contains extra/non-target annotations: Dry-Skin
dataset/raw/roboflow_skin_problem_clean3/valid/levle0_125_png.rf.6217fb337ee5b40ecf9a38181d171ab0.jpg,roboflow_skin_problem_clean3,Blackheads,,361b6169f4edba0816d20a5da4fea88647240bc12ac3d0871ef30820646f0147,contains extra/non-target annotations: Blackheads
dataset/raw/roboflow_skin_problem_clean3/valid/Image_107_jpg.rf.61715e90d0262cbb5b5d3d277bd6bce7.jpg,roboflow_skin_problem_clean3,Eyebags,,1a5ba2c41efce1f3248694c33c085a3757816f420bed9374aba9329099b05bde,contains extra/non-target annotations: Eyebags
dataset/raw/roboflow_skin_problem_clean3/valid/acne-690-_jpg.rf.623eee5c084a61249919c0b68378e77b.jpg,roboflow_skin_problem_clean3,Dry-Skin,,3c8dbd5af4ce33c5083901ccedfeb9c3255faa6f70f295f757cee96f56b11b1b,contains extra/non-target annotations: Dry-Skin
dataset/raw/roboflow_skin_problem_clean3/valid/kering__-96-_jpg.rf.63ac62dc92fab5d9d690703e1df66f62.jpg,roboflow_skin_problem_clean3,Dry-Skin,,905a2f79c5ca75bfd831bf76d92ddf0e0111df67c6a3697bc34e74ca052fefd3,contains extra/non-target annotations: Dry-Skin
dataset/raw/roboflow_skin_problem_clean3/valid/kering_-100-_jpg.rf.66a68393a48af3849bcc774598a831a0.jpg,roboflow_skin_problem_clean3,Dry-Skin,,0b4b627c204d6650051a66a2d09adf4ea9b42994b85a303037715f23a44e40f4,contains extra/non-target annotations: Dry-Skin
dataset/raw/roboflow_skin_problem_clean3/valid/Kering-30-_jpeg.rf.67d39af4baaaa10c0074d5ad85b513d7.jpg,roboflow_skin_problem_clean3,Dry-Skin,,c267741f02e8ca8989a2dd20eb6e39ce762408d088bb790be3a9cd6f207db468,contains extra/non-target annotations: Dry-Skin
dataset/raw/roboflow_skin_problem_clean3/valid/kering__-67-_jpg.rf.687a0f1bc496ee49ebfb1a5a5167ec1b.jpg,roboflow_skin_problem_clean3,Dry-Skin,,ea6a5f9caa582138a1dc1c33dea6705cb8a93f99fb2067b3a93418f56fdc81d2,contains extra/non-target annotations: Dry-Skin
dataset/raw/roboflow_skin_problem_clean3/valid/kering_-52-_jpg.rf.6980c4914a762f42f8f1d75cc210d3d3.jpg,roboflow_skin_problem_clean3,Dry-Skin,,9b3e980459e6920faa9dab88f9f6de344cae72a2efb677241d3fa125f70f719b,contains extra/non-target annotations: Dry-Skin
dataset/raw/roboflow_skin_problem_clean3/valid/20_jpg.rf.69e89e1ab11b1a1d0576436be9e4cab9.jpg,roboflow_skin_problem_clean3,Acne|Dry-Skin|Englarged-Pores|Eyebags,,0b25d4069a62c8b03a884881046bb34263cdd2495fa070e869c2ecc361337a68,"contains extra/non-target annotations: Dry-Skin, Eyebags"
dataset/raw/roboflow_skin_problem_clean3/valid/Normal300_jpg.rf.6b46bec49550f46d2f0786ba8d53c449.jpg,roboflow_skin_problem_clean3,Oily-Skin,,b09c7628522675e4292c4e40b2df0cc8bc8468101c1533c7f08c657d6b6a4a2d,contains extra/non-target annotations: Oily-Skin
dataset/raw/roboflow_skin_problem_clean3/valid/roseca1_jpg.rf.6fa3bdc3753add710de7194edd02a083.jpg,roboflow_skin_problem_clean3,Skin-Redness,,8ec44f4e19f4838bfd6edf99e43dc65ca6ae7131b2e02c81f9d4b4eaf58e406d,contains extra/non-target annotations: Skin-Redness
dataset/raw/roboflow_skin_problem_clean3/valid/acne-729-_jpg.rf.6f4ca1b9b5c7e33c03c113c5bc6f84c1.jpg,roboflow_skin_problem_clean3,Dry-Skin,,56db8f20e659a5a21c73175621019021758c137bb83d7aab36221aaf54d86fc9,contains extra/non-target annotations: Dry-Skin
dataset/raw/roboflow_skin_problem_clean3/valid/Kering-18-_JPG.rf.7040ef6f478fb8fe0d79e019643ff63e.jpg,roboflow_skin_problem_clean3,Dry-Skin,,86da23950e558271cc2ddb61befbd6548d5e316af9c6539db7ede6498f5541d8,contains extra/non-target annotations: Dry-Skin
dataset/raw/roboflow_skin_problem_clean3/valid/Kering-38-_jpg.rf.720d676c16a14f8bd6392d92a9a3545d.jpg,roboflow_skin_problem_clean3,Dry-Skin,,c31407a9c33b14af9a90f60df34c8e5aa541d2eb0f3613899589132bb56214e8,contains extra/non-target annotations: Dry-Skin
dataset/raw/roboflow_skin_problem_clean3/valid/Image_10_jpg.rf.73a91e7264176ea844f8999ba7387c15.jpg,roboflow_skin_problem_clean3,Oily-Skin,,257cbd596089b794616cbb3592a1ba216cd6face84ad7fe0ad9ede5b307f7aff,contains extra/non-target annotations: Oily-Skin
dataset/raw/roboflow_skin_problem_clean3/valid/Kering-2-_JPG.rf.718d2cce7a33e0db9fe1d213f464c427.jpg,roboflow_skin_problem_clean3,Dry-Skin,,41bf0ce3dc7da6481544d590f781ee6e927939fbdc260c398035502caf90dabd,contains extra/non-target annotations: Dry-Skin
dataset/raw/roboflow_skin_problem_clean3/valid/kering-35-_jpg.rf.7400851c80535b8923a0326616d8fba9.jpg,roboflow_skin_problem_clean3,Dry-Skin,,6c718bb72a936a5e546c00e8efd43bdd655b9714b0f89a1f8c206fd62038858b,contains extra/non-target annotations: Dry-Skin
dataset/raw/roboflow_skin_problem_clean3/valid/levle1_309_png.rf.7055f7950569cdeb8b08c20cab61a1e8.jpg,roboflow_skin_problem_clean3,Blackheads,,48b509d5b7ccfc7836f336c63c270fa8c8c63bf58d926115b013e810d1d967ee,contains extra/non-target annotations: Blackheads
dataset/raw/roboflow_skin_problem_clean3/valid/kering__-39-_jpg.rf.7711015c275727306c2855690f8c2afd.jpg,roboflow_skin_problem_clean3,Dry-Skin,,2693d3100798b1a851b987f23d1389e8e3ee3a9af29761dbf679f03b049a8afd,contains extra/non-target annotations: Dry-Skin
dataset/raw/roboflow_skin_problem_clean3/valid/oily16_jpg.rf.7544d2ee62c02022904be4c61c3b5482.jpg,roboflow_skin_problem_clean3,Oily-Skin,,b1751711670f1cef302f21fe4a19af01d2f6a4b876b1eaf80e9f9cd12916c13f,contains extra/non-target annotations: Oily-Skin
dataset/raw/roboflow_skin_problem_clean3/valid/oily14_jpg.rf.77d67c3443b602f7b2bfb5d408dbcce3.jpg,roboflow_skin_problem_clean3,Oily-Skin,,30b193a64fcaa878a42f5a73aaab0159c9319c5c984cd9c66a9a358b750a4790,contains extra/non-target annotations: Oily-Skin
dataset/raw/roboflow_skin_problem_clean3/valid/Normal108_jpg.rf.78f7a5fecca3b4879f39e26b43814590.jpg,roboflow_skin_problem_clean3,Dry-Skin,,19dcfdafe0a44c85609f69aea104a3580c4faa6871bc2c8ee37e86ad746a4721,contains extra/non-target annotations: Dry-Skin
dataset/raw/roboflow_skin_problem_clean3/valid/Berminyak6_jpg.rf.7912580f2540085af7ece2048c70fd1e.jpg,roboflow_skin_problem_clean3,Oily-Skin,,84875246e408c4995f4333c9044cbde9f7fc31fc3f898d7a86a1f55788417c8c,contains extra/non-target annotations: Oily-Skin
dataset/raw/roboflow_skin_problem_clean3/valid/Image_23_jpg.rf.7915c722abab0dcc0f442d31c0e78241.jpg,roboflow_skin_problem_clean3,Dry-Skin,,fa7effda282ffd251c62e2577d2b03589cdc3fb530d0ff05a43655588db1067b,contains extra/non-target annotations: Dry-Skin
dataset/raw/roboflow_skin_problem_clean3/valid/66_jpg.rf.7affad1105fba7d32a10c9dacbb38ee5.jpg,roboflow_skin_problem_clean3,Acne|Wrinkles,,c2968f96fe93ab0c7ec9b409bd9a43573c4d6236616bedaa9995e25796700b18,"contains multiple target classes: acne, wrinkle"
dataset/raw/roboflow_skin_problem_clean3/valid/kering_-139-_jpg.rf.7d4e96d71abca0925c7997946c2ae689.jpg,roboflow_skin_problem_clean3,Dry-Skin,,5539e5a6aa9fd680e3efb08913d149a2a646b6c98b82fc61ceb5a736f838e7be,contains extra/non-target annotations: Dry-Skin
dataset/raw/roboflow_skin_problem_clean3/valid/kering_-9-_jpg.rf.7eb37d78e35521e97b6fbbe5a9e87b0c.jpg,roboflow_skin_problem_clean3,Dry-Skin,,033cd95a810a5ab3887a5afbc3bc4b97b65d63a3b9bdb221f548e3d94b8b4bd3,contains extra/non-target annotations: Dry-Skin
dataset/raw/roboflow_skin_problem_clean3/valid/kering__-56-_jpg.rf.80d055c90e4646ade46feefd8d172c1a.jpg,roboflow_skin_problem_clean3,Dry-Skin,,11b096b82a4acd3c7b0939b4ee65def55b325354682a0f2025f1cf55cac098ad,contains extra/non-target annotations: Dry-Skin
dataset/raw/roboflow_skin_problem_clean3/valid/kering__-83-_jpg.rf.7daa66f70f513104ac713631da0f72cd.jpg,roboflow_skin_problem_clean3,Dry-Skin,,a6e831bc43f7a6d33fb7d40263ca75757a541c4e8134578790ea7aa8241e4ebd,contains extra/non-target annotations: Dry-Skin
dataset/raw/roboflow_skin_problem_clean3/valid/levle1_428_png.rf.811fe859fd46b6624ac447596e78f584.jpg,roboflow_skin_problem_clean3,Acne|Blackheads|Whiteheads,,f070f8c1cdd2fbcb88ffec152f3e7ca391f926221c33bf74211bb3d3276efe94,"contains extra/non-target annotations: Blackheads, Whiteheads"
dataset/raw/roboflow_skin_problem_clean3/valid/kering-23-_jpg.rf.7f45993d5809d7edbacee34e62d770ed.jpg,roboflow_skin_problem_clean3,Dry-Skin,,62016ebf21423dfd65c0b8705a64502df8b33159fe09a304a3f153cbae013950,contains extra/non-target annotations: Dry-Skin
dataset/raw/roboflow_skin_problem_clean3/valid/86_jpg.rf.847c0579531ce31ff808e1a769f43dfd.jpg,roboflow_skin_problem_clean3,Acne|Wrinkles,,2b2f6fa47e33e30b76e3c861d018e406505668f188882ca33de70dddc43c9f02,"contains multiple target classes: acne, wrinkle"
dataset/raw/roboflow_skin_problem_clean3/valid/Image_32_jpg.rf.818f7448b17a28932db4a1d1a3333fc9.jpg,roboflow_skin_problem_clean3,Dry-Skin,,d677237ec7c83801f0eece8f5ba7c1eda411186ade038dc9af139c26f6557708,contains extra/non-target annotations: Dry-Skin
dataset/raw/roboflow_skin_problem_clean3/valid/kering__-46-_jpg.rf.84bbef5e9890c39186caa2501e6e1b75.jpg,roboflow_skin_problem_clean3,Dry-Skin,,8e0e110bd29e2abcacdfdf3cf1f46745f5899d7bed9f641a627ad72f4c57eebc,contains extra/non-target annotations: Dry-Skin
dataset/raw/roboflow_skin_problem_clean3/valid/levle0_187_png.rf.85738dc57c4b70d7ec8a9a719a2eaf93.jpg,roboflow_skin_problem_clean3,Blackheads|Whiteheads,,43b07c43f92f50eebd5ea40f44e2812e9b0d7c5c0ed871f3a55c4d48a4cee511,"contains extra/non-target annotations: Blackheads, Whiteheads"
dataset/raw/roboflow_skin_problem_clean3/valid/Berminyak-12-_jpeg.rf.85e2e509763694f78f80a760e6010c30.jpg,roboflow_skin_problem_clean3,Oily-Skin,,8e9bff9c9aba8a828079e0b2988611839fdc56a7259cdac82ac68f47c9b559a0,contains extra/non-target annotations: Oily-Skin
dataset/raw/roboflow_skin_problem_clean3/valid/acne-prone-skin_119_jpeg.rf.8895e30d5e7b5a9ca36177cb562b147c.jpg,roboflow_skin_problem_clean3,Oily-Skin,,ae967f48f6fb17dfd467b466a0918c23c7c848523f0e5eed69f6635412d69ed6,contains extra/non-target annotations: Oily-Skin
dataset/raw/roboflow_skin_problem_clean3/valid/dry24_jpg.rf.88c6033e3f0b7524999375205fe7372d.jpg,roboflow_skin_problem_clean3,Dry-Skin,,251ab9884c75cfac9bf530c1f8b24c2750ae801b892d0fe3d337b18507200057,contains extra/non-target annotations: Dry-Skin
dataset/raw/roboflow_skin_problem_clean3/valid/114_jpg.rf.8abf04d31cfe689a3faddc7abc76b62f.jpg,roboflow_skin_problem_clean3,Acne|Wrinkles,,8336732ea1b69bb5313f0fb272c62909171dd43b550f1feb969d34a7316d9e57,"contains multiple target classes: acne, wrinkle"
dataset/raw/roboflow_skin_problem_clean3/valid/kering-48-_jpg.rf.8c290c4cd23be554fdd8e76f3c9d9374.jpg,roboflow_skin_problem_clean3,Dry-Skin,,4aa50155c081e8d393912468cb245b6defa11be267972676b101d1dc79098e80,contains extra/non-target annotations: Dry-Skin
dataset/raw/roboflow_skin_problem_clean3/valid/3_jpg.rf.8a0ed3dc7d06e5828ca9c0ffd6b29266.jpg,roboflow_skin_problem_clean3,Acne|Englarged-Pores,,fe6060f2b0017a66cfa40b2c5a63d3cc635b751db11f0665f366da8014d2563b,"contains multiple target classes: acne, large_pore"
dataset/raw/roboflow_skin_problem_clean3/valid/kering_-36-_jpg.rf.8ca7a18ac2468b973e7401399b2ff32a.jpg,roboflow_skin_problem_clean3,Dry-Skin,,8b384095b94b80ac53aa93a4f4de30d9e4bfa888a3b1308bac13355f347a9e52,contains extra/non-target annotations: Dry-Skin
dataset/raw/roboflow_skin_problem_clean3/valid/Kering-39-_jpg.rf.90fcfe4dab58234d503a1204e76fe2a1.jpg,roboflow_skin_problem_clean3,Dry-Skin,,36f43f677fca3705c422a34d511d3914cb12245ac6e473f6f4488df13d0571b5,contains extra/non-target annotations: Dry-Skin
dataset/raw/roboflow_skin_problem_clean3/valid/107_jpg.rf.90f85b195f1cb8faebc1d3b184bf2895.jpg,roboflow_skin_problem_clean3,Acne|Blackheads,,666836efb6989c3464ad242e079103b6bf4b2126c22979e0c988ae8b47398f2b,contains extra/non-target annotations: Blackheads
dataset/raw/roboflow_skin_problem_clean3/valid/dry2_jpg.rf.91d263b40c92c6b9cf33b8f5db66d6be.jpg,roboflow_skin_problem_clean3,Dry-Skin,,8c25da0258647511d5e1d802363a0b8b360aa73a5030a902b45688b4949cff22,contains extra/non-target annotations: Dry-Skin
dataset/raw/roboflow_skin_problem_clean3/valid/kering_-140-_jpg.rf.9371bf3b0b2f9d57948aea70781f1a11.jpg,roboflow_skin_problem_clean3,Dry-Skin,,ec9ed8705403d5484e77f066bc079434c782c2a1e93642e19ebc2d52ab5ade65,contains extra/non-target annotations: Dry-Skin
dataset/raw/roboflow_skin_problem_clean3/valid/oily-114-_jpg.rf.9243a341c6fc27ca70c89bcc8e54613f.jpg,roboflow_skin_problem_clean3,Acne|Oily-Skin,,b1bfd6607767c68b7800fa28ca50f0e3a2a6e8a0e2469673a44895bc322d9c67,contains extra/non-target annotations: Oily-Skin
dataset/raw/roboflow_skin_problem_clean3/valid/51_jpg.rf.91f10c8d4a5721ff523c83b671613349.jpg,roboflow_skin_problem_clean3,Blackheads,,97e9599ec997a039d05c73cb3693ace7b8a34dfebb6a3156c16a48226ad8c351,contains extra/non-target annotations: Blackheads
dataset/raw/roboflow_skin_problem_clean3/valid/oily-64-_jpg.rf.937ab718d8d164d73a210671f2ef3215.jpg,roboflow_skin_problem_clean3,Oily-Skin,,b1a68a762961d9f476b4cd8f0a08ee58d57406ed8f6fb384edf50e753b6eb370,contains extra/non-target annotations: Oily-Skin
dataset/raw/roboflow_skin_problem_clean3/valid/168_jpg.rf.9626a919336853c38f16e4e468c0b845.jpg,roboflow_skin_problem_clean3,Acne|Englarged-Pores|Eyebags,,41e28c6d4a9f2315224e3d16684b76e30d79fbbf9c3a6730af2ba4fa87d9f074,contains extra/non-target annotations: Eyebags
dataset/raw/roboflow_skin_problem_clean3/valid/99_jpg.rf.9538623313e7d38011aa3efc6a2c517c.jpg,roboflow_skin_problem_clean3,Acne|Englarged-Pores,,055720faab9d02787f79ff7d536b05cfe915559cb89a9af41898a6716de02394,"contains multiple target classes: acne, large_pore"
dataset/raw/roboflow_skin_problem_clean3/valid/levle0_527_jpg.rf.9653cb86579bb32d7e798515ecebe871.jpg,roboflow_skin_problem_clean3,Acne|Blackheads|Whiteheads,,c8d895765541a5b92c80b683aec7351a11fc484ed76577844728c28acdc9bfb8,"contains extra/non-target annotations: Blackheads, Whiteheads"
dataset/raw/roboflow_skin_problem_clean3/valid/oily-136-_jpg.rf.971c49dde812e1ccfa4d2945eb3b40ca.jpg,roboflow_skin_problem_clean3,Acne|Oily-Skin,,b41df745d0c6c58bddcf7cfbc7f6e9437dc8624462cdff2fe38e9512ffc03ef9,contains extra/non-target annotations: Oily-Skin
dataset/raw/roboflow_skin_problem_clean3/valid/oily-133-_jpg.rf.96ec09a2d522890ee959d3c2d8f9bb39.jpg,roboflow_skin_problem_clean3,Acne|Oily-Skin,,f12b02a6b8eb9bcf7490cf04da92d0981051045766baab9418727f9953b233e1,contains extra/non-target annotations: Oily-Skin
dataset/raw/roboflow_skin_problem_clean3/valid/108_jpg.rf.9682050110d772ee814101303607c83d.jpg,roboflow_skin_problem_clean3,Acne|Blackheads,,06ef80bbb542944ebbde1a3d8428055911311f112a7ba657f501c74b7f4e71bd,contains extra/non-target annotations: Blackheads
dataset/raw/roboflow_skin_problem_clean3/valid/23_jpg.rf.9dc8fa26f08510720ecbb3e68bb750f4.jpg,roboflow_skin_problem_clean3,Acne|Blackheads,,06ad106a60291c8ce210f7afadd61faa1c7c11374c7e38f04288c2a88122492f,contains extra/non-target annotations: Blackheads
dataset/raw/roboflow_skin_problem_clean3/valid/Image_30_jpg.rf.9b52d35f012a45987d5153ec22f6aac5.jpg,roboflow_skin_problem_clean3,Eyebags,,00b762a01846c4a9296e83ed9717fe1f4d151f3a952f65dee1f7f4029a4ff843,contains extra/non-target annotations: Eyebags
dataset/raw/roboflow_skin_problem_clean3/valid/kering__-30-_jpg.rf.9edfc68c68f3e85352f4eebbcb10e2e0.jpg,roboflow_skin_problem_clean3,Dry-Skin,,229414cb7c035edd3c310ba0759d7b8b1e01cc6acb79bf3a9f00b5176492219a,contains extra/non-target annotations: Dry-Skin
dataset/raw/roboflow_skin_problem_clean3/valid/kering_-78-_jpg.rf.9e854c57b718ade41e6939370d6692f1.jpg,roboflow_skin_problem_clean3,Dry-Skin,,5b5d9ad3234f4f75bb66d05e32e5e239c909085763b0f0d3d706fc2cecbc1342,contains extra/non-target annotations: Dry-Skin
dataset/raw/roboflow_skin_problem_clean3/valid/67_jpg.rf.a2397d9290277391efb0731f2afde550.jpg,roboflow_skin_problem_clean3,Acne|Blackheads|Wrinkles,,132d8f163a436d54f62e03ba327a3aef36fff13240dc5985dbba547a30b845f3,contains extra/non-target annotations: Blackheads
dataset/raw/roboflow_skin_problem_clean3/valid/Image_49_jpg.rf.a2fc01d840cb07bbd82d09a41c3f1371.jpg,roboflow_skin_problem_clean3,Oily-Skin,,73631efcf9e8436ffc7ed4e63e00a2bb647c76f3aa95b53b4bd202e82703d122,contains extra/non-target annotations: Oily-Skin
dataset/raw/roboflow_skin_problem_clean3/valid/berminyak__-1-_jpg.rf.a58e50253ebb4a662aafbd7481a1dd97.jpg,roboflow_skin_problem_clean3,Dry-Skin,,8395e283a05d4be635d24930729313320a81081b826fd9c2da98366c386d36bb,contains extra/non-target annotations: Dry-Skin
dataset/raw/roboflow_skin_problem_clean3/valid/kering-11-_jpeg.rf.a59fb80751532585c4bdf0f75ef7f538.jpg,roboflow_skin_problem_clean3,Dry-Skin,,e4dd3ebf032e55a2da7014fed0df2c2c8f8a9cce7d42977b1b8e6421ea006020,contains extra/non-target annotations: Dry-Skin
dataset/raw/roboflow_skin_problem_clean3/valid/kering_-33-_jpg.rf.a825370a1f871a7bdde1d151d77ace19.jpg,roboflow_skin_problem_clean3,Dry-Skin,,fbebf243aec401f93f66965ea9d2b6faf1ee8474251f349f0bdbc237f7314d10,contains extra/non-target annotations: Dry-Skin
dataset/raw/roboflow_skin_problem_clean3/valid/oily19_jpg.rf.a407a49a2db5f501509f13f0773b88f4.jpg,roboflow_skin_problem_clean3,Oily-Skin,,5fe3f7664c569898ad8e4fb49effaa7efb0913e067489e17b278c363a304cae5,contains extra/non-target annotations: Oily-Skin
dataset/raw/roboflow_skin_problem_clean3/valid/5_jpg.rf.a92ba4b18779dbacced9375de59100ed.jpg,roboflow_skin_problem_clean3,Acne|Blackheads,,b15cc33fcc258c101f1773fd2760dc93c45bfe78840a245649cf3521883d3957,contains extra/non-target annotations: Blackheads
dataset/raw/roboflow_skin_problem_clean3/valid/Kering-21-_jpeg.rf.ab640825b5c4e8d4e0151a9606f261cd.jpg,roboflow_skin_problem_clean3,Dry-Skin,,e2fc7bbb681fa4fe9cb25750b1130c4b6fbf4c9d861de94a31da071294fb3044,contains extra/non-target annotations: Dry-Skin
dataset/raw/roboflow_skin_problem_clean3/valid/Image_111_jpg.rf.ab44cbe792ba03b18a00e242413b1d67.jpg,roboflow_skin_problem_clean3,Oily-Skin,,1b399d9d4b88a89b6235ada397ad254d1df0113a5b291839382bd1e8714888a0,contains extra/non-target annotations: Oily-Skin
dataset/raw/roboflow_skin_problem_clean3/valid/dry17_jpg.rf.ab1771f887e5fe626de2ac92ce78bd55.jpg,roboflow_skin_problem_clean3,Dry-Skin,,78cfb5d4b7325467b368b653c2225103533054c173d178aaa61fb7479517aa9e,contains extra/non-target annotations: Dry-Skin
dataset/raw/roboflow_skin_problem_clean3/valid/Image_42_jpeg.rf.aeedcc879f30068fe346a8504441b90b.jpg,roboflow_skin_problem_clean3,Eyebags,,08edf69d62b223ad3d25306d4e3e991b45d9b54a46c27e02bd157163d054efc4,contains extra/non-target annotations: Eyebags
dataset/raw/roboflow_skin_problem_clean3/valid/133_jpg.rf.ac459e1042a90b2c4e81d5d4f043c7ab.jpg,roboflow_skin_problem_clean3,Acne|Englarged-Pores|Wrinkles,,e62e9e962070151914d45cfe3510629e9192284361d7f8daff72f74e080e16b8,"contains multiple target classes: acne, large_pore, wrinkle"
dataset/raw/roboflow_skin_problem_clean3/valid/kering_-148-_jpg.rf.ad4c4a46774906e1277f31946c7e48bb.jpg,roboflow_skin_problem_clean3,Dry-Skin,,3b717c27ee0f572a63cdcdc8d0e2ed3526831e12ae447b1aa31551231b26e9ad,contains extra/non-target annotations: Dry-Skin
dataset/raw/roboflow_skin_problem_clean3/valid/Image_37_jpg.rf.b10fbf9d44f7448fbd16ceb56b9590a0.jpg,roboflow_skin_problem_clean3,Eyebags,,8a173f55f9629d1c9d40affb17b846ff630229897697ea3e725c520c32a260c3,contains extra/non-target annotations: Eyebags
dataset/raw/roboflow_skin_problem_clean3/valid/dry-235-_jpg.rf.b064b59f4ec0e80ecaa818bda8497870.jpg,roboflow_skin_problem_clean3,Dry-Skin,,83c7648d9a6414d677411450cab9728831690284522be8948cd4570068aba8e3,contains extra/non-target annotations: Dry-Skin
dataset/raw/roboflow_skin_problem_clean3/valid/kering_-82-_jpg.rf.b0f5b97c5e7a3f0fc72b3f72de47e89f.jpg,roboflow_skin_problem_clean3,Dry-Skin,,b366d77833ae5d06abc788e486d6221d7f7a015f2cbb693784e73effb0eb2029,contains extra/non-target annotations: Dry-Skin
dataset/raw/roboflow_skin_problem_clean3/valid/Berminyak-31-_JPG.rf.b4e0cf1d52a149b08ce7938ce099ef6d.jpg,roboflow_skin_problem_clean3,Oily-Skin,,c708e433e8eecd8555f669f31d6674a6fb0b3443634b0adb5c23e79ae0d25f37,contains extra/non-target annotations: Oily-Skin
dataset/raw/roboflow_skin_problem_clean3/valid/kering_-81-_jpg.rf.b558f7572ded3ea316a145c14dffb47b.jpg,roboflow_skin_problem_clean3,Dry-Skin,,bbdff31514c977e971a978b5affc447e8c756415285778704ad8fd58f2c8a968,contains extra/non-target annotations: Dry-Skin
dataset/raw/roboflow_skin_problem_clean3/valid/kering__-99-_jpg.rf.b5d08b9c905836d6915b4e3c8585e30d.jpg,roboflow_skin_problem_clean3,Dry-Skin,,ff4921f7b531234546f2adf7085959a68da2cc98437c813dda11f0c82cbca38f,contains extra/non-target annotations: Dry-Skin
dataset/raw/roboflow_skin_problem_clean3/valid/kering-38-_jpg.rf.b3c03d60049beefc3a557cf8849cef6f.jpg,roboflow_skin_problem_clean3,Dry-Skin,,89e5b1c663c165422c01fc93c1f377f3ff03e51b03835289f68b7b21f374ec81,contains extra/non-target annotations: Dry-Skin
dataset/raw/roboflow_skin_problem_clean3/valid/kering__-37-_jpg.rf.b62004716ab3f33741da25ee4a76f32b.jpg,roboflow_skin_problem_clean3,Dry-Skin,,74f6378c93452c9ce002c4729342823d5e1d84d3cf460a9f918ca1a81ec8c2b0,contains extra/non-target annotations: Dry-Skin
dataset/raw/roboflow_skin_problem_clean3/valid/Image_149_jpg.rf.b602dda366ff408ae58a0df5e15a50ce.jpg,roboflow_skin_problem_clean3,Eyebags,,b21e88df2dfdc79ab6b3d01e27780f604d236aaedbe6993ac1499dad2470cb94,contains extra/non-target annotations: Eyebags
dataset/raw/roboflow_skin_problem_clean3/valid/69_jpg.rf.b6a32f60a113094f38095a1a2c4f9aa8.jpg,roboflow_skin_problem_clean3,Acne|Blackheads,,300c7b7a69df01e8b21da1e4a43e5dbe7c07b56d94e4f2d89bdbc30f6a99e3e3,contains extra/non-target annotations: Blackheads
dataset/raw/roboflow_skin_problem_clean3/valid/levle2_98_png.rf.b6b728a3484752a8d34772416c3c3a54.jpg,roboflow_skin_problem_clean3,Acne|Blackheads,,8f94c7c15bdff93d98e61473a14d49e1fdafcfa1cbca7835fd1457cb1af2f6a6,contains extra/non-target annotations: Blackheads
dataset/raw/roboflow_skin_problem_clean3/valid/Berminyak-13-_jpeg.rf.b8ea9dff38a22539cd80d5bf382071fb.jpg,roboflow_skin_problem_clean3,Oily-Skin,,1f57bf9bfa6161a0fa030f4b8f60a7e71983be98fea66c243393918eebd2ef61,contains extra/non-target annotations: Oily-Skin
dataset/raw/roboflow_skin_problem_clean3/valid/16_jpg.rf.b733e43c25047cf43ad4b648efb41410.jpg,roboflow_skin_problem_clean3,Acne|Blackheads|Eyebags,,db387bb785423c56fd4d119b2a1d9a33cf3dbac8653b804e854c5693a7d58f70,"contains extra/non-target annotations: Blackheads, Eyebags"
dataset/raw/roboflow_skin_problem_clean3/valid/oily-229-_jpg.rf.b867a46e19d90cc1d29a0ce09d041d3b.jpg,roboflow_skin_problem_clean3,Acne|Oily-Skin,,1c5a79330001a62e154c8c8e5236cf059723b0fc6ffa689015b848540611c3b2,contains extra/non-target annotations: Oily-Skin
dataset/raw/roboflow_skin_problem_clean3/valid/Image_26_png.rf.b9378b5225d62a6afe4096a7af6ada30.jpg,roboflow_skin_problem_clean3,Oily-Skin,,bc445b19015e22727c9987c03a152d013233e4b27c3b5df3bfcd544dd4746b85,contains extra/non-target annotations: Oily-Skin
dataset/raw/roboflow_skin_problem_clean3/valid/oily60_jpg.rf.ba7c07c3c493a0bbe64f1f6c7c8e022d.jpg,roboflow_skin_problem_clean3,Oily-Skin,,0785e05364cc8e1c08c774505a805db0fbad105af1cdb60dfa2915a799058982,contains extra/non-target annotations: Oily-Skin
dataset/raw/roboflow_skin_problem_clean3/valid/Image_64_jpg.rf.bfd428277257c027e704c6c3aac033b1.jpg,roboflow_skin_problem_clean3,Eyebags,,a54e2597476886b4ea01ff74d954d54d42c532d4c62be7ecd0b2ad05dfdcab3b,contains extra/non-target annotations: Eyebags
dataset/raw/roboflow_skin_problem_clean3/valid/kering__-53-_jpg.rf.bd5e0cfd8902036031e64abd858c694e.jpg,roboflow_skin_problem_clean3,Dry-Skin,,2004e431f3a6075198664d080b414c1a8c70091655e08fcfd49f25e997e9fca8,contains extra/non-target annotations: Dry-Skin
dataset/raw/roboflow_skin_problem_clean3/valid/dry-107-_jpg.rf.b97a1f1d2d2e7feee6db30a6a1ddbfc9.jpg,roboflow_skin_problem_clean3,Dry-Skin,,ba18b19269f3a540f94ef79e6c7aff01e8bd7cd4e321ef7eb0e706c8c199ec6c,contains extra/non-target annotations: Dry-Skin
dataset/raw/roboflow_skin_problem_clean3/valid/oily41_jpg.rf.c1beb09386fd5234f122a1dacc9cb03a.jpg,roboflow_skin_problem_clean3,Oily-Skin,,f82acb686bef63aa0f1b605064d769abe445e2335eff7a6834518f0ad90479de,contains extra/non-target annotations: Oily-Skin
dataset/raw/roboflow_skin_problem_clean3/valid/29_jpg.rf.c1e2b273f1b17f831762a7d59f52c871.jpg,roboflow_skin_problem_clean3,Acne|Blackheads,,5c03fd5b551798490a705e779bdf965af751cbbf0334b8734c4d58b8f30398fd,contains extra/non-target annotations: Blackheads
dataset/raw/roboflow_skin_problem_clean3/valid/171_jpg.rf.c1d764b9e1842bfcad5837c6198666b4.jpg,roboflow_skin_problem_clean3,Acne|Dry-Skin|Englarged-Pores,,283f50df83ac2f8304e4e9beadb194207ff8ed23e5ebf63134515a3e7f651453,contains extra/non-target annotations: Dry-Skin
dataset/raw/roboflow_skin_problem_clean3/valid/Kering-44-_jpg.rf.c2a2e35a4f67c39385a5ed12ca805302.jpg,roboflow_skin_problem_clean3,Dry-Skin,,e960e0079c4872de5ae16eed89fae277333feb7634c34762b0b081bdde4a53e3,contains extra/non-target annotations: Dry-Skin
dataset/raw/roboflow_skin_problem_clean3/valid/kering__-66-_jpg.rf.c617ec4965045b55ce4de01549ae482f.jpg,roboflow_skin_problem_clean3,Dry-Skin,,a9badaf34b33c20300a6b747610e6981d3fb1e2893d1e184c2f354679fd30094,contains extra/non-target annotations: Dry-Skin
dataset/raw/roboflow_skin_problem_clean3/valid/kering_-105-_jpg.rf.c42bd86084e8512bfc281c2daa7edb97.jpg,roboflow_skin_problem_clean3,Dry-Skin,,43ef992b28e7f0f53dd8155b0a2429e7792cafd5b5595c7d5e40ff29e69f3fba,contains extra/non-target annotations: Dry-Skin
dataset/raw/roboflow_skin_problem_clean3/valid/28_jpg.rf.c74113bc071c9fe7292a44a78d62dba8.jpg,roboflow_skin_problem_clean3,Acne|Blackheads,,0f90de05abad15ea53ec124e64030d4b1023dd00e1660ceaa764fe9f348543b5,contains extra/non-target annotations: Blackheads
dataset/raw/roboflow_skin_problem_clean3/valid/berminyak__-45-_jpg.rf.cdfd4b7a5d40a7075d8f8065ce3f5672.jpg,roboflow_skin_problem_clean3,Oily-Skin,,2fe179dd17a3ae693454db2e8b281fd0b7083dcf3422963c494e66e81f63917b,contains extra/non-target annotations: Oily-Skin
dataset/raw/roboflow_skin_problem_clean3/valid/dry33_jpg.rf.c9d23ec96667f3fc7b87633af0ec4111.jpg,roboflow_skin_problem_clean3,Dry-Skin,,146ddca90237e650a9cb3232ea4373db3e8a584391dade7322bfe97027ab6bd0,contains extra/non-target annotations: Dry-Skin
dataset/raw/roboflow_skin_problem_clean3/valid/kering_-117-_jpg.rf.ce4dc9ae29a2f5daa525daa536128b5a.jpg,roboflow_skin_problem_clean3,Dry-Skin,,3425e72e760116f1ae07eaecde7d8ad13eef6e8160336028a468540bb49843a0,contains extra/non-target annotations: Dry-Skin
dataset/raw/roboflow_skin_problem_clean3/valid/Screenshot-2023-03-29-145440_png.rf.cd76d44f81ab356101c2846a494640e2.jpg,roboflow_skin_problem_clean3,Skin-Redness,,c126d733d2c6e68ce71dae0448d670d3033da74acea2fed4dac48664367dff57,contains extra/non-target annotations: Skin-Redness
dataset/raw/roboflow_skin_problem_clean3/valid/kering_-49-_jpg.rf.d174808db579fa0f9eafdaf64e3c8cf7.jpg,roboflow_skin_problem_clean3,Dry-Skin,,56b9cc95688d3780b562dd9fa257353348eb249ed54d707bdd86579f27d3ad51,contains extra/non-target annotations: Dry-Skin
dataset/raw/roboflow_skin_problem_clean3/valid/kering-60-_jpg.rf.d2b1742c8a48dd543f48edf810f55886.jpg,roboflow_skin_problem_clean3,Dry-Skin,,9711cbace096c577feb34ccc11262ca7858ad6dfef86a5989b34510b8236ef58,contains extra/non-target annotations: Dry-Skin
dataset/raw/roboflow_skin_problem_clean3/valid/kering-28-_jpg.rf.d4267a37ebda9f2ef366eb79f5e4b088.jpg,roboflow_skin_problem_clean3,Dry-Skin,,7c5f75cc9dc3a108b86d25318dc2b49bdfd4d3396b04c460d23c478a0c3aaab5,contains extra/non-target annotations: Dry-Skin
dataset/raw/roboflow_skin_problem_clean3/valid/Image_142_jpg.rf.d70334fc5911e3a0dd1f0047e5255666.jpg,roboflow_skin_problem_clean3,Eyebags,,cbfc43cb5377980e20e4f032e92b83525d132cee8c737dd9486542927e25a542,contains extra/non-target annotations: Eyebags
dataset/raw/roboflow_skin_problem_clean3/valid/oily-127-_jpg.rf.d587b5fd36d6d8d378dc290443a8397d.jpg,roboflow_skin_problem_clean3,Oily-Skin,,ab636b803e861ad3a9ec09c95a9b0ba3ca11064942543d5f83e08afda17712ed,contains extra/non-target annotations: Oily-Skin
dataset/raw/roboflow_skin_problem_clean3/valid/Berminyak189_jpg.rf.d8bffaf5f32df4e45587f3dd205c3dbc.jpg,roboflow_skin_problem_clean3,Oily-Skin,,e83fc8e426427cac7d73a92edb13353c050aa11fdbe8999e4f152ebb086c1597,contains extra/non-target annotations: Oily-Skin
dataset/raw/roboflow_skin_problem_clean3/valid/Image_35_jpg.rf.d6d409a8cef350c33d56da6764ac4d27.jpg,roboflow_skin_problem_clean3,Dry-Skin,,753be01be12c094bb2e2dc4c982da845ae09f323b09510adadfa948135ec5384,contains extra/non-target annotations: Dry-Skin
dataset/raw/roboflow_skin_problem_clean3/valid/oily-170-_jpg.rf.d95573dec7af554d503dd6c2ca19d736.jpg,roboflow_skin_problem_clean3,Acne|Oily-Skin,,2cebe8e079274148a0a090c630eecec0de9c9e141271d6aa6dc3dde472300dc0,contains extra/non-target annotations: Oily-Skin
dataset/raw/roboflow_skin_problem_clean3/valid/berminyak-49_jpeg.rf.da35ff93835036b4f769bc0bd53649fc.jpg,roboflow_skin_problem_clean3,Oily-Skin,,a3045942b992feb4cb6eb0c92be8385d86cbd6bb29fc4d4d90dd6b7041a1aef3,contains extra/non-target annotations: Oily-Skin
dataset/raw/roboflow_skin_problem_clean3/valid/oily-106-_jpg.rf.d9fe4a54c030470535007dfaeece6f5b.jpg,roboflow_skin_problem_clean3,Acne|Oily-Skin,,a926f5ad4aecedf28a1ad39d9eb561cec36e53c127031c3d16dddd589e4b31e0,contains extra/non-target annotations: Oily-Skin
dataset/raw/roboflow_skin_problem_clean3/valid/berminyak__-58-_JPG.rf.d9b3fdae3a8ec87f885a9da615ec062c.jpg,roboflow_skin_problem_clean3,Oily-Skin,,31f1203dae123a3a1069c3e83a47afe893d763109d2c35aa3bc71c8ee72847f6,contains extra/non-target annotations: Oily-Skin
dataset/raw/roboflow_skin_problem_clean3/valid/106_jpg.rf.db0f8234f452e51653351c68d0b2bbee.jpg,roboflow_skin_problem_clean3,Acne|Blackheads,,2e5fafdc601308b6044dace767c1038660404619b2a9886383775af2a566bbc2,contains extra/non-target annotations: Blackheads
dataset/raw/roboflow_skin_problem_clean3/valid/oily27_jpg.rf.dbc004fddec7aaa8870496a389bcb3ed.jpg,roboflow_skin_problem_clean3,Oily-Skin,,161c5f6213033e0cc39ab205be0856d3e9296e9c975726301a0ea35f6fe8d61f,contains extra/non-target annotations: Oily-Skin
dataset/raw/roboflow_skin_problem_clean3/valid/Berminyak-28-_JPG.rf.de292f21e446e5a152d0500212152278.jpg,roboflow_skin_problem_clean3,Oily-Skin,,a061820c553dd99f39b3dd03a732dca3c0eb80f08e044dbe0449d48390ab2eb9,contains extra/non-target annotations: Oily-Skin
dataset/raw/roboflow_skin_problem_clean3/valid/kering__-35-_jpg.rf.e165e636c1eb53a0c4a00326b5b0b435.jpg,roboflow_skin_problem_clean3,Dry-Skin,,f7476ac81a3f0a6c7cc9b2b97d7e2f4136327d9d343cb9ee645268515128218e,contains extra/non-target annotations: Dry-Skin
dataset/raw/roboflow_skin_problem_clean3/valid/kering__-108-_jpg.rf.dd092ced9f2d900ea656ecaabaf2b173.jpg,roboflow_skin_problem_clean3,Dry-Skin,,ff4438421cecbfa596f009ebb70c6b1cba7887c2cd3a8a5a16e2cf11a2be5855,contains extra/non-target annotations: Dry-Skin
dataset/raw/roboflow_skin_problem_clean3/valid/134_jpg.rf.e391ff8ca57634791adbfdae5d141478.jpg,roboflow_skin_problem_clean3,Acne|Englarged-Pores|Wrinkles,,3d0feeda7d64eb5772cc6c0ea3221840cad2f8b008d53d4e5e1778ca91d6d8fe,"contains multiple target classes: acne, large_pore, wrinkle"
dataset/raw/roboflow_skin_problem_clean3/valid/dry-skin_28_jpeg.rf.e1d1aa87118eb9ed2503ff14d03f70be.jpg,roboflow_skin_problem_clean3,Dry-Skin,,1c1315ca7e7b3cb5af91b801e7b125dc8aa591d4d900fb70c0e2ce932d097e2d,contains extra/non-target annotations: Dry-Skin
dataset/raw/roboflow_skin_problem_clean3/valid/kering-40-_jpg.rf.e4a3596f3ba5c9acc39387058b03680e.jpg,roboflow_skin_problem_clean3,Dry-Skin,,b5596ba0d5eb48e8f0cd85c8a36aad6403c61f419ceb87c1128d745ddc5c2ff0,contains extra/non-target annotations: Dry-Skin
dataset/raw/roboflow_skin_problem_clean3/valid/Image_18_jpg.rf.e7bb7a4315a67e3e62d347ebb89565bc.jpg,roboflow_skin_problem_clean3,Eyebags,,b7eacf9b7a1ee48c84cbcb09d77e4f31da3e72a5cb5b77e8a882de7e2522abb7,contains extra/non-target annotations: Eyebags
dataset/raw/roboflow_skin_problem_clean3/valid/levle3_132_png.rf.e48f403b8be5a2d3f2ce431bdf83c1ea.jpg,roboflow_skin_problem_clean3,Acne|Blackheads,,214fa1b934c5db938b735bfea144d28c75f17e4a9346bbb71cc38ec405abc782,contains extra/non-target annotations: Blackheads
dataset/raw/roboflow_skin_problem_clean3/valid/21_jpg.rf.ec60bc548bb7f9f875050a4a3d94a7c0.jpg,roboflow_skin_problem_clean3,Acne|Dry-Skin|Englarged-Pores|Eyebags,,3086544a8065f4644ae2be81f373d1450d8143509ab71ef60689ef9dbece90be,"contains extra/non-target annotations: Dry-Skin, Eyebags"
dataset/raw/roboflow_skin_problem_clean3/valid/oily50_jpg.rf.e7c90a69e3ed8755de2b8862f2d9b9a2.jpg,roboflow_skin_problem_clean3,Oily-Skin,,3f447de2e257204373f070e6741be8ebde090bed29998e3c2fd31d1584e9fe73,contains extra/non-target annotations: Oily-Skin
dataset/raw/roboflow_skin_problem_clean3/valid/68_jpg.rf.e690c7d4176c68c1744c534c2bf981b0.jpg,roboflow_skin_problem_clean3,Acne|Blackheads,,196074ea5d398dd625cafb90242da1a0b55f091addd8bfc3cb78d5f9ef47f8c0,contains extra/non-target annotations: Blackheads
dataset/raw/roboflow_skin_problem_clean3/valid/01F3MMVRGMNJVWB5CBCY48RNFN_jpeg_jpg.rf.ef014c6ffd3b00d31dcde874bc2a81a6.jpg,roboflow_skin_problem_clean3,Acne|Blackheads,,98ed66a7d77842dc3a4cd9aa60988fdc77000f46447add20adede9921ea60cc7,contains extra/non-target annotations: Blackheads
dataset/raw/roboflow_skin_problem_clean3/valid/167_jpg.rf.eedb0b0f539e1d7ffdb9b43aa5ec06ed.jpg,roboflow_skin_problem_clean3,Acne|Englarged-Pores|Eyebags,,dfed44bb3407f86ff16dbeebb1783005126689390df72308086dc71cd91eef7c,contains extra/non-target annotations: Eyebags
dataset/raw/roboflow_skin_problem_clean3/valid/oily-183-_jpg.rf.ed5b0dea79059df61c996c47dc7c469c.jpg,roboflow_skin_problem_clean3,Acne|Oily-Skin,,d5f515b20cb73fdb6664fee5484800d90eeba0477b7a27d1eeaf197e1c5a1262,contains extra/non-target annotations: Oily-Skin
dataset/raw/roboflow_skin_problem_clean3/valid/kering_-113-_jpg.rf.f20c3f5e7d5009563b86b9c8a2eb40e7.jpg,roboflow_skin_problem_clean3,Dry-Skin,,9823e431551e9b2e8cda6670c2741b76e6190d4586b73c7bee9addb0557cc50a,contains extra/non-target annotations: Dry-Skin
dataset/raw/roboflow_skin_problem_clean3/valid/levle0_211_jpg.rf.f0f9ebaaec6b3936152ccf73aad4af1b.jpg,roboflow_skin_problem_clean3,Acne|Blackheads|Whiteheads,,0e8a52367aedbe623405ab0b9da75c1d5cce903688205e18edc225baf5f40088,"contains extra/non-target annotations: Blackheads, Whiteheads"
dataset/raw/roboflow_skin_problem_clean3/valid/kering__-59-_jpg.rf.ef8c058649f5e09ef497a94971460546.jpg,roboflow_skin_problem_clean3,Dry-Skin,,981ad09d5d94bb42bb525dbe300f993e03c084222af3368c6d439b11832e2b10,contains extra/non-target annotations: Dry-Skin
dataset/raw/roboflow_skin_problem_clean3/valid/Berminyak-20-_jpg.rf.f26db8a16f65e30c0d5098f1fb1a078d.jpg,roboflow_skin_problem_clean3,Oily-Skin,,9d32380a3ff721e3951b7cfd653250ba69e4bd004581a44c5563e528dad510d7,contains extra/non-target annotations: Oily-Skin
dataset/raw/roboflow_skin_problem_clean3/valid/Kering-41-_jpg.rf.f3f3353f42ce5c4f2d2e35b9441a118b.jpg,roboflow_skin_problem_clean3,Dry-Skin,,a300b941b9ba3a9518a21ba866156cd75e7574cd612602bdc5df647dfe78d9d6,contains extra/non-target annotations: Dry-Skin
dataset/raw/roboflow_skin_problem_clean3/valid/oily-126-_jpg.rf.f3a696610bec200801cc89d937f2038c.jpg,roboflow_skin_problem_clean3,Oily-Skin,,16df87e2a1fecd98b2412c26233d3e04656b18ad892ce599f78be6ebf025462a,contains extra/non-target annotations: Oily-Skin
dataset/raw/roboflow_skin_problem_clean3/valid/Berminyak-23-_JPG.rf.f3bd806b06031d0557071adfd038a84a.jpg,roboflow_skin_problem_clean3,Oily-Skin,,76a0d894e29e09c0d7c6f3ee45286739c1598045845aa4c4d18b5bbbb218c4f2,contains extra/non-target annotations: Oily-Skin
dataset/raw/roboflow_skin_problem_clean3/valid/oily1_jpg.rf.f6d0f0fc190376e8781bb69064b9c9fd.jpg,roboflow_skin_problem_clean3,Oily-Skin,,d6487293410d7258a98c6efde7c074630bc7c0f38bb1b49e59ed776fc93a8a75,contains extra/non-target annotations: Oily-Skin
dataset/raw/roboflow_skin_problem_clean3/valid/Berminyak-9-_jpeg.rf.f6745744e346f4532a6f169045efbdfd.jpg,roboflow_skin_problem_clean3,Oily-Skin,,21320a472d91ca2f929526a9c1c3a88d90417cd71baed0f9714011480f5dc37c,contains extra/non-target annotations: Oily-Skin
dataset/raw/roboflow_skin_problem_clean3/valid/oily29_jpg.rf.f876305e526fcc13bc2734b1c51c4cb3.jpg,roboflow_skin_problem_clean3,Oily-Skin,,ca72a8056a1e84d4f27c1ce367cc5c4217519b3c82012cd3358251c356cbe192,contains extra/non-target annotations: Oily-Skin
dataset/raw/roboflow_skin_problem_clean3/valid/Image_1_jpg.rf.fb902ed9272a00468b3e01a6b9726a0e.jpg,roboflow_skin_problem_clean3,Oily-Skin,,f3e86f977927d61946327bebb47180e06cb32845dbdfce759d05f7c5a96130db,contains extra/non-target annotations: Oily-Skin
dataset/raw/roboflow_skin_problem_clean3/valid/dry26_jpg.rf.f75048c54f0f0f629b2322cc5e96f221.jpg,roboflow_skin_problem_clean3,Dry-Skin,,980c7cf63c5764b8a7bd0f5543c76756288a527980b32a1db6441cb9ad1f1a0e,contains extra/non-target annotations: Dry-Skin
dataset/raw/roboflow_skin_problem_clean3/valid/kering_-42-_jpg.rf.f9348ca248ac3666419eebe550dca534.jpg,roboflow_skin_problem_clean3,Dry-Skin,,73a12e17f3b3103309db431785c3de3a892e1fed319e660e27200805a0550b45,contains extra/non-target annotations: Dry-Skin
dataset/raw/roboflow_skin_problem_clean3/valid/kering-15-_jpg.rf.fddc922cf9423fc72ed29e1c3ead3ecf.jpg,roboflow_skin_problem_clean3,Dry-Skin,,e6dc43f17994e671cc6d7f40f4b2228a04b7103bc82de82a4a2bda295c0c7b00,contains extra/non-target annotations: Dry-Skin
dataset/raw/roboflow_skin_problem_clean3/valid/19_jpg.rf.fbc570bc6c6b61d15ffee74bb7c73caf.jpg,roboflow_skin_problem_clean3,Acne|Dry-Skin|Englarged-Pores|Eyebags,,d6e911165247782f97964aa6196c994580193c905bb4a84b037ee0ac98ef9fd4,"contains extra/non-target annotations: Dry-Skin, Eyebags"
dataset/raw/roboflow_skin_problem_clean3/valid/oily-228-_jpg.rf.fca54e20ec3319363d4d0858115fe07e.jpg,roboflow_skin_problem_clean3,Acne|Oily-Skin,,37766d6ca6a9a1a764a0b60906580f3eba7fa617ff1063f905c7a65e9deed79b,contains extra/non-target annotations: Oily-Skin
dataset/raw/kaggle_acne_wrinkle_spots/acne/acne145.png,kaggle_acne_wrinkle_spots,acne,acne,a6c6b126acc00ddeff1f9fa97299878a6736f3ee4549df1f583c36b5e18fdf04,exact duplicate of dataset/raw/kaggle_acne_wrinkle_spots/acne/acne107.png
dataset/raw/kaggle_acne_wrinkle_spots/acne/acne40.png,kaggle_acne_wrinkle_spots,acne,acne,3c8467461a29b4db772a7bb0a14aa166b51c8b837aa4091bd12525736fe67974,exact duplicate of dataset/raw/kaggle_acne_wrinkle_spots/acne/acne108.png
dataset/raw/kaggle_acne_wrinkle_spots/acne/acne13.png,kaggle_acne_wrinkle_spots,acne,acne,e07c6c7261db6a48b47740aa0ddf2ff15688ee1913ad7edf3943160173d4ec54,duplicate image has conflicting target labels
dataset/raw/kaggle_acne_wrinkle_spots/acne/acne14.png,kaggle_acne_wrinkle_spots,acne,acne,e07c6c7261db6a48b47740aa0ddf2ff15688ee1913ad7edf3943160173d4ec54,duplicate image has conflicting target labels
dataset/raw/kaggle_acne_wrinkle_spots/spots/spots47.png,kaggle_acne_wrinkle_spots,spots,dark_spot,e07c6c7261db6a48b47740aa0ddf2ff15688ee1913ad7edf3943160173d4ec54,duplicate image has conflicting target labels
dataset/raw/kaggle_acne_wrinkle_spots/acne/acne55.png,kaggle_acne_wrinkle_spots,acne,acne,5a720795ed127944cbf57397013db6658e3b5b68a3782b223829034f1db2dcaf,exact duplicate of dataset/raw/kaggle_acne_wrinkle_spots/acne/acne139.png
dataset/raw/kaggle_acne_wrinkle_spots/acne/acne5.png,kaggle_acne_wrinkle_spots,acne,acne,6190c4f206a01862544816feef23d284ad87fbd4802d3a1042c79e686a02c3fb,exact duplicate of dataset/raw/kaggle_acne_wrinkle_spots/acne/acne142.png
dataset/raw/kaggle_acne_wrinkle_spots/acne/acne143.png,kaggle_acne_wrinkle_spots,acne,acne,12da5ff313e4350684da7ad6397b5a1ee0aebed6527546d5fe1979fa2f828429,duplicate image has conflicting target labels
dataset/raw/kaggle_acne_wrinkle_spots/spots/spots91.png,kaggle_acne_wrinkle_spots,spots,dark_spot,12da5ff313e4350684da7ad6397b5a1ee0aebed6527546d5fe1979fa2f828429,duplicate image has conflicting target labels
dataset/raw/kaggle_acne_wrinkle_spots/acne/acne197.png,kaggle_acne_wrinkle_spots,acne,acne,d28547e2e3592806f989afcd418a9ffaa79f369d2e1cc7dafd0654b81d6f6629,exact duplicate of dataset/raw/kaggle_acne_wrinkle_spots/acne/acne151.png
dataset/raw/kaggle_acne_wrinkle_spots/acne/acne39.png,kaggle_acne_wrinkle_spots,acne,acne,5ce911c4bed543aead13cc73a268b57606be013f88b2b1c7d60eab1a6e1f9749,exact duplicate of dataset/raw/kaggle_acne_wrinkle_spots/acne/acne16.png
dataset/raw/kaggle_acne_wrinkle_spots/acne/acne73.png,kaggle_acne_wrinkle_spots,acne,acne,2ffbabab1a162e48837ce752b8ce3649498107046f70e0ad03b3b5a789d72498,exact duplicate of dataset/raw/kaggle_acne_wrinkle_spots/acne/acne184.png
dataset/raw/kaggle_acne_wrinkle_spots/acne/acne44.png,kaggle_acne_wrinkle_spots,acne,acne,168cdbad7ab5c993a45b1ab15773e4fbd7f797294b93b4959164ae83dcaeef25,exact duplicate of dataset/raw/kaggle_acne_wrinkle_spots/acne/acne22.png
dataset/raw/kaggle_acne_wrinkle_spots/acne/acne67.png,kaggle_acne_wrinkle_spots,acne,acne,0f926bb7e750fcd159fb32488fccef8027615125dc753256dd3e65f00697f2fe,exact duplicate of dataset/raw/kaggle_acne_wrinkle_spots/acne/acne35.png
dataset/raw/kaggle_acne_wrinkle_spots/acne/acne36.png,kaggle_acne_wrinkle_spots,acne,acne,d53a04a5a5a2fee83bf52cbfbf52fdd463673091508caa5baf39b57235eb2343,duplicate image has conflicting target labels
dataset/raw/kaggle_acne_wrinkle_spots/spots/spots48.png,kaggle_acne_wrinkle_spots,spots,dark_spot,d53a04a5a5a2fee83bf52cbfbf52fdd463673091508caa5baf39b57235eb2343,duplicate image has conflicting target labels
dataset/raw/kaggle_acne_wrinkle_spots/acne/acne4.png,kaggle_acne_wrinkle_spots,acne,acne,14cefd79cfe00e8622183ce271d6cdfa21919aa422dc8249f07ffb358d49e823,exact duplicate of dataset/raw/kaggle_acne_wrinkle_spots/acne/acne37.png
dataset/raw/kaggle_acne_wrinkle_spots/acne/acne65.png,kaggle_acne_wrinkle_spots,acne,acne,a43b84809087b36f982913141f1727d1b21c009907124cf520413a34c9596ed3,exact duplicate of dataset/raw/kaggle_acne_wrinkle_spots/acne/acne48.png
dataset/raw/kaggle_acne_wrinkle_spots/acne/acne9.png,kaggle_acne_wrinkle_spots,acne,acne,05e979b8a8771cc3c58ee280410dba24b067cf00551fc0306b3808b3a677f448,exact duplicate of dataset/raw/kaggle_acne_wrinkle_spots/acne/acne56.png
dataset/raw/kaggle_acne_wrinkle_spots/acne/acne75.png,kaggle_acne_wrinkle_spots,acne,acne,843b2725d675424a7a2874e142ffb3de5491c871d983753048296e7ef1cc4ea4,exact duplicate of dataset/raw/kaggle_acne_wrinkle_spots/acne/acne59.png
dataset/raw/kaggle_acne_wrinkle_spots/spots/spots54.png,kaggle_acne_wrinkle_spots,spots,dark_spot,fd8e967a5bc63b1d58aefd9963ca3f3b71debe4a0f911c66e92b15a4a04a5a38,exact duplicate of dataset/raw/kaggle_acne_wrinkle_spots/spots/spots109.png
dataset/raw/kaggle_acne_wrinkle_spots/spots/spots62.png,kaggle_acne_wrinkle_spots,spots,dark_spot,adae54f47cf0442ac73b6c0bbba4c23f1a8866efcc0992b654005af469d33c68,exact duplicate of dataset/raw/kaggle_acne_wrinkle_spots/spots/spots117.png
dataset/raw/kaggle_acne_wrinkle_spots/spots/spots42.png,kaggle_acne_wrinkle_spots,spots,dark_spot,2c4a46f783829fcd9e55d1d540d7d2f55d2fddc13a4604d61e56f4cf863c4dd9,exact duplicate of dataset/raw/kaggle_acne_wrinkle_spots/spots/spots14.png
dataset/raw/kaggle_acne_wrinkle_spots/spots/spots4.png,kaggle_acne_wrinkle_spots,spots,dark_spot,369715f00d82df410858c517c61b74f4f7fc4f4df0ea530970307950d8927997,exact duplicate of dataset/raw/kaggle_acne_wrinkle_spots/spots/spots30.png
dataset/raw/kaggle_acne_wrinkle_spots/wrinkles/wrinkle183.png,kaggle_acne_wrinkle_spots,wrinkles,wrinkle,d1f34e6b0ba0e41ca158586e5211df869575081921595b080a8078642c7f6423,exact duplicate of dataset/raw/kaggle_acne_wrinkle_spots/wrinkles/wrinkle162.png
dataset/raw/kaggle_acne_wrinkle_spots/wrinkles/wrinkles134.png,kaggle_acne_wrinkle_spots,wrinkles,wrinkle,c524ba9661ac1a97ffcd3c6c7e10d770210d971ab8bb76145fda404cc6e969d8,exact duplicate of dataset/raw/kaggle_acne_wrinkle_spots/wrinkles/wrinkle170.png
dataset/raw/kaggle_acne_wrinkle_spots/wrinkles/wrinkles4.png,kaggle_acne_wrinkle_spots,wrinkles,wrinkle,fac978b810cdb77f991fa1019767234fd1e08eec8f1726838705b4099b40a41d,exact duplicate of dataset/raw/kaggle_acne_wrinkle_spots/wrinkles/wrinkle175.png
dataset/raw/kaggle_acne_wrinkle_spots/wrinkles/wrinkles152.png,kaggle_acne_wrinkle_spots,wrinkles,wrinkle,f11c55d52a969959e557185be3cf098673744371f20a7ae9c3cad5142fdaad58,exact duplicate of dataset/raw/kaggle_acne_wrinkle_spots/wrinkles/wrinkle182.png
dataset/raw/kaggle_acne_wrinkle_spots/wrinkles/wrinkles135.png,kaggle_acne_wrinkle_spots,wrinkles,wrinkle,c88c84c909114d2eb19c9a57b9d1f5bf4493297ad27de79f70315c4d18930522,exact duplicate of dataset/raw/kaggle_acne_wrinkle_spots/wrinkles/wrinkle185.png
dataset/raw/kaggle_acne_wrinkle_spots/wrinkles/wrinkles98.png,kaggle_acne_wrinkle_spots,wrinkles,wrinkle,7ca7c0358d453f6832a97cbd43baf6697df568137bd10deaf798aa9b376545b5,exact duplicate of dataset/raw/kaggle_acne_wrinkle_spots/wrinkles/wrinkle190.png
dataset/raw/kaggle_acne_wrinkle_spots/wrinkles/wrinkles1.png,kaggle_acne_wrinkle_spots,wrinkles,wrinkle,0a5376abc29a97f958c03a6b4576a1649f434dc88e4e17a1202bbb6d77f3d0bd,exact duplicate of dataset/raw/kaggle_acne_wrinkle_spots/wrinkles/wrinkle191.png
dataset/raw/kaggle_acne_wrinkle_spots/wrinkles/wrinkles11.png,kaggle_acne_wrinkle_spots,wrinkles,wrinkle,0a5376abc29a97f958c03a6b4576a1649f434dc88e4e17a1202bbb6d77f3d0bd,exact duplicate of dataset/raw/kaggle_acne_wrinkle_spots/wrinkles/wrinkle191.png
dataset/raw/kaggle_acne_wrinkle_spots/wrinkles/wrinkles117.png,kaggle_acne_wrinkle_spots,wrinkles,wrinkle,0a5376abc29a97f958c03a6b4576a1649f434dc88e4e17a1202bbb6d77f3d0bd,exact duplicate of dataset/raw/kaggle_acne_wrinkle_spots/wrinkles/wrinkle191.png
dataset/raw/kaggle_acne_wrinkle_spots/wrinkles/wrinkles116.png,kaggle_acne_wrinkle_spots,wrinkles,wrinkle,c1c77ebede3738d9fbee3737b8c18c066f75095f608774e0fec6b46856cc6476,exact duplicate of dataset/raw/kaggle_acne_wrinkle_spots/wrinkles/wrinkle192.png
dataset/raw/kaggle_acne_wrinkle_spots/wrinkles/wrinkles196.png,kaggle_acne_wrinkle_spots,wrinkles,wrinkle,09da8cb711512686625525b1d909c5ef167e5943df91665af43397a9a94f731f,exact duplicate of dataset/raw/kaggle_acne_wrinkle_spots/wrinkles/wrinkles101.png
dataset/raw/kaggle_acne_wrinkle_spots/wrinkles/wrinkles21.png,kaggle_acne_wrinkle_spots,wrinkles,wrinkle,09da8cb711512686625525b1d909c5ef167e5943df91665af43397a9a94f731f,exact duplicate of dataset/raw/kaggle_acne_wrinkle_spots/wrinkles/wrinkles101.png
dataset/raw/kaggle_acne_wrinkle_spots/wrinkles/wrinkles19.png,kaggle_acne_wrinkle_spots,wrinkles,wrinkle,6d7d8cd471495d7e59e5fbc426f815bb03e4e225821015b95720bad6b203f87a,exact duplicate of dataset/raw/kaggle_acne_wrinkle_spots/wrinkles/wrinkles109.png
dataset/raw/kaggle_acne_wrinkle_spots/wrinkles/wrinkles34.png,kaggle_acne_wrinkle_spots,wrinkles,wrinkle,6d7d8cd471495d7e59e5fbc426f815bb03e4e225821015b95720bad6b203f87a,exact duplicate of dataset/raw/kaggle_acne_wrinkle_spots/wrinkles/wrinkles109.png
dataset/raw/kaggle_acne_wrinkle_spots/wrinkles/wrinkles157.png,kaggle_acne_wrinkle_spots,wrinkles,wrinkle,ef1f7d031b9e1e3f545376407a8bf5fbe5f0036ebcbd71f63ff5e7311ed12193,exact duplicate of dataset/raw/kaggle_acne_wrinkle_spots/wrinkles/wrinkles110.png
dataset/raw/kaggle_acne_wrinkle_spots/wrinkles/wrinkles63.png,kaggle_acne_wrinkle_spots,wrinkles,wrinkle,ef1f7d031b9e1e3f545376407a8bf5fbe5f0036ebcbd71f63ff5e7311ed12193,exact duplicate of dataset/raw/kaggle_acne_wrinkle_spots/wrinkles/wrinkles110.png
dataset/raw/kaggle_acne_wrinkle_spots/wrinkles/wrinkles74.png,kaggle_acne_wrinkle_spots,wrinkles,wrinkle,fcc46c488cd72fbd76fc3f9c0221efb5205960c83e5f2a6f46ebda8c2ff59718,exact duplicate of dataset/raw/kaggle_acne_wrinkle_spots/wrinkles/wrinkles127.png
dataset/raw/kaggle_acne_wrinkle_spots/wrinkles/wrinkles32.png,kaggle_acne_wrinkle_spots,wrinkles,wrinkle,2c857bcd5a282e7e105e25e08ca3b0dbf67b2a08e44d099944b4939505a72a04,exact duplicate of dataset/raw/kaggle_acne_wrinkle_spots/wrinkles/wrinkles16.png
dataset/raw/kaggle_acne_wrinkle_spots/wrinkles/wrinkles38.png,kaggle_acne_wrinkle_spots,wrinkles,wrinkle,cb113734e35416eaf3b235e762e2b24a2e7664aa4a6a7cf1983659451b2cc1cf,exact duplicate of dataset/raw/kaggle_acne_wrinkle_spots/wrinkles/wrinkles18.png
dataset/raw/kaggle_acne_wrinkle_spots/wrinkles/wrinkles73.png,kaggle_acne_wrinkle_spots,wrinkles,wrinkle,23bb944d0e19c27e690f935b348265aa39652fd044b14ca2bac464ec6606bc7c,exact duplicate of dataset/raw/kaggle_acne_wrinkle_spots/wrinkles/wrinkles20.png
dataset/raw/kaggle_acne_wrinkle_spots/wrinkles/wrinkles8.png,kaggle_acne_wrinkle_spots,wrinkles,wrinkle,e7cddad8b5b4ce4495a2ee1b2574c8aa67ac0fe4d06e61f3916b5bfaf85a6c2f,exact duplicate of dataset/raw/kaggle_acne_wrinkle_spots/wrinkles/wrinkles51.png
dataset/raw/kaggle_acne_wrinkle_spots/wrinkles/wrinkles6.png,kaggle_acne_wrinkle_spots,wrinkles,wrinkle,08ce53edf74172158b7a14b70287ac205835d9a8fc52f59a06a0ef4569cea1e2,exact duplicate of dataset/raw/kaggle_acne_wrinkle_spots/wrinkles/wrinkles52.png
dataset/raw/kaggle_oily_dry_normal/Oily-Dry-Skin-Types/train/normal/normal_059b3e437854f2087e1c_jpg.rf.dbd586f9c8e601a77defb305ce70b1df.jpg,kaggle_oily_dry_normal,normal,normal,d06862b6a4acd5a3abae944692f9f164666ab390d6c95e257ea2ee9323971262,exact duplicate of dataset/raw/kaggle_oily_dry_normal/Oily-Dry-Skin-Types/test/normal/normal_059b3e437854f2087e1c_jpg.rf.c222b7de169d732b9f68b9e0cc464308.jpg
dataset/raw/kaggle_oily_dry_normal/Oily-Dry-Skin-Types/test/normal/normal_2d80ca42638dddb59de3_jpg.rf.ecb2d812ebcbd9b34e69e47cffc65a71.jpg,kaggle_oily_dry_normal,normal,normal,3a4f8a90fb2a4bf9ea0565fec922f9361ffe55e59ec073bba5bf6c27f2b842f4,exact duplicate of dataset/raw/kaggle_oily_dry_normal/Oily-Dry-Skin-Types/test/normal/normal_2d80ca42638dddb59de3_jpg.rf.833212d09142458e458a87df3824c8f3.jpg
dataset/raw/kaggle_oily_dry_normal/Oily-Dry-Skin-Types/train/normal/normal_385fa27e0c389c2a6ceb_jpg.rf.125f9953057a5dc2765d35a32b7b0e86.jpg,kaggle_oily_dry_normal,normal,normal,6105ea0a9b71ceda6001815bd528d989595ca6f954a27f870c4e464656db02cd,exact duplicate of dataset/raw/kaggle_oily_dry_normal/Oily-Dry-Skin-Types/test/normal/normal_385fa27e0c389c2a6ceb_jpg.rf.ae9196bf9990df4c2438b269839c70fc.jpg
dataset/raw/kaggle_oily_dry_normal/Oily-Dry-Skin-Types/train/normal/normal_39a5a0a01f958ee678f7_jpg.rf.833f621880fa7bbb25b6037f0d69e680.jpg,kaggle_oily_dry_normal,normal,normal,378272fe8412ac1797dd30582265237e0b4ed8ce89a5beb1f30db99c5b55d384,exact duplicate of dataset/raw/kaggle_oily_dry_normal/Oily-Dry-Skin-Types/test/normal/normal_39a5a0a01f958ee678f7_jpg.rf.4c312ae8b53bdeb47205fbcb561199c0.jpg
dataset/raw/kaggle_oily_dry_normal/Oily-Dry-Skin-Types/train/normal/normal_3a9aef121f54bea1361b_jpg.rf.56344f4222f46b5f5b9ddafcb56d8070.jpg,kaggle_oily_dry_normal,normal,normal,f4f9d5a3a7ed8cb895f934f581c7ed9bc4190b290ecd103f40b83d6d510cdad3,exact duplicate of dataset/raw/kaggle_oily_dry_normal/Oily-Dry-Skin-Types/test/normal/normal_3a9aef121f54bea1361b_jpg.rf.d94e39deeb4b4173397fbd172bee1f3c.jpg
dataset/raw/kaggle_oily_dry_normal/Oily-Dry-Skin-Types/train/normal/normal_732ce4b4e1aa283b8fe1_jpg.rf.4090723ccfc81fd3ac12e4ded3e0b7df.jpg,kaggle_oily_dry_normal,normal,normal,329ba58210b7eabf1694c4e1f9ff1c8bc504e237e9ff332c7f1d7144c128eca1,exact duplicate of dataset/raw/kaggle_oily_dry_normal/Oily-Dry-Skin-Types/test/normal/normal_732ce4b4e1aa283b8fe1_jpg.rf.d5c80f2116fb98dc07594b832132b0e1.jpg
dataset/raw/kaggle_oily_dry_normal/Oily-Dry-Skin-Types/train/normal/normal_7d00a675b9fabb9780d8_jpg.rf.ebe87376b2c5a37f133daf0daddb9b4b.jpg,kaggle_oily_dry_normal,normal,normal,5bb1ea20643fef137c9f8541e104e9a82d007dbab95f1555d92223b8e009f2ed,exact duplicate of dataset/raw/kaggle_oily_dry_normal/Oily-Dry-Skin-Types/test/normal/normal_7d00a675b9fabb9780d8_jpg.rf.3ba7f8e5db8941144c0690dc2ce4b1e5.jpg
dataset/raw/kaggle_oily_dry_normal/Oily-Dry-Skin-Types/valid/normal/normal_7daecf3670aa597ee376_jpg.rf.8f1ee7a871c8f312ad230c09cd5d8bee.jpg,kaggle_oily_dry_normal,normal,normal,b0f8f06710c3865b1ba597f33df07a62f37a3e31bf22c7b0a8f64ea70eed29b1,exact duplicate of dataset/raw/kaggle_oily_dry_normal/Oily-Dry-Skin-Types/test/normal/normal_7daecf3670aa597ee376_jpg.rf.f13b2788fc314d9ba271ba5855b5a284.jpg
dataset/raw/kaggle_oily_dry_normal/Oily-Dry-Skin-Types/valid/normal/normal_7fbf491591da7b6a1972_jpg.rf.85fa105f2dcf3629c9637427df8d8cd5.jpg,kaggle_oily_dry_normal,normal,normal,d7141dd4519bfd42e8a461346392b721830063e7fe03c2511781f304df18f962,exact duplicate of dataset/raw/kaggle_oily_dry_normal/Oily-Dry-Skin-Types/test/normal/normal_7fbf491591da7b6a1972_jpg.rf.2020fe9c0016df77a8961a02f90c3e9f.jpg
dataset/raw/kaggle_oily_dry_normal/Oily-Dry-Skin-Types/train/normal/normal_800b1d9bedd36765807a_jpg.rf.a1b338ca07a68df98effb1a7bee6c33b.jpg,kaggle_oily_dry_normal,normal,normal,2497cccb073d45214186696d76bbb2daece0a954ba86a43aa94e445e7c2fc6f8,exact duplicate of dataset/raw/kaggle_oily_dry_normal/Oily-Dry-Skin-Types/test/normal/normal_800b1d9bedd36765807a_jpg.rf.9b5468927dbd3f46d17b8e2383d3c600.jpg
dataset/raw/kaggle_oily_dry_normal/Oily-Dry-Skin-Types/train/normal/normal_8540cc64d235c2321793_jpg.rf.9645a3fe726f1d50e03b8d54f85bed89.jpg,kaggle_oily_dry_normal,normal,normal,1974a63221bc57d82e3494fa8ec57facb90d4b904b02c7ee089123b1655b0151,exact duplicate of dataset/raw/kaggle_oily_dry_normal/Oily-Dry-Skin-Types/test/normal/normal_8540cc64d235c2321793_jpg.rf.94371b879ae9a7d9091cdc74731323b7.jpg
dataset/raw/kaggle_oily_dry_normal/Oily-Dry-Skin-Types/train/normal/normal_8d21ff6154d429ef506d_jpg.rf.d625f1ae1da1008211170670ae3040af.jpg,kaggle_oily_dry_normal,normal,normal,b1fae92f0a84f83d4af262faff8b9d1f320eb5fbe45ecf1d8fb729452503a4f2,exact duplicate of dataset/raw/kaggle_oily_dry_normal/Oily-Dry-Skin-Types/test/normal/normal_8d21ff6154d429ef506d_jpg.rf.55dcc73a53cb3cda43524667e492fd96.jpg
dataset/raw/kaggle_oily_dry_normal/Oily-Dry-Skin-Types/train/normal/normal_8d9e660d1006814cb698_jpg.rf.62ea3098637b2efd4a24bacf967717c7.jpg,kaggle_oily_dry_normal,normal,normal,c5cede3dcd2253fbcb109672c35b8cedd64034d78dbfed5fdae22547c6e1d47b,exact duplicate of dataset/raw/kaggle_oily_dry_normal/Oily-Dry-Skin-Types/test/normal/normal_8d9e660d1006814cb698_jpg.rf.8e690613ca2739a8a60590c356da32af.jpg
dataset/raw/kaggle_oily_dry_normal/Oily-Dry-Skin-Types/train/normal/normal_0154cd1b2bb92b9df7f9_jpg.rf.6e50b97271bd02f4d3a82f76ef303c2d.jpg,kaggle_oily_dry_normal,normal,normal,581dc4086d285a080d01abbd4fc0a932af3425c8d6607e5fbe1d0e06e37ffc7d,exact duplicate of dataset/raw/kaggle_oily_dry_normal/Oily-Dry-Skin-Types/train/normal/normal_0154cd1b2bb92b9df7f9_jpg.rf.1575a89a61effef9155a826c6baa439b.jpg
dataset/raw/kaggle_oily_dry_normal/Oily-Dry-Skin-Types/train/normal/normal_037d2ca54ba52d645ffd_jpg.rf.b377e131efc4aba35248ac73ddeee37e.jpg,kaggle_oily_dry_normal,normal,normal,4f8d835f27011dd971c12388366162e6b16a76238997acdcf0ed5107d6d8c476,exact duplicate of dataset/raw/kaggle_oily_dry_normal/Oily-Dry-Skin-Types/train/normal/normal_037d2ca54ba52d645ffd_jpg.rf.61e3b67eee174011958fd23311fdbabc.jpg
dataset/raw/kaggle_oily_dry_normal/Oily-Dry-Skin-Types/train/normal/normal_03a5c2383f7f20ed8cc5_jpg.rf.e5f4f6e6cf4db609bb9dbe9232b656d8.jpg,kaggle_oily_dry_normal,normal,normal,3c84abbbb622ed7560d5f59bd24655952a69f10a60c772afecce7dde63de58c0,exact duplicate of dataset/raw/kaggle_oily_dry_normal/Oily-Dry-Skin-Types/train/normal/normal_03a5c2383f7f20ed8cc5_jpg.rf.de5e8ab63db18c123edfddf18446b164.jpg
dataset/raw/kaggle_oily_dry_normal/Oily-Dry-Skin-Types/train/normal/normal_059cf2165bd4da06cc0f_jpg.rf.7ccf5b875002ee0914bae28543e42e66.jpg,kaggle_oily_dry_normal,normal,normal,49a105e468bd0a4958c69219f2097ef3bdd23ad5b2c3b765c24152a71642ab95,exact duplicate of dataset/raw/kaggle_oily_dry_normal/Oily-Dry-Skin-Types/train/normal/normal_059cf2165bd4da06cc0f_jpg.rf.14bdaec3fc8e56cfb992fe73a49fd8a1.jpg
dataset/raw/kaggle_oily_dry_normal/Oily-Dry-Skin-Types/train/normal/normal_071273f2d45a05e0da0e_jpg.rf.b7b4b5650ffef0656072049f5fdbf396.jpg,kaggle_oily_dry_normal,normal,normal,c763dc10657508e9187d66bb4109cee6168d43ab5896ff897c70064ba6b69a76,exact duplicate of dataset/raw/kaggle_oily_dry_normal/Oily-Dry-Skin-Types/train/normal/normal_071273f2d45a05e0da0e_jpg.rf.56d510c4c25773f7109996b5c9c84d65.jpg
dataset/raw/kaggle_oily_dry_normal/Oily-Dry-Skin-Types/train/normal/normal_0888964738abf72c4e5f_jpg.rf.e9e3f1c6efdbf60d429642a0382f3cff.jpg,kaggle_oily_dry_normal,normal,normal,ec27463c361d3c6edcfded1f008faf62b13ea80d6fa64950051b13faf24d2f8e,exact duplicate of dataset/raw/kaggle_oily_dry_normal/Oily-Dry-Skin-Types/train/normal/normal_0888964738abf72c4e5f_jpg.rf.3e1fce1601f1c684472cd4ecc055a746.jpg
dataset/raw/kaggle_oily_dry_normal/Oily-Dry-Skin-Types/train/normal/normal_0b3f34580ac0aebba531_jpg.rf.91d22d837670d43d3cbf199d6e75fd3f.jpg,kaggle_oily_dry_normal,normal,normal,1b7437310cef5438ac8065b6085346159831e8a4f664137ba5d1513fb087cf91,exact duplicate of dataset/raw/kaggle_oily_dry_normal/Oily-Dry-Skin-Types/train/normal/normal_0b3f34580ac0aebba531_jpg.rf.6ccfad4da9a722bbe101b97fcdfd35ed.jpg
dataset/raw/kaggle_oily_dry_normal/Oily-Dry-Skin-Types/train/normal/normal_0b71ab4726e465b07b5f_jpg.rf.c9b7f5256af670a1ed5fe68db09cc922.jpg,kaggle_oily_dry_normal,normal,normal,d922356e97194203c30889452af75bc56f5b03e99d5a7bf8cae886cca4622e7f,exact duplicate of dataset/raw/kaggle_oily_dry_normal/Oily-Dry-Skin-Types/train/normal/normal_0b71ab4726e465b07b5f_jpg.rf.3eb109da86b96a55a7b6bd52d5727b96.jpg
dataset/raw/kaggle_oily_dry_normal/Oily-Dry-Skin-Types/valid/normal/normal_18163c7cef788a9e3082_jpg.rf.27a928b8e10bfabffd3a321dc303afd3.jpg,kaggle_oily_dry_normal,normal,normal,e94b9f78fd703552b601405ae17ea370349aca699a910562505010919875c432,exact duplicate of dataset/raw/kaggle_oily_dry_normal/Oily-Dry-Skin-Types/train/normal/normal_18163c7cef788a9e3082_jpg.rf.c8545157a8c03f2f879934d565bf02ec.jpg
dataset/raw/kaggle_oily_dry_normal/Oily-Dry-Skin-Types/train/normal/normal_249e458701fb4c3936bc_jpg.rf.92e0bcbbe0d0fbd71539f0360829476d.jpg,kaggle_oily_dry_normal,normal,normal,82de9b6f5b5b3e35fe40eb275402f0c1aaa8417a41b852259d6a5e30827da397,exact duplicate of dataset/raw/kaggle_oily_dry_normal/Oily-Dry-Skin-Types/train/normal/normal_249e458701fb4c3936bc_jpg.rf.5a914b4d2c968fbafc4b9ea55fe5abc5.jpg
dataset/raw/kaggle_oily_dry_normal/Oily-Dry-Skin-Types/valid/normal/normal_26f90eea16c33625ce21_jpg.rf.4f3f8f00a859afb865996909d76a75dd.jpg,kaggle_oily_dry_normal,normal,normal,bc05c80b5a1a75dd70f596704d31984524bbbd6780f06c6e3a60c081571a70b3,exact duplicate of dataset/raw/kaggle_oily_dry_normal/Oily-Dry-Skin-Types/train/normal/normal_26f90eea16c33625ce21_jpg.rf.a76d5b89ed6fb32729f1f090291d571f.jpg
dataset/raw/kaggle_oily_dry_normal/Oily-Dry-Skin-Types/valid/normal/normal_2f3ae7c73b67b9b1e1f1_jpg.rf.df2de9cee5fdb9c7470f7703fd9485ef.jpg,kaggle_oily_dry_normal,normal,normal,04b2ad4e674f8af6664b2e56450e9fe990f93b62e9dc9a3169bb27650f28b7d2,exact duplicate of dataset/raw/kaggle_oily_dry_normal/Oily-Dry-Skin-Types/train/normal/normal_2f3ae7c73b67b9b1e1f1_jpg.rf.e12d226b74a6cf9f54f1d5a6c5315710.jpg
dataset/raw/kaggle_oily_dry_normal/Oily-Dry-Skin-Types/train/normal/normal_300b68ce0aa2c9cf3fcc_jpg.rf.44b80b64f02ba55aa61da8e6b2b77800.jpg,kaggle_oily_dry_normal,normal,normal,60d5b44d741037662d6713836219d893b4b8c4cd4f34c4d7bfa60246460dc1b0,exact duplicate of dataset/raw/kaggle_oily_dry_normal/Oily-Dry-Skin-Types/train/normal/normal_300b68ce0aa2c9cf3fcc_jpg.rf.0bf889f7e039b1ad6e1ee2b6a4152c31.jpg
dataset/raw/kaggle_oily_dry_normal/Oily-Dry-Skin-Types/train/normal/normal_31749351fd7ddf1f1971_jpg.rf.634dfe54ace83668b123adc705a706e1.jpg,kaggle_oily_dry_normal,normal,normal,93fd5921307bd48ca9e43a92c009186639f39700bcf5ab5654fd56bcda5ccde3,exact duplicate of dataset/raw/kaggle_oily_dry_normal/Oily-Dry-Skin-Types/train/normal/normal_31749351fd7ddf1f1971_jpg.rf.063e904ebde7da34b88dc1f9eaa536d2.jpg
dataset/raw/kaggle_oily_dry_normal/Oily-Dry-Skin-Types/train/normal/normal_325eb63b86afe146c314_jpg.rf.354be7344c7bb9dec73f57d130994269.jpg,kaggle_oily_dry_normal,normal,normal,e8f629fbdb3d9413b48732632ab66db2a1967fc06958faacb95bba5c4632520a,exact duplicate of dataset/raw/kaggle_oily_dry_normal/Oily-Dry-Skin-Types/train/normal/normal_325eb63b86afe146c314_jpg.rf.21f9e73311eeb2ff0bae2526231564c6.jpg
dataset/raw/kaggle_oily_dry_normal/Oily-Dry-Skin-Types/train/normal/normal_334f4043a8022c3c91e1_jpg.rf.ead1107b03c85cad10e357443120d426.jpg,kaggle_oily_dry_normal,normal,normal,c2b98e9dbd405f452e043e440c2f962b9d2fb57843931cbcbadc15ab82ec1cdf,exact duplicate of dataset/raw/kaggle_oily_dry_normal/Oily-Dry-Skin-Types/train/normal/normal_334f4043a8022c3c91e1_jpg.rf.38eb42c486acb8e35ab59f5cf9f478e4.jpg
dataset/raw/kaggle_oily_dry_normal/Oily-Dry-Skin-Types/valid/normal/normal_34458a38fc273ea6d641_jpg.rf.983a08f686b01aaffc4c3448a04b8278.jpg,kaggle_oily_dry_normal,normal,normal,864bcb779b895146000dbe55fd1be1d043a081811b1ac82c42e617b5fafa7599,exact duplicate of dataset/raw/kaggle_oily_dry_normal/Oily-Dry-Skin-Types/train/normal/normal_34458a38fc273ea6d641_jpg.rf.c0534c7d8558f8220239e172551c3b02.jpg
dataset/raw/kaggle_oily_dry_normal/Oily-Dry-Skin-Types/valid/normal/normal_345dd34485c5ef28aeb8_jpg.rf.7510e70e8d78d2a169192169a5037fd5.jpg,kaggle_oily_dry_normal,normal,normal,b39b631467eed2d8f1e0cc3eed3a7fc73e7084a3e50e466a6970db4c1a67284d,exact duplicate of dataset/raw/kaggle_oily_dry_normal/Oily-Dry-Skin-Types/train/normal/normal_345dd34485c5ef28aeb8_jpg.rf.997acf467a1bb9cc8ebd042b5602cf9a.jpg
dataset/raw/kaggle_oily_dry_normal/Oily-Dry-Skin-Types/valid/normal/normal_346714d7aa7a260d45d6_jpg.rf.6ac7fcacafa75f998e6147eec1e07c6b.jpg,kaggle_oily_dry_normal,normal,normal,9df8310e7e3db22faf62eab54251e0f8aa0010bacb26e1df552dc64694b0b19f,exact duplicate of dataset/raw/kaggle_oily_dry_normal/Oily-Dry-Skin-Types/train/normal/normal_346714d7aa7a260d45d6_jpg.rf.48630de3a95e40f361589f4d1bcd37c4.jpg
dataset/raw/kaggle_oily_dry_normal/Oily-Dry-Skin-Types/valid/normal/normal_34d12e7668f49d05c74b_jpg.rf.a02fa00bd32c311774984e670c6e8651.jpg,kaggle_oily_dry_normal,normal,normal,c51a33bcb5d4ae049e291e61177ecffd11e40b0f649adb54e6cbea96e7dc5e74,exact duplicate of dataset/raw/kaggle_oily_dry_normal/Oily-Dry-Skin-Types/train/normal/normal_34d12e7668f49d05c74b_jpg.rf.29acf8b73723d91ccdc5a70a5eb3c5b1.jpg
dataset/raw/kaggle_oily_dry_normal/Oily-Dry-Skin-Types/train/normal/normal_365bd9d74f42a34aa3a9_jpg.rf.dcbb9137bf9ba2dea54bb1c0e67479ce.jpg,kaggle_oily_dry_normal,normal,normal,63f145005b926216bfa8c01d2d8ca02d5ed221ceacf094981feff01821f7a309,exact duplicate of dataset/raw/kaggle_oily_dry_normal/Oily-Dry-Skin-Types/train/normal/normal_365bd9d74f42a34aa3a9_jpg.rf.c06ccb5f41669e818a4c08a1e3a7c039.jpg
dataset/raw/kaggle_oily_dry_normal/Oily-Dry-Skin-Types/train/normal/normal_36a4bfd6cec42fa48752_jpg.rf.6233ce067b618b3836c89aa87741a91f.jpg,kaggle_oily_dry_normal,normal,normal,62a98491f8df3ae58304d3fee007845b18c0d1ce99fded29713f62ed0429e3e9,exact duplicate of dataset/raw/kaggle_oily_dry_normal/Oily-Dry-Skin-Types/train/normal/normal_36a4bfd6cec42fa48752_jpg.rf.4a6e6a1ee04d6a7962f30ab2b5a3794b.jpg
dataset/raw/kaggle_oily_dry_normal/Oily-Dry-Skin-Types/valid/normal/normal_37a7fa4900efa017a891_jpg.rf.6baecee3509153537abeae08b67eb55a.jpg,kaggle_oily_dry_normal,normal,normal,1b974a0fc1de2ec7d3082ad4bfb907e57968599e038b8aa76a51a70b0592ab29,exact duplicate of dataset/raw/kaggle_oily_dry_normal/Oily-Dry-Skin-Types/train/normal/normal_37a7fa4900efa017a891_jpg.rf.e3890c4f28f8d86cdc180013d32a3036.jpg
dataset/raw/kaggle_oily_dry_normal/Oily-Dry-Skin-Types/train/normal/normal_389351d8800fa5f2ad15_jpg.rf.69c8c151bdff7691b7378bec6d168b8d.jpg,kaggle_oily_dry_normal,normal,normal,c0b00b26340fb870fbe83d430f795a146ab891ddde4a08e756bbec328027fa55,exact duplicate of dataset/raw/kaggle_oily_dry_normal/Oily-Dry-Skin-Types/train/normal/normal_389351d8800fa5f2ad15_jpg.rf.5d105903d5648589b9f79e7ca1c13732.jpg
dataset/raw/kaggle_oily_dry_normal/Oily-Dry-Skin-Types/train/normal/normal_395d1bf0d8df796280dd_jpg.rf.8df1515b6b274957e2b2607e78b2cfd4.jpg,kaggle_oily_dry_normal,normal,normal,e211817a70a029387d05580db3cd24cdf5a955a76a6a23101b7f5465660e634a,exact duplicate of dataset/raw/kaggle_oily_dry_normal/Oily-Dry-Skin-Types/train/normal/normal_395d1bf0d8df796280dd_jpg.rf.8ce58e70b7f88f77c817a8e078a56742.jpg
dataset/raw/kaggle_oily_dry_normal/Oily-Dry-Skin-Types/train/normal/normal_3ad884c8f098a8aa9347_jpg.rf.5f448ca3242cb69e184ca306f27fc2b9.jpg,kaggle_oily_dry_normal,normal,normal,bb9968d093fe1f60f4477c77085404c2618434c9f50d02dd62aa45ef4978eece,exact duplicate of dataset/raw/kaggle_oily_dry_normal/Oily-Dry-Skin-Types/train/normal/normal_3ad884c8f098a8aa9347_jpg.rf.098f61d1f9f463302647d39afae8a17e.jpg
dataset/raw/kaggle_oily_dry_normal/Oily-Dry-Skin-Types/valid/normal/normal_71eaeb8fda354ab5e269_jpg.rf.73ffc51f5cc41496ebd2f422e5fc08f1.jpg,kaggle_oily_dry_normal,normal,normal,7ce69f92317dcb336a70630113638b380e630dffbebf67cc27a22cd9b6230929,exact duplicate of dataset/raw/kaggle_oily_dry_normal/Oily-Dry-Skin-Types/train/normal/normal_71eaeb8fda354ab5e269_jpg.rf.8eab3168e4408aa6ff87b0dc010bc50b.jpg
dataset/raw/kaggle_oily_dry_normal/Oily-Dry-Skin-Types/valid/normal/normal_73557e2b434e42de169b_jpg.rf.d76d3311c8041f47e412cf1786acd4ca.jpg,kaggle_oily_dry_normal,normal,normal,bbe419b8e8ca6e31c33f0ac5f90528098b90c1fa87c7fa98f396e925770c0cb9,exact duplicate of dataset/raw/kaggle_oily_dry_normal/Oily-Dry-Skin-Types/train/normal/normal_73557e2b434e42de169b_jpg.rf.2e6c3ecbbc29e723d526a73fa0fc9980.jpg
dataset/raw/kaggle_oily_dry_normal/Oily-Dry-Skin-Types/train/normal/normal_73f240a2b213ce4058ab_jpg.rf.daf884aa625a2551e3aaedd223f7ffc9.jpg,kaggle_oily_dry_normal,normal,normal,75665c71b523b18e8590764edd2ffca9aec63bdf891d5ee63b3ddd8dc31ae6c1,exact duplicate of dataset/raw/kaggle_oily_dry_normal/Oily-Dry-Skin-Types/train/normal/normal_73f240a2b213ce4058ab_jpg.rf.30fc64224739c55c86a39a01cdc8fd77.jpg
dataset/raw/kaggle_oily_dry_normal/Oily-Dry-Skin-Types/valid/normal/normal_7650272fc27b2d658f34_jpg.rf.2910339a5f8ca43d2552497687ae0114.jpg,kaggle_oily_dry_normal,normal,normal,73eb2b8bd980ef9df49d6d078f4df937b2646ce3b5f8e45c2b66bf6dcf3791dc,exact duplicate of dataset/raw/kaggle_oily_dry_normal/Oily-Dry-Skin-Types/train/normal/normal_7650272fc27b2d658f34_jpg.rf.926e098e4b06c2cd09dc27a98e4fcb43.jpg
dataset/raw/kaggle_oily_dry_normal/Oily-Dry-Skin-Types/train/normal/normal_77c44f7b4f0224c4b224_jpg.rf.e09c94814dad17d40c28a85f4f917bda.jpg,kaggle_oily_dry_normal,normal,normal,2ee6ca8675f365a48549836bf17fd8f2d4797b7707793ae7e2804ad8d16013d1,exact duplicate of dataset/raw/kaggle_oily_dry_normal/Oily-Dry-Skin-Types/train/normal/normal_77c44f7b4f0224c4b224_jpg.rf.29398b5e3a8928954d4a6077dfe8c7d1.jpg
dataset/raw/kaggle_oily_dry_normal/Oily-Dry-Skin-Types/train/normal/normal_78931a468807a5e77d78_jpg.rf.d8d014143c02e63ee8a3ad03976f3dc1.jpg,kaggle_oily_dry_normal,normal,normal,c5af844f41bb9922cd50b559c3385449a6ffb1bbc8d193c6b75290d2ed7961e4,exact duplicate of dataset/raw/kaggle_oily_dry_normal/Oily-Dry-Skin-Types/train/normal/normal_78931a468807a5e77d78_jpg.rf.b1aab7bf6b928027351fc835597266de.jpg
dataset/raw/kaggle_oily_dry_normal/Oily-Dry-Skin-Types/valid/normal/normal_78fd434114782dfc80dd_jpg.rf.a7a1ba652b87f7b1512e2ccfd5dcf6d4.jpg,kaggle_oily_dry_normal,normal,normal,dfd15d3ebaa784072146809d0503533b59c1fc93c9b4bf7a0f6480be1b0b07d3,exact duplicate of dataset/raw/kaggle_oily_dry_normal/Oily-Dry-Skin-Types/train/normal/normal_78fd434114782dfc80dd_jpg.rf.e6d2d00d99fd71b418f8e56002217c9e.jpg
dataset/raw/kaggle_oily_dry_normal/Oily-Dry-Skin-Types/train/normal/normal_79efe949d5d4b1ca655a_jpg.rf.fcd80c0be563897d88787eb2cb38b945.jpg,kaggle_oily_dry_normal,normal,normal,7e3a6898bc3899ea6a4ccb39f8ec8f072014920b96ce17a202d6381c3bd46eca,exact duplicate of dataset/raw/kaggle_oily_dry_normal/Oily-Dry-Skin-Types/train/normal/normal_79efe949d5d4b1ca655a_jpg.rf.c61c01102ca9a570901d0b0805e11e69.jpg
dataset/raw/kaggle_oily_dry_normal/Oily-Dry-Skin-Types/train/normal/normal_7ad95964150236ee3078_jpg.rf.ef706533995cbc561d81c9dc9088e291.jpg,kaggle_oily_dry_normal,normal,normal,2544fa310b8aa092900775765bad47a42b609a67523ca3a282ed3fa778745054,exact duplicate of dataset/raw/kaggle_oily_dry_normal/Oily-Dry-Skin-Types/train/normal/normal_7ad95964150236ee3078_jpg.rf.cc4b6ce7ab88cddd212648cc205ea983.jpg
dataset/raw/kaggle_oily_dry_normal/Oily-Dry-Skin-Types/train/normal/normal_7b4ef51d52fe7244b6ad_jpg.rf.d97c06cb62d09b918cb167a93f60cd1d.jpg,kaggle_oily_dry_normal,normal,normal,59feb958cdc9a9c1e9d91e643771232a00e638db02248099668d315e40fa404c,exact duplicate of dataset/raw/kaggle_oily_dry_normal/Oily-Dry-Skin-Types/train/normal/normal_7b4ef51d52fe7244b6ad_jpg.rf.99fa04aba16ee68527dc9d8510bbe4ea.jpg
dataset/raw/kaggle_oily_dry_normal/Oily-Dry-Skin-Types/train/normal/normal_7be923370441d48ea98c_jpg.rf.c9fae2b733d05e13d3b8454dd56e144b.jpg,kaggle_oily_dry_normal,normal,normal,199dbcc044f6f16cda907aee4bb07743df1c41b2298759114181c73eb6d6cc7f,exact duplicate of dataset/raw/kaggle_oily_dry_normal/Oily-Dry-Skin-Types/train/normal/normal_7be923370441d48ea98c_jpg.rf.52598090e7757482ac83424772ba203a.jpg
dataset/raw/kaggle_oily_dry_normal/Oily-Dry-Skin-Types/valid/normal/normal_7c7f872e38b71e818f79_jpg.rf.e60d0654ef6e32735b2fbbf6bbd728a9.jpg,kaggle_oily_dry_normal,normal,normal,e5415a9e06c72e5431d242e8fa50107314e857e28897fef52b7d9a7cb843b8b1,exact duplicate of dataset/raw/kaggle_oily_dry_normal/Oily-Dry-Skin-Types/train/normal/normal_7c7f872e38b71e818f79_jpg.rf.c757fd9321c6fcc4c2c7333abe8df1fd.jpg
dataset/raw/kaggle_oily_dry_normal/Oily-Dry-Skin-Types/train/normal/normal_7c9a8c2f5b22591a8e55_jpg.rf.912928b9ca996c58991dfd61b2e23ae9.jpg,kaggle_oily_dry_normal,normal,normal,57456908ee9ce577ce11da6ab755408adfdafb24dc73f3b7013b02c1231f373b,exact duplicate of dataset/raw/kaggle_oily_dry_normal/Oily-Dry-Skin-Types/train/normal/normal_7c9a8c2f5b22591a8e55_jpg.rf.051b3bad8a7e5d0c0bf5f589ef230bbf.jpg
dataset/raw/kaggle_oily_dry_normal/Oily-Dry-Skin-Types/valid/normal/normal_7d2066296c3beea3579a_jpg.rf.b3b60fdbc35fa60dab55ae2eebf4c6eb.jpg,kaggle_oily_dry_normal,normal,normal,add9a6043e2289c8796ffcaf54044f557c06424f236a125c328bdf393668b2c6,exact duplicate of dataset/raw/kaggle_oily_dry_normal/Oily-Dry-Skin-Types/train/normal/normal_7d2066296c3beea3579a_jpg.rf.578d9e0565265a9b42d9e4ec1c9b19f5.jpg
dataset/raw/kaggle_oily_dry_normal/Oily-Dry-Skin-Types/train/normal/normal_7da908e123b9da3711df_jpg.rf.8443a58519835d472c85902798119ee1.jpg,kaggle_oily_dry_normal,normal,normal,2f25a7df500e35c2d104145cda05f6b27a1f57f9bc43ba0313be26ea6cd4cd80,exact duplicate of dataset/raw/kaggle_oily_dry_normal/Oily-Dry-Skin-Types/train/normal/normal_7da908e123b9da3711df_jpg.rf.26909d76c7b3ea06f4d2f5cf74a9a303.jpg
dataset/raw/kaggle_oily_dry_normal/Oily-Dry-Skin-Types/train/normal/normal_7e35273f1d468d980810_jpg.rf.ffcccf575ff3c4f5cd776df9ee935ea4.jpg,kaggle_oily_dry_normal,normal,normal,f933d43c10876c5fdac9c50281311bbd144f175bc968337fa8f2a27a7634a52a,exact duplicate of dataset/raw/kaggle_oily_dry_normal/Oily-Dry-Skin-Types/train/normal/normal_7e35273f1d468d980810_jpg.rf.7aca57a326c29591df55159cf3a07888.jpg
dataset/raw/kaggle_oily_dry_normal/Oily-Dry-Skin-Types/valid/normal/normal_81442529fa408ff3c7f8_jpg.rf.5f73c67c2ed62cfeb3326261c1b930ee.jpg,kaggle_oily_dry_normal,normal,normal,94a168001e98dbf3ce075c151df64a3b56aad675cf774f556f2b16de46701db6,exact duplicate of dataset/raw/kaggle_oily_dry_normal/Oily-Dry-Skin-Types/train/normal/normal_81442529fa408ff3c7f8_jpg.rf.4c14e2d62eef8c6605c49e47c7858cf8.jpg
dataset/raw/kaggle_oily_dry_normal/Oily-Dry-Skin-Types/valid/normal/normal_8181d272e4bcb95a3435_jpg.rf.818240cc443d514834dca1e29dfa2e3d.jpg,kaggle_oily_dry_normal,normal,normal,e2f904185c4deafb4b205675c92808d5c1149dfe3bf728f039a02269308f8977,exact duplicate of dataset/raw/kaggle_oily_dry_normal/Oily-Dry-Skin-Types/train/normal/normal_8181d272e4bcb95a3435_jpg.rf.bb30303f9343fde8009fe5a9395b91da.jpg
dataset/raw/kaggle_oily_dry_normal/Oily-Dry-Skin-Types/valid/normal/normal_81e70f95419b3ee288aa_jpg.rf.31c7703caa0f7d2a3af246e6326b5272.jpg,kaggle_oily_dry_normal,normal,normal,c2c83779b5f35d010a33d2113ec1df09f2b5ec129d006b67b30187866444f822,exact duplicate of dataset/raw/kaggle_oily_dry_normal/Oily-Dry-Skin-Types/train/normal/normal_81e70f95419b3ee288aa_jpg.rf.2d3b10fafbd93da7d2c255a763c0064e.jpg
dataset/raw/kaggle_oily_dry_normal/Oily-Dry-Skin-Types/train/normal/normal_82b1c4a7341d87137172_jpg.rf.a4709fdf2a8b5a3850b5aa15663d69cd.jpg,kaggle_oily_dry_normal,normal,normal,cbb9c9891c4e4704e496f618bce5bd1800efa3be48184fa9f33ba9ce1f2382a1,exact duplicate of dataset/raw/kaggle_oily_dry_normal/Oily-Dry-Skin-Types/train/normal/normal_82b1c4a7341d87137172_jpg.rf.6b6c6ad62ca17493c05269bac9734e0f.jpg
dataset/raw/kaggle_oily_dry_normal/Oily-Dry-Skin-Types/train/normal/normal_833c06801db2c8cf4cdd_jpg.rf.4ce1d33370835bf12170aef3903603c3.jpg,kaggle_oily_dry_normal,normal,normal,e9bd767be30683f8fcad0c46149f0cd628c7fb7c4ceb1b2231f36e610176384e,exact duplicate of dataset/raw/kaggle_oily_dry_normal/Oily-Dry-Skin-Types/train/normal/normal_833c06801db2c8cf4cdd_jpg.rf.3a4f147a81e3e7ac58fd7d76fc907201.jpg
dataset/raw/kaggle_oily_dry_normal/Oily-Dry-Skin-Types/valid/normal/normal_8357e8c0029e34aac5b5_jpg.rf.af4b26b2ce64405f3bd4a0bd46691ea0.jpg,kaggle_oily_dry_normal,normal,normal,7df420041456abe8ce361c0c536846816ace0b356faeacd695f5bd179c99b011,exact duplicate of dataset/raw/kaggle_oily_dry_normal/Oily-Dry-Skin-Types/train/normal/normal_8357e8c0029e34aac5b5_jpg.rf.71709d374955da9922ddeac7823911d6.jpg
dataset/raw/kaggle_oily_dry_normal/Oily-Dry-Skin-Types/train/normal/normal_83a49f0ec50925b64e1a_jpg.rf.e7e0ab9a0c0741e662154cbe43b902a7.jpg,kaggle_oily_dry_normal,normal,normal,3c11e1da8bb86b9f4b6f5925c7dff90a3599aed5a5196e01f8787e3826f2faa7,exact duplicate of dataset/raw/kaggle_oily_dry_normal/Oily-Dry-Skin-Types/train/normal/normal_83a49f0ec50925b64e1a_jpg.rf.81993323cb9c18a29f09ca7e1e7f6e53.jpg
dataset/raw/kaggle_oily_dry_normal/Oily-Dry-Skin-Types/train/normal/normal_849a47bebcdf4ddcccda_jpg.rf.ff748549f645e1e866ff63ae1a898088.jpg,kaggle_oily_dry_normal,normal,normal,da0301bec9553e06804ee96a98d5ef81db369991fa492104e4fb3edf2f5b66a0,exact duplicate of dataset/raw/kaggle_oily_dry_normal/Oily-Dry-Skin-Types/train/normal/normal_849a47bebcdf4ddcccda_jpg.rf.ad4103a5ccdec7c7779edb4aba6b8f03.jpg
dataset/raw/kaggle_oily_dry_normal/Oily-Dry-Skin-Types/train/normal/normal_84f920d410c87af4f56b_jpg.rf.8148246d47634878efa63095532b7582.jpg,kaggle_oily_dry_normal,normal,normal,1fb9ea48afdd0a9e80ebeffc88381d0a262121f3cb79c96c8abf8aafaa7f93be,exact duplicate of dataset/raw/kaggle_oily_dry_normal/Oily-Dry-Skin-Types/train/normal/normal_84f920d410c87af4f56b_jpg.rf.61ca6850a55c65063c1e45218e7f47ac.jpg
dataset/raw/kaggle_oily_dry_normal/Oily-Dry-Skin-Types/train/normal/normal_85bc6e5799eaf14272e2_jpg.rf.fd009cc0f5a65421bcaad872d52137ec.jpg,kaggle_oily_dry_normal,normal,normal,80bae4a4c04037f69b6c95c6acfc12fcad452c2520619209b7f464e1c2948274,exact duplicate of dataset/raw/kaggle_oily_dry_normal/Oily-Dry-Skin-Types/train/normal/normal_85bc6e5799eaf14272e2_jpg.rf.abc33f8213d7e09e3bf6d877c8b2b590.jpg
dataset/raw/kaggle_oily_dry_normal/Oily-Dry-Skin-Types/train/normal/normal_85d0e65990dbbe9183b2_jpg.rf.529d64d3909b960af46b6305ef20ce66.jpg,kaggle_oily_dry_normal,normal,normal,b53e45b9917a8d20ca723c331e8a68d3f28e6afd565a6face6bb9a3f2b9dfc37,exact duplicate of dataset/raw/kaggle_oily_dry_normal/Oily-Dry-Skin-Types/train/normal/normal_85d0e65990dbbe9183b2_jpg.rf.2a9e869da18b313bd78c0d777e9e34da.jpg
dataset/raw/kaggle_oily_dry_normal/Oily-Dry-Skin-Types/train/normal/normal_882f4f2fc87b22d79d30_jpg.rf.fae88718e81253efd26653be43bde80f.jpg,kaggle_oily_dry_normal,normal,normal,3dfc7abf49eac060450947b0e8540ac3ce951c95ef8003a002f9793f1536dd0c,exact duplicate of dataset/raw/kaggle_oily_dry_normal/Oily-Dry-Skin-Types/train/normal/normal_882f4f2fc87b22d79d30_jpg.rf.3c4c32c4e1ece7e7e528e1268b675a4d.jpg
dataset/raw/kaggle_oily_dry_normal/Oily-Dry-Skin-Types/valid/normal/normal_886c46d298ce441af09e_jpg.rf.3162010b4a299881a125c1d3d0fe0d01.jpg,kaggle_oily_dry_normal,normal,normal,54452b432189e6fb764e76144eebd9463de8c49bdaca23f79c00fb6d0680c695,exact duplicate of dataset/raw/kaggle_oily_dry_normal/Oily-Dry-Skin-Types/train/normal/normal_886c46d298ce441af09e_jpg.rf.1733797cfaaffec9702e86eb52baf223.jpg
dataset/raw/kaggle_oily_dry_normal/Oily-Dry-Skin-Types/train/normal/normal_892c83b2d20dba8ae334_jpg.rf.5ff77b990717c097708afa965ca3df66.jpg,kaggle_oily_dry_normal,normal,normal,c0fb40f30e3850b6d9af9730ee39acb166632182317ee1376b0b23c0ff3ad18a,exact duplicate of dataset/raw/kaggle_oily_dry_normal/Oily-Dry-Skin-Types/train/normal/normal_892c83b2d20dba8ae334_jpg.rf.149e9339a32c7595ecf95d1a4d52eb10.jpg
dataset/raw/kaggle_oily_dry_normal/Oily-Dry-Skin-Types/train/normal/normal_8d9da0a0dfff39f02580_jpg.rf.69735ace48dd0f9acec15ef92c3c1a88.jpg,kaggle_oily_dry_normal,normal,normal,7edae2cf43c175a6af655a997e5a322977ac5c98b1d86d67625c6df007b1c6cf,exact duplicate of dataset/raw/kaggle_oily_dry_normal/Oily-Dry-Skin-Types/train/normal/normal_8d9da0a0dfff39f02580_jpg.rf.4222c7ed753914770326d98ff5ae2c37.jpg
dataset/raw/kaggle_oily_dry_normal/Oily-Dry-Skin-Types/train/normal/normal_8da7f46dc8392108af23_jpg.rf.c21a8c31ad79056da43a2f14b9cdbed5.jpg,kaggle_oily_dry_normal,normal,normal,b36913c8992c348c4bb023f906cc0b4eac1d982573d71bf721216b92b096f63e,exact duplicate of dataset/raw/kaggle_oily_dry_normal/Oily-Dry-Skin-Types/train/normal/normal_8da7f46dc8392108af23_jpg.rf.40e2813cb9ea0a91ce894d64a5f6bd78.jpg
dataset/raw/kaggle_oily_dry_normal/Oily-Dry-Skin-Types/valid/normal/normal_8e5e9ac3c56cdd16d6c7_jpg.rf.578c7c0ad82362a7f48c8b80e59d7c10.jpg,kaggle_oily_dry_normal,normal,normal,e253e07f8baad5a265770f457b395e754e75af3215692192c0c6964863ffffe8,exact duplicate of dataset/raw/kaggle_oily_dry_normal/Oily-Dry-Skin-Types/train/normal/normal_8e5e9ac3c56cdd16d6c7_jpg.rf.1a95e20a6b5373bfc03db690630c1b3b.jpg
dataset/raw/kaggle_oily_dry_normal/Oily-Dry-Skin-Types/train/normal/normal_8f324d51a90841a5cdc1_jpg.rf.9b19bdafaac6db34e5f8d2ecc4adf6a7.jpg,kaggle_oily_dry_normal,normal,normal,9daf6501b93f93a219275548feae69dc502993b5a7d250c63d5da7bee55b5d1c,exact duplicate of dataset/raw/kaggle_oily_dry_normal/Oily-Dry-Skin-Types/train/normal/normal_8f324d51a90841a5cdc1_jpg.rf.5dc67dca9cf6916ba3ffc042e3e0a3fe.jpg
dataset/raw/kaggle_oily_dry_normal/Oily-Dry-Skin-Types/train/normal/normal_9260278322f4457c4213_jpg.rf.88f0450a38cb92f9aab9fbf48966b986.jpg,kaggle_oily_dry_normal,normal,normal,705bfa8f7f020b4d3ab7b468b2ea75e5b5f3065109add192d9c9addc0897b186,exact duplicate of dataset/raw/kaggle_oily_dry_normal/Oily-Dry-Skin-Types/train/normal/normal_9260278322f4457c4213_jpg.rf.003018d069b4ab7176b5dd350f2903a8.jpg
dataset/raw/kaggle_oily_dry_normal/Oily-Dry-Skin-Types/train/normal/normal_97aee90ec49dfccf4b21_jpg.rf.479dce480e8444758b426cd1e14f3903.jpg,kaggle_oily_dry_normal,normal,normal,561d669aff4d6fd4fcac8d764f0d4d33c93b6177a911c844ff0bbb325bdbb19b,exact duplicate of dataset/raw/kaggle_oily_dry_normal/Oily-Dry-Skin-Types/train/normal/normal_97aee90ec49dfccf4b21_jpg.rf.09cecdf680f514abcf9a4512020b648d.jpg
dataset/raw/kaggle_oily_dry_normal/Oily-Dry-Skin-Types/train/normal/normal_98257f981d1e9bd04395_jpg.rf.df8e67e843d1d4c4edb139d63e13b3d9.jpg,kaggle_oily_dry_normal,normal,normal,0471ea14ce864d9c4bf1f539e168fb5202f8a9b358e40b0b1fc5703ace3dbf4e,exact duplicate of dataset/raw/kaggle_oily_dry_normal/Oily-Dry-Skin-Types/train/normal/normal_98257f981d1e9bd04395_jpg.rf.107c3b264b6ee71dfbe053691ca875e9.jpg
dataset/raw/kaggle_oily_dry_normal/Oily-Dry-Skin-Types/valid/normal/normal_d2ea2eccc43abb6d1083_jpg.rf.8aa762b948db30976fe7f4242f19e0e6.jpg,kaggle_oily_dry_normal,normal,normal,58f6a1c1aad90c900097f7508ae920c6661f7e261802cd2cdebec6755bd82e9a,exact duplicate of dataset/raw/kaggle_oily_dry_normal/Oily-Dry-Skin-Types/train/normal/normal_d2ea2eccc43abb6d1083_jpg.rf.d34779b300f59ee06bbe23966b299cde.jpg
dataset/raw/kaggle_oily_dry_normal/Oily-Dry-Skin-Types/valid/normal/normal_73e6531e237151c11fc3_jpg.rf.e79551653e5cb8ca2025bb702db51d9c.jpg,kaggle_oily_dry_normal,normal,normal,98f61a29f6d9e88b69edb0d35b49685cd7d0090d940d8059c3be5470eb6c3b84,exact duplicate of dataset/raw/kaggle_oily_dry_normal/Oily-Dry-Skin-Types/valid/normal/normal_73e6531e237151c11fc3_jpg.rf.216940be7b4d6d6b14413723e797be50.jpg
dataset/raw/kaggle_oily_dry_normal/Oily-Dry-Skin-Types/valid/normal/normal_8a1952797d54ba54abe7_jpg.rf.f0f0b8ec845a75d3e324a069e8c9ff80.jpg,kaggle_oily_dry_normal,normal,normal,89621512ea6d92f8a2153e15c10a65968a6882bb8914eff6ae635f5d6b237609,exact duplicate of dataset/raw/kaggle_oily_dry_normal/Oily-Dry-Skin-Types/valid/normal/normal_8a1952797d54ba54abe7_jpg.rf.53a171f098ba8c5165a84123dc6d6d07.jpg
dataset/raw/roboflow_skin_problem_clean3/valid/acne-prone-skin_164_jpeg.rf.065d5b510b8a47b8983e46742c9b58ae.jpg,roboflow_skin_problem_clean3,Acne,acne,eb7486d2ad17f0115280f462af52b8cecb62da8e41333040390e324f7661e426,exact duplicate of dataset/raw/roboflow_skin_problem_clean3/train/acne-prone-skin_3_jpeg.rf.a4357e45ae69edabb26743d8635604fb.jpg
